  0
SECTION
  2
HEADER
  9
$ACADVER
  1
AC1015
  9
$ACADMAINTVER
 70
    20
  9
$DWGCODEPAGE
  3
ANSI_949
  9
$INSBASE
 10
0.0
 20
0.0
 30
0.0
  9
$EXTMIN
 10
-169652.4402037214
 20
63818.88987004384
 30
-0.0000000116415251
  9
$EXTMAX
 10
267836.1596944179
 20
683519.8095225671
 30
-0.0000000116415251
  9
$LIMMIN
 10
0.0
 20
0.0
  9
$LIMMAX
 10
420.0
 20
297.0
  9
$ORTHOMODE
 70
     0
  9
$REGENMODE
 70
     0
  9
$FILLMODE
 70
     1
  9
$QTEXTMODE
 70
     0
  9
$MIRRTEXT
 70
     0
  9
$LTSCALE
 40
1.0
  9
$ATTMODE
 70
     1
  9
$TEXTSIZE
 40
2.5
  9
$TRACEWID
 40
1.0
  9
$TEXTSTYLE
  7
STANDARD
  9
$CLAYER
  8
0
  9
$CELTYPE
  6
BYLAYER
  9
$CECOLOR
 62
   256
  9
$CELTSCALE
 40
1.0
  9
$DISPSILH
 70
     0
  9
$DIMSCALE
 40
1.0
  9
$DIMASZ
 40
2.5
  9
$DIMEXO
 40
0.63
  9
$DIMDLI
 40
3.75
  9
$DIMRND
 40
0.0
  9
$DIMDLE
 40
0.0
  9
$DIMEXE
 40
1.25
  9
$DIMTP
 40
0.0
  9
$DIMTM
 40
0.0
  9
$DIMTXT
 40
2.5
  9
$DIMCEN
 40
2.5
  9
$DIMTSZ
 40
0.0
  9
$DIMTOL
 70
     0
  9
$DIMLIM
 70
     0
  9
$DIMTIH
 70
     0
  9
$DIMTOH
 70
     0
  9
$DIMSE1
 70
     0
  9
$DIMSE2
 70
     0
  9
$DIMTAD
 70
     1
  9
$DIMZIN
 70
     8
  9
$DIMBLK
  1

  9
$DIMASO
 70
     1
  9
$DIMSHO
 70
     1
  9
$DIMPOST
  1

  9
$DIMAPOST
  1

  9
$DIMALT
 70
     0
  9
$DIMALTD
 70
     3
  9
$DIMALTF
 40
0.04
  9
$DIMLFAC
 40
1.0
  9
$DIMTOFL
 70
     1
  9
$DIMTVP
 40
0.0
  9
$DIMTIX
 70
     0
  9
$DIMSOXD
 70
     0
  9
$DIMSAH
 70
     0
  9
$DIMBLK1
  1

  9
$DIMBLK2
  1

  9
$DIMSTYLE
  2
ISO-25
  9
$DIMCLRD
 70
     0
  9
$DIMCLRE
 70
     0
  9
$DIMCLRT
 70
     0
  9
$DIMTFAC
 40
1.0
  9
$DIMGAP
 40
0.63
  9
$DIMJUST
 70
     0
  9
$DIMSD1
 70
     0
  9
$DIMSD2
 70
     0
  9
$DIMTOLJ
 70
     0
  9
$DIMTZIN
 70
     8
  9
$DIMALTZ
 70
     0
  9
$DIMALTTZ
 70
     0
  9
$DIMUPT
 70
     0
  9
$DIMDEC
 70
     2
  9
$DIMTDEC
 70
     2
  9
$DIMALTU
 70
     2
  9
$DIMALTTD
 70
     3
  9
$DIMTXSTY
  7
STANDARD
  9
$DIMAUNIT
 70
     0
  9
$DIMADEC
 70
     0
  9
$DIMALTRND
 40
0.0
  9
$DIMAZIN
 70
     0
  9
$DIMDSEP
 70
    44
  9
$DIMATFIT
 70
     3
  9
$DIMFRAC
 70
     0
  9
$DIMLDRBLK
  1

  9
$DIMLUNIT
 70
     2
  9
$DIMLWD
 70
    -2
  9
$DIMLWE
 70
    -2
  9
$DIMTMOVE
 70
     0
  9
$LUNITS
 70
     2
  9
$LUPREC
 70
     4
  9
$SKETCHINC
 40
1.0
  9
$FILLETRAD
 40
10.0
  9
$AUNITS
 70
     0
  9
$AUPREC
 70
     0
  9
$MENU
  1
.
  9
$ELEVATION
 40
0.0
  9
$PELEVATION
 40
0.0
  9
$THICKNESS
 40
0.0
  9
$LIMCHECK
 70
     0
  9
$CHAMFERA
 40
10.0
  9
$CHAMFERB
 40
10.0
  9
$CHAMFERC
 40
20.0
  9
$CHAMFERD
 40
0.0
  9
$SKPOLY
 70
     0
  9
$TDCREATE
 40
2455166.927974537
  9
$TDUCREATE
 40
2455166.552975614
  9
$TDUPDATE
 40
2461280.559074074
  9
$TDUUPDATE
 40
2461280.184074074
  9
$TDINDWG
 40
0.0360480903
  9
$TDUSRTIMER
 40
0.0360479167
  9
$USRTIMER
 70
     1
  9
$ANGBASE
 50
0.0
  9
$ANGDIR
 70
     0
  9
$PDMODE
 70
     0
  9
$PDSIZE
 40
0.0
  9
$PLINEWID
 40
0.0
  9
$SPLFRAME
 70
     0
  9
$SPLINETYPE
 70
     6
  9
$SPLINESEGS
 70
     8
  9
$HANDSEED
  5
4E5
  9
$SURFTAB1
 70
     6
  9
$SURFTAB2
 70
     6
  9
$SURFTYPE
 70
     6
  9
$SURFU
 70
     6
  9
$SURFV
 70
     6
  9
$UCSBASE
  2

  9
$UCSNAME
  2

  9
$UCSORG
 10
0.0
 20
0.0
 30
0.0
  9
$UCSXDIR
 10
1.0
 20
0.0
 30
0.0
  9
$UCSYDIR
 10
0.0
 20
1.0
 30
0.0
  9
$UCSORTHOREF
  2

  9
$UCSORTHOVIEW
 70
     0
  9
$UCSORGTOP
 10
0.0
 20
0.0
 30
0.0
  9
$UCSORGBOTTOM
 10
0.0
 20
0.0
 30
0.0
  9
$UCSORGLEFT
 10
0.0
 20
0.0
 30
0.0
  9
$UCSORGRIGHT
 10
0.0
 20
0.0
 30
0.0
  9
$UCSORGFRONT
 10
0.0
 20
0.0
 30
0.0
  9
$UCSORGBACK
 10
0.0
 20
0.0
 30
0.0
  9
$PUCSBASE
  2

  9
$PUCSNAME
  2

  9
$PUCSORG
 10
0.0
 20
0.0
 30
0.0
  9
$PUCSXDIR
 10
1.0
 20
0.0
 30
0.0
  9
$PUCSYDIR
 10
0.0
 20
1.0
 30
0.0
  9
$PUCSORTHOREF
  2

  9
$PUCSORTHOVIEW
 70
     0
  9
$PUCSORGTOP
 10
0.0
 20
0.0
 30
0.0
  9
$PUCSORGBOTTOM
 10
0.0
 20
0.0
 30
0.0
  9
$PUCSORGLEFT
 10
0.0
 20
0.0
 30
0.0
  9
$PUCSORGRIGHT
 10
0.0
 20
0.0
 30
0.0
  9
$PUCSORGFRONT
 10
0.0
 20
0.0
 30
0.0
  9
$PUCSORGBACK
 10
0.0
 20
0.0
 30
0.0
  9
$USERI1
 70
     0
  9
$USERI2
 70
     0
  9
$USERI3
 70
     0
  9
$USERI4
 70
     0
  9
$USERI5
 70
     0
  9
$USERR1
 40
0.0
  9
$USERR2
 40
0.0
  9
$USERR3
 40
0.0
  9
$USERR4
 40
0.0
  9
$USERR5
 40
0.0
  9
$WORLDVIEW
 70
     1
  9
$SHADEDGE
 70
     3
  9
$SHADEDIF
 70
    70
  9
$TILEMODE
 70
     1
  9
$MAXACTVP
 70
    48
  9
$PINSBASE
 10
0.0
 20
0.0
 30
0.0
  9
$PLIMCHECK
 70
     0
  9
$PEXTMIN
 10
0.0
 20
0.0
 30
0.0
  9
$PEXTMAX
 10
0.0
 20
0.0
 30
0.0
  9
$PLIMMIN
 10
0.0
 20
0.0
  9
$PLIMMAX
 10
12.0
 20
9.0
  9
$UNITMODE
 70
     0
  9
$VISRETAIN
 70
     1
  9
$PLINEGEN
 70
     0
  9
$PSLTSCALE
 70
     1
  9
$TREEDEPTH
 70
  3020
  9
$CMLSTYLE
  2
STANDARD
  9
$CMLJUST
 70
     0
  9
$CMLSCALE
 40
20.0
  9
$PROXYGRAPHICS
 70
     1
  9
$MEASUREMENT
 70
     1
  9
$CELWEIGHT
370
    -1
  9
$ENDCAPS
280
     0
  9
$JOINSTYLE
280
     0
  9
$LWDISPLAY
290
     0
  9
$INSUNITS
 70
     4
  9
$HYPERLINKBASE
  1

  9
$STYLESHEET
  1

  9
$XEDIT
290
     1
  9
$CEPSNTYPE
380
     0
  9
$PSTYLEMODE
290
     1
  9
$FINGERPRINTGUID
  2
{FDEAD578-A652-11D2-9A35-0060089B3A3F}
  9
$VERSIONGUID
  2
{BDBE133C-F91B-1E4A-ACA7-97134001F94E}
  9
$EXTNAMES
290
     1
  9
$PSVPSCALE
 40
0.0
  9
$OLESTARTUP
290
     0
  0
ENDSEC
  0
SECTION
  2
CLASSES
  0
CLASS
  1
ACDBDICTIONARYWDFLT
  2
AcDbDictionaryWithDefault
  3
ObjectDBX Classes
 90
        0
280
     0
281
     0
  0
CLASS
  1
ACDBPLACEHOLDER
  2
AcDbPlaceHolder
  3
ObjectDBX Classes
 90
        0
280
     0
281
     0
  0
CLASS
  1
LAYOUT
  2
AcDbLayout
  3
ObjectDBX Classes
 90
        0
280
     0
281
     0
  0
CLASS
  1
DICTIONARYVAR
  2
AcDbDictionaryVar
  3
ObjectDBX Classes
 90
        0
280
     0
281
     0
  0
CLASS
  1
LONG_TRANSACTION
  2
AcDbLongTransaction
  3
ObjectDBX Classes
 90
    32768
280
     0
281
     0
  0
CLASS
  1
LWPOLYLINE
  2
AcDbPolyline
  3
ObjectDBX Classes
 90
        0
280
     0
281
     1
  0
CLASS
  1
HATCH
  2
AcDbHatch
  3
ObjectDBX Classes
 90
    32768
280
     0
281
     1
  0
CLASS
  1
XRECORD
  2
AcDbXrecord
  3
ObjectDBX Classes
 90
        0
280
     0
281
     0
  0
CLASS
  1
LONG_TRANSACTION
  2
AcDbLongTransaction
  3
ObjectDBX Classes
 90
    32768
280
     0
281
     0
  0
CLASS
  1
LWPOLYLINE
  2
AcDbPolyline
  3
ObjectDBX Classes
 90
        0
280
     0
281
     1
  0
CLASS
  1
HATCH
  2
AcDbHatch
  3
ObjectDBX Classes
 90
    32768
280
     0
281
     1
  0
CLASS
  1
XRECORD
  2
AcDbXrecord
  3
ObjectDBX Classes
 90
        0
280
     0
281
     0
  0
CLASS
  1
LONG_TRANSACTION
  2
AcDbLongTransaction
  3
ObjectDBX Classes
 90
    32768
280
     0
281
     0
  0
CLASS
  1
LWPOLYLINE
  2
AcDbPolyline
  3
ObjectDBX Classes
 90
        0
280
     0
281
     1
  0
CLASS
  1
HATCH
  2
AcDbHatch
  3
ObjectDBX Classes
 90
    32768
280
     0
281
     1
  0
CLASS
  1
XRECORD
  2
AcDbXrecord
  3
ObjectDBX Classes
 90
        0
280
     0
281
     0
  0
CLASS
  1
LONG_TRANSACTION
  2
AcDbLongTransaction
  3
ObjectDBX Classes
 90
    32768
280
     0
281
     0
  0
CLASS
  1
LWPOLYLINE
  2
AcDbPolyline
  3
ObjectDBX Classes
 90
        0
280
     0
281
     1
  0
CLASS
  1
HATCH
  2
AcDbHatch
  3
ObjectDBX Classes
 90
    32768
280
     0
281
     1
  0
CLASS
  1
XRECORD
  2
AcDbXrecord
  3
ObjectDBX Classes
 90
        0
280
     0
281
     0
  0
CLASS
  1
LONG_TRANSACTION
  2
AcDbLongTransaction
  3
ObjectDBX Classes
 90
    32768
280
     0
281
     0
  0
CLASS
  1
LWPOLYLINE
  2
AcDbPolyline
  3
ObjectDBX Classes
 90
        0
280
     0
281
     1
  0
CLASS
  1
HATCH
  2
AcDbHatch
  3
ObjectDBX Classes
 90
    32768
280
     0
281
     1
  0
CLASS
  1
XRECORD
  2
AcDbXrecord
  3
ObjectDBX Classes
 90
        0
280
     0
281
     0
  0
CLASS
  1
LONG_TRANSACTION
  2
AcDbLongTransaction
  3
ObjectDBX Classes
 90
    32768
280
     0
281
     0
  0
CLASS
  1
LWPOLYLINE
  2
AcDbPolyline
  3
ObjectDBX Classes
 90
        0
280
     0
281
     1
  0
CLASS
  1
HATCH
  2
AcDbHatch
  3
ObjectDBX Classes
 90
    32768
280
     0
281
     1
  0
CLASS
  1
XRECORD
  2
AcDbXrecord
  3
ObjectDBX Classes
 90
        0
280
     0
281
     0
  0
CLASS
  1
LONG_TRANSACTION
  2
AcDbLongTransaction
  3
ObjectDBX Classes
 90
    32768
280
     0
281
     0
  0
CLASS
  1
LWPOLYLINE
  2
AcDbPolyline
  3
ObjectDBX Classes
 90
        0
280
     0
281
     1
  0
CLASS
  1
HATCH
  2
AcDbHatch
  3
ObjectDBX Classes
 90
    32768
280
     0
281
     1
  0
CLASS
  1
XRECORD
  2
AcDbXrecord
  3
ObjectDBX Classes
 90
        0
280
     0
281
     0
  0
CLASS
  1
MATERIAL
  2
AcDbMaterial
  3
ObjectDBX Classes
 90
     1153
280
     0
281
     0
  0
CLASS
  1
VISUALSTYLE
  2
AcDbVisualStyle
  3
ObjectDBX Classes
 90
     4095
280
     0
281
     0
  0
CLASS
  1
TABLESTYLE
  2
AcDbTableStyle
  3
ObjectDBX Classes
 90
     4095
280
     0
281
     0
  0
CLASS
  1
SCALE
  2
AcDbScale
  3
ObjectDBX Classes
 90
     1153
280
     0
281
     0
  0
CLASS
  1
MLEADERSTYLE
  2
AcDbMLeaderStyle
  3
ACDB_MLEADERSTYLE_CLASS
 90
     4095
280
     0
281
     0
  0
CLASS
  1
ACDBSECTIONVIEWSTYLE
  2
AcDbSectionViewStyle
  3
ObjectDBX Classes
 90
     1025
280
     0
281
     0
  0
CLASS
  1
ACDBDETAILVIEWSTYLE
  2
AcDbDetailViewStyle
  3
ObjectDBX Classes
 90
     1025
280
     0
281
     0
  0
CLASS
  1
DMMAPMANAGER
  2
AcMapDMMapManager
  3
AcMapDisplayManagement
 90
     1024
280
     0
281
     0
  0
CLASS
  1
DMSTYLELIBRARY
  2
AcMapDMStyleLibrary
  3
AcMapDisplayManagement
 90
     1024
280
     0
281
     0
  0
CLASS
  1
DMSTYLECATEGORY
  2
AcMapDMStyleCategory
  3
AcMapDisplayManagement
 90
     1024
280
     0
281
     0
  0
CLASS
  1
ACDBDATATABLE
  2
AcDbDataTable
  3
ObjectDBX Classes
 90
        0
280
     0
281
     0
  0
CLASS
  1
MAPRESOURCEMANAGEROBJECT
  2
AcMapResourceManager
  3
AcMapSharedComponents
 90
     1024
280
     0
281
     0
  0
CLASS
  1
MAPGWSUNDOOBJECT
  2
AcMapGWSUndoRecorder
  3
AcMapFeatureSourceManager
 90
    33793
280
     0
281
     0
  0
CLASS
  1
DMMAP
  2
AcMapDMMap
  3
AcMapDisplayManagement
 90
     1024
280
     0
281
     0
  0
CLASS
  1
DMBASEELEMENT
  2
AcMapDMBaseElement
  3
AcMapDisplayManagement
 90
     1024
280
     0
281
     0
  0
CLASS
  1
DMDEFAULTSTYLE
  2
AcMapDMDefaultStyle
  3
AcMapDisplayManagement
 90
     1024
280
     0
281
     0
  0
CLASS
  1
DMSTYLEREFERENCE
  2
AcMapDMStyleReference
  3
AcMapDisplayManagement
 90
     1024
280
     0
281
     0
  0
CLASS
  1
DMSURROGATESTYLESETS
  2
AcMapDMSurrogateStyleSets
  3
AcMapDisplayManagement
 90
     1153
280
     0
281
     0
  0
CLASS
  1
SORTENTSTABLE
  2
AcDbSortentsTable
  3
ObjectDBX Classes
 90
        0
280
     0
281
     0
  0
CLASS
  1
DMSTYLIZEDENTITIESTABLE
  2
AcMapDMStylizedEntitiesTable
  3
AcMapDisplayManagement
 90
     1024
280
     0
281
     0
  0
CLASS
  1
CELLSTYLEMAP
  2
AcDbCellStyleMap
  3
ObjectDBX Classes
 90
     1152
280
     0
281
     0
  0
ENDSEC
  0
SECTION
  2
TABLES
  0
TABLE
  2
VPORT
  5
21
330
0
100
AcDbSymbolTable
 70
     1
  0
VPORT
  5
37C
330
21
100
AcDbSymbolTableRecord
100
AcDbViewportTableRecord
  2
*Active
 70
     0
 10
0.0
 20
0.0
 11
1.0
 21
1.0
 12
49091.85974534822
 22
373669.3496963055
 13
0.0
 23
0.0
 14
10.0
 24
10.0
 15
10.0
 25
10.0
 16
0.0
 26
0.0
 36
1.0
 17
0.0
 27
0.0
 37
0.0
 40
623999.4231414424
 41
1.469907407407407
 42
50.0
 43
0.0
 44
0.0
 50
0.0
 51
0.0
 71
     0
 72
   100
 73
     1
 74
     0
 75
     0
 76
     0
 77
     0
 78
     0
281
     0
 65
     1
110
0.0
120
0.0
130
0.0
111
1.0
121
0.0
131
0.0
112
0.0
122
1.0
132
0.0
 79
     0
146
0.0
1001
ACAD_NAV_VCDISPLAY
1070
     3
  0
ENDTAB
  0
TABLE
  2
LTYPE
  5
1C
330
0
100
AcDbSymbolTable
 70
     1
  0
LTYPE
  5
1D
330
1C
100
AcDbSymbolTableRecord
100
AcDbLinetypeTableRecord
  2
BYBLOCK
 70
     0
  3

 72
    65
 73
     0
 40
0.0
  0
LTYPE
  5
1E
330
1C
100
AcDbSymbolTableRecord
100
AcDbLinetypeTableRecord
  2
BYLAYER
 70
     0
  3

 72
    65
 73
     0
 40
0.0
  0
LTYPE
  5
C
330
1C
100
AcDbSymbolTableRecord
100
AcDbLinetypeTableRecord
  2
CONTINUOUS
 70
     0
  3
Solid line
 72
    65
 73
     0
 40
0.0
  0
ENDTAB
  0
TABLE
  2
LAYER
  5
16
102
{ACAD_XDICTIONARY
360
17
102
}
330
0
100
AcDbSymbolTable
 70
     4
  0
LAYER
  5
6
102
{ACAD_XDICTIONARY
360
402
102
}
330
16
100
AcDbSymbolTableRecord
100
AcDbLayerTableRecord
  2
0
 70
     0
 62
     7
  6
CONTINUOUS
370
    -3
390
7
  0
LAYER
  5
35
102
{ACAD_XDICTIONARY
360
404
102
}
330
16
100
AcDbSymbolTableRecord
100
AcDbLayerTableRecord
  2
G50
 70
     0
 62
     7
  6
CONTINUOUS
370
    -3
390
7
  0
LAYER
  5
2D
102
{ACAD_XDICTIONARY
360
406
102
}
330
16
100
AcDbSymbolTableRecord
100
AcDbLayerTableRecord
  2
N50000
 70
     0
 62
     7
  6
CONTINUOUS
370
    -3
390
7
  0
LAYER
  5
30
102
{ACAD_XDICTIONARY
360
408
102
}
330
16
100
AcDbSymbolTableRecord
100
AcDbLayerTableRecord
  2
T50000
 70
     0
 62
   250
  6
CONTINUOUS
370
    -3
390
7
  0
ENDTAB
  0
TABLE
  2
STYLE
  5
19
330
0
100
AcDbSymbolTable
 70
     3
  0
STYLE
  5
1A
330
19
100
AcDbSymbolTableRecord
100
AcDbTextStyleTableRecord
  2
STANDARD
 70
     0
 40
0.0
 41
1.0
 50
0.0
 71
     0
 42
2.5
  3
txt
  4

  0
STYLE
  5
2E
330
19
100
AcDbSymbolTableRecord
100
AcDbTextStyleTableRecord
  2
GHS
 70
     0
 40
0.0
 41
1.0
 50
0.0
 71
     0
 42
0.25
  3
romans.shx
  4
GHS.SHX
  0
STYLE
  5
3D9
330
19
100
AcDbSymbolTableRecord
100
AcDbTextStyleTableRecord
  2
Legend
 70
     0
 40
0.0
 41
1.0
 50
0.0
 71
     0
 42
2.5
  3
calibri.ttf
  4

1001
ACAD
1000
Calibri
1071
       80
  0
ENDTAB
  0
TABLE
  2
VIEW
  5
1F
330
0
100
AcDbSymbolTable
 70
     0
  0
ENDTAB
  0
TABLE
  2
UCS
  5
20
330
0
100
AcDbSymbolTable
 70
     0
  0
ENDTAB
  0
TABLE
  2
APPID
  5
23
330
0
100
AcDbSymbolTable
 70
    12
  0
APPID
  5
24
330
23
100
AcDbSymbolTableRecord
100
AcDbRegAppTableRecord
  2
ACAD
 70
     0
  0
APPID
  5
A
330
23
100
AcDbSymbolTableRecord
100
AcDbRegAppTableRecord
  2
ADE_PROJECTION
 70
     0
  0
APPID
  5
B
330
23
100
AcDbSymbolTableRecord
100
AcDbRegAppTableRecord
  2
ADE
 70
     0
  0
APPID
  5
373
330
23
100
AcDbSymbolTableRecord
100
AcDbRegAppTableRecord
  2
DCO15
 70
     0
  0
APPID
  5
3DD
330
23
100
AcDbSymbolTableRecord
100
AcDbRegAppTableRecord
  2
AcMapDMDisplayStyleRegapp
 70
     0
  0
APPID
  5
3E3
330
23
100
AcDbSymbolTableRecord
100
AcDbRegAppTableRecord
  2
ACAD_NAV_VCDISPLAY
 70
     0
  0
APPID
  5
3E7
330
23
100
AcDbSymbolTableRecord
100
AcDbRegAppTableRecord
  2
AcadAnnotative
 70
     0
  0
APPID
  5
3E8
330
23
100
AcDbSymbolTableRecord
100
AcDbRegAppTableRecord
  2
ACAD_DSTYLE_DIMJAG
 70
     0
  0
APPID
  5
3E9
330
23
100
AcDbSymbolTableRecord
100
AcDbRegAppTableRecord
  2
ACAD_DSTYLE_DIMTALN
 70
     0
  0
APPID
  5
40A
330
23
100
AcDbSymbolTableRecord
100
AcDbRegAppTableRecord
  2
MapGWS
 70
     0
  0
APPID
  5
426
330
23
100
AcDbSymbolTableRecord
100
AcDbRegAppTableRecord
  2
ACAD_EXEMPT_FROM_CAD_STANDARDS
 70
     0
  0
APPID
  5
4D9
330
23
100
AcDbSymbolTableRecord
100
AcDbRegAppTableRecord
  2
ACAD_MLEADERVER
 70
     0
  0
ENDTAB
  0
TABLE
  2
DIMSTYLE
  5
25
330
0
100
AcDbSymbolTable
 70
     3
100
AcDbDimStyleTable
 71
     0
  0
DIMSTYLE
105
2B
330
25
100
AcDbSymbolTableRecord
100
AcDbDimStyleTableRecord
  2
ISO-25
 70
     0
 41
2.5
 42
0.63
 43
3.75
 44
1.25
 73
     0
 74
     0
 77
     1
 78
     8
140
2.5
141
2.5
143
0.04
147
0.63
171
     3
172
     1
271
     2
272
     2
274
     3
283
     0
284
     8
340
1A
  0
DIMSTYLE
105
3E5
330
25
100
AcDbSymbolTableRecord
100
AcDbDimStyleTableRecord
  2
Standard
 70
     0
340
1A
  0
DIMSTYLE
105
3E6
330
25
100
AcDbSymbolTableRecord
100
AcDbDimStyleTableRecord
  2
주석
 70
     0
 40
0.0
340
1A
1001
AcadAnnotative
1000
AnnotativeData
1002
{
1070
     1
1070
     1
1002
}
1001
ACAD_DSTYLE_DIMJAG
1070
   388
1040
1.5
1001
ACAD_DSTYLE_DIMTALN
1070
   392
1070
     0
  0
ENDTAB
  0
TABLE
  2
BLOCK_RECORD
  5
1
330
0
100
AcDbSymbolTable
 70
     0
  0
BLOCK_RECORD
  5
2
102
{ACAD_XDICTIONARY
360
3
102
}
330
1
100
AcDbSymbolTableRecord
100
AcDbBlockTableRecord
  2
*MODEL_SPACE
340
33C
  0
BLOCK_RECORD
  5
10
102
{ACAD_XDICTIONARY
360
11
102
}
330
1
100
AcDbSymbolTableRecord
100
AcDbBlockTableRecord
  2
*PAPER_SPACE
340
33D
  0
ENDTAB
  0
ENDSEC
  0
SECTION
  2
BLOCKS
  0
BLOCK
  5
5
330
2
100
AcDbEntity
  8
0
100
AcDbBlockBegin
  2
*MODEL_SPACE
 70
     0
 10
0.0
 20
0.0
 30
0.0
  3
*MODEL_SPACE
  1

  0
ENDBLK
  5
D
330
2
100
AcDbEntity
  8
0
100
AcDbBlockEnd
  0
BLOCK
  5
13
330
10
100
AcDbEntity
 67
     1
  8
0
100
AcDbBlockBegin
  2
*PAPER_SPACE
 70
     0
 10
0.0
 20
0.0
 30
0.0
  3
*PAPER_SPACE
  1

  0
ENDBLK
  5
14
330
10
100
AcDbEntity
 67
     1
  8
0
100
AcDbBlockEnd
  0
ENDSEC
  0
SECTION
  2
ENTITIES
  0
TEXT
  5
2C
330
2
100
AcDbEntity
  8
N50000
100
AcDbText
 10
229627.93
 20
525095.8100000001
 30
0.0
 40
1528.44
  1
37910
 50
358.79
  7
GHS
100
AcDbText
  0
TEXT
  5
2F
330
2
100
AcDbEntity
  8
T50000
100
AcDbText
 10
228608.2948615115
 20
528566.3218305883
 30
0.0
 40
4000.0
  1
매원
 50
358.79
  7
GHS
 72
     4
 11
233232.84
 21
530469.0900000001
 31
0.0
100
AcDbText
  0
TEXT
  5
31
330
2
100
AcDbEntity
  8
N50000
100
AcDbText
 10
229703.76
 20
497350.57
 30
0.0
 40
1528.44
  1
37914
 50
358.79
  7
GHS
100
AcDbText
  0
TEXT
  5
32
330
2
100
AcDbEntity
  8
T50000
100
AcDbText
 10
228925.1571415527
 20
473073.5043208684
 30
0.0
 40
4000.0
  1
울진
 50
358.8
  7
GHS
 72
     4
 11
233382.74
 21
474980.57
 31
0.0
100
AcDbText
  0
TEXT
  5
33
330
2
100
AcDbEntity
  8
T50000
100
AcDbText
 10
228850.0843636958
 20
500817.9823448864
 30
0.0
 40
4000.0
  1
죽변
 50
358.79
  7
GHS
 72
     4
 11
233308.0
 21
502724.2700000001
 31
0.0
100
AcDbText
  0
LWPOLYLINE
  5
34
330
2
100
AcDbEntity
  8
G50
  6
Continuous
100
AcDbPolyline
 90
       40
 70
     1
 43
0.0
 10
222179.88
 20
516787.25
 10
224397.86
 20
516793.37
 10
226615.84
 20
516800.12
 10
228833.84
 20
516807.44
 10
231051.84
 20
516815.37
 10
233269.84
 20
516823.84
 10
235487.84
 20
516832.9400000001
 10
237705.84
 20
516842.59
 10
239923.84
 20
516852.84
 10
242141.84
 20
516863.69
 10
244359.84
 20
516875.12
 10
244374.52
 20
514100.53
 10
244389.1600000001
 20
511325.97
 10
244403.8
 20
508551.4100000001
 10
244418.41
 20
505776.87
 10
244433.03
 20
503002.3100000001
 10
244447.64
 20
500227.81
 10
244462.2300000001
 20
497453.2800000001
 10
244476.83
 20
494678.78
 10
244491.42
 20
491904.31
 10
244505.9800000001
 20
489129.84
 10
242280.69
 20
489118.44
 10
240055.38
 20
489107.62
 10
237830.06
 20
489097.3699999999
 10
235604.75
 20
489087.7500000001
 10
233379.44
 20
489078.6900000001
 10
231154.14
 20
489070.2199999999
 10
228928.84
 20
489062.34
 10
226703.55
 20
489055.0300000001
 10
224478.23
 20
489048.31
 10
222252.94
 20
489042.1599999999
 10
222245.6600000001
 20
491816.62
 10
222238.36
 20
494591.0900000001
 10
222231.06
 20
497365.56
 10
222223.77
 20
500140.06
 10
222216.45
 20
502914.56
 10
222209.16
 20
505689.06
 10
222201.84
 20
508463.5900000001
 10
222194.52
 20
511238.12
 10
222187.2
 20
514012.69
  0
LWPOLYLINE
  5
36
330
2
100
AcDbEntity
  8
G50
  6
Continuous
100
AcDbPolyline
 90
       40
 70
     1
 43
0.0
 10
222106.38
 20
544533.47
 10
224317.02
 20
544539.6599999999
 10
226527.66
 20
544546.4099999999
 10
228738.31
 20
544553.75
 10
230948.95
 20
544561.66
 10
233159.59
 20
544570.1899999999
 10
235370.25
 20
544579.28
 10
237580.91
 20
544588.97
 10
239791.56
 20
544599.25
 10
242002.2
 20
544610.1200000001
 10
244212.88
 20
544621.5600000001
 10
244227.61
 20
541846.87
 10
244242.33
 20
539072.1899999999
 10
244257.05
 20
536297.5
 10
244271.77
 20
533522.8400000001
 10
244286.47
 20
530748.1899999999
 10
244301.16
 20
527973.5600000001
 10
244315.84
 20
525198.9399999999
 10
244330.53
 20
522424.31
 10
244345.19
 20
519649.72
 10
244359.84
 20
516875.12
 10
242141.84
 20
516863.69
 10
239923.84
 20
516852.84
 10
237705.84
 20
516842.59
 10
235487.84
 20
516832.9400000001
 10
233269.84
 20
516823.84
 10
231051.84
 20
516815.37
 10
228833.84
 20
516807.44
 10
226615.84
 20
516800.12
 10
224397.86
 20
516793.37
 10
222179.88
 20
516787.25
 10
222172.55
 20
519561.81
 10
222165.2
 20
522336.41
 10
222157.88
 20
525111.0
 10
222150.52
 20
527885.5900000001
 10
222143.19
 20
530660.22
 10
222135.83
 20
533434.8400000001
 10
222128.47
 20
536209.5
 10
222121.11
 20
538984.12
 10
222113.75
 20
541758.8100000001
  0
TEXT
  5
37
330
2
100
AcDbEntity
  8
N50000
100
AcDbText
 10
207520.0
 20
552810.99
 30
0.0
 40
1528.44
  1
37905
 50
358.78
  7
GHS
100
AcDbText
  0
TEXT
  5
38
330
2
100
AcDbEntity
  8
T50000
100
AcDbText
 10
206502.7971202457
 20
556365.7334376458
 30
0.0
 40
4000.0
  1
묵호
 50
358.78
  7
GHS
 72
     4
 11
211125.9
 21
558184.38
 31
0.0
100
AcDbText
  0
TEXT
  5
39
330
2
100
AcDbEntity
  8
N50000
100
AcDbText
 10
207522.33
 20
525064.61
 30
0.0
 40
1528.44
  1
37909
 50
358.79
  7
GHS
100
AcDbText
  0
TEXT
  5
3A
330
2
100
AcDbEntity
  8
T50000
100
AcDbText
 10
206586.3396126037
 20
528533.8920877372
 30
0.0
 40
4000.0
  1
삼척
 50
358.79
  7
GHS
 72
     4
 11
211127.57
 21
530438.42
 31
0.0
100
AcDbText
  0
TEXT
  5
3B
330
2
100
AcDbEntity
  8
N50000
100
AcDbText
 10
207524.66
 20
497319.39
 30
0.0
 40
1528.44
  1
37913
 50
358.79
  7
GHS
100
AcDbText
  0
TEXT
  5
3C
330
2
100
AcDbEntity
  8
T50000
100
AcDbText
 10
206504.6948615115
 20
500790.8518305882
 30
0.0
 40
4000.0
  1
장성
 50
358.79
  7
GHS
 72
     4
 11
211129.24
 21
502693.62
 31
0.0
100
AcDbText
  0
TEXT
  5
3D
330
2
100
AcDbEntity
  8
T50000
100
AcDbText
 10
206672.4645407242
 20
473001.3167923902
 30
0.0
 40
4000.0
  1
소천
 50
358.8
  7
GHS
 72
     4
 11
211130.92
 21
474950.04
 31
0.0
100
AcDbText
  0
LWPOLYLINE
  5
3E
330
2
100
AcDbEntity
  8
G50
  6
Continuous
100
AcDbPolyline
 90
       40
 70
     1
 43
0.0
 10
200000.0
 20
544504.12
 10
202210.64
 20
544504.4099999999
 10
204421.27
 20
544505.31
 10
206631.91
 20
544506.78
 10
208842.55
 20
544508.8100000001
 10
211053.19
 20
544511.47
 10
213263.81
 20
544514.69
 10
215474.45
 20
544518.5
 10
217685.09
 20
544522.9099999999
 10
219895.73
 20
544527.91
 10
222106.38
 20
544533.47
 10
222113.75
 20
541758.8100000001
 10
222121.11
 20
538984.12
 10
222128.47
 20
536209.5
 10
222135.83
 20
533434.8400000001
 10
222143.19
 20
530660.22
 10
222150.52
 20
527885.5900000001
 10
222157.88
 20
525111.0
 10
222165.2
 20
522336.41
 10
222172.55
 20
519561.81
 10
222179.88
 20
516787.25
 10
219961.88
 20
516781.69
 10
217743.89
 20
516776.69
 10
215525.91
 20
516772.3099999999
 10
213307.91
 20
516768.5
 10
211089.94
 20
516765.28
 10
208871.94
 20
516762.62
 10
206653.9500000001
 20
516760.59
 10
204435.97
 20
516759.12
 10
202217.98
 20
516758.25
 10
200000.0
 20
516757.9400000001
 10
200000.0
 20
519532.53
 10
200000.0
 20
522307.09
 10
200000.0
 20
525081.69
 10
200000.0
 20
527856.28
 10
200000.0
 20
530630.87
 10
200000.0
 20
533405.5
 10
200000.0
 20
536180.1599999999
 10
200000.0
 20
538954.8100000001
 10
200000.0
 20
541729.4399999999
  0
LWPOLYLINE
  5
3F
330
2
100
AcDbEntity
  8
G50
  6
Continuous
100
AcDbPolyline
 90
       40
 70
     1
 43
0.0
 10
200000.0
 20
516757.9400000001
 10
202217.98
 20
516758.25
 10
204435.97
 20
516759.12
 10
206653.9500000001
 20
516760.59
 10
208871.94
 20
516762.62
 10
211089.94
 20
516765.28
 10
213307.91
 20
516768.5
 10
215525.91
 20
516772.3099999999
 10
217743.89
 20
516776.69
 10
219961.88
 20
516781.69
 10
222179.88
 20
516787.25
 10
222187.2
 20
514012.69
 10
222194.52
 20
511238.12
 10
222201.84
 20
508463.5900000001
 10
222209.16
 20
505689.06
 10
222216.45
 20
502914.56
 10
222223.77
 20
500140.06
 10
222231.06
 20
497365.56
 10
222238.36
 20
494591.0900000001
 10
222245.6600000001
 20
491816.62
 10
222252.94
 20
489042.1599999999
 10
220027.64
 20
489036.62
 10
217802.34
 20
489031.66
 10
215577.05
 20
489027.28
 10
213351.77
 20
489023.47
 10
211126.45
 20
489020.25
 10
208901.17
 20
489017.62
 10
206675.88
 20
489015.59
 10
204450.58
 20
489014.12
 10
202225.3
 20
489013.2499999999
 10
200000.0
 20
489012.97
 10
200000.0
 20
491787.41
 10
200000.0
 20
494561.87
 10
200000.0
 20
497336.34
 10
200000.0
 20
500110.81
 10
200000.0
 20
502885.31
 10
200000.0
 20
505659.81
 10
200000.0
 20
508434.34
 10
200000.0
 20
511208.8700000001
 10
200000.0
 20
513983.41
  0
TEXT
  5
40
330
2
100
AcDbEntity
  8
N50000
100
AcDbText
 10
229854.15
 20
441863.56
 30
0.0
 40
1528.44
  1
36906
 50
358.81
  7
GHS
100
AcDbText
  0
TEXT
  5
41
330
2
100
AcDbEntity
  8
T50000
100
AcDbText
 10
228666.5486140658
 20
445337.1789965824
 30
0.0
 40
4000.0
  1
병곡
 50
358.81
  7
GHS
 72
     4
 11
233457.06
 21
447238.1
 31
0.0
100
AcDbText
  0
LWPOLYLINE
  5
42
330
2
100
AcDbEntity
  8
G50
  6
Continuous
100
AcDbPolyline
 90
       40
 70
     1
 43
0.0
 10
222325.58
 20
461298.28
 10
224558.14
 20
461304.37
 10
226790.7000000001
 20
461311.09
 10
229023.27
 20
461318.37
 10
231255.84
 20
461326.25
 10
233488.41
 20
461334.69
 10
235720.98
 20
461343.75
 10
237953.55
 20
461353.34
 10
240186.13
 20
461363.56
 10
242418.7
 20
461374.34
 10
244651.28
 20
461385.69
 10
244665.77
 20
458611.3400000001
 10
244680.23
 20
455837.03
 10
244694.7
 20
453062.69
 10
244709.16
 20
450288.37
 10
244723.61
 20
447514.09
 10
244738.05
 20
444739.78
 10
244752.48
 20
441965.5
 10
244766.9100000001
 20
439191.25
 10
244781.31
 20
436416.97
 10
244795.72
 20
433642.75
 10
242555.92
 20
433631.41
 10
240316.13
 20
433620.6599999999
 10
238076.31
 20
433610.4699999999
 10
235836.53
 20
433600.8699999999
 10
233596.73
 20
433591.8699999999
 10
231356.94
 20
433583.44
 10
229117.16
 20
433575.59
 10
226877.38
 20
433568.34
 10
224637.58
 20
433561.62
 10
222397.8
 20
433555.5300000001
 10
222390.59
 20
436329.75
 10
222383.39
 20
439104.0
 10
222376.19
 20
441878.25
 10
222368.95
 20
444652.5
 10
222361.73
 20
447426.75
 10
222354.52
 20
450201.0300000001
 10
222347.3
 20
452975.34
 10
222340.06
 20
455749.62
 10
222332.81
 20
458523.94
  0
TEXT
  5
43
330
2
100
AcDbEntity
  8
N50000
100
AcDbText
 10
229928.72
 20
414121.79
 30
0.0
 40
1528.44
  1
36910
 50
358.81
  7
GHS
100
AcDbText
  0
TEXT
  5
44
330
2
100
AcDbEntity
  8
N50000
100
AcDbText
 10
230002.86
 20
386381.22
 30
0.0
 40
1528.44
  1
36914
 50
358.82
  7
GHS
100
AcDbText
  0
TEXT
  5
45
330
2
100
AcDbEntity
  8
T50000
100
AcDbText
 10
228897.5661214017
 20
389853.136804464
 30
0.0
 40
4000.0
  1
포항
 50
358.82
  7
GHS
 72
     4
 11
233604.43
 21
391756.61
 31
0.0
100
AcDbText
  0
TEXT
  5
46
330
2
100
AcDbEntity
  8
T50000
100
AcDbText
 10
228907.0793346306
 20
417592.3776757628
 30
0.0
 40
4000.0
  1
영덕
 50
358.81
  7
GHS
 72
     4
 11
233530.96
 21
419496.76
 31
0.0
100
AcDbText
  0
LWPOLYLINE
  5
47
330
2
100
AcDbEntity
  8
G50
  6
Continuous
100
AcDbPolyline
 90
       40
 70
     1
 43
0.0
 10
222469.58
 20
405813.97
 10
224716.55
 20
405820.06
 10
226963.52
 20
405826.72
 10
229210.48
 20
405833.97
 10
231457.45
 20
405841.8099999999
 10
233704.4200000001
 20
405850.19
 10
235951.39
 20
405859.19
 10
238198.36
 20
405868.75
 10
240445.34
 20
405878.91
 10
242692.31
 20
405889.62
 10
244939.3
 20
405900.9399999999
 10
244953.61
 20
403126.8100000001
 10
244967.91
 20
400352.7199999999
 10
244982.2000000001
 20
397578.62
 10
244996.48
 20
394804.53
 10
245010.77
 20
392030.47
 10
245025.05
 20
389256.41
 10
245039.3
 20
386482.34
 10
245053.55
 20
383708.31
 10
245067.8
 20
380934.2800000001
 10
245082.02
 20
378160.28
 10
242827.9100000001
 20
378149.0
 10
240573.8
 20
378138.31
 10
238319.69
 20
378128.1900000001
 10
236065.56
 20
378118.66
 10
233811.45
 20
378109.69
 10
231557.34
 20
378101.31
 10
229303.25
 20
378093.5
 10
227049.14
 20
378086.2800000001
 10
224795.05
 20
378079.6200000001
 10
222540.94
 20
378073.56
 10
222533.83
 20
380847.56
 10
222526.7
 20
383621.56
 10
222519.58
 20
386395.56
 10
222512.45
 20
389169.5900000001
 10
222505.31
 20
391943.62
 10
222498.19
 20
394717.66
 10
222491.05
 20
397491.72
 10
222483.89
 20
400265.78
 10
222476.73
 20
403039.87
  0
LWPOLYLINE
  5
48
330
2
100
AcDbEntity
  8
G50
  6
Continuous
100
AcDbPolyline
 90
       40
 70
     1
 43
0.0
 10
222397.8
 20
433555.5300000001
 10
224637.58
 20
433561.62
 10
226877.38
 20
433568.34
 10
229117.16
 20
433575.59
 10
231356.94
 20
433583.44
 10
233596.73
 20
433591.8699999999
 10
235836.53
 20
433600.8699999999
 10
238076.31
 20
433610.4699999999
 10
240316.13
 20
433620.6599999999
 10
242555.92
 20
433631.41
 10
244795.72
 20
433642.75
 10
244810.11
 20
430868.5
 10
244824.5
 20
428094.28
 10
244838.88
 20
425320.06
 10
244853.25
 20
422545.8699999999
 10
244867.6300000001
 20
419771.69
 10
244881.97
 20
416997.4999999999
 10
244896.31
 20
414223.3400000001
 10
244910.66
 20
411449.1899999999
 10
244924.98
 20
408675.06
 10
244939.3
 20
405900.9399999999
 10
242692.31
 20
405889.62
 10
240445.34
 20
405878.91
 10
238198.36
 20
405868.75
 10
235951.39
 20
405859.19
 10
233704.4200000001
 20
405850.19
 10
231457.45
 20
405841.8099999999
 10
229210.48
 20
405833.97
 10
226963.52
 20
405826.72
 10
224716.55
 20
405820.06
 10
222469.58
 20
405813.97
 10
222462.44
 20
408588.06
 10
222455.27
 20
411362.19
 10
222448.09
 20
414136.31
 10
222440.92
 20
416910.47
 10
222433.73
 20
419684.62
 10
222426.56
 20
422458.7800000001
 10
222419.38
 20
425232.9399999999
 10
222412.19
 20
428007.12
 10
222404.98
 20
430781.34
  0
TEXT
  5
49
330
2
100
AcDbEntity
  8
N50000
100
AcDbText
 10
207529.36
 20
441832.51
 30
0.0
 40
1528.44
  1
36905
 50
358.81
  7
GHS
100
AcDbText
  0
TEXT
  5
4A
330
2
100
AcDbEntity
  8
T50000
100
AcDbText
 10
206258.7832537833
 20
445308.3996569922
 30
0.0
 40
4000.0
  1
영양
 50
358.81
  7
GHS
 72
     4
 11
211132.61
 21
447207.59
 31
0.0
100
AcDbText
  0
TEXT
  5
4B
330
2
100
AcDbEntity
  8
N50000
100
AcDbText
 10
207531.72
 20
414090.8200000001
 30
0.0
 40
1528.44
  1
36909
 50
358.81
  7
GHS
100
AcDbText
  0
TEXT
  5
4C
330
2
100
AcDbEntity
  8
T50000
100
AcDbText
 10
206343.7886140658
 20
417565.4089965824
 30
0.0
 40
4000.0
  1
청송
 50
358.81
  7
GHS
 72
     4
 11
211134.3
 21
419466.3300000001
 31
0.0
100
AcDbText
  0
TEXT
  5
4D
330
2
100
AcDbEntity
  8
N50000
100
AcDbText
 10
207534.08
 20
386350.3
 30
0.0
 40
1528.44
  1
36913
 50
358.82
  7
GHS
100
AcDbText
  0
TEXT
  5
4E
330
2
100
AcDbEntity
  8
T50000
100
AcDbText
 10
206387.4682908663
 20
389823.624864019
 30
0.0
 40
4000.0
  1
기계
 50
358.82
  7
GHS
 72
     4
 11
211135.99
 21
391726.24
 31
0.0
100
AcDbText
  0
LWPOLYLINE
  5
4F
330
2
100
AcDbEntity
  8
G50
  6
Continuous
100
AcDbPolyline
 90
       40
 70
     1
 43
0.0
 10
200000.0
 20
405784.97
 10
202246.95
 20
405785.28
 10
204493.91
 20
405786.12
 10
206740.88
 20
405787.59
 10
208987.83
 20
405789.62
 10
211234.78
 20
405792.22
 10
213481.73
 20
405795.4099999999
 10
215728.7
 20
405799.19
 10
217975.66
 20
405803.53
 10
220222.63
 20
405808.47
 10
222469.58
 20
405813.97
 10
222476.73
 20
403039.87
 10
222483.89
 20
400265.78
 10
222491.05
 20
397491.72
 10
222498.19
 20
394717.66
 10
222505.31
 20
391943.62
 10
222512.45
 20
389169.5900000001
 10
222519.58
 20
386395.56
 10
222526.7
 20
383621.56
 10
222533.83
 20
380847.56
 10
222540.94
 20
378073.56
 10
220286.84
 20
378068.06
 10
218032.75
 20
378063.16
 10
215778.66
 20
378058.81
 10
213524.56
 20
378055.06
 10
211270.45
 20
378051.87
 10
209016.38
 20
378049.2800000001
 10
206762.28
 20
378047.2500000001
 10
204508.19
 20
378045.81
 10
202254.09
 20
378044.9400000001
 10
200000.0
 20
378044.66
 10
200000.0
 20
380818.62
 10
200000.0
 20
383592.62
 10
200000.0
 20
386366.62
 10
200000.0
 20
389140.62
 10
200000.0
 20
391914.66
 10
200000.0
 20
394688.72
 10
200000.0
 20
397462.75
 10
200000.0
 20
400236.81
 10
200000.0
 20
403010.9099999999
  0
LWPOLYLINE
  5
50
330
2
100
AcDbEntity
  8
G50
  6
Continuous
100
AcDbPolyline
 90
       40
 70
     1
 43
0.0
 10
200000.0
 20
461269.12
 10
202232.56
 20
461269.41
 10
204465.11
 20
461270.31
 10
206697.67
 20
461271.75
 10
208930.23
 20
461273.78
 10
211162.78
 20
461276.4099999999
 10
213395.34
 20
461279.62
 10
215627.91
 20
461283.4099999999
 10
217860.45
 20
461287.78
 10
220093.02
 20
461292.75
 10
222325.58
 20
461298.28
 10
222332.81
 20
458523.94
 10
222340.06
 20
455749.62
 10
222347.3
 20
452975.34
 10
222354.52
 20
450201.0300000001
 10
222361.73
 20
447426.75
 10
222368.95
 20
444652.5
 10
222376.19
 20
441878.25
 10
222383.39
 20
439104.0
 10
222390.59
 20
436329.75
 10
222397.8
 20
433555.5300000001
 10
220158.02
 20
433550.03
 10
217918.23
 20
433545.09
 10
215678.45
 20
433540.72
 10
213438.67
 20
433536.94
 10
211198.89
 20
433533.75
 10
208959.11
 20
433531.12
 10
206719.33
 20
433529.09
 10
204479.56
 20
433527.62
 10
202239.78
 20
433526.75
 10
200000.0
 20
433526.4699999999
 10
200000.0
 20
436300.69
 10
200000.0
 20
439074.9099999999
 10
200000.0
 20
441849.16
 10
200000.0
 20
444623.41
 10
200000.0
 20
447397.66
 10
200000.0
 20
450171.94
 10
200000.0
 20
452946.22
 10
200000.0
 20
455720.5
 10
200000.0
 20
458494.81
  0
LWPOLYLINE
  5
51
330
2
100
AcDbEntity
  8
G50
  6
Continuous
100
AcDbPolyline
 90
       40
 70
     1
 43
0.0
 10
200000.0
 20
433526.4699999999
 10
202239.78
 20
433526.75
 10
204479.56
 20
433527.62
 10
206719.33
 20
433529.09
 10
208959.11
 20
433531.12
 10
211198.89
 20
433533.75
 10
213438.67
 20
433536.94
 10
215678.45
 20
433540.72
 10
217918.23
 20
433545.09
 10
220158.02
 20
433550.03
 10
222397.8
 20
433555.5300000001
 10
222404.98
 20
430781.34
 10
222412.19
 20
428007.12
 10
222419.38
 20
425232.9399999999
 10
222426.56
 20
422458.7800000001
 10
222433.73
 20
419684.62
 10
222440.92
 20
416910.47
 10
222448.09
 20
414136.31
 10
222455.27
 20
411362.19
 10
222462.44
 20
408588.06
 10
222469.58
 20
405813.97
 10
220222.63
 20
405808.47
 10
217975.66
 20
405803.53
 10
215728.7
 20
405799.19
 10
213481.73
 20
405795.4099999999
 10
211234.78
 20
405792.22
 10
208987.83
 20
405789.62
 10
206740.88
 20
405787.59
 10
204493.91
 20
405786.12
 10
202246.95
 20
405785.28
 10
200000.0
 20
405784.97
 10
200000.0
 20
408559.09
 10
200000.0
 20
411333.19
 10
200000.0
 20
414107.3099999999
 10
200000.0
 20
416881.44
 10
200000.0
 20
419655.59
 10
200000.0
 20
422429.75
 10
200000.0
 20
425203.91
 10
200000.0
 20
427978.0900000001
 10
200000.0
 20
430752.28
  0
TEXT
  5
52
330
2
100
AcDbEntity
  8
N50000
100
AcDbText
 10
229779.16
 20
469606.4500000001
 30
0.0
 40
1528.44
  1
36902
 50
358.8
  7
GHS
100
AcDbText
  0
TEXT
  5
53
330
2
100
AcDbEntity
  8
N50000
100
AcDbText
 10
207527.01
 20
469575.38
 30
0.0
 40
1528.44
  1
36901
 50
358.8
  7
GHS
100
AcDbText
  0
LWPOLYLINE
  5
54
330
2
100
AcDbEntity
  8
G50
  6
Continuous
100
AcDbPolyline
 90
       40
 70
     1
 43
0.0
 10
222252.94
 20
489042.1599999999
 10
224478.23
 20
489048.31
 10
226703.55
 20
489055.0300000001
 10
228928.84
 20
489062.34
 10
231154.14
 20
489070.2199999999
 10
233379.44
 20
489078.6900000001
 10
235604.75
 20
489087.7500000001
 10
237830.06
 20
489097.3699999999
 10
240055.38
 20
489107.62
 10
242280.69
 20
489118.44
 10
244505.9800000001
 20
489129.84
 10
244520.56
 20
486355.37
 10
244535.13
 20
483580.91
 10
244549.67
 20
480806.47
 10
244564.2
 20
478032.03
 10
244578.73
 20
475257.62
 10
244593.27
 20
472483.22
 10
244607.78
 20
469708.81
 10
244622.3
 20
466934.4399999999
 10
244636.8
 20
464160.06
 10
244651.28
 20
461385.69
 10
242418.7
 20
461374.34
 10
240186.13
 20
461363.56
 10
237953.55
 20
461353.34
 10
235720.98
 20
461343.75
 10
233488.41
 20
461334.69
 10
231255.84
 20
461326.25
 10
229023.27
 20
461318.37
 10
226790.7000000001
 20
461311.09
 10
224558.14
 20
461304.37
 10
222325.58
 20
461298.28
 10
222318.33
 20
464072.62
 10
222311.09
 20
466846.97
 10
222303.83
 20
469621.31
 10
222296.56
 20
472395.69
 10
222289.31
 20
475170.09
 10
222282.05
 20
477944.4699999999
 10
222274.77
 20
480718.8700000001
 10
222267.5
 20
483493.31
 10
222260.22
 20
486267.72
  0
LWPOLYLINE
  5
55
330
2
100
AcDbEntity
  8
G50
  6
Continuous
100
AcDbPolyline
 90
       40
 70
     1
 43
0.0
 10
200000.0
 20
489012.97
 10
202225.3
 20
489013.2499999999
 10
204450.58
 20
489014.12
 10
206675.88
 20
489015.59
 10
208901.17
 20
489017.62
 10
211126.45
 20
489020.25
 10
213351.77
 20
489023.47
 10
215577.05
 20
489027.28
 10
217802.34
 20
489031.66
 10
220027.64
 20
489036.62
 10
222252.94
 20
489042.1599999999
 10
222260.22
 20
486267.72
 10
222267.5
 20
483493.31
 10
222274.77
 20
480718.8700000001
 10
222282.05
 20
477944.4699999999
 10
222289.31
 20
475170.09
 10
222296.56
 20
472395.69
 10
222303.83
 20
469621.31
 10
222311.09
 20
466846.97
 10
222318.33
 20
464072.62
 10
222325.58
 20
461298.28
 10
220093.02
 20
461292.75
 10
217860.45
 20
461287.78
 10
215627.91
 20
461283.4099999999
 10
213395.34
 20
461279.62
 10
211162.78
 20
461276.4099999999
 10
208930.23
 20
461273.78
 10
206697.67
 20
461271.75
 10
204465.11
 20
461270.31
 10
202232.56
 20
461269.41
 10
200000.0
 20
461269.12
 10
200000.0
 20
464043.47
 10
200000.0
 20
466817.81
 10
200000.0
 20
469592.16
 10
200000.0
 20
472366.53
 10
200000.0
 20
475140.91
 10
200000.0
 20
477915.2800000001
 10
200000.0
 20
480689.69
 10
200000.0
 20
483464.0900000001
 10
200000.0
 20
486238.53
  0
TEXT
  5
56
330
2
100
AcDbEntity
  8
N50000
100
AcDbText
 10
252471.78
 20
386470.1
 30
0.0
 40
1528.44
  1
36915
 50
358.82
  7
GHS
100
AcDbText
  0
TEXT
  5
57
330
2
100
AcDbEntity
  8
T50000
100
AcDbText
 10
251282.820460331
 20
389943.1929235741
 30
0.0
 40
4000.0
  1
대보
 50
358.82
  7
GHS
 72
     4
 11
256073.0
 21
391844.9500000001
 31
0.0
100
AcDbText
  0
LWPOLYLINE
  5
58
330
2
100
AcDbEntity
  8
G50
  6
Continuous
100
AcDbPolyline
 90
       40
 70
     1
 43
0.0
 10
244939.3
 20
405900.9399999999
 10
247186.28
 20
405912.81
 10
249433.27
 20
405925.28
 10
251680.27
 20
405938.31
 10
253927.25
 20
405951.94
 10
256174.25
 20
405966.16
 10
258421.23
 20
405980.94
 10
260668.25
 20
405996.31
 10
262915.25
 20
406012.25
 10
265162.25
 20
406028.78
 10
267409.28
 20
406045.87
 10
267430.75
 20
403271.7199999999
 10
267452.19
 20
400497.56
 10
267473.63
 20
397723.44
 10
267495.06
 20
394949.31
 10
267516.47
 20
392175.19
 10
267537.88
 20
389401.0900000001
 10
267559.28
 20
386627.0
 10
267580.66
 20
383852.94
 10
267602.0300000001
 20
381078.87
 10
267623.38
 20
378304.81
 10
265369.22
 20
378287.75
 10
263115.06
 20
378271.28
 10
260860.9400000001
 20
378255.3700000001
 10
258606.8
 20
378240.0600000001
 10
256352.66
 20
378225.3100000001
 10
254098.52
 20
378211.16
 10
251844.39
 20
378197.56
 10
249590.27
 20
378184.56
 10
247336.14
 20
378172.12
 10
245082.02
 20
378160.28
 10
245067.8
 20
380934.2800000001
 10
245053.55
 20
383708.31
 10
245039.3
 20
386482.34
 10
245025.05
 20
389256.41
 10
245010.77
 20
392030.47
 10
244996.48
 20
394804.53
 10
244982.2000000001
 20
397578.62
 10
244967.91
 20
400352.7199999999
 10
244953.61
 20
403126.8100000001
  0
LWPOLYLINE
  5
59
330
2
100
AcDbEntity
  8
G50
  6
Continuous
100
AcDbPolyline
 90
       40
 70
     1
 43
0.0
 10
200000.0
 20
572251.47
 10
202203.23
 20
572251.7800000001
 10
204406.4800000001
 20
572252.66
 10
206609.73
 20
572254.1200000001
 10
208812.98
 20
572256.1899999999
 10
211016.23
 20
572258.8400000001
 10
213219.47
 20
572262.06
 10
215422.72
 20
572265.87
 10
217625.97
 20
572270.3100000001
 10
219829.22
 20
572275.3100000001
 10
222032.47
 20
572280.9099999999
 10
222039.88
 20
569506.0900000001
 10
222047.28
 20
566731.3100000001
 10
222054.69
 20
563956.56
 10
222062.08
 20
561181.78
 10
222069.48
 20
558407.03
 10
222076.86
 20
555632.3100000001
 10
222084.25
 20
552857.5900000001
 10
222091.63
 20
550082.87
 10
222099.02
 20
547308.16
 10
222106.38
 20
544533.47
 10
219895.73
 20
544527.91
 10
217685.09
 20
544522.9099999999
 10
215474.45
 20
544518.5
 10
213263.81
 20
544514.69
 10
211053.19
 20
544511.47
 10
208842.55
 20
544508.8100000001
 10
206631.91
 20
544506.78
 10
204421.27
 20
544505.31
 10
202210.64
 20
544504.4099999999
 10
200000.0
 20
544504.12
 10
200000.0
 20
547278.8100000001
 10
200000.0
 20
550053.5
 10
200000.0
 20
552828.1899999999
 10
200000.0
 20
555602.9099999999
 10
200000.0
 20
558377.66
 10
200000.0
 20
561152.37
 10
200000.0
 20
563927.12
 10
200000.0
 20
566701.91
 10
200000.0
 20
569476.69
  0
TEXT
  5
5A
330
2
100
AcDbEntity
  8
T50000
100
AcDbText
 10
141464.9846103279
 20
667540.1850214095
 30
0.0
 40
4000.0
  1
고성
 50
358.75
  7
GHS
 72
     4
 11
145924.23
 21
669443.36
 31
0.0
100
AcDbText
  0
TEXT
  5
5B
330
2
100
AcDbEntity
  8
N50000
100
AcDbText
 10
163898.02
 20
636172.1
 30
0.0
 40
1528.44
  1
38811
 50
358.76
  7
GHS
100
AcDbText
  0
TEXT
  5
5C
330
2
100
AcDbEntity
  8
T50000
100
AcDbText
 10
162876.4907931225
 20
639436.6289517963
 30
0.0
 40
4000.0
  1
오호
 50
358.76
  7
GHS
 72
     4
 11
167506.54
 21
641545.26
 31
0.0
100
AcDbText
  0
LWPOLYLINE
  5
5D
330
2
100
AcDbEntity
  8
G50
  6
Continuous
100
AcDbPolyline
 90
       40
 70
     1
 43
0.0
 10
156383.48
 20
655619.06
 10
158564.33
 20
655607.4999999999
 10
160745.16
 20
655596.56
 10
162926.0
 20
655586.19
 10
165106.83
 20
655576.44
 10
167287.66
 20
655567.25
 10
169468.48
 20
655558.69
 10
171649.31
 20
655550.6900000001
 10
173830.14
 20
655543.2500000001
 10
176010.97
 20
655536.4399999999
 10
178191.8
 20
655530.25
 10
178184.27
 20
652755.0600000001
 10
178176.73
 20
649979.9399999999
 10
178169.2
 20
647204.8100000001
 10
178161.67
 20
644429.6899999999
 10
178154.16
 20
641654.62
 10
178146.64
 20
638879.5
 10
178139.13
 20
636104.4399999999
 10
178131.63
 20
633329.37
 10
178124.13
 20
630554.3100000001
 10
178116.63
 20
627779.25
 10
175928.28
 20
627785.5
 10
173739.94
 20
627792.25
 10
171551.59
 20
627799.6899999999
 10
169363.25
 20
627807.62
 10
167174.91
 20
627816.19
 10
164986.55
 20
627825.37
 10
162798.2
 20
627835.12
 10
160609.84
 20
627845.5000000001
 10
158421.5
 20
627856.44
 10
156233.14
 20
627867.94
 10
156248.14
 20
630643.0
 10
156263.16
 20
633418.06
 10
156278.16
 20
636193.19
 10
156293.19
 20
638968.25
 10
156308.2
 20
641743.3700000001
 10
156323.25
 20
644518.5000000001
 10
156338.3
 20
647293.6200000001
 10
156353.34
 20
650068.7500000001
 10
156368.42
 20
652843.9399999999
  0
TEXT
  5
5E
330
2
100
AcDbEntity
  8
N50000
100
AcDbText
 10
163602.8
 20
580672.86
 30
0.0
 40
1528.44
  1
37803
 50
358.77
  7
GHS
100
AcDbText
  0
TEXT
  5
5F
330
2
100
AcDbEntity
  8
T50000
100
AcDbText
 10
162418.1826883788
 20
584149.2938674152
 30
0.0
 40
4000.0
  1
연곡
 50
358.77
  7
GHS
 72
     4
 11
167210.02
 21
586046.8700000001
 31
0.0
100
AcDbText
  0
TEXT
  5
60
330
2
100
AcDbEntity
  8
N50000
100
AcDbText
 10
163749.99
 20
608421.9
 30
0.0
 40
1528.44
  1
38815
 50
358.77
  7
GHS
100
AcDbText
  0
LWPOLYLINE
  5
61
330
2
100
AcDbEntity
  8
G50
  6
Continuous
100
AcDbPolyline
 90
       40
 70
     1
 43
0.0
 10
156083.63
 20
600117.97
 10
158279.45
 20
600106.47
 10
160475.3
 20
600095.5600000001
 10
162671.13
 20
600085.25
 10
164866.95
 20
600075.5
 10
167062.77
 20
600066.37
 10
169258.59
 20
600057.8100000001
 10
171454.41
 20
600049.8400000001
 10
173650.23
 20
600042.4699999999
 10
175846.05
 20
600035.6899999999
 10
178041.88
 20
600029.5000000001
 10
178034.42
 20
597254.59
 10
178026.97
 20
594479.69
 10
178019.52
 20
591704.78
 10
178012.08
 20
588929.9099999999
 10
178004.66
 20
586155.0600000001
 10
177997.22
 20
583380.19
 10
177989.8
 20
580605.3400000001
 10
177982.38
 20
577830.53
 10
177974.95
 20
575055.72
 10
177967.53
 20
572280.9099999999
 10
175764.28
 20
572287.0900000001
 10
173561.03
 20
572293.8400000001
 10
171357.78
 20
572301.1899999999
 10
169154.52
 20
572309.16
 10
166951.27
 20
572317.69
 10
164748.02
 20
572326.8100000001
 10
162544.75
 20
572336.5300000001
 10
160341.48
 20
572346.8100000001
 10
158138.23
 20
572357.72
 10
155934.95
 20
572369.19
 10
155949.8
 20
575144.0
 10
155964.63
 20
577918.8400000001
 10
155979.47
 20
580693.69
 10
155994.33
 20
583468.5600000001
 10
156009.19
 20
586243.44
 10
156024.06
 20
589018.3100000001
 10
156038.94
 20
591793.22
 10
156053.83
 20
594568.12
 10
156068.73
 20
597343.03
  0
TEXT
  5
62
330
2
100
AcDbEntity
  8
T50000
100
AcDbText
 10
162732.6609518792
 20
611894.3262172601
 30
0.0
 40
4000.0
  1
속초
 50
358.77
  7
GHS
 72
     4
 11
167357.87
 21
613795.48
 31
0.0
100
AcDbText
  0
LWPOLYLINE
  5
63
330
2
100
AcDbEntity
  8
G50
  6
Continuous
100
AcDbPolyline
 90
       40
 70
     1
 43
0.0
 10
156233.14
 20
627867.94
 10
158421.5
 20
627856.44
 10
160609.84
 20
627845.5000000001
 10
162798.2
 20
627835.12
 10
164986.55
 20
627825.37
 10
167174.91
 20
627816.19
 10
169363.25
 20
627807.62
 10
171551.59
 20
627799.6899999999
 10
173739.94
 20
627792.25
 10
175928.28
 20
627785.5
 10
178116.63
 20
627779.25
 10
178109.13
 20
625004.25
 10
178101.64
 20
622229.22
 10
178094.16
 20
619454.22
 10
178086.67
 20
616679.2199999999
 10
178079.19
 20
613904.22
 10
178071.72
 20
611129.2500000001
 10
178064.25
 20
608354.31
 10
178056.78
 20
605579.3400000001
 10
178049.31
 20
602804.4099999999
 10
178041.88
 20
600029.5000000001
 10
175846.05
 20
600035.6899999999
 10
173650.23
 20
600042.4699999999
 10
171454.41
 20
600049.8400000001
 10
169258.59
 20
600057.8100000001
 10
167062.77
 20
600066.37
 10
164866.95
 20
600075.5
 10
162671.13
 20
600085.25
 10
160475.3
 20
600095.5600000001
 10
158279.45
 20
600106.47
 10
156083.63
 20
600117.97
 10
156098.55
 20
602892.9099999999
 10
156113.47
 20
605667.87
 10
156128.41
 20
608442.8400000001
 10
156143.34
 20
611217.8100000001
 10
156158.28
 20
613992.8100000001
 10
156173.23
 20
616767.81
 10
156188.2
 20
619542.84
 10
156203.17
 20
622317.8400000001
 10
156218.16
 20
625092.87
  0
TEXT
  5
64
330
2
100
AcDbEntity
  8
N50000
100
AcDbText
 10
142090.25
 20
636318.4100000001
 30
0.0
 40
1528.44
  1
38810
 50
358.76
  7
GHS
100
AcDbText
  0
TEXT
  5
65
330
2
100
AcDbEntity
  8
T50000
100
AcDbText
 10
141073.5692083959
 20
639791.723497477
 30
0.0
 40
4000.0
  1
간성
 50
358.76
  7
GHS
 72
     4
 11
145699.11
 21
641692.07
 31
0.0
100
AcDbText
  0
TEXT
  5
66
330
2
100
AcDbEntity
  8
N50000
100
AcDbText
 10
120282.19
 20
636523.9300000001
 30
0.0
 40
1528.44
  1
38809
 50
358.76
  7
GHS
100
AcDbText
  0
TEXT
  5
67
330
2
100
AcDbEntity
  8
T50000
100
AcDbText
 10
119099.2115718512
 20
640001.3602296957
 30
0.0
 40
4000.0
  1
서화
 50
358.76
  7
GHS
 72
     4
 11
123891.38
 21
641898.0999999999
 31
0.0
100
AcDbText
  0
TEXT
  5
68
330
2
100
AcDbEntity
  8
N50000
100
AcDbText
 10
141867.04
 20
608567.8900000001
 30
0.0
 40
1528.44
  1
38814
 50
358.77
  7
GHS
100
AcDbText
  0
TEXT
  5
69
330
2
100
AcDbEntity
  8
N50000
100
AcDbText
 10
141645.09
 20
580818.49
 30
0.0
 40
1528.44
  1
37802
 50
358.77
  7
GHS
100
AcDbText
  0
TEXT
  5
6A
330
2
100
AcDbEntity
  8
T50000
100
AcDbText
 10
140627.4409518792
 20
584291.8562172601
 30
0.0
 40
4000.0
  1
현리
 50
358.77
  7
GHS
 72
     4
 11
145252.65
 21
586193.0100000001
 31
0.0
100
AcDbText
  0
TEXT
  5
6B
330
2
100
AcDbEntity
  8
N50000
100
AcDbText
 10
119983.79
 20
608772.9299999999
 30
0.0
 40
1528.44
  1
38813
 50
358.77
  7
GHS
100
AcDbText
  0
TEXT
  5
6C
330
2
100
AcDbEntity
  8
N50000
100
AcDbText
 10
119687.07
 20
581023.13
 30
0.0
 40
1528.44
  1
37801
 50
358.77
  7
GHS
100
AcDbText
  0
TEXT
  5
6D
330
2
100
AcDbEntity
  8
T50000
100
AcDbText
 10
118503.1426883788
 20
584500.5938674152
 30
0.0
 40
4000.0
  1
어론
 50
358.77
  7
GHS
 72
     4
 11
123294.98
 21
586398.17
 31
0.0
100
AcDbText
  0
TEXT
  5
6E
330
2
100
AcDbEntity
  8
T50000
100
AcDbText
 10
118842.1597542539
 20
612249.0594548764
 30
0.0
 40
4000.0
  1
인제
 50
358.77
  7
GHS
 72
     4
 11
123592.34
 21
614147.53
 31
0.0
100
AcDbText
  0
TEXT
  5
6F
330
2
100
AcDbEntity
  8
T50000
100
AcDbText
 10
140683.4226883789
 20
612044.4038674151
 30
0.0
 40
4000.0
  1
설악
 50
358.77
  7
GHS
 72
     4
 11
145475.26
 21
613941.98
 31
0.0
100
AcDbText
  0
LWPOLYLINE
  5
70
330
2
100
AcDbEntity
  8
G50
  6
Continuous
100
AcDbPolyline
 90
       40
 70
     1
 43
0.0
 10
134575.0
 20
655767.1899999999
 10
136755.86
 20
655749.69
 10
138936.72
 20
655732.8100000001
 10
141117.56
 20
655716.5000000001
 10
143298.44
 20
655700.81
 10
145479.28
 20
655685.7500000001
 10
147660.13
 20
655671.1899999999
 10
149840.97
 20
655657.3100000001
 10
152021.81
 20
655643.9399999999
 10
154202.66
 20
655631.25
 10
156383.48
 20
655619.06
 10
156368.42
 20
652843.9399999999
 10
156353.34
 20
650068.7500000001
 10
156338.3
 20
647293.6200000001
 10
156323.25
 20
644518.5000000001
 10
156308.2
 20
641743.3700000001
 10
156293.19
 20
638968.25
 10
156278.16
 20
636193.19
 10
156263.16
 20
633418.06
 10
156248.14
 20
630643.0
 10
156233.14
 20
627867.94
 10
154044.8
 20
627880.0600000001
 10
151856.44
 20
627892.75
 10
149668.06
 20
627906.0600000001
 10
147479.7
 20
627919.9399999999
 10
145291.34
 20
627934.44
 10
143102.97
 20
627949.5
 10
140914.59
 20
627965.19
 10
138726.23
 20
627981.44
 10
136537.84
 20
627998.3100000001
 10
134349.47
 20
628015.75
 10
134371.97
 20
630790.8100000001
 10
134394.48
 20
633565.9399999999
 10
134417.0
 20
636341.0600000001
 10
134439.53
 20
639116.19
 10
134462.08
 20
641891.3100000001
 10
134484.64
 20
644666.44
 10
134507.2
 20
647441.62
 10
134529.8
 20
650216.8100000002
 10
134552.39
 20
652992.0
  0
LWPOLYLINE
  5
71
330
2
100
AcDbEntity
  8
G50
  6
Continuous
100
AcDbPolyline
 90
       40
 70
     1
 43
0.0
 10
134125.19
 20
600265.4399999999
 10
136321.05
 20
600248.0600000001
 10
138516.91
 20
600231.25
 10
140712.75
 20
600215.0
 10
142908.59
 20
600199.37
 10
145104.45
 20
600184.3400000002
 10
147300.3
 20
600169.87
 10
149496.13
 20
600156.0300000001
 10
151691.97
 20
600142.7500000001
 10
153887.8
 20
600130.0600000001
 10
156083.63
 20
600117.97
 10
156068.73
 20
597343.03
 10
156053.83
 20
594568.12
 10
156038.94
 20
591793.22
 10
156024.06
 20
589018.3100000001
 10
156009.19
 20
586243.44
 10
155994.33
 20
583468.5600000001
 10
155979.47
 20
580693.69
 10
155964.63
 20
577918.8400000001
 10
155949.8
 20
575144.0
 10
155934.95
 20
572369.19
 10
153731.69
 20
572381.2500000001
 10
151528.42
 20
572393.9099999999
 10
149325.16
 20
572407.1599999999
 10
147121.88
 20
572420.97
 10
144918.59
 20
572435.4099999999
 10
142715.31
 20
572450.4099999999
 10
140512.05
 20
572466.0
 10
138308.77
 20
572482.19
 10
136105.47
 20
572498.97
 10
133902.19
 20
572516.3400000001
 10
133924.42
 20
575291.1899999999
 10
133946.69
 20
578066.06
 10
133968.95
 20
580840.94
 10
133991.23
 20
583615.8400000001
 10
134013.53
 20
586390.75
 10
134035.84
 20
589165.66
 10
134058.16
 20
591940.59
 10
134080.48
 20
594715.5300000001
 10
134102.84
 20
597490.5
  0
LWPOLYLINE
  5
72
330
2
100
AcDbEntity
  8
G50
  6
Continuous
100
AcDbPolyline
 90
       40
 70
     1
 43
0.0
 10
134349.47
 20
628015.75
 10
136537.84
 20
627998.3100000001
 10
138726.23
 20
627981.44
 10
140914.59
 20
627965.19
 10
143102.97
 20
627949.5
 10
145291.34
 20
627934.44
 10
147479.7
 20
627919.9399999999
 10
149668.06
 20
627906.0600000001
 10
151856.44
 20
627892.75
 10
154044.8
 20
627880.0600000001
 10
156233.14
 20
627867.94
 10
156218.16
 20
625092.87
 10
156203.17
 20
622317.8400000001
 10
156188.2
 20
619542.84
 10
156173.23
 20
616767.81
 10
156158.28
 20
613992.8100000001
 10
156143.34
 20
611217.8100000001
 10
156128.41
 20
608442.8400000001
 10
156113.47
 20
605667.87
 10
156098.55
 20
602892.9099999999
 10
156083.63
 20
600117.97
 10
153887.8
 20
600130.0600000001
 10
151691.97
 20
600142.7500000001
 10
149496.13
 20
600156.0300000001
 10
147300.3
 20
600169.87
 10
145104.45
 20
600184.3400000002
 10
142908.59
 20
600199.37
 10
140712.75
 20
600215.0
 10
138516.91
 20
600231.25
 10
136321.05
 20
600248.0600000001
 10
134125.19
 20
600265.4399999999
 10
134147.56
 20
603040.44
 10
134169.95
 20
605815.4099999999
 10
134192.34
 20
608590.41
 10
134214.75
 20
611365.4099999999
 10
134237.19
 20
614140.4399999999
 10
134259.61
 20
616915.4699999999
 10
134282.06
 20
619690.53
 10
134304.52
 20
622465.5900000001
 10
134326.98
 20
625240.62
  0
TEXT
  5
73
330
2
100
AcDbEntity
  8
N50000
100
AcDbText
 10
142314.72
 20
664070.13
 30
0.0
 40
1528.44
  1
38806
 50
358.75
  7
GHS
100
AcDbText
  0
LWPOLYLINE
  5
74
330
2
100
AcDbEntity
  8
G50
  6
Continuous
100
AcDbPolyline
 90
       40
 70
     1
 43
0.0
 10
134801.78
 20
683519.8100000001
 10
136975.08
 20
683502.25
 10
139148.38
 20
683485.37
 10
141321.67
 20
683469.06
 10
143494.95
 20
683453.3100000001
 10
145668.25
 20
683438.19
 10
147841.55
 20
683423.6200000001
 10
150014.83
 20
683409.69
 10
152188.11
 20
683396.3100000001
 10
154361.39
 20
683383.56
 10
156534.67
 20
683371.37
 10
156519.52
 20
680596.12
 10
156504.38
 20
677820.81
 10
156489.23
 20
675045.5600000001
 10
156474.09
 20
672270.3100000001
 10
156458.98
 20
669495.0600000002
 10
156443.86
 20
666719.87
 10
156428.77
 20
663944.62
 10
156413.66
 20
661169.4400000001
 10
156398.56
 20
658394.25
 10
156383.48
 20
655619.06
 10
154202.66
 20
655631.25
 10
152021.81
 20
655643.9399999999
 10
149840.97
 20
655657.3100000001
 10
147660.13
 20
655671.1899999999
 10
145479.28
 20
655685.7500000001
 10
143298.44
 20
655700.81
 10
141117.56
 20
655716.5000000001
 10
138936.72
 20
655732.8100000001
 10
136755.86
 20
655749.69
 10
134575.0
 20
655767.1899999999
 10
134597.63
 20
658542.3699999999
 10
134620.27
 20
661317.6200000001
 10
134642.91
 20
664092.81
 10
134665.56
 20
666868.06
 10
134688.23
 20
669643.3100000001
 10
134710.92
 20
672418.62
 10
134733.63
 20
675193.8700000001
 10
134756.31
 20
677969.19
 10
134779.05
 20
680744.5
  0
TEXT
  5
75
330
2
100
AcDbEntity
  8
N50000
100
AcDbText
 10
98473.74
 20
636788.71
 30
0.0
 40
1528.44
  1
38712
 50
358.76
  7
GHS
100
AcDbText
  0
TEXT
  5
76
330
2
100
AcDbEntity
  8
T50000
100
AcDbText
 10
97207.79775357883
 20
640268.4535958051
 30
0.0
 40
4000.0
  1
방산
 50
358.76
  7
GHS
 72
     4
 11
102083.28
 21
642163.39
 31
0.0
100
AcDbText
  0
LWPOLYLINE
  5
77
330
2
100
AcDbEntity
  8
G50
  6
Continuous
100
AcDbPolyline
 90
       40
 70
     1
 43
0.0
 10
90957.08
 20
656241.1400000001
 10
93138.00999999999
 20
656211.8100000001
 10
95318.94000000001
 20
656183.08
 10
97499.87
 20
656154.9300000002
 10
99680.78999999999
 20
656127.3800000001
 10
101861.71
 20
656100.43
 10
104042.61
 20
656074.0600000001
 10
106223.53
 20
656048.2900000001
 10
108404.43
 20
656023.11
 10
110585.33
 20
655998.5300000001
 10
112766.22
 20
655974.53
 10
112736.08
 20
653199.29
 10
112705.95
 20
650424.0600000001
 10
112675.84
 20
647648.8500000001
 10
112645.73
 20
644873.64
 10
112615.65
 20
642098.45
 10
112585.59
 20
639323.2700000001
 10
112555.55
 20
636548.09
 10
112525.52
 20
633772.94
 10
112495.5
 20
630997.79
 10
112465.5
 20
628222.6500000001
 10
110277.09
 20
628246.6
 10
108088.67
 20
628271.13
 10
105900.24
 20
628296.2600000001
 10
103711.81
 20
628321.98
 10
101523.37
 20
628348.29
 10
99334.94000000001
 20
628375.1999999999
 10
97146.49000000001
 20
628402.6800000001
 10
94958.05
 20
628430.7700000001
 10
92769.58999999999
 20
628459.4399999999
 10
90581.13999999999
 20
628488.71
 10
90618.63999999999
 20
631263.9100000001
 10
90656.16
 20
634039.11
 10
90693.69999999999
 20
636814.32
 10
90731.27000000001
 20
639589.54
 10
90768.85
 20
642364.7800000001
 10
90806.45
 20
645140.03
 10
90844.07999999999
 20
647915.2900000001
 10
90881.72999999999
 20
650690.56
 10
90919.38999999999
 20
653465.8399999999
  0
TEXT
  5
78
330
2
100
AcDbEntity
  8
N50000
100
AcDbText
 10
97728.63
 20
581286.77
 30
0.0
 40
1528.44
  1
37704
 50
358.77
  7
GHS
100
AcDbText
  0
TEXT
  5
79
330
2
100
AcDbEntity
  8
T50000
100
AcDbText
 10
96711.67095187922
 20
584761.1562172602
 30
0.0
 40
4000.0
  1
내평
 50
358.77
  7
GHS
 72
     4
 11
101336.88
 21
586662.3100000001
 31
0.0
100
AcDbText
  0
TEXT
  5
7A
330
2
100
AcDbEntity
  8
N50000
100
AcDbText
 10
98100.14
 20
609037.1699999999
 30
0.0
 40
1528.44
  1
38716
 50
358.77
  7
GHS
100
AcDbText
  0
LWPOLYLINE
  5
7B
330
2
100
AcDbEntity
  8
G50
  6
Continuous
100
AcDbPolyline
 90
       40
 70
     1
 43
0.0
 10
90207.3
 20
600737.4099999999
 10
92403.23
 20
600708.21
 10
94599.17
 20
600679.6
 10
96795.08999999999
 20
600651.5700000001
 10
98991.00999999999
 20
600624.14
 10
101186.93
 20
600597.29
 10
103382.84
 20
600571.0400000001
 10
105578.75
 20
600545.38
 10
107774.65
 20
600520.3000000001
 10
109970.55
 20
600495.82
 10
112166.45
 20
600471.9299999999
 10
112136.63
 20
597696.9199999999
 10
112106.84
 20
594921.9199999999
 10
112077.06
 20
592146.93
 10
112047.29
 20
589371.96
 10
112017.55
 20
586596.99
 10
111987.82
 20
583822.04
 10
111958.11
 20
581047.0999999999
 10
111928.42
 20
578272.1699999999
 10
111898.73
 20
575497.25
 10
111869.08
 20
572722.35
 10
109665.74
 20
572746.1899999999
 10
107462.41
 20
572770.61
 10
105259.07
 20
572795.63
 10
103055.72
 20
572821.24
 10
100852.37
 20
572847.43
 10
98649.00999999999
 20
572874.22
 10
96445.66000000001
 20
572901.5900000001
 10
94242.30000000001
 20
572929.55
 10
92038.91999999999
 20
572958.1
 10
89835.53999999999
 20
572987.24
 10
89872.63
 20
575762.2099999999
 10
89909.73
 20
578537.19
 10
89946.85
 20
581312.18
 10
89984.0
 20
584087.1799999999
 10
90021.16
 20
586862.1899999999
 10
90058.34
 20
589637.21
 10
90095.55
 20
592412.24
 10
90132.77999999999
 20
595187.2900000001
 10
90170.02000000001
 20
597962.35
  0
TEXT
  5
7C
330
2
100
AcDbEntity
  8
T50000
100
AcDbText
 10
96918.08710091763
 20
612556.3609332903
 30
0.0
 40
4000.0
  1
양구
 50
358.77
  7
GHS
 72
     4
 11
101709.03
 21
614412.28
 31
0.0
100
AcDbText
  0
LWPOLYLINE
  5
7D
330
2
100
AcDbEntity
  8
G50
  6
Continuous
100
AcDbPolyline
 90
       40
 70
     1
 43
0.0
 10
90581.13999999999
 20
628488.71
 10
92769.58999999999
 20
628459.4399999999
 10
94958.05
 20
628430.7700000001
 10
97146.49000000001
 20
628402.6800000001
 10
99334.94000000001
 20
628375.1999999999
 10
101523.37
 20
628348.29
 10
103711.81
 20
628321.98
 10
105900.24
 20
628296.2600000001
 10
108088.67
 20
628271.13
 10
110277.09
 20
628246.6
 10
112465.5
 20
628222.6500000001
 10
112435.52
 20
625447.5300000001
 10
112405.55
 20
622672.4199999999
 10
112375.61
 20
619897.31
 10
112345.68
 20
617122.2199999999
 10
112315.76
 20
614347.15
 10
112285.87
 20
611572.0800000001
 10
112255.99
 20
608797.02
 10
112226.12
 20
606021.98
 10
112196.28
 20
603246.95
 10
112166.45
 20
600471.9299999999
 10
109970.55
 20
600495.82
 10
107774.65
 20
600520.3000000001
 10
105578.75
 20
600545.38
 10
103382.84
 20
600571.0400000001
 10
101186.93
 20
600597.29
 10
98991.00999999999
 20
600624.14
 10
96795.08999999999
 20
600651.5700000001
 10
94599.17
 20
600679.6
 10
92403.23
 20
600708.21
 10
90207.3
 20
600737.4099999999
 10
90244.58
 20
603512.5
 10
90281.89000000001
 20
606287.5800000001
 10
90319.21999999999
 20
609062.6799999999
 10
90356.59
 20
611837.7900000001
 10
90393.95
 20
614612.93
 10
90431.35000000001
 20
617388.0600000001
 10
90468.75999999999
 20
620163.21
 10
90506.21000000001
 20
622938.36
 10
90543.65999999999
 20
625713.5300000001
  0
TEXT
  5
7E
330
2
100
AcDbEntity
  8
T50000
100
AcDbText
 10
53590.04775357881
 20
640976.853595805
 30
0.0
 40
4000.0
  1
김화
 50
358.76
  7
GHS
 72
     4
 11
58465.53
 21
642871.7900000001
 31
0.0
100
AcDbText
  0
TEXT
  5
7F
330
2
100
AcDbEntity
  8
N50000
100
AcDbText
 10
54855.3
 20
637496.11
 30
0.0
 40
1528.44
  1
38710
 50
358.76
  7
GHS
100
AcDbText
  0
TEXT
  5
80
330
2
100
AcDbEntity
  8
N50000
100
AcDbText
 10
75769.66999999999
 20
581609.4299999999
 30
0.0
 40
1528.44
  1
37703
 50
358.77
  7
GHS
100
AcDbText
  0
TEXT
  5
81
330
2
100
AcDbEntity
  8
N50000
100
AcDbText
 10
54331.22
 20
609743.0800000001
 30
0.0
 40
1528.44
  1
38714
 50
358.77
  7
GHS
100
AcDbText
  0
TEXT
  5
82
330
2
100
AcDbEntity
  8
N50000
100
AcDbText
 10
53810.08
 20
581991.1199999999
 30
0.0
 40
1528.44
  1
37702
 50
358.77
  7
GHS
100
AcDbText
  0
TEXT
  5
83
330
2
100
AcDbEntity
  8
T50000
100
AcDbText
 10
52627.18268837885
 20
585470.1038674151
 30
0.0
 40
4000.0
  1
일동
 50
358.77
  7
GHS
 72
     4
 11
57419.01999999999
 21
587367.68
 31
0.0
100
AcDbText
  0
TEXT
  5
84
330
2
100
AcDbEntity
  8
T50000
100
AcDbText
 10
53065.65855662867
 20
613223.4126924927
 30
0.0
 40
4000.0
  1
갈말
 50
358.77
  7
GHS
 72
     4
 11
57940.81
 21
615119.1999999999
 31
0.0
100
AcDbText
  0
TEXT
  5
85
330
2
100
AcDbEntity
  8
T50000
100
AcDbText
 10
74917.89039030202
 20
584997.4344353549
 30
0.0
 40
4000.0
  1
춘천
 50
358.77
  7
GHS
 72
     4
 11
79378.26
 21
586985.48
 31
0.0
100
AcDbText
  0
TEXT
  5
86
330
2
100
AcDbEntity
  8
N50000
100
AcDbText
 10
76664.81
 20
637112.77
 30
0.0
 40
1528.44
  1
38711
 50
358.76
  7
GHS
100
AcDbText
  0
TEXT
  5
87
330
2
100
AcDbEntity
  8
T50000
100
AcDbText
 10
75815.77684494063
 20
640583.9867652584
 30
0.0
 40
4000.0
  1
금성
 50
358.76
  7
GHS
 72
     4
 11
80274.68999999999
 21
642487.94
 31
0.0
100
AcDbText
  0
TEXT
  5
88
330
2
100
AcDbEntity
  8
N50000
100
AcDbText
 10
76215.97999999999
 20
609360.5400000001
 30
0.0
 40
1528.44
  1
38715
 50
358.77
  7
GHS
100
AcDbText
  0
TEXT
  5
89
330
2
100
AcDbEntity
  8
T50000
100
AcDbText
 10
75283.3250836294
 20
612833.2173921824
 30
0.0
 40
4000.0
  1
화천
 50
358.77
  7
GHS
 72
     4
 11
79825.22
 21
614736.1599999999
 31
0.0
100
AcDbText
  0
LWPOLYLINE
  5
8A
330
2
100
AcDbEntity
  8
G50
  6
Continuous
100
AcDbPolyline
 90
       40
 70
     1
 43
0.0
 10
69147.44999999999
 20
656567.0200000001
 10
71328.44
 20
656531.77
 10
73509.41999999999
 20
656497.0999999999
 10
75690.39
 20
656463.0300000001
 10
77871.36999999999
 20
656429.5500000001
 10
80052.32000000001
 20
656396.67
 10
82233.28
 20
656364.38
 10
84414.24000000001
 20
656332.6800000002
 10
86595.19000000001
 20
656301.57
 10
88776.14000000001
 20
656271.0500000001
 10
90957.08
 20
656241.1400000001
 10
90919.38999999999
 20
653465.8399999999
 10
90881.72999999999
 20
650690.56
 10
90844.07999999999
 20
647915.2900000001
 10
90806.45
 20
645140.03
 10
90768.85
 20
642364.7800000001
 10
90731.27000000001
 20
639589.54
 10
90693.69999999999
 20
636814.32
 10
90656.16
 20
634039.11
 10
90618.63999999999
 20
631263.9100000001
 10
90581.13999999999
 20
628488.71
 10
88392.68
 20
628518.5699999999
 10
86204.21
 20
628549.02
 10
84015.74
 20
628580.07
 10
81827.26
 20
628611.7
 10
79638.78
 20
628643.9300000001
 10
77450.3
 20
628676.74
 10
75261.8
 20
628710.1500000001
 10
73073.3
 20
628744.15
 10
70884.78999999999
 20
628778.74
 10
68696.28999999999
 20
628813.92
 10
68741.28999999999
 20
631589.1800000001
 10
68786.32000000001
 20
634364.4499999999
 10
68831.36999999999
 20
637139.74
 10
68876.45
 20
639915.0300000001
 10
68921.55999999999
 20
642690.3299999999
 10
68966.69
 20
645465.65
 10
69011.83999999999
 20
648240.98
 10
69057.02
 20
651016.3100000001
 10
69102.22
 20
653791.6600000001
  0
LWPOLYLINE
  5
8B
330
2
100
AcDbEntity
  8
G50
  6
Continuous
100
AcDbPolyline
 90
       40
 70
     1
 43
0.0
 10
68247.63
 20
601061.93
 10
70443.61999999999
 20
601026.8200000001
 10
72639.6
 20
600992.3
 10
74835.58999999999
 20
600958.37
 10
77031.55999999999
 20
600925.04
 10
79227.53
 20
600892.29
 10
81423.5
 20
600860.14
 10
83619.46000000001
 20
600828.5700000001
 10
85815.41000000001
 20
600797.6
 10
88011.35
 20
600767.21
 10
90207.3
 20
600737.4099999999
 10
90170.02000000001
 20
597962.35
 10
90132.77999999999
 20
595187.2900000001
 10
90095.55
 20
592412.24
 10
90058.34
 20
589637.21
 10
90021.16
 20
586862.1899999999
 10
89984.0
 20
584087.1799999999
 10
89946.85
 20
581312.18
 10
89909.73
 20
578537.19
 10
89872.63
 20
575762.2099999999
 10
89835.53999999999
 20
572987.24
 10
87632.15999999999
 20
573016.98
 10
85428.77999999999
 20
573047.2900000001
 10
83225.39
 20
573078.2
 10
81022.0
 20
573109.69
 10
78818.59
 20
573141.78
 10
76615.18
 20
573174.45
 10
74411.77
 20
573207.7199999999
 10
72208.35000000001
 20
573241.5600000001
 10
70004.92999999999
 20
573276.01
 10
67801.49
 20
573311.03
 10
67845.99
 20
576086.0700000001
 10
67890.50999999999
 20
578861.13
 10
67935.07
 20
581636.19
 10
67979.64
 20
584411.26
 10
68024.25
 20
587186.3400000001
 10
68068.86999999999
 20
589961.4399999999
 10
68113.53
 20
592736.55
 10
68158.2
 20
595511.66
 10
68202.89999999999
 20
598286.7900000001
  0
LWPOLYLINE
  5
8C
330
2
100
AcDbEntity
  8
G50
  6
Continuous
100
AcDbPolyline
 90
       40
 70
     1
 43
0.0
 10
68696.28999999999
 20
628813.92
 10
70884.78999999999
 20
628778.74
 10
73073.3
 20
628744.15
 10
75261.8
 20
628710.1500000001
 10
77450.3
 20
628676.74
 10
79638.78
 20
628643.9300000001
 10
81827.26
 20
628611.7
 10
84015.74
 20
628580.07
 10
86204.21
 20
628549.02
 10
88392.68
 20
628518.5699999999
 10
90581.13999999999
 20
628488.71
 10
90543.65999999999
 20
625713.5300000001
 10
90506.21000000001
 20
622938.36
 10
90468.75999999999
 20
620163.21
 10
90431.35000000001
 20
617388.0600000001
 10
90393.95
 20
614612.93
 10
90356.59
 20
611837.7900000001
 10
90319.21999999999
 20
609062.6799999999
 10
90281.89000000001
 20
606287.5800000001
 10
90244.58
 20
603512.5
 10
90207.3
 20
600737.4099999999
 10
88011.35
 20
600767.21
 10
85815.41000000001
 20
600797.6
 10
83619.46000000001
 20
600828.5700000001
 10
81423.5
 20
600860.14
 10
79227.53
 20
600892.29
 10
77031.55999999999
 20
600925.04
 10
74835.58999999999
 20
600958.37
 10
72639.6
 20
600992.3
 10
70443.61999999999
 20
601026.8200000001
 10
68247.63
 20
601061.93
 10
68292.38000000001
 20
603837.0800000001
 10
68337.16
 20
606612.2299999999
 10
68381.96
 20
609387.4099999999
 10
68426.78999999999
 20
612162.5900000001
 10
68471.64999999999
 20
614937.7900000001
 10
68516.52
 20
617712.99
 10
68561.42999999999
 20
620488.2099999999
 10
68606.36
 20
623263.4299999999
 10
68651.3
 20
626038.6700000001
  0
LWPOLYLINE
  5
8D
330
2
100
AcDbEntity
  8
G50
  6
Continuous
100
AcDbPolyline
 90
       40
 70
     1
 43
0.0
 10
112166.45
 20
600471.9399999999
 10
114362.34
 20
600448.62
 10
116558.23
 20
600425.9099999999
 10
118754.11
 20
600403.78
 10
120949.99
 20
600382.25
 10
123145.87
 20
600361.3100000001
 10
125341.74
 20
600340.97
 10
127537.61
 20
600321.19
 10
129733.47
 20
600302.0300000001
 10
131929.34
 20
600283.44
 10
134125.19
 20
600265.4399999999
 10
134102.84
 20
597490.5
 10
134080.48
 20
594715.5300000001
 10
134058.16
 20
591940.59
 10
134035.84
 20
589165.66
 10
134013.53
 20
586390.75
 10
133991.23
 20
583615.8400000001
 10
133968.95
 20
580840.94
 10
133946.69
 20
578066.06
 10
133924.42
 20
575291.1899999999
 10
133902.19
 20
572516.3400000001
 10
131698.88
 20
572534.28
 10
129495.58
 20
572552.8100000001
 10
127292.28
 20
572571.94
 10
125088.98
 20
572591.6599999999
 10
122885.67
 20
572611.97
 10
120682.36
 20
572632.87
 10
118479.04
 20
572654.37
 10
116275.72
 20
572676.44
 10
114072.4
 20
572699.0900000001
 10
111869.07
 20
572722.3400000001
 10
111898.74
 20
575497.25
 10
111928.41
 20
578272.1599999999
 10
111958.11
 20
581047.0900000002
 10
111987.82
 20
583822.03
 10
112017.55
 20
586597.0
 10
112047.3
 20
589371.97
 10
112077.06
 20
592146.9399999999
 10
112106.84
 20
594921.9099999999
 10
112136.64
 20
597696.9099999999
  0
LWPOLYLINE
  5
8E
330
2
100
AcDbEntity
  8
G50
  6
Continuous
100
AcDbPolyline
 90
       40
 70
     1
 43
0.0
 10
112465.5
 20
628222.62
 10
114653.91
 20
628199.3100000001
 10
116842.32
 20
628176.56
 10
119030.73
 20
628154.37
 10
121219.13
 20
628132.8100000001
 10
123407.53
 20
628111.8100000001
 10
125595.92
 20
628091.44
 10
127784.32
 20
628071.62
 10
129972.7
 20
628052.37
 10
132161.09
 20
628033.75
 10
134349.47
 20
628015.75
 10
134326.98
 20
625240.62
 10
134304.52
 20
622465.5900000001
 10
134282.06
 20
619690.53
 10
134259.61
 20
616915.4699999999
 10
134237.19
 20
614140.4399999999
 10
134214.75
 20
611365.4099999999
 10
134192.34
 20
608590.41
 10
134169.95
 20
605815.4099999999
 10
134147.56
 20
603040.44
 10
134125.19
 20
600265.4399999999
 10
131929.34
 20
600283.44
 10
129733.47
 20
600302.0300000001
 10
127537.61
 20
600321.19
 10
125341.74
 20
600340.97
 10
123145.87
 20
600361.3100000001
 10
120949.99
 20
600382.25
 10
118754.11
 20
600403.78
 10
116558.23
 20
600425.9099999999
 10
114362.34
 20
600448.62
 10
112166.45
 20
600471.9399999999
 10
112196.28
 20
603246.94
 10
112226.13
 20
606021.97
 10
112255.99
 20
608797.0300000001
 10
112285.87
 20
611572.0900000001
 10
112315.77
 20
614347.1599999999
 10
112345.68
 20
617122.2199999999
 10
112375.61
 20
619897.31
 10
112405.56
 20
622672.4099999999
 10
112435.52
 20
625447.5
  0
LWPOLYLINE
  5
8F
330
2
100
AcDbEntity
  8
G50
  6
Continuous
100
AcDbPolyline
 90
       40
 70
     1
 43
0.0
 10
112766.23
 20
655974.5000000001
 10
114947.12
 20
655951.12
 10
117128.01
 20
655928.31
 10
119308.89
 20
655906.1200000001
 10
121489.78
 20
655884.5000000001
 10
123670.65
 20
655863.4399999999
 10
125851.53
 20
655843.0
 10
128032.4
 20
655823.19
 10
130213.27
 20
655803.94
 10
132394.14
 20
655785.25
 10
134575.0
 20
655767.1899999999
 10
134552.39
 20
652992.0
 10
134529.8
 20
650216.8100000002
 10
134507.2
 20
647441.62
 10
134484.64
 20
644666.44
 10
134462.08
 20
641891.3100000001
 10
134439.53
 20
639116.19
 10
134417.0
 20
636341.0600000001
 10
134394.48
 20
633565.9399999999
 10
134371.97
 20
630790.8100000001
 10
134349.47
 20
628015.75
 10
132161.09
 20
628033.75
 10
129972.7
 20
628052.37
 10
127784.32
 20
628071.62
 10
125595.92
 20
628091.44
 10
123407.53
 20
628111.8100000001
 10
121219.13
 20
628132.8100000001
 10
119030.73
 20
628154.37
 10
116842.32
 20
628176.56
 10
114653.91
 20
628199.3100000001
 10
112465.5
 20
628222.62
 10
112495.5
 20
630997.8100000001
 10
112525.51
 20
633772.94
 10
112555.54
 20
636548.0600000001
 10
112585.59
 20
639323.25
 10
112615.66
 20
642098.44
 10
112645.74
 20
644873.62
 10
112675.83
 20
647648.87
 10
112705.95
 20
650424.0600000001
 10
112736.08
 20
653199.3100000001
  0
TEXT
  5
90
330
2
100
AcDbEntity
  8
N50000
100
AcDbText
 10
163310.96
 20
525178.3200000001
 30
0.0
 40
1528.44
  1
37811
 50
358.79
  7
GHS
100
AcDbText
  0
TEXT
  5
91
330
2
100
AcDbEntity
  8
T50000
100
AcDbText
 10
162292.3348615115
 20
528650.4118305881
 30
0.0
 40
4000.0
  1
정선
 50
358.79
  7
GHS
 72
     4
 11
166916.88
 21
530553.1799999999
 31
0.0
100
AcDbText
  0
TEXT
  5
92
330
2
100
AcDbEntity
  8
N50000
100
AcDbText
 10
163456.45
 20
552925.01
 30
0.0
 40
1528.44
  1
37807
 50
358.78
  7
GHS
100
AcDbText
  0
TEXT
  5
93
330
2
100
AcDbEntity
  8
T50000
100
AcDbText
 10
162353.9512515687
 20
556357.6060576018
 30
0.0
 40
4000.0
  1
도암
 50
358.78
  7
GHS
 72
     4
 11
167063.03
 21
558299.4499999999
 31
0.0
100
AcDbText
  0
TEXT
  5
94
330
2
100
AcDbEntity
  8
T50000
100
AcDbText
 10
161837.1895145562
 20
473205.7826559744
 30
0.0
 40
4000.0
  1
영주
 50
358.8
  7
GHS
 72
     4
 11
166627.16
 21
475064.21
 31
0.0
100
AcDbText
  0
TEXT
  5
95
330
2
100
AcDbEntity
  8
N50000
100
AcDbText
 10
163166.34
 20
497432.82
 30
0.0
 40
1528.44
  1
37815
 50
358.79
  7
GHS
100
AcDbText
  0
TEXT
  5
96
330
2
100
AcDbEntity
  8
T50000
100
AcDbText
 10
162147.0548615115
 20
500905.3418305882
 30
0.0
 40
4000.0
  1
예미
 50
358.79
  7
GHS
 72
     4
 11
166771.6
 21
502808.11
 31
0.0
100
AcDbText
  0
LWPOLYLINE
  5
97
330
2
100
AcDbEntity
  8
G50
  6
Continuous
100
AcDbPolyline
 90
       40
 70
     1
 43
0.0
 10
155640.16
 20
516875.12
 10
157858.16
 20
516863.69
 10
160076.16
 20
516852.84
 10
162294.16
 20
516842.59
 10
164512.16
 20
516832.9400000001
 10
166730.16
 20
516823.84
 10
168948.16
 20
516815.37
 10
171166.16
 20
516807.44
 10
173384.16
 20
516800.12
 10
175602.14
 20
516793.37
 10
177820.13
 20
516787.25
 10
177812.8
 20
514012.69
 10
177805.48
 20
511238.12
 10
177798.16
 20
508463.5900000001
 10
177790.84
 20
505689.06
 10
177783.55
 20
502914.56
 10
177776.23
 20
500140.06
 10
177768.94
 20
497365.56
 10
177761.64
 20
494591.0900000001
 10
177754.34
 20
491816.62
 10
177747.06
 20
489042.1599999999
 10
175521.77
 20
489048.31
 10
173296.45
 20
489055.0300000001
 10
171071.16
 20
489062.34
 10
168845.86
 20
489070.2199999999
 10
166620.56
 20
489078.6900000001
 10
164395.25
 20
489087.7500000001
 10
162169.94
 20
489097.3699999999
 10
159944.63
 20
489107.62
 10
157719.31
 20
489118.44
 10
155494.02
 20
489129.84
 10
155508.58
 20
491904.31
 10
155523.17
 20
494678.78
 10
155537.77
 20
497453.2800000001
 10
155552.36
 20
500227.81
 10
155566.97
 20
503002.3100000001
 10
155581.59
 20
505776.87
 10
155596.2
 20
508551.4100000001
 10
155610.84
 20
511325.97
 10
155625.48
 20
514100.53
  0
LWPOLYLINE
  5
98
330
2
100
AcDbEntity
  8
G50
  6
Continuous
100
AcDbPolyline
 90
       40
 70
     1
 43
0.0
 10
155787.13
 20
544621.5600000001
 10
157997.8
 20
544610.1200000001
 10
160208.44
 20
544599.25
 10
162419.09
 20
544588.97
 10
164629.75
 20
544579.28
 10
166840.41
 20
544570.1899999999
 10
169051.05
 20
544561.66
 10
171261.69
 20
544553.75
 10
173472.34
 20
544546.4099999999
 10
175682.98
 20
544539.6599999999
 10
177893.63
 20
544533.47
 10
177886.25
 20
541758.8100000001
 10
177878.89
 20
538984.12
 10
177871.53
 20
536209.5
 10
177864.17
 20
533434.8400000001
 10
177856.81
 20
530660.22
 10
177849.48
 20
527885.5900000001
 10
177842.13
 20
525111.0
 10
177834.8
 20
522336.41
 10
177827.45
 20
519561.81
 10
177820.13
 20
516787.25
 10
175602.14
 20
516793.37
 10
173384.16
 20
516800.12
 10
171166.16
 20
516807.44
 10
168948.16
 20
516815.37
 10
166730.16
 20
516823.84
 10
164512.16
 20
516832.9400000001
 10
162294.16
 20
516842.59
 10
160076.16
 20
516852.84
 10
157858.16
 20
516863.69
 10
155640.16
 20
516875.12
 10
155654.81
 20
519649.72
 10
155669.47
 20
522424.31
 10
155684.16
 20
525198.9399999999
 10
155698.84
 20
527973.5600000001
 10
155713.53
 20
530748.1899999999
 10
155728.23
 20
533522.8400000001
 10
155742.95
 20
536297.5
 10
155757.67
 20
539072.1899999999
 10
155772.39
 20
541846.87
  0
TEXT
  5
99
330
2
100
AcDbEntity
  8
N50000
100
AcDbText
 10
141424.42
 20
553070.3100000001
 30
0.0
 40
1528.44
  1
37806
 50
358.78
  7
GHS
100
AcDbText
  0
TEXT
  5
9A
330
2
100
AcDbEntity
  8
T50000
100
AcDbText
 10
140573.0917216346
 20
556539.7504269731
 30
0.0
 40
4000.0
  1
봉평
 50
358.78
  7
GHS
 72
     4
 11
145031.34
 21
558445.26
 31
0.0
100
AcDbText
  0
TEXT
  5
9B
330
2
100
AcDbEntity
  8
N50000
100
AcDbText
 10
141205.0
 20
525323.27
 30
0.0
 40
1528.44
  1
37810
 50
358.79
  7
GHS
100
AcDbText
  0
TEXT
  5
9C
330
2
100
AcDbEntity
  8
T50000
100
AcDbText
 10
140020.0853593273
 20
528799.4013162901
 30
0.0
 40
4000.0
  1
평창
 50
358.79
  7
GHS
 72
     4
 11
144811.26
 21
530698.65
 31
0.0
100
AcDbText
  0
TEXT
  5
9D
330
2
100
AcDbEntity
  8
N50000
100
AcDbText
 10
119392.04
 20
553274.46
 30
0.0
 40
1528.44
  1
37805
 50
358.78
  7
GHS
100
AcDbText
  0
TEXT
  5
9E
330
2
100
AcDbEntity
  8
T50000
100
AcDbText
 10
118374.4228362544
 20
556747.9689949555
 30
0.0
 40
4000.0
  1
청일
 50
358.78
  7
GHS
 72
     4
 11
122999.3
 21
558649.9299999999
 31
0.0
100
AcDbText
  0
TEXT
  5
9F
330
2
100
AcDbEntity
  8
N50000
100
AcDbText
 10
119098.69
 20
525526.93
 30
0.0
 40
1528.44
  1
37809
 50
358.79
  7
GHS
100
AcDbText
  0
TEXT
  5
A0
330
2
100
AcDbEntity
  8
T50000
100
AcDbText
 10
117913.2454879018
 20
528961.923940744
 30
0.0
 40
4000.0
  1
안흥
 50
358.79
  7
GHS
 72
     4
 11
122705.3
 21
530902.8300000001
 31
0.0
100
AcDbText
  0
TEXT
  5
A1
330
2
100
AcDbEntity
  8
N50000
100
AcDbText
 10
140986.87
 20
497577.38
 30
0.0
 40
1528.44
  1
37814
 50
358.79
  7
GHS
100
AcDbText
  0
TEXT
  5
A2
330
2
100
AcDbEntity
  8
T50000
100
AcDbText
 10
139967.9348615115
 20
501050.4318305882
 30
0.0
 40
4000.0
  1
영월
 50
358.79
  7
GHS
 72
     4
 11
144592.48
 21
502953.2
 31
0.0
100
AcDbText
  0
TEXT
  5
A3
330
2
100
AcDbEntity
  8
T50000
100
AcDbText
 10
139500.8018567715
 20
473310.5603291532
 30
0.0
 40
4000.0
  1
단양
 50
358.8
  7
GHS
 72
     4
 11
144374.96
 21
475208.9
 31
0.0
100
AcDbText
  0
TEXT
  5
A4
330
2
100
AcDbEntity
  8
N50000
100
AcDbText
 10
118807.05
 20
497780.55
 30
0.0
 40
1528.44
  1
37813
 50
358.79
  7
GHS
100
AcDbText
  0
TEXT
  5
A5
330
2
100
AcDbEntity
  8
T50000
100
AcDbText
 10
117788.4548615115
 20
501254.1218305882
 30
0.0
 40
4000.0
  1
제천
 50
358.79
  7
GHS
 72
     4
 11
122413.0
 21
503156.89
 31
0.0
100
AcDbText
  0
LWPOLYLINE
  5
A6
330
2
100
AcDbEntity
  8
G50
  6
Continuous
100
AcDbPolyline
 90
       40
 70
     1
 43
0.0
 10
133680.42
 20
544768.37
 10
135891.11
 20
544751.0600000001
 10
138101.8
 20
544734.3100000001
 10
140312.45
 20
544718.16
 10
142523.14
 20
544702.5900000001
 10
144733.81
 20
544687.6200000001
 10
146944.48
 20
544673.25
 10
149155.16
 20
544659.44
 10
151365.81
 20
544646.22
 10
153576.47
 20
544633.5900000001
 10
155787.13
 20
544621.5600000001
 10
155772.39
 20
541846.87
 10
155757.67
 20
539072.1899999999
 10
155742.95
 20
536297.5
 10
155728.23
 20
533522.8400000001
 10
155713.53
 20
530748.1899999999
 10
155698.84
 20
527973.5600000001
 10
155684.16
 20
525198.9399999999
 10
155669.47
 20
522424.31
 10
155654.81
 20
519649.72
 10
155640.16
 20
516875.12
 10
153422.14
 20
516887.12
 10
151204.13
 20
516899.7199999999
 10
148986.11
 20
516912.91
 10
146768.09
 20
516926.66
 10
144550.06
 20
516941.03
 10
142332.05
 20
516955.97
 10
140114.03
 20
516971.47
 10
137896.0
 20
516987.59
 10
135677.97
 20
517004.28
 10
133459.94
 20
517021.56
 10
133481.92
 20
519796.19
 10
133503.94
 20
522570.8400000001
 10
133525.95
 20
525345.5
 10
133547.98
 20
528120.1599999999
 10
133570.02
 20
530894.8400000002
 10
133592.06
 20
533669.5
 10
133614.14
 20
536444.22
 10
133636.22
 20
539218.9099999999
 10
133658.31
 20
541993.62
  0
LWPOLYLINE
  5
A7
330
2
100
AcDbEntity
  8
G50
  6
Continuous
100
AcDbPolyline
 90
       40
 70
     1
 43
0.0
 10
133459.94
 20
517021.56
 10
135677.97
 20
517004.28
 10
137896.0
 20
516987.59
 10
140114.03
 20
516971.47
 10
142332.05
 20
516955.97
 10
144550.06
 20
516941.03
 10
146768.09
 20
516926.66
 10
148986.11
 20
516912.91
 10
151204.13
 20
516899.7199999999
 10
153422.14
 20
516887.12
 10
155640.16
 20
516875.12
 10
155625.48
 20
514100.53
 10
155610.84
 20
511325.97
 10
155596.2
 20
508551.4100000001
 10
155581.59
 20
505776.87
 10
155566.97
 20
503002.3100000001
 10
155552.36
 20
500227.81
 10
155537.77
 20
497453.2800000001
 10
155523.17
 20
494678.78
 10
155508.58
 20
491904.31
 10
155494.02
 20
489129.84
 10
153268.69
 20
489141.81
 10
151043.38
 20
489154.37
 10
148818.05
 20
489167.5300000001
 10
146592.73
 20
489181.25
 10
144367.41
 20
489195.56
 10
142142.06
 20
489210.47
 10
139916.73
 20
489225.97
 10
137691.41
 20
489242.0300000001
 10
135466.06
 20
489258.6900000001
 10
133240.72
 20
489275.91
 10
133262.58
 20
492050.44
 10
133284.45
 20
494824.97
 10
133306.34
 20
497599.5000000001
 10
133328.25
 20
500374.03
 10
133350.17
 20
503148.59
 10
133372.09
 20
505923.16
 10
133394.03
 20
508697.75
 10
133415.98
 20
511472.34
 10
133437.95
 20
514246.94
  0
TEXT
  5
A8
330
2
100
AcDbEntity
  8
N50000
100
AcDbText
 10
162879.62
 20
441945.2699999999
 30
0.0
 40
1528.44
  1
36807
 50
358.81
  7
GHS
100
AcDbText
  0
TEXT
  5
A9
330
2
100
AcDbEntity
  8
T50000
100
AcDbText
 10
161693.0486140657
 20
445420.5089965824
 30
0.0
 40
4000.0
  1
안동
 50
358.81
  7
GHS
 72
     4
 11
166483.56
 21
447321.43
 31
0.0
100
AcDbText
  0
LWPOLYLINE
  5
AA
330
2
100
AcDbEntity
  8
G50
  6
Continuous
100
AcDbPolyline
 90
       40
 70
     1
 43
0.0
 10
155348.72
 20
461385.69
 10
157581.3
 20
461374.34
 10
159813.88
 20
461363.56
 10
162046.45
 20
461353.34
 10
164279.02
 20
461343.75
 10
166511.59
 20
461334.69
 10
168744.16
 20
461326.25
 10
170976.73
 20
461318.37
 10
173209.3
 20
461311.09
 10
175441.86
 20
461304.37
 10
177674.42
 20
461298.28
 10
177667.19
 20
458523.94
 10
177659.94
 20
455749.62
 10
177652.7
 20
452975.34
 10
177645.48
 20
450201.0300000001
 10
177638.27
 20
447426.75
 10
177631.05
 20
444652.5
 10
177623.81
 20
441878.25
 10
177616.61
 20
439104.0
 10
177609.41
 20
436329.75
 10
177602.2
 20
433555.5300000001
 10
175362.42
 20
433561.62
 10
173122.63
 20
433568.34
 10
170882.84
 20
433575.59
 10
168643.06
 20
433583.44
 10
166403.27
 20
433591.8699999999
 10
164163.47
 20
433600.8699999999
 10
161923.69
 20
433610.4699999999
 10
159683.88
 20
433620.6599999999
 10
157444.08
 20
433631.41
 10
155204.28
 20
433642.75
 10
155218.69
 20
436416.97
 10
155233.09
 20
439191.25
 10
155247.52
 20
441965.5
 10
155261.95
 20
444739.78
 10
155276.39
 20
447514.09
 10
155290.84
 20
450288.37
 10
155305.3
 20
453062.69
 10
155319.77
 20
455837.03
 10
155334.23
 20
458611.3400000001
  0
TEXT
  5
AB
330
2
100
AcDbEntity
  8
N50000
100
AcDbText
 10
162596.35
 20
386462.42
 30
0.0
 40
1528.44
  1
36815
 50
358.82
  7
GHS
100
AcDbText
  0
TEXT
  5
AC
330
2
100
AcDbEntity
  8
T50000
100
AcDbText
 10
161742.0431046137
 20
389930.8184471339
 30
0.0
 40
4000.0
  1
군위
 50
358.82
  7
GHS
 72
     4
 11
166198.96
 21
391839.44
 31
0.0
100
AcDbText
  0
TEXT
  5
AD
330
2
100
AcDbEntity
  8
N50000
100
AcDbText
 10
162737.55
 20
414203.28
 30
0.0
 40
1528.44
  1
36811
 50
358.82
  7
GHS
100
AcDbText
  0
TEXT
  5
AE
330
2
100
AcDbEntity
  8
T50000
100
AcDbText
 10
161841.9223750542
 20
417672.8916851479
 30
0.0
 40
4000.0
  1
의성
 50
358.81
  7
GHS
 72
     4
 11
166340.83
 21
419579.87
 31
0.0
100
AcDbText
  0
LWPOLYLINE
  5
AF
330
2
100
AcDbEntity
  8
G50
  6
Continuous
100
AcDbPolyline
 90
       40
 70
     1
 43
0.0
 10
155060.7
 20
405900.9399999999
 10
157307.69
 20
405889.62
 10
159554.66
 20
405878.91
 10
161801.64
 20
405868.75
 10
164048.61
 20
405859.19
 10
166295.58
 20
405850.19
 10
168542.55
 20
405841.8099999999
 10
170789.52
 20
405833.97
 10
173036.48
 20
405826.72
 10
175283.45
 20
405820.06
 10
177530.42
 20
405813.97
 10
177523.27
 20
403039.87
 10
177516.11
 20
400265.78
 10
177508.95
 20
397491.72
 10
177501.81
 20
394717.66
 10
177494.69
 20
391943.62
 10
177487.55
 20
389169.5900000001
 10
177480.42
 20
386395.56
 10
177473.3
 20
383621.56
 10
177466.17
 20
380847.56
 10
177459.06
 20
378073.56
 10
175204.95
 20
378079.6200000001
 10
172950.86
 20
378086.2800000001
 10
170696.75
 20
378093.5
 10
168442.66
 20
378101.31
 10
166188.55
 20
378109.69
 10
163934.44
 20
378118.66
 10
161680.31
 20
378128.1900000001
 10
159426.2
 20
378138.31
 10
157172.09
 20
378149.0
 10
154917.98
 20
378160.28
 10
154932.2
 20
380934.2800000001
 10
154946.45
 20
383708.31
 10
154960.7
 20
386482.34
 10
154974.95
 20
389256.41
 10
154989.23
 20
392030.47
 10
155003.52
 20
394804.53
 10
155017.8
 20
397578.62
 10
155032.09
 20
400352.7199999999
 10
155046.39
 20
403126.8100000001
  0
LWPOLYLINE
  5
B0
330
2
100
AcDbEntity
  8
G50
  6
Continuous
100
AcDbPolyline
 90
       40
 70
     1
 43
0.0
 10
155204.28
 20
433642.75
 10
157444.08
 20
433631.41
 10
159683.88
 20
433620.6599999999
 10
161923.69
 20
433610.4699999999
 10
164163.47
 20
433600.8699999999
 10
166403.27
 20
433591.8699999999
 10
168643.06
 20
433583.44
 10
170882.84
 20
433575.59
 10
173122.63
 20
433568.34
 10
175362.42
 20
433561.62
 10
177602.2
 20
433555.5300000001
 10
177595.02
 20
430781.34
 10
177587.81
 20
428007.12
 10
177580.63
 20
425232.9399999999
 10
177573.44
 20
422458.7800000001
 10
177566.2699999999
 20
419684.62
 10
177559.0799999999
 20
416910.47
 10
177551.91
 20
414136.31
 10
177544.73
 20
411362.19
 10
177537.56
 20
408588.06
 10
177530.42
 20
405813.97
 10
175283.45
 20
405820.06
 10
173036.48
 20
405826.72
 10
170789.52
 20
405833.97
 10
168542.55
 20
405841.8099999999
 10
166295.58
 20
405850.19
 10
164048.61
 20
405859.19
 10
161801.64
 20
405868.75
 10
159554.66
 20
405878.91
 10
157307.69
 20
405889.62
 10
155060.7
 20
405900.9399999999
 10
155075.02
 20
408675.06
 10
155089.34
 20
411449.1899999999
 10
155103.69
 20
414223.3400000001
 10
155118.03
 20
416997.4999999999
 10
155132.38
 20
419771.69
 10
155146.75
 20
422545.8699999999
 10
155161.13
 20
425320.06
 10
155175.5
 20
428094.28
 10
155189.89
 20
430868.5
  0
TEXT
  5
B1
330
2
100
AcDbEntity
  8
N50000
100
AcDbText
 10
140554.42
 20
442089.09
 30
0.0
 40
1528.44
  1
36806
 50
358.81
  7
GHS
100
AcDbText
  0
TEXT
  5
B2
330
2
100
AcDbEntity
  8
T50000
100
AcDbText
 10
139534.8293346305
 20
445561.3876757628
 30
0.0
 40
4000.0
  1
예천
 50
358.81
  7
GHS
 72
     4
 11
144158.71
 21
447465.77
 31
0.0
100
AcDbText
  0
TEXT
  5
B3
330
2
100
AcDbEntity
  8
N50000
100
AcDbText
 10
118228.86
 20
442291.21
 30
0.0
 40
1528.44
  1
36805
 50
358.81
  7
GHS
100
AcDbText
  0
TEXT
  5
B4
330
2
100
AcDbEntity
  8
N50000
100
AcDbText
 10
140340.14
 20
414346.68
 30
0.0
 40
1528.44
  1
36810
 50
358.82
  7
GHS
100
AcDbText
  0
TEXT
  5
B5
330
2
100
AcDbEntity
  8
T50000
100
AcDbText
 10
139194.9162942069
 20
417822.0136663775
 30
0.0
 40
4000.0
  1
안계
 50
358.81
  7
GHS
 72
     4
 11
143943.77
 21
419723.8
 31
0.0
100
AcDbText
  0
TEXT
  5
B6
330
2
100
AcDbEntity
  8
N50000
100
AcDbText
 10
140127.15
 20
386605.43
 30
0.0
 40
1528.44
  1
36814
 50
358.82
  7
GHS
100
AcDbText
  0
TEXT
  5
B7
330
2
100
AcDbEntity
  8
T50000
100
AcDbText
 10
139274.0511641687
 20
390116.0262776693
 30
0.0
 40
4000.0
  1
구미
 50
358.82
  7
GHS
 72
     4
 11
143730.11
 21
391982.99
 31
0.0
100
AcDbText
  0
TEXT
  5
B8
330
2
100
AcDbEntity
  8
N50000
100
AcDbText
 10
117942.34
 20
414548.26
 30
0.0
 40
1528.44
  1
36809
 50
358.82
  7
GHS
100
AcDbText
  0
TEXT
  5
B9
330
2
100
AcDbEntity
  8
N50000
100
AcDbText
 10
117657.53
 20
386806.43
 30
0.0
 40
1528.44
  1
36813
 50
358.82
  7
GHS
100
AcDbText
  0
LWPOLYLINE
  5
BA
330
2
100
AcDbEntity
  8
G50
  6
Continuous
100
AcDbPolyline
 90
       40
 70
     1
 43
0.0
 10
132590.73
 20
406045.87
 10
134837.73
 20
406028.78
 10
137084.75
 20
406012.25
 10
139331.75
 20
405996.31
 10
141578.77
 20
405980.94
 10
143825.75
 20
405966.16
 10
146072.75
 20
405951.94
 10
148319.73
 20
405938.31
 10
150566.73
 20
405925.28
 10
152813.72
 20
405912.81
 10
155060.7
 20
405900.9399999999
 10
155046.39
 20
403126.8100000001
 10
155032.09
 20
400352.7199999999
 10
155017.8
 20
397578.62
 10
155003.52
 20
394804.53
 10
154989.23
 20
392030.47
 10
154974.95
 20
389256.41
 10
154960.7
 20
386482.34
 10
154946.45
 20
383708.31
 10
154932.2
 20
380934.2800000001
 10
154917.98
 20
378160.28
 10
152663.86
 20
378172.12
 10
150409.73
 20
378184.56
 10
148155.61
 20
378197.56
 10
145901.48
 20
378211.16
 10
143647.34
 20
378225.3100000001
 10
141393.2
 20
378240.0600000001
 10
139139.06
 20
378255.3700000001
 10
136884.94
 20
378271.28
 10
134630.78
 20
378287.75
 10
132376.63
 20
378304.81
 10
132397.98
 20
381078.87
 10
132419.34
 20
383852.94
 10
132440.72
 20
386627.0
 10
132462.13
 20
389401.0900000001
 10
132483.52
 20
392175.19
 10
132504.94
 20
394949.31
 10
132526.36
 20
397723.44
 10
132547.8
 20
400497.56
 10
132569.27
 20
403271.7199999999
  0
LWPOLYLINE
  5
BB
330
2
100
AcDbEntity
  8
G50
  6
Continuous
100
AcDbPolyline
 90
       40
 70
     1
 43
0.0
 10
133022.77
 20
461531.4099999999
 10
135255.38
 20
461514.22
 10
137487.98
 20
461497.62
 10
139720.59
 20
461481.59
 10
141953.19
 20
461466.12
 10
144185.78
 20
461451.28
 10
146418.38
 20
461437.0
 10
148650.97
 20
461423.3099999999
 10
150883.55
 20
461410.19
 10
153116.14
 20
461397.6599999999
 10
155348.72
 20
461385.69
 10
155334.23
 20
458611.3400000001
 10
155319.77
 20
455837.03
 10
155305.3
 20
453062.69
 10
155290.84
 20
450288.37
 10
155276.39
 20
447514.09
 10
155261.95
 20
444739.78
 10
155247.52
 20
441965.5
 10
155233.09
 20
439191.25
 10
155218.69
 20
436416.97
 10
155204.28
 20
433642.75
 10
152964.48
 20
433654.66
 10
150724.67
 20
433667.1599999999
 10
148484.86
 20
433680.22
 10
146245.05
 20
433693.91
 10
144005.23
 20
433708.12
 10
141765.42
 20
433722.9699999999
 10
139525.59
 20
433738.37
 10
137285.77
 20
433754.37
 10
135045.94
 20
433770.91
 10
132806.11
 20
433788.06
 10
132827.72
 20
436562.37
 10
132849.34
 20
439336.66
 10
132870.97
 20
442110.97
 10
132892.63
 20
444885.28
 10
132914.28
 20
447659.62
 10
132935.95
 20
450433.94
 10
132957.64
 20
453208.31
 10
132979.34
 20
455982.66
 10
133001.05
 20
458757.03
  0
LWPOLYLINE
  5
BC
330
2
100
AcDbEntity
  8
G50
  6
Continuous
100
AcDbPolyline
 90
       40
 70
     1
 43
0.0
 10
132806.11
 20
433788.06
 10
135045.94
 20
433770.91
 10
137285.77
 20
433754.37
 10
139525.59
 20
433738.37
 10
141765.42
 20
433722.9699999999
 10
144005.23
 20
433708.12
 10
146245.05
 20
433693.91
 10
148484.86
 20
433680.22
 10
150724.67
 20
433667.1599999999
 10
152964.48
 20
433654.66
 10
155204.28
 20
433642.75
 10
155189.89
 20
430868.5
 10
155175.5
 20
428094.28
 10
155161.13
 20
425320.06
 10
155146.75
 20
422545.8699999999
 10
155132.38
 20
419771.69
 10
155118.03
 20
416997.4999999999
 10
155103.69
 20
414223.3400000001
 10
155089.34
 20
411449.1899999999
 10
155075.02
 20
408675.06
 10
155060.7
 20
405900.9399999999
 10
152813.72
 20
405912.81
 10
150566.73
 20
405925.28
 10
148319.73
 20
405938.31
 10
146072.75
 20
405951.94
 10
143825.75
 20
405966.16
 10
141578.77
 20
405980.94
 10
139331.75
 20
405996.31
 10
137084.75
 20
406012.25
 10
134837.73
 20
406028.78
 10
132590.73
 20
406045.87
 10
132612.2
 20
408820.03
 10
132633.7
 20
411594.22
 10
132655.2
 20
414368.41
 10
132676.73
 20
417142.62
 10
132698.27
 20
419916.84
 10
132719.8
 20
422691.06
 10
132741.36
 20
425465.28
 10
132762.94
 20
428239.53
 10
132784.52
 20
431013.81
  0
TEXT
  5
BD
330
2
100
AcDbEntity
  8
N50000
100
AcDbText
 10
163022.55
 20
469688.48
 30
0.0
 40
1528.44
  1
36803
 50
358.8
  7
GHS
100
AcDbText
  0
TEXT
  5
BE
330
2
100
AcDbEntity
  8
N50000
100
AcDbText
 10
140770.01
 20
469832.65
 30
0.0
 40
1528.44
  1
36802
 50
358.8
  7
GHS
100
AcDbText
  0
TEXT
  5
BF
330
2
100
AcDbEntity
  8
N50000
100
AcDbText
 10
118517.1
 20
470035.31
 30
0.0
 40
1528.44
  1
36801
 50
358.8
  7
GHS
100
AcDbText
  0
LWPOLYLINE
  5
C0
330
2
100
AcDbEntity
  8
G50
  6
Continuous
100
AcDbPolyline
 90
       40
 70
     1
 43
0.0
 10
155494.02
 20
489129.84
 10
157719.31
 20
489118.44
 10
159944.63
 20
489107.62
 10
162169.94
 20
489097.3699999999
 10
164395.25
 20
489087.7500000001
 10
166620.56
 20
489078.6900000001
 10
168845.86
 20
489070.2199999999
 10
171071.16
 20
489062.34
 10
173296.45
 20
489055.0300000001
 10
175521.77
 20
489048.31
 10
177747.06
 20
489042.1599999999
 10
177739.78
 20
486267.72
 10
177732.5
 20
483493.31
 10
177725.23
 20
480718.8700000001
 10
177717.95
 20
477944.4699999999
 10
177710.69
 20
475170.09
 10
177703.44
 20
472395.69
 10
177696.17
 20
469621.31
 10
177688.91
 20
466846.97
 10
177681.67
 20
464072.62
 10
177674.42
 20
461298.28
 10
175441.86
 20
461304.37
 10
173209.3
 20
461311.09
 10
170976.73
 20
461318.37
 10
168744.16
 20
461326.25
 10
166511.59
 20
461334.69
 10
164279.02
 20
461343.75
 10
162046.45
 20
461353.34
 10
159813.88
 20
461363.56
 10
157581.3
 20
461374.34
 10
155348.72
 20
461385.69
 10
155363.2
 20
464160.06
 10
155377.7
 20
466934.4399999999
 10
155392.22
 20
469708.81
 10
155406.73
 20
472483.22
 10
155421.27
 20
475257.62
 10
155435.8
 20
478032.03
 10
155450.33
 20
480806.47
 10
155464.88
 20
483580.91
 10
155479.44
 20
486355.37
  0
LWPOLYLINE
  5
C1
330
2
100
AcDbEntity
  8
G50
  6
Continuous
100
AcDbPolyline
 90
       40
 70
     1
 43
0.0
 10
133240.72
 20
489275.91
 10
135466.06
 20
489258.6900000001
 10
137691.41
 20
489242.0300000001
 10
139916.73
 20
489225.97
 10
142142.06
 20
489210.47
 10
144367.41
 20
489195.56
 10
146592.73
 20
489181.25
 10
148818.05
 20
489167.5300000001
 10
151043.38
 20
489154.37
 10
153268.69
 20
489141.81
 10
155494.02
 20
489129.84
 10
155479.44
 20
486355.37
 10
155464.88
 20
483580.91
 10
155450.33
 20
480806.47
 10
155435.8
 20
478032.03
 10
155421.27
 20
475257.62
 10
155406.73
 20
472483.22
 10
155392.22
 20
469708.81
 10
155377.7
 20
466934.4399999999
 10
155363.2
 20
464160.06
 10
155348.72
 20
461385.69
 10
153116.14
 20
461397.6599999999
 10
150883.55
 20
461410.19
 10
148650.97
 20
461423.3099999999
 10
146418.38
 20
461437.0
 10
144185.78
 20
461451.28
 10
141953.19
 20
461466.12
 10
139720.59
 20
461481.59
 10
137487.98
 20
461497.62
 10
135255.38
 20
461514.22
 10
133022.77
 20
461531.4099999999
 10
133044.52
 20
464305.81
 10
133066.27
 20
467080.2199999999
 10
133088.02
 20
469854.66
 10
133109.8
 20
472629.0900000001
 10
133131.58
 20
475403.53
 10
133153.39
 20
478177.97
 10
133175.2
 20
480952.44
 10
133197.02
 20
483726.94
 10
133218.86
 20
486501.4099999999
  0
TEXT
  5
C2
330
2
100
AcDbEntity
  8
N50000
100
AcDbText
 10
96991.94
 20
525789.3400000001
 30
0.0
 40
1528.44
  1
37712
 50
358.79
  7
GHS
100
AcDbText
  0
TEXT
  5
C3
330
2
100
AcDbEntity
  8
T50000
100
AcDbText
 10
95891.90998184481
 20
529306.4089489852
 30
0.0
 40
4000.0
  1
원주
 50
358.79
  7
GHS
 72
     4
 11
100598.89
 21
531165.76
 31
0.0
100
AcDbText
  0
TEXT
  5
C4
330
2
100
AcDbEntity
  8
N50000
100
AcDbText
 10
97359.22
 20
553537.49
 30
0.0
 40
1528.44
  1
37708
 50
358.78
  7
GHS
100
AcDbText
  0
TEXT
  5
C5
330
2
100
AcDbEntity
  8
T50000
100
AcDbText
 10
96507.69457963903
 20
556966.3032056281
 30
0.0
 40
4000.0
  1
홍천
 50
358.78
  7
GHS
 72
     4
 11
100966.83
 21
558913.47
 31
0.0
100
AcDbText
  0
TEXT
  5
C6
330
2
100
AcDbEntity
  8
T50000
100
AcDbText
 10
95245.14702764024
 20
473770.1447241823
 30
0.0
 40
4000.0
  1
충주
 50
358.8
  7
GHS
 72
     4
 11
99869.36
 21
475673.7199999999
 31
0.0
100
AcDbText
  0
TEXT
  5
C7
330
2
100
AcDbEntity
  8
N50000
100
AcDbText
 10
96626.77
 20
498042.32
 30
0.0
 40
1528.44
  1
37716
 50
358.79
  7
GHS
100
AcDbText
  0
TEXT
  5
C8
330
2
100
AcDbEntity
  8
T50000
100
AcDbText
 10
95608.5248615115
 20
501516.4118305881
 30
0.0
 40
4000.0
  1
엄정
 50
358.79
  7
GHS
 72
     4
 11
100233.07
 21
503419.18
 31
0.0
100
AcDbText
  0
LWPOLYLINE
  5
C9
330
2
100
AcDbEntity
  8
G50
  6
Continuous
100
AcDbPolyline
 90
       40
 70
     1
 43
0.0
 10
89098.36999999999
 20
517490.27
 10
91316.49000000001
 20
517461.27
 10
93534.62
 20
517432.85
 10
95752.72
 20
517405.02
 10
97970.83
 20
517377.78
 10
100188.93
 20
517351.12
 10
102407.04
 20
517325.05
 10
104625.13
 20
517299.56
 10
106843.22
 20
517274.6599999999
 10
109061.3
 20
517250.35
 10
111279.38
 20
517226.62
 10
111250.07
 20
514451.9500000001
 10
111220.78
 20
511677.3
 10
111191.51
 20
508902.6500000001
 10
111162.25
 20
506128.02
 10
111133.02
 20
503353.4
 10
111103.79
 20
500578.79
 10
111074.59
 20
497804.19
 10
111045.39
 20
495029.6
 10
111016.23
 20
492255.0300000001
 10
110987.07
 20
489480.46
 10
108761.69
 20
489504.13
 10
106536.29
 20
489528.39
 10
104310.89
 20
489553.22
 10
102085.49
 20
489578.65
 10
99860.07999999999
 20
489604.66
 10
97634.66000000001
 20
489631.25
 10
95409.24999999999
 20
489658.43
 10
93183.82000000001
 20
489686.1900000001
 10
90958.38999999999
 20
489714.53
 10
88732.95
 20
489743.47
 10
88769.39999999999
 20
492518.09
 10
88805.86
 20
495292.74
 10
88842.35
 20
498067.39
 10
88878.86999999999
 20
500842.05
 10
88915.38999999999
 20
503616.73
 10
88951.94999999999
 20
506391.41
 10
88988.53
 20
509166.11
 10
89025.11
 20
511940.83
 10
89061.74000000001
 20
514715.5399999999
  0
LWPOLYLINE
  5
CA
330
2
100
AcDbEntity
  8
G50
  6
Continuous
100
AcDbPolyline
 90
       40
 70
     1
 43
0.0
 10
89465.9
 20
545238.2
 10
91676.67999999999
 20
545209.12
 10
93887.44
 20
545180.64
 10
96098.2
 20
545152.75
 10
98308.96
 20
545125.4299999999
 10
100519.7
 20
545098.7099999999
 10
102730.45
 20
545072.58
 10
104941.18
 20
545047.03
 10
107151.93
 20
545022.0600000001
 10
109362.66
 20
544997.69
 10
111573.38
 20
544973.9099999999
 10
111543.9
 20
542199.1300000001
 10
111514.44
 20
539424.36
 10
111485.01
 20
536649.6
 10
111455.58
 20
533874.86
 10
111426.17
 20
531100.12
 10
111396.77
 20
528325.4
 10
111367.4
 20
525550.69
 10
111338.05
 20
522775.99
 10
111308.71
 20
520001.3
 10
111279.38
 20
517226.62
 10
109061.3
 20
517250.35
 10
106843.22
 20
517274.6599999999
 10
104625.13
 20
517299.56
 10
102407.04
 20
517325.05
 10
100188.93
 20
517351.12
 10
97970.83
 20
517377.78
 10
95752.72
 20
517405.02
 10
93534.62
 20
517432.85
 10
91316.49000000001
 20
517461.27
 10
89098.36999999999
 20
517490.27
 10
89135.03
 20
520265.02
 10
89171.71000000001
 20
523039.7700000001
 10
89208.4
 20
525814.53
 10
89245.13000000001
 20
528589.31
 10
89281.86999999999
 20
531364.1
 10
89318.64
 20
534138.89
 10
89355.41999999999
 20
536913.7
 10
89392.23
 20
539688.52
 10
89429.05000000001
 20
542463.3599999999
  0
TEXT
  5
CB
330
2
100
AcDbEntity
  8
N50000
100
AcDbText
 10
75325.88
 20
553859.41
 30
0.0
 40
1528.44
  1
37707
 50
358.78
  7
GHS
100
AcDbText
  0
TEXT
  5
CC
330
2
100
AcDbEntity
  8
N50000
100
AcDbText
 10
74884.62
 20
526110.5
 30
0.0
 40
1528.44
  1
37711
 50
358.79
  7
GHS
100
AcDbText
  0
TEXT
  5
CD
330
2
100
AcDbEntity
  8
T50000
100
AcDbText
 10
73701.63523075268
 20
529629.848691836
 30
0.0
 40
4000.0
  1
여주
 50
358.79
  7
GHS
 72
     4
 11
78491.92999999999
 21
531487.4399999999
 31
0.0
100
AcDbText
  0
TEXT
  5
CE
330
2
100
AcDbEntity
  8
N50000
100
AcDbText
 10
53291.88
 20
554240.25
 30
0.0
 40
1528.44
  1
37706
 50
358.78
  7
GHS
100
AcDbText
  0
TEXT
  5
CF
330
2
100
AcDbEntity
  8
T50000
100
AcDbText
 10
52109.57109286986
 20
557760.4947842832
 30
0.0
 40
4000.0
  1
양수
 50
358.78
  7
GHS
 72
     4
 11
56900.19
 21
559617.25
 31
0.0
100
AcDbText
  0
TEXT
  5
D0
330
2
100
AcDbEntity
  8
N50000
100
AcDbText
 10
52776.62999999999
 20
526490.4399999999
 30
0.0
 40
1528.44
  1
37710
 50
358.79
  7
GHS
100
AcDbText
  0
TEXT
  5
D1
330
2
100
AcDbEntity
  8
T50000
100
AcDbText
 10
51759.7448615115
 20
529965.1218305882
 30
0.0
 40
4000.0
  1
이천
 50
358.79
  7
GHS
 72
     4
 11
56384.29
 21
531867.89
 31
0.0
100
AcDbText
  0
TEXT
  5
D2
330
2
100
AcDbEntity
  8
N50000
100
AcDbText
 10
74445.89999999999
 20
498362.7000000001
 30
0.0
 40
1528.44
  1
37715
 50
358.79
  7
GHS
100
AcDbText
  0
TEXT
  5
D3
330
2
100
AcDbEntity
  8
T50000
100
AcDbText
 10
73158.15714155271
 20
474086.7543208685
 30
0.0
 40
4000.0
  1
음성
 50
358.8
  7
GHS
 72
     4
 11
77615.74000000001
 21
475993.82
 31
0.0
100
AcDbText
  0
TEXT
  5
D4
330
2
100
AcDbEntity
  8
N50000
100
AcDbText
 10
52264.34
 20
498741.71
 30
0.0
 40
1528.44
  1
37714
 50
358.79
  7
GHS
100
AcDbText
  0
TEXT
  5
D5
330
2
100
AcDbEntity
  8
T50000
100
AcDbText
 10
51246.8148615115
 20
502216.8418305881
 30
0.0
 40
4000.0
  1
안성
 50
358.79
  7
GHS
 72
     4
 11
55871.36
 21
504119.61
 31
0.0
100
AcDbText
  0
TEXT
  5
D6
330
2
100
AcDbEntity
  8
N50000
100
AcDbText
 10
51755.02999999999
 20
470994.0399999999
 30
0.0
 40
1528.44
  1
36702
 50
358.8
  7
GHS
100
AcDbText
  0
TEXT
  5
D7
330
2
100
AcDbEntity
  8
T50000
100
AcDbText
 10
50736.31442681176
 20
474427.1571957042
 30
0.0
 40
4000.0
  1
진천
 50
358.8
  7
GHS
 72
     4
 11
55361.4
 21
476372.39
 31
0.0
100
AcDbText
  0
TEXT
  5
D8
330
2
100
AcDbEntity
  8
T50000
100
AcDbText
 10
70845.24757765554
 20
501891.863858966
 30
0.0
 40
4000.0
  1
장호원
 50
358.79
  7
GHS
 72
     4
 11
78052.55
 21
503740.08
 31
0.0
100
AcDbText
  0
TEXT
  5
D9
330
2
100
AcDbEntity
  8
T50000
100
AcDbText
 10
74310.72712024569
 20
557417.2634376457
 30
0.0
 40
4000.0
  1
용두
 50
358.78
  7
GHS
 72
     4
 11
78933.83
 21
559235.9099999999
 31
0.0
100
AcDbText
  0
LWPOLYLINE
  5
DA
330
2
100
AcDbEntity
  8
G50
  6
Continuous
100
AcDbPolyline
 90
       40
 70
     1
 43
0.0
 10
67357.87
 20
545561.24
 10
69568.71000000001
 20
545526.2900000001
 10
71779.53
 20
545491.93
 10
73990.34
 20
545458.16
 10
76201.16
 20
545424.97
 10
78411.96
 20
545392.38
 10
80622.76
 20
545360.36
 10
82833.55999999999
 20
545328.94
 10
85044.33999999999
 20
545298.1
 10
87255.12
 20
545267.86
 10
89465.9
 20
545238.2
 10
89429.05000000001
 20
542463.3599999999
 10
89392.23
 20
539688.52
 10
89355.41999999999
 20
536913.7
 10
89318.64
 20
534138.89
 10
89281.86999999999
 20
531364.1
 10
89245.13000000001
 20
528589.31
 10
89208.4
 20
525814.53
 10
89171.71000000001
 20
523039.7700000001
 10
89135.03
 20
520265.02
 10
89098.36999999999
 20
517490.27
 10
86880.24
 20
517519.87
 10
84662.1
 20
517550.04
 10
82443.96000000001
 20
517580.7999999999
 10
80225.82000000001
 20
517612.15
 10
78007.66
 20
517644.08
 10
75789.5
 20
517676.6
 10
73571.33
 20
517709.7100000001
 10
71353.16
 20
517743.4
 10
69134.97
 20
517777.68
 10
66916.78999999999
 20
517812.5399999999
 10
66960.77999999999
 20
520587.37
 10
67004.80999999999
 20
523362.2
 10
67048.85
 20
526137.04
 10
67092.92
 20
528911.89
 10
67137.02
 20
531686.75
 10
67181.13
 20
534461.6300000001
 10
67225.28
 20
537236.52
 10
67269.44999999999
 20
540011.4099999999
 10
67313.66
 20
542786.3300000002
  0
LWPOLYLINE
  5
DB
330
2
100
AcDbEntity
  8
G50
  6
Continuous
100
AcDbPolyline
 90
       40
 70
     1
 43
0.0
 10
66916.78999999999
 20
517812.5399999999
 10
69134.97
 20
517777.68
 10
71353.16
 20
517743.4
 10
73571.33
 20
517709.7100000001
 10
75789.5
 20
517676.6
 10
78007.66
 20
517644.08
 10
80225.82000000001
 20
517612.15
 10
82443.96000000001
 20
517580.7999999999
 10
84662.1
 20
517550.04
 10
86880.24
 20
517519.87
 10
89098.36999999999
 20
517490.27
 10
89061.74000000001
 20
514715.5399999999
 10
89025.11
 20
511940.83
 10
88988.53
 20
509166.11
 10
88951.94999999999
 20
506391.41
 10
88915.38999999999
 20
503616.73
 10
88878.86999999999
 20
500842.05
 10
88842.35
 20
498067.39
 10
88805.86
 20
495292.74
 10
88769.39999999999
 20
492518.09
 10
88732.95
 20
489743.47
 10
86507.50999999999
 20
489772.98
 10
84282.05999999999
 20
489803.0900000001
 10
82056.61
 20
489833.77
 10
79831.14999999999
 20
489865.0400000001
 10
77605.67999999999
 20
489896.9000000001
 10
75380.2
 20
489929.33
 10
73154.72999999999
 20
489962.36
 10
70929.24
 20
489995.97
 10
68703.75
 20
490030.1699999999
 10
66478.24
 20
490064.95
 10
66521.99
 20
492839.65
 10
66565.75
 20
495614.38
 10
66609.53999999999
 20
498389.1100000001
 10
66653.36
 20
501163.85
 10
66697.19999999999
 20
503938.6
 10
66741.07000000001
 20
506713.38
 10
66784.96
 20
509488.15
 10
66828.88000000001
 20
512262.94
 10
66872.82
 20
515037.73
  0
TEXT
  5
DC
330
2
100
AcDbEntity
  8
N50000
100
AcDbText
 10
95902.79999999999
 20
442551.63
 30
0.0
 40
1528.44
  1
36708
 50
358.81
  7
GHS
100
AcDbText
  0
TEXT
  5
DD
330
2
100
AcDbEntity
  8
T50000
100
AcDbText
 10
95050.55005519542
 20
446021.5263549431
 30
0.0
 40
4000.0
  1
속리
 50
358.81
  7
GHS
 72
     4
 11
99507.79999999999
 21
447929.37
 31
0.0
100
AcDbText
  0
LWPOLYLINE
  5
DE
330
2
100
AcDbEntity
  8
G50
  6
Continuous
100
AcDbPolyline
 90
       40
 70
     1
 43
0.0
 10
88369.66
 20
461997.77
 10
90602.37
 20
461968.9199999999
 10
92835.07000000001
 20
461940.64
 10
95067.76
 20
461912.95
 10
97300.45
 20
461885.85
 10
99533.13000000001
 20
461859.32
 10
101765.8
 20
461833.3800000001
 10
103998.48
 20
461808.02
 10
106231.14
 20
461783.25
 10
108463.81
 20
461759.05
 10
110696.46
 20
461735.4399999999
 10
110667.5
 20
458961.0
 10
110638.55
 20
456186.58
 10
110609.61
 20
453412.16
 10
110580.7
 20
450637.75
 10
110551.79
 20
447863.36
 10
110522.92
 20
445088.98
 10
110494.05
 20
442314.6
 10
110465.2
 20
439540.24
 10
110436.37
 20
436765.9
 10
110407.55
 20
433991.56
 10
108167.68
 20
434015.1
 10
105927.79
 20
434039.23
 10
103687.9
 20
434063.95
 10
101448.0
 20
434089.24
 10
99208.10000000001
 20
434115.11
 10
96968.19000000001
 20
434141.56
 10
94728.27999999999
 20
434168.59
 10
92488.36
 20
434196.22
 10
90248.43999999999
 20
434224.42
 10
88008.5
 20
434253.19
 10
88044.52000000001
 20
437027.61
 10
88080.56
 20
439802.02
 10
88116.63000000001
 20
442576.4599999999
 10
88152.71
 20
445350.9
 10
88188.82
 20
448125.35
 10
88224.94999999999
 20
450899.81
 10
88261.09
 20
453674.29
 10
88297.25999999999
 20
456448.7699999999
 10
88333.44999999999
 20
459223.27
  0
TEXT
  5
DF
330
2
100
AcDbEntity
  8
T50000
100
AcDbText
 10
94000.890460331
 20
390542.282923574
 30
0.0
 40
4000.0
  1
영동
 50
358.82
  7
GHS
 72
     4
 11
98791.07000000001
 21
392444.04
 31
0.0
100
AcDbText
  0
TEXT
  5
E0
330
2
100
AcDbEntity
  8
N50000
100
AcDbText
 10
95544.02000000001
 20
414807.96
 30
0.0
 40
1528.44
  1
36712
 50
358.82
  7
GHS
100
AcDbText
  0
TEXT
  5
E1
330
2
100
AcDbEntity
  8
N50000
100
AcDbText
 10
95187.39
 20
387065.41
 30
0.0
 40
1528.44
  1
36716
 50
358.82
  7
GHS
100
AcDbText
  0
LWPOLYLINE
  5
E2
330
2
100
AcDbEntity
  8
G50
  6
Continuous
100
AcDbPolyline
 90
       40
 70
     1
 43
0.0
 10
87649.48
 20
406509.73
 10
89896.6
 20
406481.02
 10
92143.7
 20
406452.91
 10
94390.80999999999
 20
406425.3599999999
 10
96637.9
 20
406398.39
 10
98885.0
 20
406372.02
 10
101132.08
 20
406346.21
 10
103379.16
 20
406320.99
 10
105626.24
 20
406296.35
 10
107873.3
 20
406272.2899999999
 10
110120.37
 20
406248.8
 10
110091.74
 20
403474.59
 10
110063.13
 20
400700.38
 10
110034.54
 20
397926.19
 10
110005.96
 20
395152.0100000001
 10
109977.41
 20
392377.85
 10
109948.87
 20
389603.69
 10
109920.35
 20
386829.54
 10
109891.85
 20
384055.41
 10
109863.35
 20
381281.2800000001
 10
109834.89
 20
378507.17
 10
107580.68
 20
378530.59
 10
105326.48
 20
378554.5800000001
 10
103072.26
 20
378579.16
 10
100818.04
 20
378604.31
 10
98563.82000000001
 20
378630.04
 10
96309.59
 20
378656.3400000001
 10
94055.35
 20
378683.24
 10
91801.11
 20
378710.71
 10
89546.86
 20
378738.74
 10
87292.60000000001
 20
378767.37
 10
87328.2
 20
381541.55
 10
87363.8
 20
384315.75
 10
87399.44000000001
 20
387089.9600000001
 10
87435.08999999999
 20
389864.18
 10
87470.77
 20
392638.41
 10
87506.47999999999
 20
395412.65
 10
87542.19
 20
398186.9000000001
 10
87577.94
 20
400961.1699999999
 10
87613.69
 20
403735.44
  0
TEXT
  5
E3
330
2
100
AcDbEntity
  8
T50000
100
AcDbText
 10
94607.80469491298
 20
418280.037015353
 30
0.0
 40
4000.0
  1
관기
 50
358.81
  7
GHS
 72
     4
 11
99148.37
 21
420186.15
 31
0.0
100
AcDbText
  0
LWPOLYLINE
  5
E4
330
2
100
AcDbEntity
  8
G50
  6
Continuous
100
AcDbPolyline
 90
       40
 70
     1
 43
0.0
 10
88008.5
 20
434253.19
 10
90248.43999999999
 20
434224.42
 10
92488.36
 20
434196.22
 10
94728.27999999999
 20
434168.59
 10
96968.19000000001
 20
434141.56
 10
99208.10000000001
 20
434115.11
 10
101448.0
 20
434089.24
 10
103687.9
 20
434063.95
 10
105927.79
 20
434039.23
 10
108167.68
 20
434015.1
 10
110407.55
 20
433991.56
 10
110378.76
 20
431217.23
 10
110349.98
 20
428442.92
 10
110321.22
 20
425668.61
 10
110292.48
 20
422894.32
 10
110263.74
 20
420120.04
 10
110235.04
 20
417345.77
 10
110206.34
 20
414571.51
 10
110177.67
 20
411797.26
 10
110149.0
 20
409023.03
 10
110120.37
 20
406248.8
 10
107873.3
 20
406272.2899999999
 10
105626.24
 20
406296.35
 10
103379.16
 20
406320.99
 10
101132.08
 20
406346.21
 10
98885.0
 20
406372.02
 10
96637.9
 20
406398.39
 10
94390.80999999999
 20
406425.3599999999
 10
92143.7
 20
406452.91
 10
89896.6
 20
406481.02
 10
87649.48
 20
406509.73
 10
87685.27999999999
 20
409284.03
 10
87721.11
 20
412058.33
 10
87756.96000000001
 20
414832.65
 10
87792.83000000001
 20
417606.99
 10
87828.72000000001
 20
420381.33
 10
87864.64
 20
423155.6799999999
 10
87900.57
 20
425930.0399999999
 10
87936.53
 20
428704.41
 10
87972.50999999999
 20
431478.8
  0
TEXT
  5
E5
330
2
100
AcDbEntity
  8
N50000
100
AcDbText
 10
73576.11999999999
 20
442870.37
 30
0.0
 40
1528.44
  1
36707
 50
358.81
  7
GHS
100
AcDbText
  0
TEXT
  5
E6
330
2
100
AcDbEntity
  8
T50000
100
AcDbText
 10
72557.59933463056
 20
446344.2576757628
 30
0.0
 40
4000.0
  1
미원
 50
358.81
  7
GHS
 72
     4
 11
77181.48
 21
448248.64
 31
0.0
100
AcDbText
  0
TEXT
  5
E7
330
2
100
AcDbEntity
  8
T50000
100
AcDbText
 10
50064.77394427063
 20
446766.9766767236
 30
0.0
 40
4000.0
  1
청주
 50
358.81
  7
GHS
 72
     4
 11
54854.41999999999
 21
448626.24
 31
0.0
100
AcDbText
  0
TEXT
  5
E8
330
2
100
AcDbEntity
  8
N50000
100
AcDbText
 10
51248.69999999999
 20
443247.45
 30
0.0
 40
1528.44
  1
36706
 50
358.81
  7
GHS
100
AcDbText
  0
TEXT
  5
E9
330
2
100
AcDbEntity
  8
N50000
100
AcDbText
 10
73145.08
 20
415125.8499999999
 30
0.0
 40
1528.44
  1
36711
 50
358.82
  7
GHS
100
AcDbText
  0
TEXT
  5
EA
330
2
100
AcDbEntity
  8
N50000
100
AcDbText
 10
72716.6
 20
387382.41
 30
0.0
 40
1528.44
  1
36715
 50
358.82
  7
GHS
100
AcDbText
  0
TEXT
  5
EB
330
2
100
AcDbEntity
  8
T50000
100
AcDbText
 10
71697.10178247235
 20
390856.390685354
 30
0.0
 40
4000.0
  1
이원
 50
358.82
  7
GHS
 72
     4
 11
76320.64999999999
 21
392761.58
 31
0.0
100
AcDbText
  0
TEXT
  5
EC
330
2
100
AcDbEntity
  8
N50000
100
AcDbText
 10
50745.36
 20
415501.92
 30
0.0
 40
1528.44
  1
36710
 50
358.82
  7
GHS
100
AcDbText
  0
TEXT
  5
ED
330
2
100
AcDbEntity
  8
N50000
100
AcDbText
 10
50245.01
 20
387757.44
 30
0.0
 40
1528.44
  1
36714
 50
358.82
  7
GHS
100
AcDbText
  0
TEXT
  5
EE
330
2
100
AcDbEntity
  8
T50000
100
AcDbText
 10
72125.89933463056
 20
418600.1876757628
 30
0.0
 40
4000.0
  1
보은
 50
358.81
  7
GHS
 72
     4
 11
76749.78
 21
420504.57
 31
0.0
100
AcDbText
  0
TEXT
  5
EF
330
2
100
AcDbEntity
  8
T50000
100
AcDbText
 10
49726.54933463058
 20
418976.7776757627
 30
0.0
 40
4000.0
  1
대전
 50
358.81
  7
GHS
 72
     4
 11
54350.43
 21
420881.1599999999
 31
0.0
100
AcDbText
  0
LWPOLYLINE
  5
F0
330
2
100
AcDbEntity
  8
G50
  6
Continuous
100
AcDbPolyline
 90
       40
 70
     1
 43
0.0
 10
65608.82000000001
 20
434573.0099999999
 10
67848.82000000001
 20
434538.42
 10
70088.80999999999
 20
434504.39
 10
72328.8
 20
434470.95
 10
74568.78
 20
434438.11
 10
76808.75
 20
434405.83
 10
79048.71
 20
434374.14
 10
81288.66999999999
 20
434343.03
 10
83528.62
 20
434312.51
 10
85768.55999999999
 20
434282.56
 10
88008.5
 20
434253.19
 10
87972.50999999999
 20
431478.8
 10
87936.53
 20
428704.41
 10
87900.57
 20
425930.0399999999
 10
87864.64
 20
423155.6799999999
 10
87828.72000000001
 20
420381.33
 10
87792.83000000001
 20
417606.99
 10
87756.96000000001
 20
414832.65
 10
87721.11
 20
412058.33
 10
87685.27999999999
 20
409284.03
 10
87649.48
 20
406509.73
 10
85402.36
 20
406539.02
 10
83155.23
 20
406568.87
 10
80908.10000000001
 20
406599.32
 10
78660.95
 20
406630.35
 10
76413.80999999999
 20
406661.95
 10
74166.65
 20
406694.13
 10
71919.49000000001
 20
406726.8900000001
 10
69672.30999999999
 20
406760.24
 10
67425.13
 20
406794.16
 10
65177.95
 20
406828.67
 10
65220.91999999999
 20
409603.06
 10
65263.92
 20
412377.45
 10
65306.93
 20
415151.86
 10
65349.99
 20
417926.27
 10
65393.06999999999
 20
420700.7100000001
 10
65436.16
 20
423475.15
 10
65479.29
 20
426249.59
 10
65522.44
 20
429024.05
 10
65565.61
 20
431798.53
  0
LWPOLYLINE
  5
F1
330
2
100
AcDbEntity
  8
G50
  6
Continuous
100
AcDbPolyline
 90
       40
 70
     1
 43
0.0
 10
66042.25
 20
462318.4300000001
 10
68275.02
 20
462283.74
 10
70507.78999999999
 20
462249.63
 10
72740.53999999999
 20
462216.11
 10
74973.28999999999
 20
462183.17
 10
77206.05
 20
462150.82
 10
79438.78
 20
462119.0399999999
 10
81671.51
 20
462087.8499999999
 10
83904.23
 20
462057.24
 10
86136.94999999999
 20
462027.22
 10
88369.66
 20
461997.77
 10
88333.44999999999
 20
459223.27
 10
88297.25999999999
 20
456448.7699999999
 10
88261.09
 20
453674.29
 10
88224.94999999999
 20
450899.81
 10
88188.82
 20
448125.35
 10
88152.71
 20
445350.9
 10
88116.63000000001
 20
442576.4599999999
 10
88080.56
 20
439802.02
 10
88044.52000000001
 20
437027.61
 10
88008.5
 20
434253.19
 10
85768.55999999999
 20
434282.56
 10
83528.62
 20
434312.51
 10
81288.66999999999
 20
434343.03
 10
79048.71
 20
434374.14
 10
76808.75
 20
434405.83
 10
74568.78
 20
434438.11
 10
72328.8
 20
434470.95
 10
70088.80999999999
 20
434504.39
 10
67848.82000000001
 20
434538.42
 10
65608.82000000001
 20
434573.0099999999
 10
65652.03999999999
 20
437347.5
 10
65695.3
 20
440122.01
 10
65738.58
 20
442896.53
 10
65781.89
 20
445671.04
 10
65825.22
 20
448445.59
 10
65868.57000000001
 20
451220.14
 10
65911.94999999999
 20
453994.69
 10
65955.37
 20
456769.2599999999
 10
65998.78999999999
 20
459543.84
  0
LWPOLYLINE
  5
F2
330
2
100
AcDbEntity
  8
G50
  6
Continuous
100
AcDbPolyline
 90
       40
 70
     1
 43
0.0
 10
65177.95
 20
406828.67
 10
67425.13
 20
406794.16
 10
69672.30999999999
 20
406760.24
 10
71919.49000000001
 20
406726.8900000001
 10
74166.65
 20
406694.13
 10
76413.80999999999
 20
406661.95
 10
78660.95
 20
406630.35
 10
80908.10000000001
 20
406599.32
 10
83155.23
 20
406568.87
 10
85402.36
 20
406539.02
 10
87649.48
 20
406509.73
 10
87613.69
 20
403735.44
 10
87577.94
 20
400961.1699999999
 10
87542.19
 20
398186.9000000001
 10
87506.47999999999
 20
395412.65
 10
87470.77
 20
392638.41
 10
87435.08999999999
 20
389864.18
 10
87399.44000000001
 20
387089.9600000001
 10
87363.8
 20
384315.75
 10
87328.2
 20
381541.55
 10
87292.60000000001
 20
378767.37
 10
85038.33999999999
 20
378796.57
 10
82784.07000000001
 20
378826.35
 10
80529.79
 20
378856.71
 10
78275.50999999999
 20
378887.6500000001
 10
76021.21000000001
 20
378919.16
 10
73766.92
 20
378951.25
 10
71512.61
 20
378983.92
 10
69258.31
 20
379017.18
 10
67003.97999999999
 20
379051.01
 10
64749.65
 20
379085.41
 10
64792.37
 20
381859.7
 10
64835.11
 20
384633.98
 10
64877.87
 20
387408.2800000001
 10
64920.66
 20
390182.5900000001
 10
64963.48
 20
392956.91
 10
65006.32
 20
395731.24
 10
65049.19
 20
398505.5800000001
 10
65092.08
 20
401279.94
 10
65135.0
 20
404054.3
  0
TEXT
  5
F3
330
2
100
AcDbEntity
  8
N50000
100
AcDbText
 10
96263.71
 20
470296.42
 30
0.0
 40
1528.44
  1
36704
 50
358.8
  7
GHS
100
AcDbText
  0
TEXT
  5
F4
330
2
100
AcDbEntity
  8
N50000
100
AcDbText
 10
74009.72999999999
 20
470615.99
 30
0.0
 40
1528.44
  1
36703
 50
358.8
  7
GHS
100
AcDbText
  0
LWPOLYLINE
  5
F5
330
2
100
AcDbEntity
  8
G50
  6
Continuous
100
AcDbPolyline
 90
       40
 70
     1
 43
0.0
 10
66478.24
 20
490064.95
 10
68703.75
 20
490030.1699999999
 10
70929.24
 20
489995.97
 10
73154.72999999999
 20
489962.36
 10
75380.2
 20
489929.33
 10
77605.67999999999
 20
489896.9000000001
 10
79831.14999999999
 20
489865.0400000001
 10
82056.61
 20
489833.77
 10
84282.05999999999
 20
489803.0900000001
 10
86507.50999999999
 20
489772.98
 10
88732.95
 20
489743.47
 10
88696.52999999999
 20
486968.85
 10
88660.13
 20
484194.24
 10
88623.74
 20
481419.64
 10
88587.38
 20
478645.0499999999
 10
88551.05
 20
475870.48
 10
88514.72000000001
 20
473095.9099999999
 10
88478.42999999999
 20
470321.36
 10
88442.15
 20
467546.82
 10
88405.9
 20
464772.29
 10
88369.66
 20
461997.77
 10
86136.94999999999
 20
462027.22
 10
83904.23
 20
462057.24
 10
81671.51
 20
462087.8499999999
 10
79438.78
 20
462119.0399999999
 10
77206.05
 20
462150.82
 10
74973.28999999999
 20
462183.17
 10
72740.53999999999
 20
462216.11
 10
70507.78999999999
 20
462249.63
 10
68275.02
 20
462283.74
 10
66042.25
 20
462318.4300000001
 10
66085.74
 20
465093.03
 10
66129.25
 20
467867.64
 10
66172.77999999999
 20
470642.27
 10
66216.35000000001
 20
473416.9
 10
66259.92999999999
 20
476191.5499999999
 10
66303.53999999999
 20
478966.21
 10
66347.17999999999
 20
481740.88
 10
66390.85
 20
484515.56
 10
66434.53
 20
487290.24
  0
LWPOLYLINE
  5
F6
330
2
100
AcDbEntity
  8
G50
  6
Continuous
100
AcDbPolyline
 90
       40
 70
     1
 43
0.0
 10
88732.95
 20
489743.47
 10
90958.38999999999
 20
489714.53
 10
93183.82000000001
 20
489686.1900000001
 10
95409.24999999999
 20
489658.43
 10
97634.66000000001
 20
489631.25
 10
99860.07999999999
 20
489604.66
 10
102085.49
 20
489578.65
 10
104310.89
 20
489553.22
 10
106536.29
 20
489528.39
 10
108761.69
 20
489504.13
 10
110987.07
 20
489480.46
 10
110957.94
 20
486705.91
 10
110928.81
 20
483931.37
 10
110899.71
 20
481156.84
 10
110870.62
 20
478382.32
 10
110841.56
 20
475607.8099999999
 10
110812.5
 20
472833.32
 10
110783.46
 20
470058.83
 10
110754.44
 20
467284.36
 10
110725.44
 20
464509.9
 10
110696.46
 20
461735.4399999999
 10
108463.81
 20
461759.05
 10
106231.14
 20
461783.25
 10
103998.48
 20
461808.02
 10
101765.8
 20
461833.3800000001
 10
99533.13000000001
 20
461859.32
 10
97300.45
 20
461885.85
 10
95067.76
 20
461912.95
 10
92835.07000000001
 20
461940.64
 10
90602.37
 20
461968.9199999999
 10
88369.66
 20
461997.77
 10
88405.9
 20
464772.29
 10
88442.15
 20
467546.82
 10
88478.42999999999
 20
470321.36
 10
88514.72000000001
 20
473095.9099999999
 10
88551.05
 20
475870.48
 10
88587.38
 20
478645.0499999999
 10
88623.74
 20
481419.64
 10
88660.13
 20
484194.24
 10
88696.52999999999
 20
486968.85
  0
TEXT
  5
F7
330
2
100
AcDbEntity
  8
T50000
100
AcDbText
 10
116636.4437229173
 20
390237.6828548187
 30
0.0
 40
4000.0
  1
김천
 50
358.82
  7
GHS
 72
     4
 11
121260.85
 21
392184.5300000001
 31
0.0
100
AcDbText
  0
TEXT
  5
F8
330
2
100
AcDbEntity
  8
T50000
100
AcDbText
 10
116839.9993045531
 20
418064.9160163138
 30
0.0
 40
4000.0
  1
상주
 50
358.81
  7
GHS
 72
     4
 11
121546.33
 21
419925.9099999999
 31
0.0
100
AcDbText
  0
TEXT
  5
F9
330
2
100
AcDbEntity
  8
T50000
100
AcDbText
 10
117376.2600551954
 20
445760.5763549431
 30
0.0
 40
4000.0
  1
문경
 50
358.81
  7
GHS
 72
     4
 11
121833.51
 21
447668.42
 31
0.0
100
AcDbText
  0
TEXT
  5
FA
330
2
100
AcDbEntity
  8
T50000
100
AcDbText
 10
117248.2418567715
 20
473513.7503291531
 30
0.0
 40
4000.0
  1
덕산
 50
358.8
  7
GHS
 72
     4
 11
122122.4
 21
475412.09
 31
0.0
100
AcDbText
  0
LWPOLYLINE
  5
FB
330
2
100
AcDbEntity
  8
G50
  6
Continuous
100
AcDbPolyline
 90
       40
 70
     1
 43
0.0
 10
110120.36
 20
406248.81
 10
112367.42
 20
406225.91
 10
114614.47
 20
406203.59
 10
116861.52
 20
406181.84
 10
119108.56
 20
406160.66
 10
121355.6
 20
406140.09
 10
123602.64
 20
406120.0900000001
 10
125849.66
 20
406100.6599999999
 10
128096.69
 20
406081.81
 10
130343.71
 20
406063.56
 10
132590.73
 20
406045.87
 10
132569.27
 20
403271.7199999999
 10
132547.8
 20
400497.56
 10
132526.36
 20
397723.44
 10
132504.94
 20
394949.31
 10
132483.52
 20
392175.19
 10
132462.13
 20
389401.0900000001
 10
132440.72
 20
386627.0
 10
132419.34
 20
383852.94
 10
132397.98
 20
381078.87
 10
132376.63
 20
378304.81
 10
130122.48
 20
378322.44
 10
127868.32
 20
378340.66
 10
125614.16
 20
378359.4400000001
 10
123359.99
 20
378378.8100000001
 10
121105.82
 20
378398.75
 10
118851.64
 20
378419.28
 10
116597.46
 20
378440.37
 10
114343.27
 20
378462.06
 10
112089.08
 20
378484.3400000001
 10
109834.88
 20
378507.16
 10
109863.36
 20
381281.2800000001
 10
109891.84
 20
384055.41
 10
109920.35
 20
386829.5300000001
 10
109948.87
 20
389603.69
 10
109977.41
 20
392377.8400000001
 10
110005.97
 20
395152.0
 10
110034.54
 20
397926.19
 10
110063.13
 20
400700.37
 10
110091.74
 20
403474.59
  0
LWPOLYLINE
  5
FC
330
2
100
AcDbEntity
  8
G50
  6
Continuous
100
AcDbPolyline
 90
       40
 70
     1
 43
0.0
 10
110407.56
 20
433991.56
 10
112647.43
 20
433968.59
 10
114887.3
 20
433946.2199999999
 10
117127.17
 20
433924.41
 10
119367.03
 20
433903.1900000001
 10
121606.89
 20
433882.5599999999
 10
123846.74
 20
433862.5
 10
126086.59
 20
433843.0
 10
128326.43
 20
433824.12
 10
130566.27
 20
433805.81
 10
132806.11
 20
433788.06
 10
132784.52
 20
431013.81
 10
132762.94
 20
428239.53
 10
132741.36
 20
425465.28
 10
132719.8
 20
422691.06
 10
132698.27
 20
419916.84
 10
132676.73
 20
417142.62
 10
132655.2
 20
414368.41
 10
132633.7
 20
411594.22
 10
132612.2
 20
408820.03
 10
132590.73
 20
406045.87
 10
130343.71
 20
406063.56
 10
128096.69
 20
406081.81
 10
125849.66
 20
406100.6599999999
 10
123602.64
 20
406120.0900000001
 10
121355.6
 20
406140.09
 10
119108.56
 20
406160.66
 10
116861.52
 20
406181.84
 10
114614.47
 20
406203.59
 10
112367.42
 20
406225.91
 10
110120.36
 20
406248.81
 10
110149.01
 20
409023.03
 10
110177.66
 20
411797.25
 10
110206.34
 20
414571.5
 10
110235.03
 20
417345.78
 10
110263.75
 20
420120.03
 10
110292.47
 20
422894.31
 10
110321.22
 20
425668.6199999999
 10
110349.98
 20
428442.9099999999
 10
110378.76
 20
431217.22
  0
LWPOLYLINE
  5
FD
330
2
100
AcDbEntity
  8
G50
  6
Continuous
100
AcDbPolyline
 90
       40
 70
     1
 43
0.0
 10
110696.46
 20
461735.4399999999
 10
112929.11
 20
461712.41
 10
115161.76
 20
461689.97
 10
117394.4
 20
461668.12
 10
119627.04
 20
461646.8400000001
 10
121859.67
 20
461626.16
 10
124092.3
 20
461606.03
 10
126324.92
 20
461586.5
 10
128557.54
 20
461567.56
 10
130790.16
 20
461549.19
 10
133022.77
 20
461531.4099999999
 10
133001.05
 20
458757.03
 10
132979.34
 20
455982.66
 10
132957.64
 20
453208.31
 10
132935.95
 20
450433.94
 10
132914.28
 20
447659.62
 10
132892.63
 20
444885.28
 10
132870.97
 20
442110.97
 10
132849.34
 20
439336.66
 10
132827.72
 20
436562.37
 10
132806.11
 20
433788.06
 10
130566.27
 20
433805.81
 10
128326.43
 20
433824.12
 10
126086.59
 20
433843.0
 10
123846.74
 20
433862.5
 10
121606.89
 20
433882.5599999999
 10
119367.03
 20
433903.1900000001
 10
117127.17
 20
433924.41
 10
114887.3
 20
433946.2199999999
 10
112647.43
 20
433968.59
 10
110407.56
 20
433991.56
 10
110436.37
 20
436765.91
 10
110465.2
 20
439540.25
 10
110494.05
 20
442314.59
 10
110522.91
 20
445088.97
 10
110551.8
 20
447863.37
 10
110580.69
 20
450637.75
 10
110609.61
 20
453412.16
 10
110638.54
 20
456186.59
 10
110667.49
 20
458961.0
  0
LWPOLYLINE
  5
FE
330
2
100
AcDbEntity
  8
G50
  6
Continuous
100
AcDbPolyline
 90
       40
 70
     1
 43
0.0
 10
110987.07
 20
489480.47
 10
113212.45
 20
489457.37
 10
115437.83
 20
489434.87
 10
117663.21
 20
489412.97
 10
119888.58
 20
489391.62
 10
122113.94
 20
489370.8700000001
 10
124339.31
 20
489350.72
 10
126564.66
 20
489331.16
 10
128790.02
 20
489312.16
 10
131015.37
 20
489293.75
 10
133240.72
 20
489275.91
 10
133218.86
 20
486501.4099999999
 10
133197.02
 20
483726.94
 10
133175.2
 20
480952.44
 10
133153.39
 20
478177.97
 10
133131.58
 20
475403.53
 10
133109.8
 20
472629.0900000001
 10
133088.02
 20
469854.66
 10
133066.27
 20
467080.2199999999
 10
133044.52
 20
464305.81
 10
133022.77
 20
461531.4099999999
 10
130790.16
 20
461549.19
 10
128557.54
 20
461567.56
 10
126324.92
 20
461586.5
 10
124092.3
 20
461606.03
 10
121859.67
 20
461626.16
 10
119627.04
 20
461646.8400000001
 10
117394.4
 20
461668.12
 10
115161.76
 20
461689.97
 10
112929.11
 20
461712.41
 10
110696.46
 20
461735.4399999999
 10
110725.45
 20
464509.91
 10
110754.45
 20
467284.37
 10
110783.47
 20
470058.84
 10
110812.5
 20
472833.31
 10
110841.55
 20
475607.8099999999
 10
110870.62
 20
478382.31
 10
110899.71
 20
481156.84
 10
110928.81
 20
483931.37
 10
110957.93
 20
486705.91
  0
LWPOLYLINE
  5
FF
330
2
100
AcDbEntity
  8
G50
  6
Continuous
100
AcDbPolyline
 90
       40
 70
     1
 43
0.0
 10
111279.38
 20
517226.62
 10
113497.45
 20
517203.47
 10
115715.52
 20
517180.91
 10
117933.59
 20
517158.9400000001
 10
120151.65
 20
517137.5600000001
 10
122369.71
 20
517116.78
 10
124587.76
 20
517096.56
 10
126805.81
 20
517076.9400000001
 10
129023.85
 20
517057.87
 10
131241.91
 20
517039.44
 10
133459.94
 20
517021.56
 10
133437.95
 20
514246.94
 10
133415.98
 20
511472.34
 10
133394.03
 20
508697.75
 10
133372.09
 20
505923.16
 10
133350.17
 20
503148.59
 10
133328.25
 20
500374.03
 10
133306.34
 20
497599.5000000001
 10
133284.45
 20
494824.97
 10
133262.58
 20
492050.44
 10
133240.72
 20
489275.91
 10
131015.37
 20
489293.75
 10
128790.02
 20
489312.16
 10
126564.66
 20
489331.16
 10
124339.31
 20
489350.72
 10
122113.94
 20
489370.8700000001
 10
119888.58
 20
489391.62
 10
117663.21
 20
489412.97
 10
115437.83
 20
489434.87
 10
113212.45
 20
489457.37
 10
110987.07
 20
489480.47
 10
111016.22
 20
492255.0300000001
 10
111045.4
 20
495029.59
 10
111074.58
 20
497804.19
 10
111103.79
 20
500578.78
 10
111133.01
 20
503353.41
 10
111162.25
 20
506128.03
 10
111191.51
 20
508902.66
 10
111220.78
 20
511677.31
 10
111250.07
 20
514451.94
  0
LWPOLYLINE
  5
100
330
2
100
AcDbEntity
  8
G50
  6
Continuous
100
AcDbPolyline
 90
       40
 70
     1
 43
0.0
 10
111573.38
 20
544973.9099999999
 10
113784.1
 20
544950.72
 10
115994.82
 20
544928.0900000001
 10
118205.54
 20
544906.0900000001
 10
120416.24
 20
544884.6599999999
 10
122626.95
 20
544863.8100000001
 10
124837.65
 20
544843.53
 10
127048.35
 20
544823.87
 10
129259.04
 20
544804.7800000001
 10
131469.73
 20
544786.2800000001
 10
133680.42
 20
544768.37
 10
133658.31
 20
541993.62
 10
133636.22
 20
539218.9099999999
 10
133614.14
 20
536444.22
 10
133592.06
 20
533669.5
 10
133570.02
 20
530894.8400000002
 10
133547.98
 20
528120.1599999999
 10
133525.95
 20
525345.5
 10
133503.94
 20
522570.8400000001
 10
133481.92
 20
519796.19
 10
133459.94
 20
517021.56
 10
131241.91
 20
517039.44
 10
129023.85
 20
517057.87
 10
126805.81
 20
517076.9400000001
 10
124587.76
 20
517096.56
 10
122369.71
 20
517116.78
 10
120151.65
 20
517137.5600000001
 10
117933.59
 20
517158.9400000001
 10
115715.52
 20
517180.91
 10
113497.45
 20
517203.47
 10
111279.38
 20
517226.62
 10
111308.7
 20
520001.31
 10
111338.04
 20
522776.0
 10
111367.4
 20
525550.69
 10
111396.78
 20
528325.4099999999
 10
111426.17
 20
531100.12
 10
111455.58
 20
533874.87
 10
111485.0
 20
536649.5900000001
 10
111514.45
 20
539424.37
 10
111543.91
 20
542199.12
  0
LWPOLYLINE
  5
101
330
2
100
AcDbEntity
  8
G50
  6
Continuous
100
AcDbPolyline
 90
       40
 70
     1
 43
0.0
 10
67801.49
 20
573311.03
 10
70004.92999999999
 20
573276.01
 10
72208.35000000001
 20
573241.5600000001
 10
74411.77
 20
573207.7199999999
 10
76615.18
 20
573174.45
 10
78818.59
 20
573141.78
 10
81022.0
 20
573109.69
 10
83225.39
 20
573078.2
 10
85428.77999999999
 20
573047.2900000001
 10
87632.15999999999
 20
573016.98
 10
89835.53999999999
 20
572987.24
 10
89798.49000000001
 20
570212.29
 10
89761.45
 20
567437.35
 10
89724.43
 20
564662.41
 10
89687.44
 20
561887.49
 10
89650.46
 20
559112.5800000001
 10
89613.51
 20
556337.6899999999
 10
89576.57000000001
 20
553562.8
 10
89539.66000000001
 20
550787.9199999999
 10
89502.77000000001
 20
548013.0600000001
 10
89465.9
 20
545238.2
 10
87255.12
 20
545267.86
 10
85044.33999999999
 20
545298.1
 10
82833.55999999999
 20
545328.94
 10
80622.76
 20
545360.36
 10
78411.96
 20
545392.38
 10
76201.16
 20
545424.97
 10
73990.34
 20
545458.16
 10
71779.53
 20
545491.93
 10
69568.71000000001
 20
545526.2900000001
 10
67357.87
 20
545561.24
 10
67402.11999999999
 20
548336.1699999999
 10
67446.39
 20
551111.11
 10
67490.69
 20
553886.07
 10
67535.02000000001
 20
556661.03
 10
67579.37
 20
559436.0
 10
67623.74000000001
 20
562210.99
 10
67668.14
 20
564985.99
 10
67712.56
 20
567760.99
 10
67757.00999999999
 20
570536.01
  0
LWPOLYLINE
  5
102
330
2
100
AcDbEntity
  8
G50
  6
Continuous
100
AcDbPolyline
 90
       40
 70
     1
 43
0.0
 10
89835.53999999999
 20
572987.24
 10
92038.91999999999
 20
572958.1
 10
94242.30000000001
 20
572929.55
 10
96445.66000000001
 20
572901.5900000001
 10
98649.00999999999
 20
572874.22
 10
100852.37
 20
572847.43
 10
103055.72
 20
572821.24
 10
105259.07
 20
572795.63
 10
107462.41
 20
572770.61
 10
109665.74
 20
572746.1899999999
 10
111869.08
 20
572722.35
 10
111839.43
 20
569947.4499999999
 10
111809.8
 20
567172.5700000001
 10
111780.19
 20
564397.6999999999
 10
111750.6
 20
561622.8400000001
 10
111721.01
 20
558847.99
 10
111691.45
 20
556073.1500000001
 10
111661.91
 20
553298.3200000001
 10
111632.38
 20
550523.51
 10
111602.87
 20
547748.6999999999
 10
111573.38
 20
544973.9099999999
 10
109362.66
 20
544997.69
 10
107151.93
 20
545022.0600000001
 10
104941.18
 20
545047.03
 10
102730.45
 20
545072.58
 10
100519.7
 20
545098.7099999999
 10
98308.96
 20
545125.4299999999
 10
96098.2
 20
545152.75
 10
93887.44
 20
545180.64
 10
91676.67999999999
 20
545209.12
 10
89465.9
 20
545238.2
 10
89502.77000000001
 20
548013.0600000001
 10
89539.66000000001
 20
550787.9199999999
 10
89576.57000000001
 20
553562.8
 10
89613.51
 20
556337.6899999999
 10
89650.46
 20
559112.5800000001
 10
89687.44
 20
561887.49
 10
89724.43
 20
564662.41
 10
89761.45
 20
567437.35
 10
89798.49000000001
 20
570212.29
  0
LWPOLYLINE
  5
103
330
2
100
AcDbEntity
  8
G50
  6
Continuous
100
AcDbPolyline
 90
       40
 70
     1
 43
0.0
 10
155934.95
 20
572369.19
 10
158138.23
 20
572357.72
 10
160341.48
 20
572346.8100000001
 10
162544.75
 20
572336.5300000001
 10
164748.02
 20
572326.8100000001
 10
166951.27
 20
572317.69
 10
169154.52
 20
572309.16
 10
171357.78
 20
572301.1899999999
 10
173561.03
 20
572293.8400000001
 10
175764.28
 20
572287.0900000001
 10
177967.53
 20
572280.9099999999
 10
177960.13
 20
569506.0900000001
 10
177952.72
 20
566731.3100000001
 10
177945.31
 20
563956.56
 10
177937.92
 20
561181.78
 10
177930.52
 20
558407.03
 10
177923.14
 20
555632.3100000001
 10
177915.75
 20
552857.5900000001
 10
177908.38
 20
550082.87
 10
177900.98
 20
547308.16
 10
177893.63
 20
544533.47
 10
175682.98
 20
544539.6599999999
 10
173472.34
 20
544546.4099999999
 10
171261.69
 20
544553.75
 10
169051.05
 20
544561.66
 10
166840.41
 20
544570.1899999999
 10
164629.75
 20
544579.28
 10
162419.09
 20
544588.97
 10
160208.44
 20
544599.25
 10
157997.8
 20
544610.1200000001
 10
155787.13
 20
544621.5600000001
 10
155801.88
 20
547396.28
 10
155816.63
 20
550171.0
 10
155831.39
 20
552945.72
 10
155846.16
 20
555720.4699999999
 10
155860.94
 20
558495.22
 10
155875.73
 20
561270.0
 10
155890.52
 20
564044.78
 10
155905.33
 20
566819.56
 10
155920.14
 20
569594.37
  0
LWPOLYLINE
  5
104
330
2
100
AcDbEntity
  8
G50
  6
Continuous
100
AcDbPolyline
 90
       40
 70
     1
 43
0.0
 10
133902.19
 20
572516.3400000001
 10
136105.47
 20
572498.97
 10
138308.77
 20
572482.19
 10
140512.05
 20
572466.0
 10
142715.31
 20
572450.4099999999
 10
144918.59
 20
572435.4099999999
 10
147121.88
 20
572420.97
 10
149325.16
 20
572407.1599999999
 10
151528.42
 20
572393.9099999999
 10
153731.69
 20
572381.2500000001
 10
155934.95
 20
572369.19
 10
155920.14
 20
569594.37
 10
155905.33
 20
566819.56
 10
155890.52
 20
564044.78
 10
155875.73
 20
561270.0
 10
155860.94
 20
558495.22
 10
155846.16
 20
555720.4699999999
 10
155831.39
 20
552945.72
 10
155816.63
 20
550171.0
 10
155801.88
 20
547396.28
 10
155787.13
 20
544621.5600000001
 10
153576.47
 20
544633.5900000001
 10
151365.81
 20
544646.22
 10
149155.16
 20
544659.44
 10
146944.48
 20
544673.25
 10
144733.81
 20
544687.6200000001
 10
142523.14
 20
544702.5900000001
 10
140312.45
 20
544718.16
 10
138101.8
 20
544734.3100000001
 10
135891.11
 20
544751.0600000001
 10
133680.42
 20
544768.37
 10
133702.55
 20
547543.12
 10
133724.67
 20
550317.87
 10
133746.81
 20
553092.62
 10
133768.97
 20
555867.41
 10
133791.14
 20
558642.22
 10
133813.31
 20
561417.0
 10
133835.52
 20
564191.8100000001
 10
133857.72
 20
566966.6599999999
 10
133879.94
 20
569741.47
  0
LWPOLYLINE
  5
105
330
2
100
AcDbEntity
  8
G50
  6
Continuous
100
AcDbPolyline
 90
       40
 70
     1
 43
0.0
 10
111869.07
 20
572722.3400000001
 10
114072.4
 20
572699.0900000001
 10
116275.72
 20
572676.44
 10
118479.04
 20
572654.37
 10
120682.36
 20
572632.87
 10
122885.67
 20
572611.97
 10
125088.98
 20
572591.6599999999
 10
127292.28
 20
572571.94
 10
129495.58
 20
572552.8100000001
 10
131698.88
 20
572534.28
 10
133902.19
 20
572516.3400000001
 10
133879.94
 20
569741.47
 10
133857.72
 20
566966.6599999999
 10
133835.52
 20
564191.8100000001
 10
133813.31
 20
561417.0
 10
133791.14
 20
558642.22
 10
133768.97
 20
555867.41
 10
133746.81
 20
553092.62
 10
133724.67
 20
550317.87
 10
133702.55
 20
547543.12
 10
133680.42
 20
544768.37
 10
131469.73
 20
544786.2800000001
 10
129259.04
 20
544804.7800000001
 10
127048.35
 20
544823.87
 10
124837.65
 20
544843.53
 10
122626.95
 20
544863.8100000001
 10
120416.24
 20
544884.6599999999
 10
118205.54
 20
544906.0900000001
 10
115994.82
 20
544928.0900000001
 10
113784.1
 20
544950.72
 10
111573.38
 20
544973.9099999999
 10
111602.88
 20
547748.6899999999
 10
111632.39
 20
550523.5
 10
111661.91
 20
553298.31
 10
111691.46
 20
556073.16
 10
111721.02
 20
558848.0
 10
111750.59
 20
561622.8400000001
 10
111780.19
 20
564397.69
 10
111809.8
 20
567172.5600000001
 10
111839.43
 20
569947.4399999999
  0
TEXT
  5
106
330
2
100
AcDbEntity
  8
N50000
100
AcDbText
 10
185065.29
 20
386377.38
 30
0.0
 40
1528.44
  1
36816
 50
358.82
  7
GHS
100
AcDbText
  0
TEXT
  5
107
330
2
100
AcDbEntity
  8
T50000
100
AcDbText
 10
183960.6861214017
 20
389850.386804464
 30
0.0
 40
4000.0
  1
화북
 50
358.82
  7
GHS
 72
     4
 11
188667.55
 21
391753.86
 31
0.0
100
AcDbText
  0
TEXT
  5
108
330
2
100
AcDbEntity
  8
N50000
100
AcDbText
 10
185134.7
 20
414117.9799999999
 30
0.0
 40
1528.44
  1
36812
 50
358.82
  7
GHS
100
AcDbText
  0
TEXT
  5
109
330
2
100
AcDbEntity
  8
T50000
100
AcDbText
 10
183863.8032537833
 20
417594.8396569923
 30
0.0
 40
4000.0
  1
길안
 50
358.81
  7
GHS
 72
     4
 11
188737.63
 21
419494.03
 31
0.0
100
AcDbText
  0
TEXT
  5
10A
330
2
100
AcDbEntity
  8
N50000
100
AcDbText
 10
185204.55
 20
441859.77
 30
0.0
 40
1528.44
  1
36808
 50
358.81
  7
GHS
100
AcDbText
  0
TEXT
  5
10B
330
2
100
AcDbEntity
  8
T50000
100
AcDbText
 10
183934.3232537833
 20
445336.1996569923
 30
0.0
 40
4000.0
  1
예안
 50
358.81
  7
GHS
 72
     4
 11
188808.15
 21
447235.39
 31
0.0
100
AcDbText
  0
TEXT
  5
10C
330
2
100
AcDbEntity
  8
N50000
100
AcDbText
 10
185274.84
 20
469602.69
 30
0.0
 40
1528.44
  1
36804
 50
358.8
  7
GHS
100
AcDbText
  0
TEXT
  5
10D
330
2
100
AcDbEntity
  8
T50000
100
AcDbText
 10
184170.6993698555
 20
473034.3923973612
 30
0.0
 40
4000.0
  1
춘양
 50
358.8
  7
GHS
 72
     4
 11
188879.1
 21
474977.88
 31
0.0
100
AcDbText
  0
TEXT
  5
10E
330
2
100
AcDbEntity
  8
N50000
100
AcDbText
 10
185345.55
 20
497346.83
 30
0.0
 40
1528.44
  1
37816
 50
358.79
  7
GHS
100
AcDbText
  0
TEXT
  5
10F
330
2
100
AcDbEntity
  8
T50000
100
AcDbText
 10
184284.2674859655
 20
500819.7017020137
 30
0.0
 40
4000.0
  1
태백
 50
358.79
  7
GHS
 72
     4
 11
188950.47
 21
502721.59
 31
0.0
100
AcDbText
  0
TEXT
  5
110
330
2
100
AcDbEntity
  8
N50000
100
AcDbText
 10
185416.71
 20
525092.0900000001
 30
0.0
 40
1528.44
  1
37812
 50
358.79
  7
GHS
100
AcDbText
  0
TEXT
  5
111
330
2
100
AcDbEntity
  8
T50000
100
AcDbText
 10
184272.7727348733
 20
528566.3014448645
 30
0.0
 40
4000.0
  1
임계
 50
358.79
  7
GHS
 72
     4
 11
189022.29
 21
530466.4299999999
 31
0.0
100
AcDbText
  0
TEXT
  5
112
330
2
100
AcDbEntity
  8
N50000
100
AcDbText
 10
185488.29
 20
552838.5800000001
 30
0.0
 40
1528.44
  1
37808
 50
358.78
  7
GHS
100
AcDbText
  0
TEXT
  5
113
330
2
100
AcDbEntity
  8
T50000
100
AcDbText
 10
184637.1588636302
 20
556348.6476483182
 30
0.0
 40
4000.0
  1
구정
 50
358.78
  7
GHS
 72
     4
 11
189094.52
 21
558212.5
 31
0.0
100
AcDbText
  0
TEXT
  5
114
330
2
100
AcDbEntity
  8
N50000
100
AcDbText
 10
185560.3
 20
580586.2300000001
 30
0.0
 40
1528.44
  1
37804
 50
358.77
  7
GHS
100
AcDbText
  0
TEXT
  5
115
330
2
100
AcDbEntity
  8
T50000
100
AcDbText
 10
184375.3526883789
 20
584062.1438674151
 30
0.0
 40
4000.0
  1
강릉
 50
358.77
  7
GHS
 72
     4
 11
189167.19
 21
585959.72
 31
0.0
100
AcDbText
  0
LWPOLYLINE
  5
116
330
2
100
AcDbEntity
  8
G50
  6
Continuous
100
AcDbPolyline
 90
       40
 70
     1
 43
0.0
 10
177530.42
 20
405813.97
 10
179777.38
 20
405808.47
 10
182024.34
 20
405803.53
 10
184271.3
 20
405799.19
 10
186518.27
 20
405795.4099999999
 10
188765.22
 20
405792.22
 10
191012.17
 20
405789.62
 10
193259.13
 20
405787.59
 10
195506.09
 20
405786.12
 10
197753.05
 20
405785.28
 10
200000.0
 20
405784.97
 10
200000.0
 20
403010.9099999999
 10
200000.0
 20
400236.81
 10
200000.0
 20
397462.75
 10
200000.0
 20
394688.72
 10
200000.0
 20
391914.66
 10
200000.0
 20
389140.62
 10
200000.0
 20
386366.62
 10
200000.0
 20
383592.62
 10
200000.0
 20
380818.62
 10
200000.0
 20
378044.66
 10
197745.91
 20
378044.9400000001
 10
195491.81
 20
378045.81
 10
193237.72
 20
378047.2500000001
 10
190983.63
 20
378049.2800000001
 10
188729.55
 20
378051.87
 10
186475.44
 20
378055.06
 10
184221.34
 20
378058.81
 10
181967.25
 20
378063.16
 10
179713.16
 20
378068.06
 10
177459.06
 20
378073.56
 10
177466.17
 20
380847.56
 10
177473.3
 20
383621.56
 10
177480.42
 20
386395.56
 10
177487.55
 20
389169.5900000001
 10
177494.69
 20
391943.62
 10
177501.81
 20
394717.66
 10
177508.95
 20
397491.72
 10
177516.11
 20
400265.78
 10
177523.27
 20
403039.87
  0
LWPOLYLINE
  5
117
330
2
100
AcDbEntity
  8
G50
  6
Continuous
100
AcDbPolyline
 90
       40
 70
     1
 43
0.0
 10
177893.63
 20
544533.47
 10
180104.27
 20
544527.91
 10
182314.91
 20
544522.9099999999
 10
184525.55
 20
544518.5
 10
186736.19
 20
544514.69
 10
188946.81
 20
544511.47
 10
191157.45
 20
544508.8100000001
 10
193368.09
 20
544506.78
 10
195578.73
 20
544505.31
 10
197789.3599999999
 20
544504.4099999999
 10
200000.0
 20
544504.12
 10
200000.0
 20
541729.4399999999
 10
200000.0
 20
538954.8100000001
 10
200000.0
 20
536180.1599999999
 10
200000.0
 20
533405.5
 10
200000.0
 20
530630.87
 10
200000.0
 20
527856.28
 10
200000.0
 20
525081.69
 10
200000.0
 20
522307.09
 10
200000.0
 20
519532.53
 10
200000.0
 20
516757.9400000001
 10
197782.02
 20
516758.25
 10
195564.03
 20
516759.12
 10
193346.05
 20
516760.59
 10
191128.06
 20
516762.62
 10
188910.06
 20
516765.28
 10
186692.09
 20
516768.5
 10
184474.09
 20
516772.3099999999
 10
182256.11
 20
516776.69
 10
180038.13
 20
516781.69
 10
177820.13
 20
516787.25
 10
177827.45
 20
519561.81
 10
177834.8
 20
522336.41
 10
177842.13
 20
525111.0
 10
177849.48
 20
527885.5900000001
 10
177856.81
 20
530660.22
 10
177864.17
 20
533434.8400000001
 10
177871.53
 20
536209.5
 10
177878.89
 20
538984.12
 10
177886.25
 20
541758.8100000001
  0
LWPOLYLINE
  5
118
330
2
100
AcDbEntity
  8
G50
  6
Continuous
100
AcDbPolyline
 90
       40
 70
     1
 43
0.0
 10
177602.2
 20
433555.5300000001
 10
179841.98
 20
433550.03
 10
182081.77
 20
433545.09
 10
184321.55
 20
433540.72
 10
186561.33
 20
433536.94
 10
188801.11
 20
433533.75
 10
191040.89
 20
433531.12
 10
193280.67
 20
433529.09
 10
195520.44
 20
433527.62
 10
197760.22
 20
433526.75
 10
200000.0
 20
433526.4699999999
 10
200000.0
 20
430752.28
 10
200000.0
 20
427978.0900000001
 10
200000.0
 20
425203.91
 10
200000.0
 20
422429.75
 10
200000.0
 20
419655.59
 10
200000.0
 20
416881.44
 10
200000.0
 20
414107.3099999999
 10
200000.0
 20
411333.19
 10
200000.0
 20
408559.09
 10
200000.0
 20
405784.97
 10
197753.05
 20
405785.28
 10
195506.09
 20
405786.12
 10
193259.13
 20
405787.59
 10
191012.17
 20
405789.62
 10
188765.22
 20
405792.22
 10
186518.27
 20
405795.4099999999
 10
184271.3
 20
405799.19
 10
182024.34
 20
405803.53
 10
179777.38
 20
405808.47
 10
177530.42
 20
405813.97
 10
177537.56
 20
408588.06
 10
177544.73
 20
411362.19
 10
177551.91
 20
414136.31
 10
177559.0799999999
 20
416910.47
 10
177566.2699999999
 20
419684.62
 10
177573.44
 20
422458.7800000001
 10
177580.63
 20
425232.9399999999
 10
177587.81
 20
428007.12
 10
177595.02
 20
430781.34
  0
LWPOLYLINE
  5
119
330
2
100
AcDbEntity
  8
G50
  6
Continuous
100
AcDbPolyline
 90
       40
 70
     1
 43
0.0
 10
177674.42
 20
461298.28
 10
179906.98
 20
461292.75
 10
182139.55
 20
461287.78
 10
184372.09
 20
461283.4099999999
 10
186604.66
 20
461279.62
 10
188837.22
 20
461276.4099999999
 10
191069.77
 20
461273.78
 10
193302.33
 20
461271.75
 10
195534.89
 20
461270.31
 10
197767.44
 20
461269.41
 10
200000.0
 20
461269.12
 10
200000.0
 20
458494.81
 10
200000.0
 20
455720.5
 10
200000.0
 20
452946.22
 10
200000.0
 20
450171.94
 10
200000.0
 20
447397.66
 10
200000.0
 20
444623.41
 10
200000.0
 20
441849.16
 10
200000.0
 20
439074.9099999999
 10
200000.0
 20
436300.69
 10
200000.0
 20
433526.4699999999
 10
197760.22
 20
433526.75
 10
195520.44
 20
433527.62
 10
193280.67
 20
433529.09
 10
191040.89
 20
433531.12
 10
188801.11
 20
433533.75
 10
186561.33
 20
433536.94
 10
184321.55
 20
433540.72
 10
182081.77
 20
433545.09
 10
179841.98
 20
433550.03
 10
177602.2
 20
433555.5300000001
 10
177609.41
 20
436329.75
 10
177616.61
 20
439104.0
 10
177623.81
 20
441878.25
 10
177631.05
 20
444652.5
 10
177638.27
 20
447426.75
 10
177645.48
 20
450201.0300000001
 10
177652.7
 20
452975.34
 10
177659.94
 20
455749.62
 10
177667.19
 20
458523.94
  0
LWPOLYLINE
  5
11A
330
2
100
AcDbEntity
  8
G50
  6
Continuous
100
AcDbPolyline
 90
       40
 70
     1
 43
0.0
 10
177747.06
 20
489042.1599999999
 10
179972.36
 20
489036.62
 10
182197.66
 20
489031.66
 10
184422.95
 20
489027.28
 10
186648.23
 20
489023.47
 10
188873.55
 20
489020.25
 10
191098.83
 20
489017.62
 10
193324.13
 20
489015.59
 10
195549.42
 20
489014.12
 10
197774.7
 20
489013.2499999999
 10
200000.0
 20
489012.97
 10
200000.0
 20
486238.53
 10
200000.0
 20
483464.0900000001
 10
200000.0
 20
480689.69
 10
200000.0
 20
477915.2800000001
 10
200000.0
 20
475140.91
 10
200000.0
 20
472366.53
 10
200000.0
 20
469592.16
 10
200000.0
 20
466817.81
 10
200000.0
 20
464043.47
 10
200000.0
 20
461269.12
 10
197767.44
 20
461269.41
 10
195534.89
 20
461270.31
 10
193302.33
 20
461271.75
 10
191069.77
 20
461273.78
 10
188837.22
 20
461276.4099999999
 10
186604.66
 20
461279.62
 10
184372.09
 20
461283.4099999999
 10
182139.55
 20
461287.78
 10
179906.98
 20
461292.75
 10
177674.42
 20
461298.28
 10
177681.67
 20
464072.62
 10
177688.91
 20
466846.97
 10
177696.17
 20
469621.31
 10
177703.44
 20
472395.69
 10
177710.69
 20
475170.09
 10
177717.95
 20
477944.4699999999
 10
177725.23
 20
480718.8700000001
 10
177732.5
 20
483493.31
 10
177739.78
 20
486267.72
  0
LWPOLYLINE
  5
11B
330
2
100
AcDbEntity
  8
G50
  6
Continuous
100
AcDbPolyline
 90
       40
 70
     1
 43
0.0
 10
177820.13
 20
516787.25
 10
180038.13
 20
516781.69
 10
182256.11
 20
516776.69
 10
184474.09
 20
516772.3099999999
 10
186692.09
 20
516768.5
 10
188910.06
 20
516765.28
 10
191128.06
 20
516762.62
 10
193346.05
 20
516760.59
 10
195564.03
 20
516759.12
 10
197782.02
 20
516758.25
 10
200000.0
 20
516757.9400000001
 10
200000.0
 20
513983.41
 10
200000.0
 20
511208.8700000001
 10
200000.0
 20
508434.34
 10
200000.0
 20
505659.81
 10
200000.0
 20
502885.31
 10
200000.0
 20
500110.81
 10
200000.0
 20
497336.34
 10
200000.0
 20
494561.87
 10
200000.0
 20
491787.41
 10
200000.0
 20
489012.97
 10
197774.7
 20
489013.2499999999
 10
195549.42
 20
489014.12
 10
193324.13
 20
489015.59
 10
191098.83
 20
489017.62
 10
188873.55
 20
489020.25
 10
186648.23
 20
489023.47
 10
184422.95
 20
489027.28
 10
182197.66
 20
489031.66
 10
179972.36
 20
489036.62
 10
177747.06
 20
489042.1599999999
 10
177754.34
 20
491816.62
 10
177761.64
 20
494591.0900000001
 10
177768.94
 20
497365.56
 10
177776.23
 20
500140.06
 10
177783.55
 20
502914.56
 10
177790.84
 20
505689.06
 10
177798.16
 20
508463.5900000001
 10
177805.48
 20
511238.12
 10
177812.8
 20
514012.69
  0
LWPOLYLINE
  5
11C
330
2
100
AcDbEntity
  8
G50
  6
Continuous
100
AcDbPolyline
 90
       40
 70
     1
 43
0.0
 10
178041.88
 20
600029.5000000001
 10
180237.69
 20
600023.87
 10
182433.5
 20
600018.87
 10
184629.31
 20
600014.4399999999
 10
186825.13
 20
600010.6200000001
 10
189020.94
 20
600007.37
 10
191216.75
 20
600004.72
 10
193412.56
 20
600002.6599999999
 10
195608.38
 20
600001.19
 10
197804.19
 20
600000.28
 10
200000.0
 20
600000.0
 10
200000.0
 20
597225.0900000001
 10
200000.0
 20
594450.1899999999
 10
200000.0
 20
591675.3100000001
 10
200000.0
 20
588900.44
 10
200000.0
 20
586125.5900000001
 10
200000.0
 20
583350.75
 10
200000.0
 20
580575.9099999999
 10
200000.0
 20
577801.0900000001
 10
200000.0
 20
575026.2800000001
 10
200000.0
 20
572251.47
 10
197796.77
 20
572251.7800000001
 10
195593.52
 20
572252.66
 10
193390.27
 20
572254.1200000001
 10
191187.02
 20
572256.1899999999
 10
188983.77
 20
572258.8400000001
 10
186780.53
 20
572262.06
 10
184577.28
 20
572265.87
 10
182374.03
 20
572270.3100000001
 10
180170.78
 20
572275.3100000001
 10
177967.53
 20
572280.9099999999
 10
177974.95
 20
575055.72
 10
177982.38
 20
577830.53
 10
177989.8
 20
580605.3400000001
 10
177997.22
 20
583380.19
 10
178004.66
 20
586155.0600000001
 10
178012.08
 20
588929.9099999999
 10
178019.52
 20
591704.78
 10
178026.97
 20
594479.69
 10
178034.42
 20
597254.59
  0
LWPOLYLINE
  5
11D
330
2
100
AcDbEntity
  8
G50
  6
Continuous
100
AcDbPolyline
 90
       40
 70
     1
 43
0.0
 10
177967.53
 20
572280.9099999999
 10
180170.78
 20
572275.3100000001
 10
182374.03
 20
572270.3100000001
 10
184577.28
 20
572265.87
 10
186780.53
 20
572262.06
 10
188983.77
 20
572258.8400000001
 10
191187.02
 20
572256.1899999999
 10
193390.27
 20
572254.1200000001
 10
195593.52
 20
572252.66
 10
197796.77
 20
572251.7800000001
 10
200000.0
 20
572251.47
 10
200000.0
 20
569476.69
 10
200000.0
 20
566701.91
 10
200000.0
 20
563927.12
 10
200000.0
 20
561152.37
 10
200000.0
 20
558377.66
 10
200000.0
 20
555602.9099999999
 10
200000.0
 20
552828.1899999999
 10
200000.0
 20
550053.5
 10
200000.0
 20
547278.8100000001
 10
200000.0
 20
544504.12
 10
197789.3599999999
 20
544504.4099999999
 10
195578.73
 20
544505.31
 10
193368.09
 20
544506.78
 10
191157.45
 20
544508.8100000001
 10
188946.81
 20
544511.47
 10
186736.19
 20
544514.69
 10
184525.55
 20
544518.5
 10
182314.91
 20
544522.9099999999
 10
180104.27
 20
544527.91
 10
177893.63
 20
544533.47
 10
177900.98
 20
547308.16
 10
177908.38
 20
550082.87
 10
177915.75
 20
552857.5900000001
 10
177923.14
 20
555632.3100000001
 10
177930.52
 20
558407.03
 10
177937.92
 20
561181.78
 10
177945.31
 20
563956.56
 10
177952.72
 20
566731.3100000001
 10
177960.13
 20
569506.0900000001
  0
TEXT
  5
11E
330
2
100
AcDbEntity
  8
N50000
100
AcDbText
 10
230149.91
 20
330903.5300000001
 30
0.0
 40
1528.44
  1
35910
 50
358.84
  7
GHS
100
AcDbText
  0
TEXT
  5
11F
330
2
100
AcDbEntity
  8
T50000
100
AcDbText
 10
229043.9208456364
 20
334374.6639150211
 30
0.0
 40
4000.0
  1
울산
 50
358.84
  7
GHS
 72
     4
 11
233750.12
 21
336279.7800000001
 31
0.0
100
AcDbText
  0
TEXT
  5
120
330
2
100
AcDbEntity
  8
N50000
100
AcDbText
 10
230076.59
 20
358641.8
 30
0.0
 40
1528.44
  1
35902
 50
358.83
  7
GHS
100
AcDbText
  0
TEXT
  5
121
330
2
100
AcDbEntity
  8
T50000
100
AcDbText
 10
226388.1536728836
 20
362166.0742412334
 30
0.0
 40
4000.0
  1
불국사
 50
358.83
  7
GHS
 72
     4
 11
233677.48
 21
364017.62
 31
0.0
100
AcDbText
  0
LWPOLYLINE
  5
122
330
2
100
AcDbEntity
  8
G50
  6
Continuous
100
AcDbPolyline
 90
       40
 70
     1
 43
0.0
 10
222682.38
 20
322596.2000000001
 10
224950.61
 20
322602.23
 10
227218.86
 20
322608.84
 10
229487.09
 20
322616.03
 10
231755.34
 20
322623.8
 10
234023.59
 20
322632.12
 10
236291.84
 20
322641.0300000001
 10
238560.11
 20
322650.52
 10
240828.36
 20
322660.56
 10
243096.63
 20
322671.2000000001
 10
245364.88
 20
322682.41
 10
245378.94
 20
319908.64
 10
245392.98
 20
317134.87
 10
245407.02
 20
314361.12
 10
245421.05
 20
311587.39
 10
245435.06
 20
308813.66
 10
245449.06
 20
306039.94
 10
245463.06
 20
303266.23
 10
245477.06
 20
300492.55
 10
245491.05
 20
297718.86
 10
245505.02
 20
294945.19
 10
243229.75
 20
294934.02
 10
240954.48
 20
294923.4200000001
 10
238679.22
 20
294913.3900000001
 10
236403.95
 20
294903.94
 10
234128.7
 20
294895.06
 10
231853.44
 20
294886.75
 10
229578.19
 20
294879.02
 10
227302.94
 20
294871.84
 10
225027.69
 20
294865.27
 10
222752.44
 20
294859.25
 10
222745.45
 20
297632.89
 10
222738.45
 20
300406.55
 10
222731.45
 20
303180.2000000001
 10
222724.45
 20
305953.8900000001
 10
222717.45
 20
308727.58
 10
222710.45
 20
311501.2800000001
 10
222703.44
 20
314274.98
 10
222696.42
 20
317048.72
 10
222689.41
 20
319822.45
  0
TEXT
  5
123
330
2
100
AcDbEntity
  8
N50000
100
AcDbText
 10
230222.79
 20
303166.43
 30
0.0
 40
1528.44
  1
35910
 50
358.84
  7
GHS
100
AcDbText
  0
TEXT
  5
124
330
2
100
AcDbEntity
  8
T50000
100
AcDbText
 10
226616.6331946355
 20
306688.6050056399
 30
0.0
 40
4000.0
  1
방어진
 50
358.84
  7
GHS
 72
     4
 11
233822.32
 21
308543.11
 31
0.0
100
AcDbText
  0
LWPOLYLINE
  5
125
330
2
100
AcDbEntity
  8
G50
  6
Continuous
 62
     1
100
AcDbPolyline
 90
       40
 70
     1
 43
0.0
 10
222611.88
 20
350334.3
 10
224873.06
 20
350340.34
 10
227134.27
 20
350346.98
 10
229395.45
 20
350354.19
 10
231656.66
 20
350361.97
 10
233917.84
 20
350370.33
 10
236179.06
 20
350379.27
 10
238440.27
 20
350388.7800000001
 10
240701.47
 20
350398.86
 10
242962.67
 20
350409.53
 10
245223.8900000001
 20
350420.7700000001
 10
245238.02
 20
347646.87
 10
245252.16
 20
344873.0200000001
 10
245266.2800000001
 20
342099.1400000001
 10
245280.3900000001
 20
339325.3
 10
245294.48
 20
336551.4500000001
 10
245308.59
 20
333777.62
 10
245322.6900000001
 20
331003.8
 10
245336.7500000001
 20
328229.98
 10
245350.81
 20
325456.1900000001
 10
245364.88
 20
322682.41
 10
243096.63
 20
322671.2000000001
 10
240828.36
 20
322660.56
 10
238560.11
 20
322650.52
 10
236291.84
 20
322641.0300000001
 10
234023.59
 20
322632.12
 10
231755.34
 20
322623.8
 10
229487.09
 20
322616.03
 10
227218.86
 20
322608.84
 10
224950.61
 20
322602.23
 10
222682.38
 20
322596.2000000001
 10
222675.34
 20
325369.9500000001
 10
222668.31
 20
328143.73
 10
222661.27
 20
330917.5200000001
 10
222654.22
 20
333691.3
 10
222647.19
 20
336465.11
 10
222640.13
 20
339238.9200000001
 10
222633.06
 20
342012.75
 10
222626.02
 20
344786.59
 10
222618.94
 20
347560.44
  0
TEXT
  5
126
330
2
100
AcDbEntity
  8
N50000
100
AcDbText
 10
207536.46
 20
358610.97
 30
0.0
 40
1528.44
  1
35901
 50
358.83
  7
GHS
100
AcDbText
  0
TEXT
  5
127
330
2
100
AcDbEntity
  8
T50000
100
AcDbText
 10
206348.6932413924
 20
362126.3948881569
 30
0.0
 40
4000.0
  1
경주
 50
358.83
  7
GHS
 72
     4
 11
211137.69
 21
363987.33
 31
0.0
100
AcDbText
  0
TEXT
  5
128
330
2
100
AcDbEntity
  8
N50000
100
AcDbText
 10
207538.84
 20
330872.7800000001
 30
0.0
 40
1528.44
  1
35905
 50
358.84
  7
GHS
100
AcDbText
  0
TEXT
  5
129
330
2
100
AcDbEntity
  8
T50000
100
AcDbText
 10
206266.5683355697
 20
334347.837987729
 30
0.0
 40
4000.0
  1
언양
 50
358.84
  7
GHS
 72
     4
 11
211139.4
 21
336249.58
 31
0.0
100
AcDbText
  0
TEXT
  5
12A
330
2
100
AcDbEntity
  8
N50000
100
AcDbText
 10
207541.23
 20
303135.73
 30
0.0
 40
1528.44
  1
35909
 50
358.84
  7
GHS
100
AcDbText
  0
TEXT
  5
12B
330
2
100
AcDbEntity
  8
T50000
100
AcDbText
 10
206268.2783355697
 20
306611.217987729
 30
0.0
 40
4000.0
  1
양산
 50
358.84
  7
GHS
 72
     4
 11
211141.11
 21
308512.96
 31
0.0
100
AcDbText
  0
TEXT
  5
12C
330
2
100
AcDbEntity
  8
T50000
100
AcDbText
 10
206437.8096702468
 20
278913.2408314408
 30
0.0
 40
4000.0
  1
부산
 50
358.85
  7
GHS
 72
     4
 11
211142.84
 21
280777.52
 31
0.0
100
AcDbText
  0
LWPOLYLINE
  5
12D
330
2
100
AcDbEntity
  8
G50
  6
Continuous
100
AcDbPolyline
 90
       40
 70
     1
 43
0.0
 10
200000.0
 20
350305.4800000001
 10
202261.19
 20
350305.77
 10
204522.38
 20
350306.62
 10
206783.56
 20
350308.06
 10
209044.7300000001
 20
350310.09
 10
211305.94
 20
350312.69
 10
213567.13
 20
350315.86
 10
215828.3
 20
350319.59
 10
218089.48
 20
350323.94
 10
220350.69
 20
350328.83
 10
222611.88
 20
350334.3
 10
222618.94
 20
347560.44
 10
222626.02
 20
344786.59
 10
222633.06
 20
342012.75
 10
222640.13
 20
339238.9200000001
 10
222647.19
 20
336465.11
 10
222654.22
 20
333691.3
 10
222661.27
 20
330917.5200000001
 10
222668.31
 20
328143.73
 10
222675.34
 20
325369.9500000001
 10
222682.38
 20
322596.2000000001
 10
220414.13
 20
322590.73
 10
218145.89
 20
322585.84
 10
215877.66
 20
322581.55
 10
213609.41
 20
322577.81
 10
211341.19
 20
322574.6600000001
 10
209072.94
 20
322572.0600000001
 10
206804.7
 20
322570.05
 10
204536.47
 20
322568.61
 10
202268.23
 20
322567.7500000001
 10
200000.0
 20
322567.45
 10
200000.0
 20
325341.2
 10
200000.0
 20
328114.97
 10
200000.0
 20
330888.75
 10
200000.0
 20
333662.5300000001
 10
200000.0
 20
336436.3299999999
 10
200000.0
 20
339210.1200000001
 10
200000.0
 20
341983.9500000001
 10
200000.0
 20
344757.7800000001
 10
200000.0
 20
347531.62
  0
LWPOLYLINE
  5
12E
330
2
100
AcDbEntity
  8
G50
  6
Continuous
100
AcDbPolyline
 90
       40
 70
     1
 43
0.0
 10
200000.0
 20
322567.45
 10
202268.23
 20
322567.7500000001
 10
204536.47
 20
322568.61
 10
206804.7
 20
322570.05
 10
209072.94
 20
322572.0600000001
 10
211341.19
 20
322574.6600000001
 10
213609.41
 20
322577.81
 10
215877.66
 20
322581.55
 10
218145.89
 20
322585.84
 10
220414.13
 20
322590.73
 10
222682.38
 20
322596.2000000001
 10
222689.41
 20
319822.45
 10
222696.42
 20
317048.72
 10
222703.44
 20
314274.98
 10
222710.45
 20
311501.2800000001
 10
222717.45
 20
308727.58
 10
222724.45
 20
305953.8900000001
 10
222731.45
 20
303180.2000000001
 10
222738.45
 20
300406.55
 10
222745.45
 20
297632.89
 10
222752.44
 20
294859.25
 10
220477.19
 20
294853.8
 10
218201.94
 20
294848.94
 10
215926.7
 20
294844.64
 10
213651.45
 20
294840.9100000001
 10
211376.2
 20
294837.77
 10
209100.97
 20
294835.19
 10
206825.72
 20
294833.19
 10
204550.48
 20
294831.73
 10
202275.23
 20
294830.8900000001
 10
200000.0
 20
294830.59
 10
200000.0
 20
297604.23
 10
200000.0
 20
300377.87
 10
200000.0
 20
303151.55
 10
200000.0
 20
305925.2000000001
 10
200000.0
 20
308698.8900000001
 10
200000.0
 20
311472.58
 10
200000.0
 20
314246.28
 10
200000.0
 20
317020.0
 10
200000.0
 20
319793.73
  0
LWPOLYLINE
  5
12F
330
2
100
AcDbEntity
  8
G50
  6
Continuous
 62
     1
100
AcDbPolyline
 90
       40
 70
     1
 43
0.0
 10
200000.0
 20
294830.59
 10
202275.23
 20
294830.8900000001
 10
204550.48
 20
294831.73
 10
206825.72
 20
294833.19
 10
209100.97
 20
294835.19
 10
211376.2
 20
294837.77
 10
213651.45
 20
294840.9100000001
 10
215926.7
 20
294844.64
 10
218201.94
 20
294848.94
 10
220477.19
 20
294853.8
 10
222752.44
 20
294859.25
 10
222759.42
 20
292085.62
 10
222766.41
 20
289311.98
 10
222773.38
 20
286538.39
 10
222780.34
 20
283764.8
 10
222787.31
 20
280991.2
 10
222794.27
 20
278217.62
 10
222801.22
 20
275444.0600000001
 10
222808.19
 20
272670.52
 10
222815.13
 20
269896.97
 10
222822.06
 20
267123.44
 10
220539.86
 20
267118.02
 10
218257.66
 20
267113.1600000001
 10
215975.44
 20
267108.87
 10
213693.23
 20
267105.1600000001
 10
211411.02
 20
267102.02
 10
209128.81
 20
267099.45
 10
206846.61
 20
267097.45
 10
204564.41
 20
267096.0200000001
 10
202282.2000000001
 20
267095.1700000001
 10
200000.0
 20
267094.87
 10
200000.0
 20
269868.4100000001
 10
200000.0
 20
272641.94
 10
200000.0
 20
275415.48
 10
200000.0
 20
278189.0300000001
 10
200000.0
 20
280962.59
 10
200000.0
 20
283736.1700000001
 10
200000.0
 20
286509.7700000001
 10
200000.0
 20
289283.36
 10
200000.0
 20
292056.98
  0
TEXT
  5
130
330
2
100
AcDbEntity
  8
N50000
 62
     7
100
AcDbText
 10
207543.63
 20
275399.86
 30
0.0
 40
1528.44
  1
35913
 50
358.85
  7
GHS
100
AcDbText
  0
TEXT
  5
131
330
2
100
AcDbEntity
  8
N50000
100
AcDbText
 10
252616.86
 20
358730.4500000001
 30
0.0
 40
1528.44
  1
35903
 50
358.83
  7
GHS
100
AcDbText
  0
TEXT
  5
132
330
2
100
AcDbEntity
  8
T50000
100
AcDbText
 10
251426.7016636346
 20
362161.4689288359
 30
0.0
 40
4000.0
  1
감포
 50
358.83
  7
GHS
 72
     4
 11
256217.4
 21
364105.72
 31
0.0
100
AcDbText
  0
TEXT
  5
133
330
2
100
AcDbEntity
  8
N50000
100
AcDbText
 10
162316.53
 20
330984.1600000001
 30
0.0
 40
1528.44
  1
35807
 50
358.84
  7
GHS
100
AcDbText
  0
TEXT
  5
134
330
2
100
AcDbEntity
  8
T50000
100
AcDbText
 10
161128.284590603
 20
334458.6309513751
 30
0.0
 40
4000.0
  1
청도
 50
358.84
  7
GHS
 72
     4
 11
165917.8
 21
336362.06
 31
0.0
100
AcDbText
  0
TEXT
  5
135
330
2
100
AcDbEntity
  8
N50000
100
AcDbText
 10
162456.01
 20
358722.72
 30
0.0
 40
1528.44
  1
35803
 50
358.83
  7
GHS
100
AcDbText
  0
TEXT
  5
136
330
2
100
AcDbEntity
  8
T50000
100
AcDbText
 10
161268.9632413924
 20
362239.2448881568
 30
0.0
 40
4000.0
  1
대구
 50
358.83
  7
GHS
 72
     4
 11
166057.96
 21
364100.18
 31
0.0
100
AcDbText
  0
LWPOLYLINE
  5
137
330
2
100
AcDbEntity
  8
G50
  6
Continuous
100
AcDbPolyline
 90
       40
 70
     1
 43
0.0
 10
154635.13
 20
322682.41
 10
156903.38
 20
322671.2000000001
 10
159171.64
 20
322660.56
 10
161439.89
 20
322650.52
 10
163708.16
 20
322641.0300000001
 10
165976.41
 20
322632.12
 10
168244.66
 20
322623.8
 10
170512.91
 20
322616.03
 10
172781.14
 20
322608.84
 10
175049.39
 20
322602.23
 10
177317.63
 20
322596.2000000001
 10
177310.59
 20
319822.45
 10
177303.58
 20
317048.72
 10
177296.56
 20
314274.98
 10
177289.55
 20
311501.2800000001
 10
177282.55
 20
308727.58
 10
177275.55
 20
305953.8900000001
 10
177268.55
 20
303180.2000000001
 10
177261.55
 20
300406.55
 10
177254.55
 20
297632.89
 10
177247.56
 20
294859.25
 10
174972.31
 20
294865.27
 10
172697.06
 20
294871.84
 10
170421.81
 20
294879.02
 10
168146.56
 20
294886.75
 10
165871.3
 20
294895.06
 10
163596.05
 20
294903.94
 10
161320.78
 20
294913.3900000001
 10
159045.52
 20
294923.4200000001
 10
156770.25
 20
294934.02
 10
154494.98
 20
294945.19
 10
154508.95
 20
297718.86
 10
154522.94
 20
300492.55
 10
154536.94
 20
303266.23
 10
154550.94
 20
306039.94
 10
154564.94
 20
308813.66
 10
154578.95
 20
311587.39
 10
154592.98
 20
314361.12
 10
154607.02
 20
317134.87
 10
154621.06
 20
319908.64
  0
TEXT
  5
138
330
2
100
AcDbEntity
  8
T50000
100
AcDbText
 10
160767.6403263819
 20
278986.6875471342
 30
0.0
 40
4000.0
  1
마산
 50
358.85
  7
GHS
 72
     4
 11
165640.14
 21
280889.28
 31
0.0
100
AcDbText
  0
TEXT
  5
139
330
2
100
AcDbEntity
  8
N50000
100
AcDbText
 10
162177.94
 20
303246.76
 30
0.0
 40
1528.44
  1
35811
 50
358.84
  7
GHS
100
AcDbText
  0
TEXT
  5
13A
330
2
100
AcDbEntity
  8
T50000
100
AcDbText
 10
161155.6671006698
 20
306718.2968786671
 30
0.0
 40
4000.0
  1
창원
 50
358.84
  7
GHS
 72
     4
 11
165778.55
 21
308625.1
 31
0.0
100
AcDbText
  0
LWPOLYLINE
  5
13B
330
2
100
AcDbEntity
  8
G50
  6
Continuous
100
AcDbPolyline
 90
       40
 70
     1
 43
0.0
 10
154776.11
 20
350420.7700000001
 10
157037.33
 20
350409.53
 10
159298.53
 20
350398.86
 10
161559.73
 20
350388.7800000001
 10
163820.94
 20
350379.27
 10
166082.16
 20
350370.33
 10
168343.34
 20
350361.97
 10
170604.55
 20
350354.19
 10
172865.73
 20
350346.98
 10
175126.94
 20
350340.34
 10
177388.13
 20
350334.3
 10
177381.06
 20
347560.44
 10
177373.98
 20
344786.59
 10
177366.94
 20
342012.75
 10
177359.88
 20
339238.9200000001
 10
177352.81
 20
336465.11
 10
177345.78
 20
333691.3
 10
177338.73
 20
330917.5200000001
 10
177331.69
 20
328143.73
 10
177324.66
 20
325369.9500000001
 10
177317.63
 20
322596.2000000001
 10
175049.39
 20
322602.23
 10
172781.14
 20
322608.84
 10
170512.91
 20
322616.03
 10
168244.66
 20
322623.8
 10
165976.41
 20
322632.12
 10
163708.16
 20
322641.0300000001
 10
161439.89
 20
322650.52
 10
159171.64
 20
322660.56
 10
156903.38
 20
322671.2000000001
 10
154635.13
 20
322682.41
 10
154649.19
 20
325456.1900000001
 10
154663.25
 20
328229.98
 10
154677.31
 20
331003.8
 10
154691.41
 20
333777.62
 10
154705.52
 20
336551.4500000001
 10
154719.61
 20
339325.3
 10
154733.72
 20
342099.1400000001
 10
154747.84
 20
344873.0200000001
 10
154761.98
 20
347646.87
  0
TEXT
  5
13C
330
2
100
AcDbEntity
  8
N50000
100
AcDbText
 10
139915.43
 20
358865.31
 30
0.0
 40
1528.44
  1
35802
 50
358.83
  7
GHS
100
AcDbText
  0
TEXT
  5
13D
330
2
100
AcDbEntity
  8
T50000
100
AcDbText
 10
138644.5664931925
 20
362342.4184862543
 30
0.0
 40
4000.0
  1
왜관
 50
358.83
  7
GHS
 72
     4
 11
143517.73
 21
364243.31
 31
0.0
100
AcDbText
  0
TEXT
  5
13E
330
2
100
AcDbEntity
  8
N50000
100
AcDbText
 10
139705.02
 20
331126.33
 30
0.0
 40
1528.44
  1
35806
 50
358.84
  7
GHS
100
AcDbText
  0
TEXT
  5
13F
330
2
100
AcDbEntity
  8
T50000
100
AcDbText
 10
138683.7771006698
 20
334597.9668786672
 30
0.0
 40
4000.0
  1
창녕
 50
358.84
  7
GHS
 72
     4
 11
143306.66
 21
336504.77
 31
0.0
100
AcDbText
  0
TEXT
  5
140
330
2
100
AcDbEntity
  8
N50000
100
AcDbText
 10
117374.45
 20
359065.72
 30
0.0
 40
1528.44
  1
35801
 50
358.83
  7
GHS
100
AcDbText
  0
TEXT
  5
141
330
2
100
AcDbEntity
  8
N50000
100
AcDbText
 10
139495.91
 20
303388.48
 30
0.0
 40
1528.44
  1
35810
 50
358.84
  7
GHS
100
AcDbText
  0
TEXT
  5
142
330
2
100
AcDbEntity
  8
T50000
100
AcDbText
 10
138473.9971006698
 20
306860.5668786671
 30
0.0
 40
4000.0
  1
남지
 50
358.84
  7
GHS
 72
     4
 11
143096.88
 21
308767.37
 31
0.0
100
AcDbText
  0
TEXT
  5
143
330
2
100
AcDbEntity
  8
T50000
100
AcDbText
 10
138015.0840789326
 20
279086.8692730302
 30
0.0
 40
4000.0
  1
함안
 50
358.85
  7
GHS
 72
     4
 11
142888.42
 21
281031.12
 31
0.0
100
AcDbText
  0
LWPOLYLINE
  5
144
330
2
100
AcDbEntity
  8
G50
  6
Continuous
100
AcDbPolyline
 90
       40
 70
     1
 43
0.0
 10
132163.83
 20
350564.8900000001
 10
134425.06
 20
350547.8700000001
 10
136686.31
 20
350531.45
 10
138947.55
 20
350515.59
 10
141208.78
 20
350500.3100000001
 10
143470.02
 20
350485.6200000001
 10
145731.23
 20
350471.5
 10
147992.45
 20
350457.9500000001
 10
150253.69
 20
350444.98
 10
152514.91
 20
350432.59
 10
154776.11
 20
350420.7700000001
 10
154761.98
 20
347646.87
 10
154747.84
 20
344873.0200000001
 10
154733.72
 20
342099.1400000001
 10
154719.61
 20
339325.3
 10
154705.52
 20
336551.4500000001
 10
154691.41
 20
333777.62
 10
154677.31
 20
331003.8
 10
154663.25
 20
328229.98
 10
154649.19
 20
325456.1900000001
 10
154635.13
 20
322682.41
 10
152366.84
 20
322694.19
 10
150098.58
 20
322706.55
 10
147830.31
 20
322719.48
 10
145562.05
 20
322732.98
 10
143293.77
 20
322747.06
 10
141025.48
 20
322761.73
 10
138757.2
 20
322776.95
 10
136488.91
 20
322792.77
 10
134220.61
 20
322809.14
 10
131952.31
 20
322826.09
 10
131973.41
 20
325599.94
 10
131994.52
 20
328373.77
 10
132015.63
 20
331147.62
 10
132036.77
 20
333921.48
 10
132057.91
 20
336695.34
 10
132079.06
 20
339469.23
 10
132100.23
 20
342243.12
 10
132121.42
 20
345017.05
 10
132142.63
 20
347790.9500000001
  0
LWPOLYLINE
  5
145
330
2
100
AcDbEntity
  8
G50
  6
Continuous
100
AcDbPolyline
 90
       40
 70
     1
 43
0.0
 10
131952.31
 20
322826.09
 10
134220.61
 20
322809.14
 10
136488.91
 20
322792.77
 10
138757.2
 20
322776.95
 10
141025.48
 20
322761.73
 10
143293.77
 20
322747.06
 10
145562.05
 20
322732.98
 10
147830.31
 20
322719.48
 10
150098.58
 20
322706.55
 10
152366.84
 20
322694.19
 10
154635.13
 20
322682.41
 10
154621.06
 20
319908.64
 10
154607.02
 20
317134.87
 10
154592.98
 20
314361.12
 10
154578.95
 20
311587.39
 10
154564.94
 20
308813.66
 10
154550.94
 20
306039.94
 10
154536.94
 20
303266.23
 10
154522.94
 20
300492.55
 10
154508.95
 20
297718.86
 10
154494.98
 20
294945.19
 10
152219.7
 20
294956.94
 10
149944.44
 20
294969.27
 10
147669.16
 20
294982.1600000001
 10
145393.88
 20
294995.62
 10
143118.59
 20
295009.6600000001
 10
140843.3
 20
295024.27
 10
138568.02
 20
295039.45
 10
136292.7
 20
295055.2
 10
134017.41
 20
295071.55
 10
131742.11
 20
295088.45
 10
131763.06
 20
297862.16
 10
131784.05
 20
300635.89
 10
131805.03
 20
303409.62
 10
131826.05
 20
306183.37
 10
131847.05
 20
308957.12
 10
131868.08
 20
311730.91
 10
131889.13
 20
314504.69
 10
131910.17
 20
317278.48
 10
131931.23
 20
320052.28
  0
LWPOLYLINE
  5
146
330
2
100
AcDbEntity
  8
G50
  6
Continuous
100
AcDbPolyline
 90
       40
 70
     1
 43
0.0
 10
154355.72
 20
267209.12
 10
156637.95
 20
267197.98
 10
158920.19
 20
267187.4100000001
 10
161202.41
 20
267177.4200000001
 10
163484.63
 20
267167.98
 10
165766.84
 20
267159.14
 10
168049.06
 20
267150.86
 10
170331.3
 20
267143.16
 10
172613.52
 20
267136.02
 10
174895.72
 20
267129.44
 10
177177.94
 20
267123.44
 10
177170.98
 20
264349.9200000001
 10
177164.06
 20
261576.42
 10
177157.13
 20
258802.9200000001
 10
177150.2
 20
256029.44
 10
177143.28
 20
253255.97
 10
177136.36
 20
250482.52
 10
177129.45
 20
247709.06
 10
177122.55
 20
244935.62
 10
177115.64
 20
242162.19
 10
177108.73
 20
239388.78
 10
174819.59
 20
239394.75
 10
172530.47
 20
239401.3
 10
170241.34
 20
239408.42
 10
167952.2
 20
239416.09
 10
165663.06
 20
239424.36
 10
163373.92
 20
239433.19
 10
161084.77
 20
239442.58
 10
158795.63
 20
239452.55
 10
156506.47
 20
239463.08
 10
154217.31
 20
239474.19
 10
154231.13
 20
242247.62
 10
154244.94
 20
245021.06
 10
154258.75
 20
247794.55
 10
154272.56
 20
250568.02
 10
154286.41
 20
253341.52
 10
154300.25
 20
256115.02
 10
154314.11
 20
258888.52
 10
154327.97
 20
261662.05
 10
154341.84
 20
264435.56
  0
TEXT
  5
147
330
2
100
AcDbEntity
  8
N50000
 62
     7
100
AcDbText
 10
161903.36
 20
247775.41
 30
0.0
 40
1528.44
  1
34803
 50
358.86
  7
GHS
100
AcDbText
  0
TEXT
  5
148
330
2
100
AcDbEntity
  8
T50000
100
AcDbText
 10
160755.4177238852
 20
251248.7002344069
 30
0.0
 40
4000.0
  1
거제
 50
358.86
  7
GHS
 72
     4
 11
165502.61
 21
253154.63
 31
0.0
100
AcDbText
  0
TEXT
  5
149
330
2
100
AcDbEntity
  8
N50000
 62
     7
100
AcDbText
 10
161767.37
 20
220041.44
 30
0.0
 40
1528.44
  1
34807
 50
358.86
  7
GHS
100
AcDbText
  0
TEXT
  5
14A
330
2
100
AcDbEntity
  8
T50000
100
AcDbText
 10
160577.0893044631
 20
223515.9992111031
 30
0.0
 40
4000.0
  1
매물
 50
358.86
  7
GHS
 72
     4
 11
165365.94
 21
225421.1
 31
0.0
100
AcDbText
  0
LWPOLYLINE
  5
14B
330
2
100
AcDbEntity
  8
G50
  6
Continuous
100
AcDbPolyline
 90
       40
 70
     1
 43
0.0
 10
154217.31
 20
239474.19
 10
156506.47
 20
239463.08
 10
158795.63
 20
239452.55
 10
161084.77
 20
239442.58
 10
163373.92
 20
239433.19
 10
165663.06
 20
239424.36
 10
167952.2
 20
239416.09
 10
170241.34
 20
239408.42
 10
172530.47
 20
239401.3
 10
174819.59
 20
239394.75
 10
177108.73
 20
239388.78
 10
177101.84
 20
236615.37
 10
177094.95
 20
233841.98
 10
177088.06
 20
231068.6
 10
177081.19
 20
228295.23
 10
177074.3
 20
225521.87
 10
177067.44
 20
222748.53
 10
177060.56
 20
219975.19
 10
177053.7
 20
217201.87
 10
177046.83
 20
214428.55
 10
177039.98
 20
211655.25
 10
174743.97
 20
211661.2100000001
 10
172447.95
 20
211667.73
 10
170151.95
 20
211674.8300000001
 10
167855.94
 20
211682.49
 10
165559.92
 20
211690.72
 10
163263.91
 20
211699.51
 10
160967.88
 20
211708.87
 10
158671.84
 20
211718.81
 10
156375.83
 20
211729.3
 10
154079.8
 20
211740.37
 10
154093.52
 20
214513.7
 10
154107.23
 20
217287.04
 10
154120.95
 20
220060.39
 10
154134.7
 20
222833.76
 10
154148.45
 20
225607.13
 10
154162.2
 20
228380.5200000001
 10
154175.97
 20
231153.92
 10
154189.75
 20
233927.33
 10
154203.53
 20
236700.75
  0
TEXT
  5
14C
330
2
100
AcDbEntity
  8
N50000
 62
     7
100
AcDbText
 10
139081.63
 20
247916.22
 30
0.0
 40
1528.44
  1
34802
 50
358.86
  7
GHS
100
AcDbText
  0
TEXT
  5
14D
330
2
100
AcDbEntity
  8
T50000
100
AcDbText
 10
138225.6666598399
 20
251384.2573975337
 30
0.0
 40
4000.0
  1
통영
 50
358.86
  7
GHS
 72
     4
 11
142681.25
 21
253295.99
 31
0.0
100
AcDbText
  0
TEXT
  5
14E
330
2
100
AcDbEntity
  8
N50000
 62
     7
100
AcDbText
 10
138876.45
 20
220181.77
 30
0.0
 40
1528.44
  1
34806
 50
358.86
  7
GHS
100
AcDbText
  0
TEXT
  5
14F
330
2
100
AcDbEntity
  8
T50000
100
AcDbText
 10
138019.8066598399
 20
223650.2573975337
 30
0.0
 40
4000.0
  1
욕지
 50
358.86
  7
GHS
 72
     4
 11
142475.39
 21
225561.99
 31
0.0
100
AcDbText
  0
LWPOLYLINE
  5
150
330
2
100
AcDbEntity
  8
G50
  6
Continuous
100
AcDbPolyline
 90
       40
 70
     1
 43
0.0
 10
131325.59
 20
239616.52
 10
133614.8
 20
239599.72
 10
135903.97
 20
239583.48
 10
138193.16
 20
239567.84
 10
140482.33
 20
239552.75
 10
142771.52
 20
239538.23
 10
145060.69
 20
239524.28
 10
147349.84
 20
239510.91
 10
149639.0
 20
239498.09
 10
151928.16
 20
239485.84
 10
154217.31
 20
239474.19
 10
154203.53
 20
236700.75
 10
154189.75
 20
233927.33
 10
154175.97
 20
231153.92
 10
154162.2
 20
228380.5200000001
 10
154148.45
 20
225607.13
 10
154134.7
 20
222833.76
 10
154120.95
 20
220060.39
 10
154107.23
 20
217287.04
 10
154093.52
 20
214513.7
 10
154079.8
 20
211740.37
 10
151783.77
 20
211752.0
 10
149487.73
 20
211764.2
 10
147191.69
 20
211776.97
 10
144895.66
 20
211790.31
 10
142599.59
 20
211804.21
 10
140303.55
 20
211818.68
 10
138007.48
 20
211833.72
 10
135711.44
 20
211849.32
 10
133415.38
 20
211865.5
 10
131119.3
 20
211882.24
 10
131139.88
 20
214655.61
 10
131160.45
 20
217429.0
 10
131181.05
 20
220202.4
 10
131201.66
 20
222975.81
 10
131222.3
 20
225749.24
 10
131242.92
 20
228522.67
 10
131263.56
 20
231296.12
 10
131284.23
 20
234069.56
 10
131304.91
 20
236843.05
  0
LWPOLYLINE
  5
151
330
2
100
AcDbEntity
  8
G50
  6
Continuous
100
AcDbPolyline
 90
       40
 70
     1
 43
0.0
 10
131533.2
 20
267351.9200000001
 10
133815.47
 20
267335.06
 10
136097.73
 20
267318.8
 10
138379.98
 20
267303.08
 10
140662.25
 20
267287.94
 10
142944.5
 20
267273.37
 10
145226.75
 20
267259.37
 10
147509.0
 20
267245.95
 10
149791.23
 20
267233.11
 10
152073.48
 20
267220.83
 10
154355.72
 20
267209.12
 10
154341.84
 20
264435.56
 10
154327.97
 20
261662.05
 10
154314.11
 20
258888.52
 10
154300.25
 20
256115.02
 10
154286.41
 20
253341.52
 10
154272.56
 20
250568.02
 10
154258.75
 20
247794.55
 10
154244.94
 20
245021.06
 10
154231.13
 20
242247.62
 10
154217.31
 20
239474.19
 10
151928.16
 20
239485.84
 10
149639.0
 20
239498.09
 10
147349.84
 20
239510.91
 10
145060.69
 20
239524.28
 10
142771.52
 20
239538.23
 10
140482.33
 20
239552.75
 10
138193.16
 20
239567.84
 10
135903.97
 20
239583.48
 10
133614.8
 20
239599.72
 10
131325.59
 20
239616.52
 10
131346.3
 20
242390.02
 10
131367.02
 20
245163.52
 10
131387.73
 20
247937.02
 10
131408.48
 20
250710.55
 10
131429.23
 20
253484.08
 10
131450.0
 20
256257.62
 10
131470.78
 20
259031.19
 10
131491.56
 20
261804.75
 10
131512.38
 20
264578.33
  0
LWPOLYLINE
  5
152
330
2
100
AcDbEntity
  8
G50
  6
Continuous
100
AcDbPolyline
 90
       40
 70
     1
 43
0.0
 10
154494.98
 20
294945.19
 10
156770.25
 20
294934.02
 10
159045.52
 20
294923.4200000001
 10
161320.78
 20
294913.3900000001
 10
163596.05
 20
294903.94
 10
165871.3
 20
294895.06
 10
168146.56
 20
294886.75
 10
170421.81
 20
294879.02
 10
172697.06
 20
294871.84
 10
174972.31
 20
294865.27
 10
177247.56
 20
294859.25
 10
177240.58
 20
292085.62
 10
177233.59
 20
289311.98
 10
177226.63
 20
286538.39
 10
177219.66
 20
283764.8
 10
177212.69
 20
280991.2
 10
177205.73
 20
278217.62
 10
177198.78
 20
275444.0600000001
 10
177191.81
 20
272670.52
 10
177184.88
 20
269896.97
 10
177177.94
 20
267123.44
 10
174895.72
 20
267129.44
 10
172613.52
 20
267136.02
 10
170331.3
 20
267143.16
 10
168049.06
 20
267150.86
 10
165766.84
 20
267159.14
 10
163484.63
 20
267167.98
 10
161202.41
 20
267177.4200000001
 10
158920.19
 20
267187.4100000001
 10
156637.95
 20
267197.98
 10
154355.72
 20
267209.12
 10
154369.59
 20
269982.6700000001
 10
154383.5
 20
272756.23
 10
154397.41
 20
275529.81
 10
154411.31
 20
278303.41
 10
154425.23
 20
281077.02
 10
154439.17
 20
283850.62
 10
154453.11
 20
286624.25
 10
154467.06
 20
289397.89
 10
154481.02
 20
292171.55
  0
LWPOLYLINE
  5
153
330
2
100
AcDbEntity
  8
G50
  6
Continuous
100
AcDbPolyline
 90
       40
 70
     1
 43
0.0
 10
131742.11
 20
295088.45
 10
134017.41
 20
295071.55
 10
136292.7
 20
295055.2
 10
138568.02
 20
295039.45
 10
140843.3
 20
295024.27
 10
143118.59
 20
295009.6600000001
 10
145393.88
 20
294995.62
 10
147669.16
 20
294982.1600000001
 10
149944.44
 20
294969.27
 10
152219.7
 20
294956.94
 10
154494.98
 20
294945.19
 10
154481.02
 20
292171.55
 10
154467.06
 20
289397.89
 10
154453.11
 20
286624.25
 10
154439.17
 20
283850.62
 10
154425.23
 20
281077.02
 10
154411.31
 20
278303.41
 10
154397.41
 20
275529.81
 10
154383.5
 20
272756.23
 10
154369.59
 20
269982.6700000001
 10
154355.72
 20
267209.12
 10
152073.48
 20
267220.83
 10
149791.23
 20
267233.11
 10
147509.0
 20
267245.95
 10
145226.75
 20
267259.37
 10
142944.5
 20
267273.37
 10
140662.25
 20
267287.94
 10
138379.98
 20
267303.08
 10
136097.73
 20
267318.8
 10
133815.47
 20
267335.06
 10
131533.2
 20
267351.9200000001
 10
131554.03
 20
270125.52
 10
131574.88
 20
272899.12
 10
131595.73
 20
275672.7700000001
 10
131616.61
 20
278446.39
 10
131637.48
 20
281220.05
 10
131658.39
 20
283993.7
 10
131679.3
 20
286767.37
 10
131700.22
 20
289541.05
 10
131721.16
 20
292314.73
  0
TEXT
  5
154
330
2
100
AcDbEntity
  8
N50000
 62
     7
100
AcDbText
 10
139288.13
 20
275651.79
 30
0.0
 40
1528.44
  1
35814
 50
358.85
  7
GHS
100
AcDbText
  0
TEXT
  5
155
330
2
100
AcDbEntity
  8
N50000
 62
     7
100
AcDbText
 10
162040.22
 20
275510.51
 30
0.0
 40
1528.44
  1
35815
 50
358.85
  7
GHS
100
AcDbText
  0
TEXT
  5
156
330
2
100
AcDbEntity
  8
N50000
100
AcDbText
 10
94480.59
 20
331583.63
 30
0.0
 40
1528.44
  1
35808
 50
358.84
  7
GHS
100
AcDbText
  0
TEXT
  5
157
330
2
100
AcDbEntity
  8
T50000
100
AcDbText
 10
93210.11833556969
 20
335061.417987729
 30
0.0
 40
4000.0
  1
거창
 50
358.84
  7
GHS
 72
     4
 11
98082.94999999999
 21
336963.16
 31
0.0
100
AcDbText
  0
TEXT
  5
158
330
2
100
AcDbEntity
  8
N50000
100
AcDbText
 10
94832.92
 20
359323.97
 30
0.0
 40
1528.44
  1
35704
 50
358.83
  7
GHS
100
AcDbText
  0
TEXT
  5
159
330
2
100
AcDbEntity
  8
T50000
100
AcDbText
 10
93815.27673779233
 20
362922.027691962
 30
0.0
 40
4000.0
  1
무풍
 50
358.83
  7
GHS
 72
     4
 11
98435.94000000001
 21
364703.05
 31
0.0
100
AcDbText
  0
LWPOLYLINE
  5
15A
330
2
100
AcDbEntity
  8
G50
  6
Continuous
100
AcDbPolyline
 90
       40
 70
     1
 43
0.0
 10
86585.3
 20
323285.95
 10
88853.71000000001
 20
323257.5
 10
91122.11999999999
 20
323229.62
 10
93390.50999999999
 20
323202.32
 10
95658.89999999999
 20
323175.58
 10
97927.28
 20
323149.43
 10
100195.66
 20
323123.85
 10
102464.02
 20
323098.85
 10
104732.39
 20
323074.4100000001
 10
107000.75
 20
323050.55
 10
109269.09
 20
323027.28
 10
109240.98
 20
320253.4000000001
 10
109212.89
 20
317479.5300000001
 10
109184.83
 20
314705.68
 10
109156.76
 20
311931.84
 10
109128.73
 20
309158.0
 10
109100.7
 20
306384.18
 10
109072.71
 20
303610.37
 10
109044.71
 20
300836.5700000001
 10
109016.74
 20
298062.78
 10
108988.79
 20
295289.01
 10
106713.43
 20
295312.21
 10
104438.07
 20
295336.0
 10
102162.7
 20
295360.35
 10
99887.32
 20
295385.28
 10
97611.93
 20
295410.7800000001
 10
95336.54
 20
295436.86
 10
93061.13000000001
 20
295463.51
 10
90785.74000000001
 20
295490.73
 10
88510.32000000001
 20
295518.5200000001
 10
86234.9
 20
295546.9000000001
 10
86269.84
 20
298320.75
 10
86304.8
 20
301094.62
 10
86339.80000000001
 20
303868.49
 10
86374.8
 20
306642.39
 10
86409.83
 20
309416.2900000001
 10
86444.88
 20
312190.2
 10
86479.94999999999
 20
314964.13
 10
86515.05
 20
317738.06
 10
86550.17
 20
320511.9900000001
  0
TEXT
  5
15B
330
2
100
AcDbEntity
  8
T50000
100
AcDbText
 10
92677.6134227974
 20
279580.7625573369
 30
0.0
 40
4000.0
  1
곤양
 50
358.85
  7
GHS
 72
     4
 11
97383.48
 21
281486.7
 31
0.0
100
AcDbText
  0
TEXT
  5
15C
330
2
100
AcDbEntity
  8
N50000
100
AcDbText
 10
94130.44000000001
 20
303844.4000000001
 30
0.0
 40
1528.44
  1
35712
 50
358.84
  7
GHS
100
AcDbText
  0
TEXT
  5
15D
330
2
100
AcDbEntity
  8
T50000
100
AcDbText
 10
93192.56335570319
 20
307315.8898423132
 30
0.0
 40
4000.0
  1
산청
 50
358.84
  7
GHS
 72
     4
 11
97732.13
 21
309224.38
 31
0.0
100
AcDbText
  0
LWPOLYLINE
  5
15E
330
2
100
AcDbEntity
  8
G50
  6
Continuous
100
AcDbPolyline
 90
       40
 70
     1
 43
0.0
 10
86937.87
 20
351026.1100000001
 10
89199.23
 20
350997.57
 10
91460.58
 20
350969.61
 10
93721.91
 20
350942.23
 10
95983.26
 20
350915.4100000001
 10
98244.57999999999
 20
350889.18
 10
100505.9
 20
350863.52
 10
102767.21
 20
350838.45
 10
105028.52
 20
350813.9400000001
 10
107289.83
 20
350790.01
 10
109551.12
 20
350766.66
 10
109522.84
 20
347992.68
 10
109494.58
 20
345218.7
 10
109466.33
 20
342444.73
 10
109438.1
 20
339670.7800000001
 10
109409.89
 20
336896.83
 10
109381.7
 20
334122.9000000001
 10
109353.53
 20
331348.98
 10
109325.37
 20
328575.0700000001
 10
109297.22
 20
325801.1700000001
 10
109269.09
 20
323027.28
 10
107000.75
 20
323050.55
 10
104732.39
 20
323074.4100000001
 10
102464.02
 20
323098.85
 10
100195.66
 20
323123.85
 10
97927.28
 20
323149.43
 10
95658.89999999999
 20
323175.58
 10
93390.50999999999
 20
323202.32
 10
91122.11999999999
 20
323229.62
 10
88853.71000000001
 20
323257.5
 10
86585.3
 20
323285.95
 10
86620.47000000001
 20
326059.9200000001
 10
86655.63999999999
 20
328833.9000000001
 10
86690.85
 20
331607.89
 10
86726.07000000001
 20
334381.89
 10
86761.32
 20
337155.89
 10
86796.59
 20
339929.9200000001
 10
86831.88000000001
 20
342703.95
 10
86867.19
 20
345477.99
 10
86902.52
 20
348252.0500000001
  0
TEXT
  5
15F
330
2
100
AcDbEntity
  8
N50000
100
AcDbText
 10
72290.7
 20
359640.0600000001
 30
0.0
 40
1528.44
  1
35703
 50
358.83
  7
GHS
100
AcDbText
  0
TEXT
  5
160
330
2
100
AcDbEntity
  8
T50000
100
AcDbText
 10
71275.12831555023
 20
363321.973651283
 30
0.0
 40
4000.0
  1
무주
 50
358.83
  7
GHS
 72
     4
 11
75894.08999999999
 21
365019.68
 31
0.0
100
AcDbText
  0
TEXT
  5
161
330
2
100
AcDbEntity
  8
N50000
100
AcDbText
 10
71867.41
 20
331898.8
 30
0.0
 40
1528.44
  1
35707
 50
358.84
  7
GHS
100
AcDbText
  0
TEXT
  5
162
330
2
100
AcDbEntity
  8
T50000
100
AcDbText
 10
70597.2983355697
 20
335377.127987729
 30
0.0
 40
4000.0
  1
함양
 50
358.84
  7
GHS
 72
     4
 11
75470.13
 21
337278.87
 31
0.0
100
AcDbText
  0
TEXT
  5
163
330
2
100
AcDbEntity
  8
N50000
100
AcDbText
 10
49747.68
 20
360014.03
 30
0.0
 40
1528.44
  1
35702
 50
358.83
  7
GHS
100
AcDbText
  0
TEXT
  5
164
330
2
100
AcDbEntity
  8
N50000
100
AcDbText
 10
49253.37
 20
332271.6600000001
 30
0.0
 40
1528.44
  1
35706
 50
358.84
  7
GHS
100
AcDbText
  0
TEXT
  5
165
330
2
100
AcDbEntity
  8
N50000
100
AcDbText
 10
71446.69
 20
304158.61
 30
0.0
 40
1528.44
  1
35711
 50
358.84
  7
GHS
100
AcDbText
  0
TEXT
  5
166
330
2
100
AcDbEntity
  8
T50000
100
AcDbText
 10
70426.71061884679
 20
307673.9850061838
 30
0.0
 40
4000.0
  1
운봉
 50
358.84
  7
GHS
 72
     4
 11
75048.75
 21
309539.1300000001
 31
0.0
100
AcDbText
  0
TEXT
  5
167
330
2
100
AcDbEntity
  8
T50000
100
AcDbText
 10
69840.80687458964
 20
279896.2050522354
 30
0.0
 40
4000.0
  1
하동
 50
358.85
  7
GHS
 72
     4
 11
74629.99
 21
281800.47
 31
0.0
100
AcDbText
  0
LWPOLYLINE
  5
168
330
2
100
AcDbEntity
  8
G50
  6
Continuous
100
AcDbPolyline
 90
       40
 70
     1
 43
0.0
 10
63900.8
 20
323602.1400000001
 10
66169.28999999999
 20
323567.9300000001
 10
68437.77000000001
 20
323534.3
 10
70706.24
 20
323501.25
 10
72974.69999999999
 20
323468.7700000001
 10
75243.14999999999
 20
323436.86
 10
77511.60000000001
 20
323405.5300000001
 10
79780.03
 20
323374.7700000001
 10
82048.46000000001
 20
323344.5899999999
 10
84316.89
 20
323314.98
 10
86585.3
 20
323285.95
 10
86550.17
 20
320511.9900000001
 10
86515.05
 20
317738.06
 10
86479.94999999999
 20
314964.13
 10
86444.88
 20
312190.2
 10
86409.83
 20
309416.2900000001
 10
86374.8
 20
306642.39
 10
86339.80000000001
 20
303868.49
 10
86304.8
 20
301094.62
 10
86269.84
 20
298320.75
 10
86234.9
 20
295546.9000000001
 10
83959.47000000001
 20
295575.83
 10
81684.03999999998
 20
295605.35
 10
79408.58999999999
 20
295635.44
 10
77133.14999999999
 20
295666.1
 10
74857.69
 20
295697.34
 10
72582.23
 20
295729.1500000001
 10
70306.74000000001
 20
295761.53
 10
68031.27
 20
295794.49
 10
65755.77
 20
295828.0100000001
 10
63480.28
 20
295862.11
 10
63522.21
 20
298636.07
 10
63564.17
 20
301410.0400000001
 10
63606.16
 20
304184.01
 10
63648.18
 20
306958.0
 10
63690.22
 20
309732.0
 10
63732.28
 20
312506.0100000001
 10
63774.37999999999
 20
315280.0300000001
 10
63816.49
 20
318054.06
 10
63858.64
 20
320828.1
  0
LWPOLYLINE
  5
169
330
2
100
AcDbEntity
  8
G50
  6
Continuous
100
AcDbPolyline
 90
       40
 70
     1
 43
0.0
 10
64323.94
 20
351343.24
 10
66585.36
 20
351308.9400000001
 10
68846.78999999999
 20
351275.2000000001
 10
71108.2
 20
351242.0400000001
 10
73369.60000000001
 20
351209.47
 10
75631.0
 20
351177.46
 10
77892.39
 20
351146.0400000001
 10
80153.77
 20
351115.19
 10
82415.14999999999
 20
351084.9200000001
 10
84676.52000000001
 20
351055.23
 10
86937.87
 20
351026.1100000001
 10
86902.52
 20
348252.0500000001
 10
86867.19
 20
345477.99
 10
86831.88000000001
 20
342703.95
 10
86796.59
 20
339929.9200000001
 10
86761.32
 20
337155.89
 10
86726.07000000001
 20
334381.89
 10
86690.85
 20
331607.89
 10
86655.63999999999
 20
328833.9000000001
 10
86620.47000000001
 20
326059.9200000001
 10
86585.3
 20
323285.95
 10
84316.89
 20
323314.98
 10
82048.46000000001
 20
323344.5899999999
 10
79780.03
 20
323374.7700000001
 10
77511.60000000001
 20
323405.5300000001
 10
75243.14999999999
 20
323436.86
 10
72974.69999999999
 20
323468.7700000001
 10
70706.24
 20
323501.25
 10
68437.77000000001
 20
323534.3
 10
66169.28999999999
 20
323567.9300000001
 10
63900.8
 20
323602.1400000001
 10
63943.0
 20
326376.2000000001
 10
63985.22
 20
329150.2800000001
 10
64027.48
 20
331924.36
 10
64069.75
 20
334698.46
 10
64112.04
 20
337472.56
 10
64154.37
 20
340246.68
 10
64196.73
 20
343020.8
 10
64239.1
 20
345794.94
 10
64281.5
 20
348569.08
  0
LWPOLYLINE
  5
16A
330
2
100
AcDbEntity
  8
G50
  6
Continuous
100
AcDbPolyline
 90
       40
 70
     1
 43
0.0
 10
85886.65999999999
 20
267808.93
 10
88169.05999999999
 20
267780.6500000001
 10
90451.42999999999
 20
267752.94
 10
92733.81
 20
267725.8
 10
95016.18
 20
267699.24
 10
97298.53
 20
267673.2400000001
 10
99580.89000000001
 20
267647.82
 10
101863.23
 20
267622.97
 10
104145.57
 20
267598.69
 10
106427.91
 20
267574.99
 10
108710.23
 20
267551.85
 10
108682.47
 20
264778.2
 10
108654.72
 20
262004.55
 10
108627.0
 20
259230.9200000001
 10
108599.3
 20
256457.3
 10
108571.6
 20
253683.69
 10
108543.93
 20
250910.09
 10
108516.27
 20
248136.5
 10
108488.64
 20
245362.93
 10
108461.02
 20
242589.36
 10
108433.41
 20
239815.8
 10
106144.16
 20
239838.86
 10
103854.9
 20
239862.5
 10
101565.64
 20
239886.7
 10
99276.37
 20
239911.47
 10
96987.09
 20
239936.81
 10
94697.82
 20
239962.72
 10
92408.52
 20
239989.19
 10
90119.22
 20
240016.25
 10
87829.92
 20
240043.86
 10
85540.60000000001
 20
240072.05
 10
85575.10999999999
 20
242845.69
 10
85609.64999999999
 20
245619.34
 10
85644.19
 20
248393.0
 10
85678.77000000001
 20
251166.6700000001
 10
85713.36999999999
 20
253940.36
 10
85747.97999999999
 20
256714.04
 10
85782.62
 20
259487.75
 10
85817.28
 20
262261.47
 10
85851.96000000001
 20
265035.19
  0
TEXT
  5
16B
330
2
100
AcDbEntity
  8
N50000
 62
     7
100
AcDbText
 10
93436.64999999999
 20
248369.23
 30
0.0
 40
1528.44
  1
34704
 50
358.86
  7
GHS
100
AcDbText
  0
TEXT
  5
16C
330
2
100
AcDbEntity
  8
T50000
100
AcDbText
 10
92373.1245627294
 20
251842.5222810146
 30
0.0
 40
4000.0
  1
남해
 50
358.86
  7
GHS
 72
     4
 11
97037.0
 21
253750.11
 31
0.0
100
AcDbText
  0
TEXT
  5
16D
330
2
100
AcDbEntity
  8
N50000
 62
     7
100
AcDbText
 10
93093.02
 20
220633.29
 30
0.0
 40
1528.44
  1
34708
 50
358.86
  7
GHS
100
AcDbText
  0
TEXT
  5
16E
330
2
100
AcDbEntity
  8
N50000
 62
     7
100
AcDbText
 10
92751.60000000001
 20
192898.44
 30
0.0
 40
1528.44
  1
34712
 50
358.87
  7
GHS
100
AcDbText
  0
LWPOLYLINE
  5
16F
330
2
100
AcDbEntity
  8
G50
  6
Continuous
100
AcDbPolyline
 90
       40
 70
     1
 43
0.0
 10
85196.72999999999
 20
212336.27
 10
87492.92
 20
212308.17
 10
89789.11
 20
212280.64
 10
92085.29
 20
212253.68
 10
94381.46000000001
 20
212227.29
 10
96677.61999999999
 20
212201.46
 10
98973.77999999999
 20
212176.2100000001
 10
101269.93
 20
212151.53
 10
103566.07
 20
212127.4
 10
105862.2
 20
212103.85
 10
108158.34
 20
212080.86
 10
108130.92
 20
209307.43
 10
108103.53
 20
206534.01
 10
108076.15
 20
203760.6
 10
108048.8
 20
200987.2
 10
108021.45
 20
198213.81
 10
107994.13
 20
195440.43
 10
107966.82
 20
192667.06
 10
107939.54
 20
189893.71
 10
107912.27
 20
187120.36
 10
107885.01
 20
184347.03
 10
105582.04
 20
184369.93
 10
103279.07
 20
184393.41
 10
100976.1
 20
184417.44
 10
98673.11
 20
184442.05
 10
96370.12
 20
184467.22
 10
94067.12
 20
184492.96
 10
91764.10999999999
 20
184519.26
 10
89461.08999999999
 20
184546.12
 10
87158.07000000001
 20
184573.55
 10
84855.04999999999
 20
184601.55
 10
84889.11999999999
 20
187374.98
 10
84923.21
 20
190148.41
 10
84957.32
 20
192921.86
 10
84991.46000000001
 20
195695.31
 10
85025.61
 20
198468.78
 10
85059.8
 20
201242.25
 10
85094.0
 20
204015.74
 10
85128.21999999999
 20
206789.23
 10
85162.46
 20
209562.74
  0
TEXT
  5
170
330
2
100
AcDbEntity
  8
T50000
100
AcDbText
 10
91987.1761433073
 20
224107.8612577108
 30
0.0
 40
4000.0
  1
돌산
 50
358.86
  7
GHS
 72
     4
 11
96692.71000000001
 21
226014.62
 31
0.0
100
AcDbText
  0
TEXT
  5
171
330
2
100
AcDbEntity
  8
T50000
100
AcDbText
 10
91895.36038798397
 20
196367.7097806612
 30
0.0
 40
4000.0
  1
소리
 50
358.87
  7
GHS
 72
     4
 11
96350.61
 21
198280.22
 31
0.0
100
AcDbText
  0
LWPOLYLINE
  5
172
330
2
100
AcDbEntity
  8
G50
  6
Continuous
100
AcDbPolyline
 90
       40
 70
     1
 43
0.0
 10
85540.60000000001
 20
240072.05
 10
87829.92
 20
240043.86
 10
90119.22
 20
240016.25
 10
92408.52
 20
239989.19
 10
94697.82
 20
239962.72
 10
96987.09
 20
239936.81
 10
99276.37
 20
239911.47
 10
101565.64
 20
239886.7
 10
103854.9
 20
239862.5
 10
106144.16
 20
239838.86
 10
108433.41
 20
239815.8
 10
108405.83
 20
237042.26
 10
108378.26
 20
234268.73
 10
108350.71
 20
231495.21
 10
108323.17
 20
228721.7
 10
108295.65
 20
225948.2
 10
108268.16
 20
223174.7100000001
 10
108240.67
 20
220401.23
 10
108213.21
 20
217627.76
 10
108185.76
 20
214854.31
 10
108158.34
 20
212080.86
 10
105862.2
 20
212103.85
 10
103566.07
 20
212127.4
 10
101269.93
 20
212151.53
 10
98973.77999999999
 20
212176.2100000001
 10
96677.61999999999
 20
212201.46
 10
94381.46000000001
 20
212227.29
 10
92085.29
 20
212253.68
 10
89789.11
 20
212280.64
 10
87492.92
 20
212308.17
 10
85196.72999999999
 20
212336.27
 10
85231.02000000001
 20
215109.79
 10
85265.33
 20
217883.33
 10
85299.67
 20
220656.88
 10
85334.02
 20
223430.44
 10
85368.39
 20
226204.02
 10
85402.8
 20
228977.6
 10
85437.21000000001
 20
231751.21
 10
85471.66
 20
234524.81
 10
85506.11999999999
 20
237298.43
  0
TEXT
  5
173
330
2
100
AcDbEntity
  8
N50000
 62
     7
100
AcDbText
 10
70613.08999999999
 20
248681.46
 30
0.0
 40
1528.44
  1
34703
 50
358.86
  7
GHS
100
AcDbText
  0
TEXT
  5
174
330
2
100
AcDbEntity
  8
T50000
100
AcDbText
 10
69424.96930446308
 20
252157.7892111031
 30
0.0
 40
4000.0
  1
광양
 50
358.86
  7
GHS
 72
     4
 11
74213.82000000001
 21
254062.89
 31
0.0
100
AcDbText
  0
TEXT
  5
175
330
2
100
AcDbEntity
  8
N50000
 62
     7
100
AcDbText
 10
70200.22
 20
220944.49
 30
0.0
 40
1528.44
  1
34707
 50
358.86
  7
GHS
100
AcDbText
  0
TEXT
  5
176
330
2
100
AcDbEntity
  8
N50000
 62
     7
100
AcDbText
 10
69789.97
 20
193208.59
 30
0.0
 40
1528.44
  1
34711
 50
358.87
  7
GHS
100
AcDbText
  0
TEXT
  5
177
330
2
100
AcDbEntity
  8
T50000
100
AcDbText
 10
68684.15900715593
 20
196683.3600161679
 30
0.0
 40
4000.0
  1
광도
 50
358.87
  7
GHS
 72
     4
 11
73389.36
 21
198590.94
 31
0.0
100
AcDbText
  0
TEXT
  5
178
330
2
100
AcDbEntity
  8
T50000
100
AcDbText
 10
69012.25828115926
 20
224462.9376305252
 30
0.0
 40
4000.0
  1
여수
 50
358.86
  7
GHS
 72
     4
 11
73800.28
 21
226326.38
 31
0.0
100
AcDbText
  0
LWPOLYLINE
  5
179
330
2
100
AcDbEntity
  8
G50
  6
Continuous
100
AcDbPolyline
 90
       40
 70
     1
 43
0.0
 10
63062.33999999999
 20
268123.1600000001
 10
65344.82
 20
268089.17
 10
67627.28
 20
268055.74
 10
69909.73
 20
268022.89
 10
72192.17999999999
 20
267990.61
 10
74474.61
 20
267958.9
 10
76757.03999999999
 20
267927.7600000001
 10
79039.46000000001
 20
267897.2
 10
81321.87
 20
267867.2000000001
 10
83604.27000000001
 20
267837.7800000001
 10
85886.65999999999
 20
267808.93
 10
85851.96000000001
 20
265035.19
 10
85817.28
 20
262261.47
 10
85782.62
 20
259487.75
 10
85747.97999999999
 20
256714.04
 10
85713.36999999999
 20
253940.36
 10
85678.77000000001
 20
251166.6700000001
 10
85644.19
 20
248393.0
 10
85609.64999999999
 20
245619.34
 10
85575.10999999999
 20
242845.69
 10
85540.60000000001
 20
240072.05
 10
83251.27999999999
 20
240100.81
 10
80961.96
 20
240130.13
 10
78672.63000000001
 20
240160.04
 10
76383.28
 20
240190.5
 10
74093.92
 20
240221.54
 10
71804.56
 20
240253.15
 10
69515.2
 20
240285.32
 10
67225.82
 20
240318.07
 10
64936.44
 20
240351.39
 10
62647.04
 20
240385.28
 10
62688.44999999999
 20
243159.0100000001
 10
62729.88999999999
 20
245932.76
 10
62771.35
 20
248706.53
 10
62812.85
 20
251480.3
 10
62854.36
 20
254254.09
 10
62895.91
 20
257027.88
 10
62937.48
 20
259801.69
 10
62979.07
 20
262575.5
 10
63020.69999999999
 20
265349.32
  0
LWPOLYLINE
  5
17A
330
2
100
AcDbEntity
  8
G50
  6
Continuous
100
AcDbPolyline
 90
       40
 70
     1
 43
0.0
 10
62647.04
 20
240385.28
 10
64936.44
 20
240351.39
 10
67225.82
 20
240318.07
 10
69515.2
 20
240285.32
 10
71804.56
 20
240253.15
 10
74093.92
 20
240221.54
 10
76383.28
 20
240190.5
 10
78672.63000000001
 20
240160.04
 10
80961.96
 20
240130.13
 10
83251.27999999999
 20
240100.81
 10
85540.60000000001
 20
240072.05
 10
85506.11999999999
 20
237298.43
 10
85471.66
 20
234524.81
 10
85437.21000000001
 20
231751.21
 10
85402.8
 20
228977.6
 10
85368.39
 20
226204.02
 10
85334.02
 20
223430.44
 10
85299.67
 20
220656.88
 10
85265.33
 20
217883.33
 10
85231.02000000001
 20
215109.79
 10
85196.72999999999
 20
212336.27
 10
82900.53
 20
212364.93
 10
80604.32999999999
 20
212394.15
 10
78308.11
 20
212423.9600000001
 10
76011.88
 20
212454.32
 10
73715.64
 20
212485.26
 10
71419.39999999999
 20
212516.7600000001
 10
69123.14999999999
 20
212548.83
 10
66826.88999999999
 20
212581.46
 10
64530.62
 20
212614.67
 10
62234.34
 20
212648.45
 10
62275.48999999999
 20
215422.08
 10
62316.66999999999
 20
218195.73
 10
62357.88
 20
220969.38
 10
62399.11
 20
223743.05
 10
62440.36
 20
226516.72
 10
62481.64
 20
229290.42
 10
62522.95
 20
232064.12
 10
62564.28
 20
234837.83
 10
62605.65
 20
237611.55
  0
LWPOLYLINE
  5
17B
330
2
100
AcDbEntity
  8
G50
  6
Continuous
100
AcDbPolyline
 90
       40
 70
     1
 43
0.0
 10
62234.34
 20
212648.45
 10
64530.62
 20
212614.67
 10
66826.88999999999
 20
212581.46
 10
69123.14999999999
 20
212548.83
 10
71419.39999999999
 20
212516.7600000001
 10
73715.64
 20
212485.26
 10
76011.88
 20
212454.32
 10
78308.11
 20
212423.9600000001
 10
80604.32999999999
 20
212394.15
 10
82900.53
 20
212364.93
 10
85196.72999999999
 20
212336.27
 10
85162.46
 20
209562.74
 10
85128.21999999999
 20
206789.23
 10
85094.0
 20
204015.74
 10
85059.8
 20
201242.25
 10
85025.61
 20
198468.78
 10
84991.46000000001
 20
195695.31
 10
84957.32
 20
192921.86
 10
84923.21
 20
190148.41
 10
84889.11999999999
 20
187374.98
 10
84855.04999999999
 20
184601.55
 10
82552.0
 20
184630.12
 10
80248.97000000001
 20
184659.25
 10
77945.89999999999
 20
184688.95
 10
75642.85
 20
184719.21
 10
73339.77
 20
184750.04
 10
71036.69
 20
184781.44
 10
68733.6
 20
184813.39
 10
66430.5
 20
184845.92
 10
64127.39
 20
184879.02
 10
61824.27999999999
 20
184912.68
 10
61865.16000000001
 20
187686.21
 10
61906.08
 20
190459.74
 10
61947.02
 20
193233.29
 10
61987.98
 20
196006.86
 10
62028.97
 20
198780.43
 10
62069.98999999999
 20
201554.01
 10
62111.05
 20
204327.61
 10
62152.12
 20
207101.21
 10
62193.22
 20
209874.82
  0
LWPOLYLINE
  5
17C
330
2
100
AcDbEntity
  8
G50
  6
Continuous
100
AcDbPolyline
 90
       40
 70
     1
 43
0.0
 10
86234.9
 20
295546.9000000001
 10
88510.32000000001
 20
295518.5200000001
 10
90785.74000000001
 20
295490.73
 10
93061.13000000001
 20
295463.51
 10
95336.54
 20
295436.86
 10
97611.93
 20
295410.7800000001
 10
99887.32
 20
295385.28
 10
102162.7
 20
295360.35
 10
104438.07
 20
295336.0
 10
106713.43
 20
295312.21
 10
108988.79
 20
295289.01
 10
108960.86
 20
292515.24
 10
108932.95
 20
289741.49
 10
108905.05
 20
286967.74
 10
108877.16
 20
284194.01
 10
108849.29
 20
281420.2900000001
 10
108821.45
 20
278646.58
 10
108793.62
 20
275872.88
 10
108765.81
 20
273099.19
 10
108738.01
 20
270325.52
 10
108710.23
 20
267551.85
 10
106427.91
 20
267574.99
 10
104145.57
 20
267598.69
 10
101863.23
 20
267622.97
 10
99580.89000000001
 20
267647.82
 10
97298.53
 20
267673.2400000001
 10
95016.18
 20
267699.24
 10
92733.81
 20
267725.8
 10
90451.42999999999
 20
267752.94
 10
88169.05999999999
 20
267780.6500000001
 10
85886.65999999999
 20
267808.93
 10
85921.38999999999
 20
270582.6700000001
 10
85956.13
 20
273356.43
 10
85990.91000000001
 20
276130.2000000001
 10
86025.69
 20
278903.98
 10
86060.50999999999
 20
281677.7700000001
 10
86095.34
 20
284451.58
 10
86130.2
 20
287225.39
 10
86165.08000000001
 20
289999.21
 10
86199.98
 20
292773.05
  0
LWPOLYLINE
  5
17D
330
2
100
AcDbEntity
  8
G50
  6
Continuous
100
AcDbPolyline
 90
       40
 70
     1
 43
0.0
 10
63480.28
 20
295862.11
 10
65755.77
 20
295828.0100000001
 10
68031.27
 20
295794.49
 10
70306.74000000001
 20
295761.53
 10
72582.23
 20
295729.1500000001
 10
74857.69
 20
295697.34
 10
77133.14999999999
 20
295666.1
 10
79408.58999999999
 20
295635.44
 10
81684.03999999998
 20
295605.35
 10
83959.47000000001
 20
295575.83
 10
86234.9
 20
295546.9000000001
 10
86199.98
 20
292773.05
 10
86165.08000000001
 20
289999.21
 10
86130.2
 20
287225.39
 10
86095.34
 20
284451.58
 10
86060.50999999999
 20
281677.7700000001
 10
86025.69
 20
278903.98
 10
85990.91000000001
 20
276130.2000000001
 10
85956.13
 20
273356.43
 10
85921.38999999999
 20
270582.6700000001
 10
85886.65999999999
 20
267808.93
 10
83604.27000000001
 20
267837.7800000001
 10
81321.87
 20
267867.2000000001
 10
79039.46000000001
 20
267897.2
 10
76757.03999999999
 20
267927.7600000001
 10
74474.61
 20
267958.9
 10
72192.17999999999
 20
267990.61
 10
69909.73
 20
268022.89
 10
67627.28
 20
268055.74
 10
65344.82
 20
268089.17
 10
63062.33999999999
 20
268123.1600000001
 10
63104.02999999999
 20
270897.01
 10
63145.72
 20
273670.87
 10
63187.45999999999
 20
276444.74
 10
63229.19999999999
 20
279218.61
 10
63270.99
 20
281992.5
 10
63312.79
 20
284766.4100000001
 10
63354.62
 20
287540.32
 10
63396.48
 20
290314.24
 10
63438.36
 20
293088.18
  0
TEXT
  5
17E
330
2
100
AcDbEntity
  8
N50000
 62
     7
100
AcDbText
 10
71028.6
 20
276419.49
 30
0.0
 40
1528.44
  1
35715
 50
358.85
  7
GHS
100
AcDbText
  0
TEXT
  5
17F
330
2
100
AcDbEntity
  8
N50000
 62
     7
100
AcDbText
 10
93782.46
 20
276106.27
 30
0.0
 40
1528.44
  1
35716
 50
358.85
  7
GHS
100
AcDbText
  0
TEXT
  5
180
330
2
100
AcDbEntity
  8
N50000
 62
     7
100
AcDbText
 10
116259.44
 20
248114.14
 30
0.0
 40
1528.44
  1
34801
 50
358.86
  7
GHS
100
AcDbText
  0
TEXT
  5
181
330
2
100
AcDbEntity
  8
T50000
100
AcDbText
 10
115320.5198209957
 20
251584.3953509261
 30
0.0
 40
4000.0
  1
사천
 50
358.86
  7
GHS
 72
     4
 11
119859.42
 21
253494.47
 31
0.0
100
AcDbText
  0
TEXT
  5
182
330
2
100
AcDbEntity
  8
N50000
 62
     7
100
AcDbText
 10
115985.05
 20
220379.04
 30
0.0
 40
1528.44
  1
34805
 50
358.86
  7
GHS
100
AcDbText
  0
TEXT
  5
183
330
2
100
AcDbEntity
  8
T50000
100
AcDbText
 10
115129.6056365361
 20
223889.7458169558
 30
0.0
 40
4000.0
  1
두미
 50
358.86
  7
GHS
 72
     4
 11
119584.36
 21
225759.82
 31
0.0
100
AcDbText
  0
TEXT
  5
184
330
2
100
AcDbEntity
  8
N50000
 62
     7
100
AcDbText
 10
116535.59
 20
275850.37
 30
0.0
 40
1528.44
  1
35813
 50
358.85
  7
GHS
100
AcDbText
  0
TEXT
  5
185
330
2
100
AcDbEntity
  8
T50000
100
AcDbText
 10
115347.8931220389
 20
279367.6433263393
 30
0.0
 40
4000.0
  1
전주
 50
358.85
  7
GHS
 72
     4
 11
120136.24
 21
281230.25
 31
0.0
100
AcDbText
  0
TEXT
  5
186
330
2
100
AcDbEntity
  8
N50000
100
AcDbText
 10
116813.47
 20
303587.7000000001
 30
0.0
 40
1528.44
  1
35809
 50
358.84
  7
GHS
100
AcDbText
  0
TEXT
  5
187
330
2
100
AcDbEntity
  8
T50000
100
AcDbText
 10
115625.2845906031
 20
307063.700951375
 30
0.0
 40
4000.0
  1
삼가
 50
358.84
  7
GHS
 72
     4
 11
120414.8
 21
308967.13
 31
0.0
100
AcDbText
  0
TEXT
  5
188
330
2
100
AcDbEntity
  8
N50000
100
AcDbText
 10
117093.1
 20
331326.14
 30
0.0
 40
1528.44
  1
35805
 50
358.84
  7
GHS
100
AcDbText
  0
TEXT
  5
189
330
2
100
AcDbEntity
  8
T50000
100
AcDbText
 10
116072.2071006698
 20
334798.3268786671
 30
0.0
 40
4000.0
  1
합천
 50
358.84
  7
GHS
 72
     4
 11
120695.09
 21
336705.13
 31
0.0
100
AcDbText
  0
TEXT
  5
18A
330
2
100
AcDbEntity
  8
T50000
100
AcDbText
 10
116103.9464931925
 20
362543.3684862543
 30
0.0
 40
4000.0
  1
가야
 50
358.83
  7
GHS
 72
     4
 11
120977.11
 21
364444.26
 31
0.0
100
AcDbText
  0
LWPOLYLINE
  5
18B
330
2
100
AcDbEntity
  8
G50
  6
Continuous
100
AcDbPolyline
 90
       40
 70
     1
 43
0.0
 10
108433.41
 20
239815.8
 10
110722.65
 20
239793.31
 10
113011.89
 20
239771.39
 10
115301.12
 20
239750.05
 10
117590.35
 20
239729.27
 10
119879.57
 20
239709.05
 10
122168.78
 20
239689.41
 10
124458.0
 20
239670.31
 10
126747.2
 20
239651.81
 10
129036.4
 20
239633.87
 10
131325.59
 20
239616.52
 10
131304.91
 20
236843.05
 10
131284.23
 20
234069.56
 10
131263.56
 20
231296.12
 10
131242.92
 20
228522.67
 10
131222.3
 20
225749.24
 10
131201.66
 20
222975.81
 10
131181.05
 20
220202.4
 10
131160.45
 20
217429.0
 10
131139.88
 20
214655.61
 10
131119.3
 20
211882.24
 10
128823.23
 20
211899.55
 10
126527.15
 20
211917.42
 10
124231.07
 20
211935.86
 10
121934.98
 20
211954.88
 10
119638.89
 20
211974.45
 10
117342.79
 20
211994.6
 10
115046.68
 20
212015.32
 10
112750.57
 20
212036.6
 10
110454.46
 20
212058.45
 10
108158.33
 20
212080.86
 10
108185.76
 20
214854.31
 10
108213.21
 20
217627.76
 10
108240.67
 20
220401.23
 10
108268.15
 20
223174.7100000001
 10
108295.65
 20
225948.2
 10
108323.17
 20
228721.7
 10
108350.7
 20
231495.2
 10
108378.25
 20
234268.73
 10
108405.82
 20
237042.27
  0
LWPOLYLINE
  5
18C
330
2
100
AcDbEntity
  8
G50
  6
Continuous
100
AcDbPolyline
 90
       40
 70
     1
 43
0.0
 10
108710.23
 20
267551.84
 10
110992.55
 20
267529.3
 10
113274.87
 20
267507.3
 10
115557.18
 20
267485.87
 10
117839.48
 20
267465.02
 10
120121.78
 20
267444.73
 10
122404.07
 20
267425.05
 10
124686.36
 20
267405.9100000001
 10
126968.65
 20
267387.33
 10
129250.92
 20
267369.34
 10
131533.2
 20
267351.9200000001
 10
131512.38
 20
264578.33
 10
131491.56
 20
261804.75
 10
131470.78
 20
259031.19
 10
131450.0
 20
256257.62
 10
131429.23
 20
253484.08
 10
131408.48
 20
250710.55
 10
131387.73
 20
247937.02
 10
131367.02
 20
245163.52
 10
131346.3
 20
242390.02
 10
131325.59
 20
239616.52
 10
129036.4
 20
239633.87
 10
126747.2
 20
239651.81
 10
124458.0
 20
239670.31
 10
122168.78
 20
239689.41
 10
119879.57
 20
239709.05
 10
117590.35
 20
239729.27
 10
115301.12
 20
239750.05
 10
113011.89
 20
239771.39
 10
110722.65
 20
239793.31
 10
108433.41
 20
239815.8
 10
108461.01
 20
242589.36
 10
108488.63
 20
245362.94
 10
108516.27
 20
248136.5
 10
108543.93
 20
250910.09
 10
108571.6
 20
253683.69
 10
108599.29
 20
256457.3
 10
108627.0
 20
259230.9200000001
 10
108654.73
 20
262004.55
 10
108682.47
 20
264778.2
  0
LWPOLYLINE
  5
18D
330
2
100
AcDbEntity
  8
G50
  6
Continuous
100
AcDbPolyline
 90
       40
 70
     1
 43
0.0
 10
108988.8
 20
295289.02
 10
111264.15
 20
295266.37
 10
113539.5
 20
295244.31
 10
115814.84
 20
295222.81
 10
118090.18
 20
295201.9100000001
 10
120365.51
 20
295181.56
 10
122640.84
 20
295161.8
 10
124916.17
 20
295142.59
 10
127191.48
 20
295123.97
 10
129466.8
 20
295105.9200000001
 10
131742.11
 20
295088.45
 10
131721.16
 20
292314.73
 10
131700.22
 20
289541.05
 10
131679.3
 20
286767.37
 10
131658.39
 20
283993.7
 10
131637.48
 20
281220.05
 10
131616.61
 20
278446.39
 10
131595.73
 20
275672.7700000001
 10
131574.88
 20
272899.12
 10
131554.03
 20
270125.52
 10
131533.2
 20
267351.9200000001
 10
129250.92
 20
267369.34
 10
126968.65
 20
267387.33
 10
124686.36
 20
267405.9100000001
 10
122404.07
 20
267425.05
 10
120121.78
 20
267444.73
 10
117839.48
 20
267465.02
 10
115557.18
 20
267485.87
 10
113274.87
 20
267507.3
 10
110992.55
 20
267529.3
 10
108710.23
 20
267551.84
 10
108738.01
 20
270325.52
 10
108765.8
 20
273099.19
 10
108793.62
 20
275872.87
 10
108821.45
 20
278646.58
 10
108849.3
 20
281420.3
 10
108877.16
 20
284194.02
 10
108905.04
 20
286967.73
 10
108932.94
 20
289741.48
 10
108960.86
 20
292515.23
  0
LWPOLYLINE
  5
18E
330
2
100
AcDbEntity
  8
G50
  6
Continuous
100
AcDbPolyline
 90
       40
 70
     1
 43
0.0
 10
109269.1
 20
323027.28
 10
111537.44
 20
323004.56
 10
113805.78
 20
322982.44
 10
116074.12
 20
322960.8900000001
 10
118342.44
 20
322939.9100000001
 10
120610.77
 20
322919.5
 10
122879.09
 20
322899.6700000001
 10
125147.4
 20
322880.4200000001
 10
127415.71
 20
322861.73
 10
129684.02
 20
322843.62
 10
131952.31
 20
322826.09
 10
131931.23
 20
320052.28
 10
131910.17
 20
317278.48
 10
131889.13
 20
314504.69
 10
131868.08
 20
311730.91
 10
131847.05
 20
308957.12
 10
131826.05
 20
306183.37
 10
131805.03
 20
303409.62
 10
131784.05
 20
300635.89
 10
131763.06
 20
297862.16
 10
131742.11
 20
295088.45
 10
129466.8
 20
295105.9200000001
 10
127191.48
 20
295123.97
 10
124916.17
 20
295142.59
 10
122640.84
 20
295161.8
 10
120365.51
 20
295181.56
 10
118090.18
 20
295201.9100000001
 10
115814.84
 20
295222.81
 10
113539.5
 20
295244.31
 10
111264.15
 20
295266.37
 10
108988.8
 20
295289.02
 10
109016.75
 20
298062.78
 10
109044.72
 20
300836.56
 10
109072.7
 20
303610.37
 10
109100.71
 20
306384.19
 10
109128.73
 20
309158.0
 10
109156.77
 20
311931.84
 10
109184.82
 20
314705.69
 10
109212.9
 20
317479.5300000001
 10
109240.99
 20
320253.4100000001
  0
LWPOLYLINE
  5
18F
330
2
100
AcDbEntity
  8
G50
  6
Continuous
100
AcDbPolyline
 90
       40
 70
     1
 43
0.0
 10
109551.13
 20
350766.66
 10
111812.42
 20
350743.89
 10
114073.71
 20
350721.7
 10
116334.99
 20
350700.08
 10
118596.27
 20
350679.03
 10
120857.54
 20
350658.5600000001
 10
123118.8
 20
350638.6900000001
 10
125380.07
 20
350619.37
 10
127641.32
 20
350600.62
 10
129902.58
 20
350582.47
 10
132163.83
 20
350564.8900000001
 10
132142.63
 20
347790.9500000001
 10
132121.42
 20
345017.05
 10
132100.23
 20
342243.12
 10
132079.06
 20
339469.23
 10
132057.91
 20
336695.34
 10
132036.77
 20
333921.48
 10
132015.63
 20
331147.62
 10
131994.52
 20
328373.77
 10
131973.41
 20
325599.94
 10
131952.31
 20
322826.09
 10
129684.02
 20
322843.62
 10
127415.71
 20
322861.73
 10
125147.4
 20
322880.4200000001
 10
122879.09
 20
322899.6700000001
 10
120610.77
 20
322919.5
 10
118342.44
 20
322939.9100000001
 10
116074.12
 20
322960.8900000001
 10
113805.78
 20
322982.44
 10
111537.44
 20
323004.56
 10
109269.1
 20
323027.28
 10
109297.22
 20
325801.1700000001
 10
109325.36
 20
328575.06
 10
109353.52
 20
331348.98
 10
109381.7
 20
334122.91
 10
109409.9
 20
336896.83
 10
109438.11
 20
339670.7800000001
 10
109466.34
 20
342444.73
 10
109494.58
 20
345218.7
 10
109522.85
 20
347992.6900000001
  0
LWPOLYLINE
  5
190
330
2
100
AcDbEntity
  8
G50
  6
Continuous
 62
     1
100
AcDbPolyline
 90
       40
 70
     1
 43
0.0
 10
177247.56
 20
294859.25
 10
179522.81
 20
294853.8
 10
181798.06
 20
294848.94
 10
184073.3
 20
294844.64
 10
186348.55
 20
294840.9100000001
 10
188623.8
 20
294837.77
 10
190899.03
 20
294835.19
 10
193174.28
 20
294833.19
 10
195449.52
 20
294831.73
 10
197724.77
 20
294830.8900000001
 10
200000.0
 20
294830.59
 10
200000.0
 20
292056.98
 10
200000.0
 20
289283.36
 10
200000.0
 20
286509.7700000001
 10
200000.0
 20
283736.1700000001
 10
200000.0
 20
280962.59
 10
200000.0
 20
278189.0300000001
 10
200000.0
 20
275415.48
 10
200000.0
 20
272641.94
 10
200000.0
 20
269868.4100000001
 10
200000.0
 20
267094.87
 10
197717.8
 20
267095.1700000001
 10
195435.59
 20
267096.0200000001
 10
193153.39
 20
267097.45
 10
190871.19
 20
267099.45
 10
188588.98
 20
267102.02
 10
186306.77
 20
267105.1600000001
 10
184024.56
 20
267108.87
 10
181742.34
 20
267113.1600000001
 10
179460.14
 20
267118.02
 10
177177.94
 20
267123.44
 10
177184.88
 20
269896.97
 10
177191.81
 20
272670.52
 10
177198.78
 20
275444.0600000001
 10
177205.73
 20
278217.62
 10
177212.69
 20
280991.2
 10
177219.66
 20
283764.8
 10
177226.63
 20
286538.39
 10
177233.59
 20
289311.98
 10
177240.58
 20
292085.62
  0
LWPOLYLINE
  5
191
330
2
100
AcDbEntity
  8
G50
  6
Continuous
100
AcDbPolyline
 90
       40
 70
     1
 43
0.0
 10
177177.94
 20
267123.44
 10
179460.14
 20
267118.02
 10
181742.34
 20
267113.1600000001
 10
184024.56
 20
267108.87
 10
186306.77
 20
267105.1600000001
 10
188588.98
 20
267102.02
 10
190871.19
 20
267099.45
 10
193153.39
 20
267097.45
 10
195435.59
 20
267096.0200000001
 10
197717.8
 20
267095.1700000001
 10
200000.0
 20
267094.87
 10
200000.0
 20
264321.37
 10
200000.0
 20
261547.8700000001
 10
200000.0
 20
258774.39
 10
200000.0
 20
256000.92
 10
200000.0
 20
253227.45
 10
200000.0
 20
250454.0
 10
200000.0
 20
247680.56
 10
200000.0
 20
244907.1200000001
 10
200000.0
 20
242133.72
 10
200000.0
 20
239360.31
 10
197710.88
 20
239360.59
 10
195421.75
 20
239361.45
 10
193132.63
 20
239362.87
 10
190843.5
 20
239364.87
 10
188554.38
 20
239367.44
 10
186265.25
 20
239370.56
 10
183976.13
 20
239374.27
 10
181687.0
 20
239378.53
 10
179397.88
 20
239383.37
 10
177108.73
 20
239388.78
 10
177115.64
 20
242162.19
 10
177122.55
 20
244935.62
 10
177129.45
 20
247709.06
 10
177136.36
 20
250482.52
 10
177143.28
 20
253255.97
 10
177150.2
 20
256029.44
 10
177157.13
 20
258802.9200000001
 10
177164.06
 20
261576.42
 10
177170.98
 20
264349.9200000001
  0
LWPOLYLINE
  5
192
330
2
100
AcDbEntity
  8
G50
  6
Continuous
100
AcDbPolyline
 90
       40
 70
     1
 43
0.0
 10
177317.63
 20
322596.2000000001
 10
179585.88
 20
322590.73
 10
181854.11
 20
322585.84
 10
184122.34
 20
322581.55
 10
186390.59
 20
322577.81
 10
188658.81
 20
322574.6600000001
 10
190927.06
 20
322572.0600000001
 10
193195.3
 20
322570.05
 10
195463.53
 20
322568.61
 10
197731.77
 20
322567.7500000001
 10
200000.0
 20
322567.45
 10
200000.0
 20
319793.73
 10
200000.0
 20
317020.0
 10
200000.0
 20
314246.28
 10
200000.0
 20
311472.58
 10
200000.0
 20
308698.8900000001
 10
200000.0
 20
305925.2000000001
 10
200000.0
 20
303151.55
 10
200000.0
 20
300377.87
 10
200000.0
 20
297604.23
 10
200000.0
 20
294830.59
 10
197724.77
 20
294830.8900000001
 10
195449.52
 20
294831.73
 10
193174.28
 20
294833.19
 10
190899.03
 20
294835.19
 10
188623.8
 20
294837.77
 10
186348.55
 20
294840.9100000001
 10
184073.3
 20
294844.64
 10
181798.06
 20
294848.94
 10
179522.81
 20
294853.8
 10
177247.56
 20
294859.25
 10
177254.55
 20
297632.89
 10
177261.55
 20
300406.55
 10
177268.55
 20
303180.2000000001
 10
177275.55
 20
305953.8900000001
 10
177282.55
 20
308727.58
 10
177289.55
 20
311501.2800000001
 10
177296.56
 20
314274.98
 10
177303.58
 20
317048.72
 10
177310.59
 20
319822.45
  0
LWPOLYLINE
  5
193
330
2
100
AcDbEntity
  8
G50
  6
Continuous
100
AcDbPolyline
 90
       40
 70
     1
 43
0.0
 10
177388.13
 20
350334.3
 10
179649.31
 20
350328.83
 10
181910.52
 20
350323.94
 10
184171.7
 20
350319.59
 10
186432.88
 20
350315.86
 10
188694.06
 20
350312.69
 10
190955.27
 20
350310.09
 10
193216.44
 20
350308.06
 10
195477.63
 20
350306.62
 10
197738.81
 20
350305.77
 10
200000.0
 20
350305.4800000001
 10
200000.0
 20
347531.62
 10
200000.0
 20
344757.7800000001
 10
200000.0
 20
341983.9500000001
 10
200000.0
 20
339210.1200000001
 10
200000.0
 20
336436.3299999999
 10
200000.0
 20
333662.5300000001
 10
200000.0
 20
330888.75
 10
200000.0
 20
328114.97
 10
200000.0
 20
325341.2
 10
200000.0
 20
322567.45
 10
197731.77
 20
322567.7500000001
 10
195463.53
 20
322568.61
 10
193195.3
 20
322570.05
 10
190927.06
 20
322572.0600000001
 10
188658.81
 20
322574.6600000001
 10
186390.59
 20
322577.81
 10
184122.34
 20
322581.55
 10
181854.11
 20
322585.84
 10
179585.88
 20
322590.73
 10
177317.63
 20
322596.2000000001
 10
177324.66
 20
325369.9500000001
 10
177331.69
 20
328143.73
 10
177338.73
 20
330917.5200000001
 10
177345.78
 20
333691.3
 10
177352.81
 20
336465.11
 10
177359.88
 20
339238.9200000001
 10
177366.94
 20
342012.75
 10
177373.98
 20
344786.59
 10
177381.06
 20
347560.44
  0
TEXT
  5
194
330
2
100
AcDbEntity
  8
N50000
100
AcDbText
 10
184724.77
 20
247691.71
 30
0.0
 40
1528.44
  1
34804
 50
358.86
  7
GHS
100
AcDbText
  0
TEXT
  5
195
330
2
100
AcDbEntity
  8
T50000
100
AcDbText
 10
180457.7706788579
 20
251512.2712198005
 30
0.0
 40
4000.0
  1
(옥포)
 50
358.86
  7
GHS
 72
     4
 11
188323.66
 21
253070.37
 31
0.0
100
AcDbText
  0
TEXT
  5
196
330
2
100
AcDbEntity
  8
N50000
 62
     7
100
AcDbText
 10
184792.0
 20
275426.5400000001
 30
0.0
 40
1528.44
  1
35816
 50
358.85
  7
GHS
100
AcDbText
  0
TEXT
  5
197
330
2
100
AcDbEntity
  8
T50000
100
AcDbText
 10
183727.3516969013
 20
278897.9863098875
 30
0.0
 40
4000.0
  1
김해
 50
358.85
  7
GHS
 72
     4
 11
188391.56
 21
280804.76
 31
0.0
100
AcDbText
  0
TEXT
  5
198
330
2
100
AcDbEntity
  8
N50000
100
AcDbText
 10
184859.65
 20
303162.5200000001
 30
0.0
 40
1528.44
  1
35812
 50
358.84
  7
GHS
100
AcDbText
  0
TEXT
  5
199
330
2
100
AcDbEntity
  8
T50000
100
AcDbText
 10
183587.0683355697
 20
306638.567987729
 30
0.0
 40
4000.0
  1
밀양
 50
358.84
  7
GHS
 72
     4
 11
188459.9
 21
308540.3100000001
 31
0.0
100
AcDbText
  0
TEXT
  5
19A
330
2
100
AcDbEntity
  8
N50000
100
AcDbText
 10
184927.76
 20
330899.64
 30
0.0
 40
1528.44
  1
35808
 50
358.84
  7
GHS
100
AcDbText
  0
TEXT
  5
19B
330
2
100
AcDbEntity
  8
T50000
100
AcDbText
 10
183907.4841370237
 20
334453.5031337005
 30
0.0
 40
4000.0
  1
동곡
 50
358.84
  7
GHS
 72
     4
 11
188528.68
 21
336276.99
 31
0.0
100
AcDbText
  0
TEXT
  5
19C
330
2
100
AcDbEntity
  8
N50000
100
AcDbText
 10
184996.31
 20
358637.94
 30
0.0
 40
1528.44
  1
35804
 50
358.83
  7
GHS
100
AcDbText
  0
TEXT
  5
19D
330
2
100
AcDbEntity
  8
T50000
100
AcDbText
 10
183974.6843711555
 20
362108.8537529806
 30
0.0
 40
4000.0
  1
영천
 50
358.83
  7
GHS
 72
     4
 11
188597.9
 21
364014.85
 31
0.0
100
AcDbText
  0
LWPOLYLINE
  5
19E
330
2
100
AcDbEntity
  8
G50
  6
Continuous
100
AcDbPolyline
 90
       40
 70
     1
 43
0.0
 10
64749.65
 20
379085.41
 10
67003.97999999999
 20
379051.01
 10
69258.31
 20
379017.18
 10
71512.61
 20
378983.92
 10
73766.92
 20
378951.25
 10
76021.21000000001
 20
378919.16
 10
78275.50999999999
 20
378887.6500000001
 10
80529.79
 20
378856.71
 10
82784.07000000001
 20
378826.35
 10
85038.33999999999
 20
378796.57
 10
87292.60000000001
 20
378767.37
 10
87257.04
 20
375993.2000000001
 10
87221.48
 20
373219.02
 10
87185.96000000001
 20
370444.87
 10
87150.44999999999
 20
367670.73
 10
87114.97000000001
 20
364896.61
 10
87079.50999999999
 20
362122.48
 10
87044.07000000001
 20
359348.37
 10
87008.64000000001
 20
356574.2700000001
 10
86973.25000000001
 20
353800.1900000001
 10
86937.87
 20
351026.1100000001
 10
84676.52000000001
 20
351055.23
 10
82415.14999999999
 20
351084.9200000001
 10
80153.77
 20
351115.19
 10
77892.39
 20
351146.0400000001
 10
75631.0
 20
351177.46
 10
73369.60000000001
 20
351209.47
 10
71108.2
 20
351242.0400000001
 10
68846.78999999999
 20
351275.2000000001
 10
66585.36
 20
351308.9400000001
 10
64323.94
 20
351343.24
 10
64366.39
 20
354117.4100000001
 10
64408.87
 20
356891.59
 10
64451.38
 20
359665.7800000001
 10
64493.91
 20
362439.98
 10
64536.47
 20
365214.2000000001
 10
64579.05
 20
367988.41
 10
64621.66
 20
370762.6500000001
 10
64664.3
 20
373536.9000000001
 10
64706.97
 20
376311.15
  0
LWPOLYLINE
  5
19F
330
2
100
AcDbEntity
  8
G50
  6
Continuous
100
AcDbPolyline
 90
       40
 70
     1
 43
0.0
 10
87292.60000000001
 20
378767.37
 10
89546.86
 20
378738.74
 10
91801.11
 20
378710.71
 10
94055.35
 20
378683.24
 10
96309.59
 20
378656.3400000001
 10
98563.82000000001
 20
378630.04
 10
100818.04
 20
378604.31
 10
103072.26
 20
378579.16
 10
105326.48
 20
378554.5800000001
 10
107580.68
 20
378530.59
 10
109834.89
 20
378507.17
 10
109806.43
 20
375733.07
 10
109777.99
 20
372958.98
 10
109749.57
 20
370184.9000000001
 10
109721.18
 20
367410.83
 10
109692.79
 20
364636.78
 10
109664.43
 20
361862.73
 10
109636.08
 20
359088.7
 10
109607.74
 20
356314.68
 10
109579.42
 20
353540.66
 10
109551.12
 20
350766.66
 10
107289.83
 20
350790.01
 10
105028.52
 20
350813.9400000001
 10
102767.21
 20
350838.45
 10
100505.9
 20
350863.52
 10
98244.57999999999
 20
350889.18
 10
95983.26
 20
350915.4100000001
 10
93721.91
 20
350942.23
 10
91460.58
 20
350969.61
 10
89199.23
 20
350997.57
 10
86937.87
 20
351026.1100000001
 10
86973.25000000001
 20
353800.1900000001
 10
87008.64000000001
 20
356574.2700000001
 10
87044.07000000001
 20
359348.37
 10
87079.50999999999
 20
362122.48
 10
87114.97000000001
 20
364896.61
 10
87150.44999999999
 20
367670.73
 10
87185.96000000001
 20
370444.87
 10
87221.48
 20
373219.02
 10
87257.04
 20
375993.2000000001
  0
LWPOLYLINE
  5
1A0
330
2
100
AcDbEntity
  8
G50
  6
Continuous
100
AcDbPolyline
 90
       40
 70
     1
 43
0.0
 10
222540.94
 20
378073.56
 10
224795.05
 20
378079.6200000001
 10
227049.14
 20
378086.2800000001
 10
229303.25
 20
378093.5
 10
231557.34
 20
378101.31
 10
233811.45
 20
378109.69
 10
236065.56
 20
378118.66
 10
238319.69
 20
378128.1900000001
 10
240573.8
 20
378138.31
 10
242827.9100000001
 20
378149.0
 10
245082.02
 20
378160.28
 10
245096.25
 20
375386.28
 10
245110.45
 20
372612.2800000001
 10
245124.67
 20
369838.31
 10
245138.88
 20
367064.34
 10
245153.06
 20
364290.37
 10
245167.23
 20
361516.4400000001
 10
245181.42
 20
358742.5
 10
245195.58
 20
355968.58
 10
245209.73
 20
353194.6700000001
 10
245223.8900000001
 20
350420.7700000001
 10
242962.67
 20
350409.53
 10
240701.47
 20
350398.86
 10
238440.27
 20
350388.7800000001
 10
236179.06
 20
350379.27
 10
233917.84
 20
350370.33
 10
231656.66
 20
350361.97
 10
229395.45
 20
350354.19
 10
227134.27
 20
350346.98
 10
224873.06
 20
350340.34
 10
222611.88
 20
350334.3
 10
222604.8
 20
353108.19
 10
222597.72
 20
355882.06
 10
222590.64
 20
358655.9500000001
 10
222583.55
 20
361429.87
 10
222576.45
 20
364203.7800000001
 10
222569.38
 20
366977.72
 10
222562.27
 20
369751.66
 10
222555.16
 20
372525.62
 10
222548.06
 20
375299.5900000001
  0
LWPOLYLINE
  5
1A1
330
2
100
AcDbEntity
  8
G50
  6
Continuous
100
AcDbPolyline
 90
       40
 70
     1
 43
0.0
 10
177459.06
 20
378073.56
 10
179713.16
 20
378068.06
 10
181967.25
 20
378063.16
 10
184221.34
 20
378058.81
 10
186475.44
 20
378055.06
 10
188729.55
 20
378051.87
 10
190983.63
 20
378049.2800000001
 10
193237.72
 20
378047.2500000001
 10
195491.81
 20
378045.81
 10
197745.91
 20
378044.9400000001
 10
200000.0
 20
378044.66
 10
200000.0
 20
375270.6900000001
 10
200000.0
 20
372496.72
 10
200000.0
 20
369722.78
 10
200000.0
 20
366948.84
 10
200000.0
 20
364174.91
 10
200000.0
 20
361401.0200000001
 10
200000.0
 20
358627.11
 10
200000.0
 20
355853.22
 10
200000.0
 20
353079.34
 10
200000.0
 20
350305.4800000001
 10
197738.81
 20
350305.77
 10
195477.63
 20
350306.62
 10
193216.44
 20
350308.06
 10
190955.27
 20
350310.09
 10
188694.06
 20
350312.69
 10
186432.88
 20
350315.86
 10
184171.7
 20
350319.59
 10
181910.52
 20
350323.94
 10
179649.31
 20
350328.83
 10
177388.13
 20
350334.3
 10
177395.2
 20
353108.19
 10
177402.28
 20
355882.06
 10
177409.36
 20
358655.9500000001
 10
177416.45
 20
361429.87
 10
177423.55
 20
364203.7800000001
 10
177430.63
 20
366977.72
 10
177437.73
 20
369751.66
 10
177444.84
 20
372525.62
 10
177451.94
 20
375299.5900000001
  0
LWPOLYLINE
  5
1A2
330
2
100
AcDbEntity
  8
G50
  6
Continuous
100
AcDbPolyline
 90
       40
 70
     1
 43
0.0
 10
132376.63
 20
378304.81
 10
134630.78
 20
378287.75
 10
136884.94
 20
378271.28
 10
139139.06
 20
378255.3700000001
 10
141393.2
 20
378240.0600000001
 10
143647.34
 20
378225.3100000001
 10
145901.48
 20
378211.16
 10
148155.61
 20
378197.56
 10
150409.73
 20
378184.56
 10
152663.86
 20
378172.12
 10
154917.98
 20
378160.28
 10
154903.75
 20
375386.28
 10
154889.55
 20
372612.2800000001
 10
154875.33
 20
369838.31
 10
154861.13
 20
367064.34
 10
154846.94
 20
364290.37
 10
154832.77
 20
361516.4400000001
 10
154818.58
 20
358742.5
 10
154804.42
 20
355968.58
 10
154790.27
 20
353194.6700000001
 10
154776.11
 20
350420.7700000001
 10
152514.91
 20
350432.59
 10
150253.69
 20
350444.98
 10
147992.45
 20
350457.9500000001
 10
145731.23
 20
350471.5
 10
143470.02
 20
350485.6200000001
 10
141208.78
 20
350500.3100000001
 10
138947.55
 20
350515.59
 10
136686.31
 20
350531.45
 10
134425.06
 20
350547.8700000001
 10
132163.83
 20
350564.8900000001
 10
132185.05
 20
353338.83
 10
132206.3
 20
356112.7800000001
 10
132227.53
 20
358886.73
 10
132248.8
 20
361660.72
 10
132270.06
 20
364434.72
 10
132291.36
 20
367208.69
 10
132312.66
 20
369982.72
 10
132333.97
 20
372756.72
 10
132355.3
 20
375530.7800000001
  0
LWPOLYLINE
  5
1A3
330
2
100
AcDbEntity
  8
G50
  6
Continuous
 62
     1
100
AcDbPolyline
 90
       40
 70
     1
 43
0.0
 10
154917.98
 20
378160.28
 10
157172.09
 20
378149.0
 10
159426.2
 20
378138.31
 10
161680.31
 20
378128.1900000001
 10
163934.44
 20
378118.66
 10
166188.55
 20
378109.69
 10
168442.66
 20
378101.31
 10
170696.75
 20
378093.5
 10
172950.86
 20
378086.2800000001
 10
175204.95
 20
378079.6200000001
 10
177459.06
 20
378073.56
 10
177451.94
 20
375299.5900000001
 10
177444.84
 20
372525.62
 10
177437.73
 20
369751.66
 10
177430.63
 20
366977.72
 10
177423.55
 20
364203.7800000001
 10
177416.45
 20
361429.87
 10
177409.36
 20
358655.9500000001
 10
177402.28
 20
355882.06
 10
177395.2
 20
353108.19
 10
177388.13
 20
350334.3
 10
175126.94
 20
350340.34
 10
172865.73
 20
350346.98
 10
170604.55
 20
350354.19
 10
168343.34
 20
350361.97
 10
166082.16
 20
350370.33
 10
163820.94
 20
350379.27
 10
161559.73
 20
350388.7800000001
 10
159298.53
 20
350398.86
 10
157037.33
 20
350409.53
 10
154776.11
 20
350420.7700000001
 10
154790.27
 20
353194.6700000001
 10
154804.42
 20
355968.58
 10
154818.58
 20
358742.5
 10
154832.77
 20
361516.4400000001
 10
154846.94
 20
364290.37
 10
154861.13
 20
367064.34
 10
154875.33
 20
369838.31
 10
154889.55
 20
372612.2800000001
 10
154903.75
 20
375386.28
  0
LWPOLYLINE
  5
1A4
330
2
100
AcDbEntity
  8
G50
  6
Continuous
100
AcDbPolyline
 90
       40
 70
     1
 43
0.0
 10
200000.0
 20
378044.66
 10
202254.09
 20
378044.9400000001
 10
204508.19
 20
378045.81
 10
206762.28
 20
378047.2500000001
 10
209016.38
 20
378049.2800000001
 10
211270.45
 20
378051.87
 10
213524.56
 20
378055.06
 10
215778.66
 20
378058.81
 10
218032.75
 20
378063.16
 10
220286.84
 20
378068.06
 10
222540.94
 20
378073.56
 10
222548.06
 20
375299.5900000001
 10
222555.16
 20
372525.62
 10
222562.27
 20
369751.66
 10
222569.38
 20
366977.72
 10
222576.45
 20
364203.7800000001
 10
222583.55
 20
361429.87
 10
222590.64
 20
358655.9500000001
 10
222597.72
 20
355882.06
 10
222604.8
 20
353108.19
 10
222611.88
 20
350334.3
 10
220350.69
 20
350328.83
 10
218089.48
 20
350323.94
 10
215828.3
 20
350319.59
 10
213567.13
 20
350315.86
 10
211305.94
 20
350312.69
 10
209044.7300000001
 20
350310.09
 10
206783.56
 20
350308.06
 10
204522.38
 20
350306.62
 10
202261.19
 20
350305.77
 10
200000.0
 20
350305.4800000001
 10
200000.0
 20
353079.34
 10
200000.0
 20
355853.22
 10
200000.0
 20
358627.11
 10
200000.0
 20
361401.0200000001
 10
200000.0
 20
364174.91
 10
200000.0
 20
366948.84
 10
200000.0
 20
369722.78
 10
200000.0
 20
372496.72
 10
200000.0
 20
375270.6900000001
  0
LWPOLYLINE
  5
1A5
330
2
100
AcDbEntity
  8
G50
  6
Continuous
100
AcDbPolyline
 90
       40
 70
     1
 43
0.0
 10
245082.02
 20
378160.28
 10
247336.14
 20
378172.12
 10
249590.27
 20
378184.56
 10
251844.39
 20
378197.56
 10
254098.52
 20
378211.16
 10
256352.66
 20
378225.3100000001
 10
258606.8
 20
378240.0600000001
 10
260860.9400000001
 20
378255.3700000001
 10
263115.06
 20
378271.28
 10
265369.22
 20
378287.75
 10
267623.38
 20
378304.81
 10
267644.72
 20
375530.7800000001
 10
267666.03
 20
372756.72
 10
267687.3400000001
 20
369982.72
 10
267708.63
 20
367208.69
 10
267729.94
 20
364434.72
 10
267751.22
 20
361660.72
 10
267772.47
 20
358886.73
 10
267793.72
 20
356112.7800000001
 10
267814.9400000001
 20
353338.83
 10
267836.16
 20
350564.8900000001
 10
265574.94
 20
350547.8700000001
 10
263313.69
 20
350531.45
 10
261052.45
 20
350515.59
 10
258791.22
 20
350500.3100000001
 10
256529.98
 20
350485.6200000001
 10
254268.77
 20
350471.5
 10
252007.55
 20
350457.9500000001
 10
249746.31
 20
350444.98
 10
247485.09
 20
350432.59
 10
245223.8900000001
 20
350420.7700000001
 10
245209.73
 20
353194.6700000001
 10
245195.58
 20
355968.58
 10
245181.42
 20
358742.5
 10
245167.23
 20
361516.4400000001
 10
245153.06
 20
364290.37
 10
245138.88
 20
367064.34
 10
245124.67
 20
369838.31
 10
245110.45
 20
372612.2800000001
 10
245096.25
 20
375386.28
  0
LWPOLYLINE
  5
1A6
330
2
100
AcDbEntity
  8
G50
  6
Continuous
100
AcDbPolyline
 90
       40
 70
     1
 43
0.0
 10
109834.88
 20
378507.16
 10
112089.08
 20
378484.3400000001
 10
114343.27
 20
378462.06
 10
116597.46
 20
378440.37
 10
118851.64
 20
378419.28
 10
121105.82
 20
378398.75
 10
123359.99
 20
378378.8100000001
 10
125614.16
 20
378359.4400000001
 10
127868.32
 20
378340.66
 10
130122.48
 20
378322.44
 10
132376.63
 20
378304.81
 10
132355.3
 20
375530.7800000001
 10
132333.97
 20
372756.72
 10
132312.66
 20
369982.72
 10
132291.36
 20
367208.69
 10
132270.06
 20
364434.72
 10
132248.8
 20
361660.72
 10
132227.53
 20
358886.73
 10
132206.3
 20
356112.7800000001
 10
132185.05
 20
353338.83
 10
132163.83
 20
350564.8900000001
 10
129902.58
 20
350582.47
 10
127641.32
 20
350600.62
 10
125380.07
 20
350619.37
 10
123118.8
 20
350638.6900000001
 10
120857.54
 20
350658.5600000001
 10
118596.27
 20
350679.03
 10
116334.99
 20
350700.08
 10
114073.71
 20
350721.7
 10
111812.42
 20
350743.89
 10
109551.13
 20
350766.66
 10
109579.43
 20
353540.66
 10
109607.74
 20
356314.69
 10
109636.07
 20
359088.7
 10
109664.42
 20
361862.73
 10
109692.79
 20
364636.78
 10
109721.17
 20
367410.8400000001
 10
109749.58
 20
370184.91
 10
109778.0
 20
372958.97
 10
109806.43
 20
375733.06
  0
TEXT
  5
1A7
330
2
100
AcDbEntity
  8
N50000
100
AcDbText
 10
33045.12
 20
637938.7600000001
 30
0.0
 40
1528.44
  1
38709
 50
358.76
  7
GHS
100
AcDbText
  0
TEXT
  5
1A8
330
2
100
AcDbEntity
  8
T50000
100
AcDbText
 10
31863.52157185119
 20
641418.1902296959
 30
0.0
 40
4000.0
  1
내문
 50
358.76
  7
GHS
 72
     4
 11
36655.69
 21
643314.9300000001
 31
0.0
100
AcDbText
  0
LWPOLYLINE
  5
1A9
330
2
100
AcDbEntity
  8
G50
  6
Continuous
100
AcDbPolyline
 90
       40
 70
     1
 43
0.0
 10
25526.41
 20
657396.6899999999
 10
27707.53
 20
657349.5600000001
 10
29888.64
 20
657303.04
 10
32069.74
 20
657257.1
 10
34250.84
 20
657211.7700000001
 10
36431.93
 20
657167.0199999999
 10
38613.01
 20
657122.87
 10
40794.08
 20
657079.31
 10
42975.15
 20
657036.35
 10
45156.2
 20
656993.98
 10
47337.27
 20
656952.1999999999
 10
47284.49
 20
654176.76
 10
47231.74
 20
651401.3300000001
 10
47179.02999999999
 20
648625.9100000001
 10
47126.34999999999
 20
645850.51
 10
47073.69
 20
643075.12
 10
47021.05999999999
 20
640299.73
 10
46968.45999999999
 20
637524.3600000001
 10
46915.9
 20
634748.99
 10
46863.34999999999
 20
631973.64
 10
46810.85
 20
629198.3
 10
44622.26999999999
 20
629239.99
 10
42433.68
 20
629282.28
 10
40245.07999999999
 20
629325.15
 10
38056.48000000001
 20
629368.63
 10
35867.87000000001
 20
629412.69
 10
33679.26
 20
629457.34
 10
31490.63
 20
629502.58
 10
29302.0
 20
629548.42
 10
27113.37
 20
629594.85
 10
24924.71
 20
629641.87
 10
24984.73
 20
632417.3100000001
 10
25044.79
 20
635192.76
 10
25104.87
 20
637968.21
 10
25164.99
 20
640743.6700000001
 10
25225.15
 20
643519.1500000001
 10
25285.33
 20
646294.6399999999
 10
25345.55
 20
649070.1300000001
 10
25405.81
 20
651845.63
 10
25466.09
 20
654621.1500000001
  0
TEXT
  5
1AA
330
2
100
AcDbEntity
  8
N50000
100
AcDbText
 10
32445.77
 20
610184.79
 30
0.0
 40
1528.44
  1
38713
 50
358.77
  7
GHS
100
AcDbText
  0
TEXT
  5
1AB
330
2
100
AcDbEntity
  8
N50000
100
AcDbText
 10
31849.77
 20
582431.88
 30
0.0
 40
1528.44
  1
37701
 50
358.77
  7
GHS
100
AcDbText
  0
TEXT
  5
1AC
330
2
100
AcDbEntity
  8
T50000
100
AcDbText
 10
30999.59480284081
 20
585862.56150123
 30
0.0
 40
4000.0
  1
포천
 50
358.77
  7
GHS
 72
     4
 11
35459.07
 21
587808.95
 31
0.0
100
AcDbText
  0
LWPOLYLINE
  5
1AD
330
2
100
AcDbEntity
  8
G50
  6
Continuous
100
AcDbPolyline
 90
       40
 70
     1
 43
0.0
 10
24326.36
 20
601888.1
 10
26522.49
 20
601841.1799999999
 10
28718.62
 20
601794.85
 10
30914.74
 20
601749.11
 10
33110.85
 20
601703.97
 10
35306.95
 20
601659.4099999999
 10
37503.04
 20
601615.4499999999
 10
39699.14
 20
601572.0700000001
 10
41895.21
 20
601529.2900000001
 10
44091.29
 20
601487.0900000001
 10
46287.34999999999
 20
601445.48
 10
46235.16
 20
598670.26
 10
46183.0
 20
595895.0500000001
 10
46130.88
 20
593119.85
 10
46078.78
 20
590344.6500000001
 10
46026.69999999999
 20
587569.48
 10
45974.66
 20
584794.3100000001
 10
45922.65
 20
582019.15
 10
45870.67
 20
579244.0
 10
45818.72
 20
576468.87
 10
45766.8
 20
573693.74
 10
43563.29
 20
573735.25
 10
41359.76999999999
 20
573777.35
 10
39156.25
 20
573820.0400000001
 10
36952.71
 20
573863.3200000001
 10
34749.18
 20
573907.1899999999
 10
32545.63
 20
573951.65
 10
30342.08
 20
573996.6899999999
 10
28138.51
 20
574042.3300000001
 10
25934.93
 20
574088.5600000001
 10
23731.36
 20
574135.3700000001
 10
23790.71
 20
576910.6
 10
23850.09
 20
579685.8300000001
 10
23909.51
 20
582461.0900000001
 10
23968.96
 20
585236.3400000001
 10
24028.44
 20
588011.61
 10
24087.96
 20
590786.89
 10
24147.51
 20
593562.1799999999
 10
24207.09
 20
596337.47
 10
24266.71
 20
599112.7800000001
  0
TEXT
  5
1AE
330
2
100
AcDbEntity
  8
T50000
100
AcDbText
 10
31430.49095187921
 20
613660.25621726
 30
0.0
 40
4000.0
  1
철원
 50
358.77
  7
GHS
 72
     4
 11
36055.7
 21
615561.41
 31
0.0
100
AcDbText
  0
LWPOLYLINE
  5
1AF
330
2
100
AcDbEntity
  8
G50
  6
Continuous
100
AcDbPolyline
 90
       40
 70
     1
 43
0.0
 10
24924.71
 20
629641.87
 10
27113.37
 20
629594.85
 10
29302.0
 20
629548.42
 10
31490.63
 20
629502.58
 10
33679.26
 20
629457.34
 10
35867.87000000001
 20
629412.69
 10
38056.48000000001
 20
629368.63
 10
40245.07999999999
 20
629325.15
 10
42433.68
 20
629282.28
 10
44622.26999999999
 20
629239.99
 10
46810.85
 20
629198.3
 10
46758.36
 20
626422.98
 10
46705.91
 20
623647.6500000001
 10
46653.48999999999
 20
620872.3400000001
 10
46601.1
 20
618097.05
 10
46548.73
 20
615321.7600000001
 10
46496.4
 20
612546.48
 10
46444.08999999999
 20
609771.22
 10
46391.81999999999
 20
606995.96
 10
46339.57
 20
604220.72
 10
46287.34999999999
 20
601445.48
 10
44091.29
 20
601487.0900000001
 10
41895.21
 20
601529.2900000001
 10
39699.14
 20
601572.0700000001
 10
37503.04
 20
601615.4499999999
 10
35306.95
 20
601659.4099999999
 10
33110.85
 20
601703.97
 10
30914.74
 20
601749.11
 10
28718.62
 20
601794.85
 10
26522.49
 20
601841.1799999999
 10
24326.36
 20
601888.1
 10
24386.04
 20
604663.44
 10
24445.76
 20
607438.78
 10
24505.51
 20
610214.13
 10
24565.3
 20
612989.48
 10
24625.12
 20
615764.86
 10
24684.97
 20
618540.2299999999
 10
24744.86
 20
621315.6300000001
 10
24804.78
 20
624091.0300000001
 10
24864.73
 20
626866.4499999999
  0
TEXT
  5
1B0
330
2
100
AcDbEntity
  8
N50000
100
AcDbText
 10
-12073.44
 20
583490.67
 30
0.0
 40
1528.44
  1
37603
 50
358.77
  7
GHS
100
AcDbText
  0
TEXT
  5
1B1
330
2
100
AcDbEntity
  8
T50000
100
AcDbText
 10
-13088.63904812078
 20
586967.5862172601
 30
0.0
 40
4000.0
  1
개성
 50
358.77
  7
GHS
 72
     4
 11
-8463.43
 21
588868.74
 31
0.0
100
AcDbText
  0
TEXT
  5
1B2
330
2
100
AcDbEntity
  8
N50000
100
AcDbText
 10
9888.629999999999
 20
582931.71
 30
0.0
 40
1528.44
  1
37604
 50
358.77
  7
GHS
100
AcDbText
  0
TEXT
  5
1B3
330
2
100
AcDbEntity
  8
T50000
100
AcDbText
 10
8788.872407590266
 20
586368.2579764628
 30
0.0
 40
4000.0
  1
문산
 50
358.77
  7
GHS
 72
     4
 11
13498.29
 21
588309.28
 31
0.0
100
AcDbText
  0
TEXT
  5
1B4
330
2
100
AcDbEntity
  8
N50000
100
AcDbText
 10
10559.52
 20
610685.72
 30
0.0
 40
1528.44
  1
38616
 50
358.77
  7
GHS
100
AcDbText
  0
TEXT
  5
1B5
330
2
100
AcDbEntity
  8
T50000
100
AcDbText
 10
9627.915083629392
 20
614159.8973921826
 30
0.0
 40
4000.0
  1
왕징
 50
358.77
  7
GHS
 72
     4
 11
14169.81
 21
616062.8400000001
 31
0.0
100
AcDbText
  0
LWPOLYLINE
  5
1B6
330
2
100
AcDbEntity
  8
G50
  6
Continuous
100
AcDbPolyline
 90
       40
 70
     1
 43
0.0
 10
2364.55
 20
602389.8
 10
4560.77
 20
602336.9800000001
 10
6756.98
 20
602284.7399999999
 10
8953.180000000001
 20
602233.0900000001
 10
11149.38
 20
602182.0400000001
 10
13345.56
 20
602131.5600000001
 10
15541.74
 20
602081.6899999999
 10
17737.9
 20
602032.4000000001
 10
19934.07
 20
601983.72
 10
22130.22
 20
601935.61
 10
24326.36
 20
601888.1
 10
24266.71
 20
599112.7800000001
 10
24207.09
 20
596337.47
 10
24147.51
 20
593562.1799999999
 10
24087.96
 20
590786.89
 10
24028.44
 20
588011.61
 10
23968.96
 20
585236.3400000001
 10
23909.51
 20
582461.0900000001
 10
23850.09
 20
579685.8300000001
 10
23790.71
 20
576910.6
 10
23731.36
 20
574135.3700000001
 10
21527.78
 20
574182.7800000001
 10
19324.17
 20
574230.7700000001
 10
17120.56
 20
574279.36
 10
14916.95
 20
574328.5300000001
 10
12713.33
 20
574378.3
 10
10509.7
 20
574428.6500000001
 10
8306.06
 20
574479.5900000001
 10
6102.4
 20
574531.13
 10
3898.74
 20
574583.25
 10
1695.07
 20
574635.96
 10
1761.86
 20
577411.31
 10
1828.67
 20
580186.65
 10
1895.52
 20
582962.01
 10
1962.42
 20
585737.3800000001
 10
2029.34
 20
588512.76
 10
2096.3
 20
591288.1500000001
 10
2163.31
 20
594063.55
 10
2230.360000000001
 20
596838.96
 10
2297.44
 20
599614.38
  0
LWPOLYLINE
  5
1B7
330
2
100
AcDbEntity
  8
G50
  6
Continuous
100
AcDbPolyline
 90
       40
 70
     1
 43
0.0
 10
3037.800000000001
 20
630144.6600000001
 10
5226.53
 20
630091.71
 10
7415.25
 20
630039.36
 10
9603.96
 20
629987.6
 10
11792.67
 20
629936.43
 10
13981.36
 20
629885.86
 10
16170.04
 20
629835.88
 10
18358.73
 20
629786.49
 10
20547.4
 20
629737.6899999999
 10
22736.06
 20
629689.49
 10
24924.71
 20
629641.87
 10
24864.73
 20
626866.4499999999
 10
24804.78
 20
624091.0300000001
 10
24744.86
 20
621315.6300000001
 10
24684.97
 20
618540.2299999999
 10
24625.12
 20
615764.86
 10
24565.3
 20
612989.48
 10
24505.51
 20
610214.13
 10
24445.76
 20
607438.78
 10
24386.04
 20
604663.44
 10
24326.36
 20
601888.1
 10
22130.22
 20
601935.61
 10
19934.07
 20
601983.72
 10
17737.9
 20
602032.4000000001
 10
15541.74
 20
602081.6899999999
 10
13345.56
 20
602131.5600000001
 10
11149.38
 20
602182.0400000001
 10
8953.180000000001
 20
602233.0900000001
 10
6756.98
 20
602284.7399999999
 10
4560.77
 20
602336.9800000001
 10
2364.55
 20
602389.8
 10
2431.7
 20
605165.25
 10
2498.89
 20
607940.69
 10
2566.13
 20
610716.1500000001
 10
2633.4
 20
613491.62
 10
2700.7
 20
616267.1
 10
2768.050000000001
 20
619042.6
 10
2835.43
 20
621818.0900000001
 10
2902.85
 20
624593.61
 10
2970.31
 20
627369.13
  0
TEXT
  5
1B8
330
2
100
AcDbEntity
  8
N50000
100
AcDbText
 10
-34036.53
 20
584108.74
 30
0.0
 40
1528.44
  1
37602
 50
358.77
  7
GHS
100
AcDbText
  0
TEXT
  5
1B9
330
2
100
AcDbEntity
  8
T50000
100
AcDbText
 10
-35049.58022304325
 20
587669.4803490105
 30
0.0
 40
4000.0
  1
교동
 50
358.77
  7
GHS
 72
     4
 11
-30426.16
 21
589487.3200000001
 31
0.0
100
AcDbText
  0
LWPOLYLINE
  5
1BA
330
2
100
AcDbEntity
  8
G50
  6
Continuous
100
AcDbPolyline
 90
       40
 70
     1
 43
0.0
 10
-41561.91999999999
 20
603570.5800000001
 10
-39365.5
 20
603505.93
 10
-37169.09
 20
603441.86
 10
-34972.69
 20
603378.3800000001
 10
-32776.29
 20
603315.5
 10
-30579.91
 20
603253.21
 10
-28383.54
 20
603191.51
 10
-26187.18
 20
603130.4000000001
 10
-23990.83
 20
603069.88
 10
-21794.5
 20
603009.9599999999
 10
-19598.18
 20
602950.6300000001
 10
-19672.76
 20
600175.0700000001
 10
-19747.31
 20
597399.5300000001
 10
-19821.81
 20
594624.0
 10
-19896.28
 20
591848.47
 10
-19970.69
 20
589072.96
 10
-20045.07
 20
586297.4499999999
 10
-20119.41
 20
583521.96
 10
-20193.7
 20
580746.48
 10
-20267.95
 20
577971.0
 10
-20342.16
 20
575195.5300000001
 10
-22545.94
 20
575254.74
 10
-24749.74
 20
575314.52
 10
-26953.54
 20
575374.91
 10
-29157.34
 20
575435.88
 10
-31361.17
 20
575497.45
 10
-33565.01
 20
575559.6
 10
-35768.85
 20
575622.35
 10
-37972.7
 20
575685.67
 10
-40176.56999999999
 20
575749.5999999999
 10
-42380.44999999999
 20
575814.11
 10
-42298.80999999999
 20
578589.72
 10
-42217.12
 20
581365.3300000001
 10
-42135.37999999999
 20
584140.9699999999
 10
-42053.59999999999
 20
586916.5900000001
 10
-41971.76
 20
589692.2400000001
 10
-41889.88
 20
592467.88
 10
-41807.95999999999
 20
595243.5400000001
 10
-41726.0
 20
598019.21
 10
-41643.98
 20
600794.9
  0
TEXT
  5
1BB
330
2
100
AcDbEntity
  8
N50000
100
AcDbText
 10
-56000.75
 20
584786.0
 30
0.0
 40
1528.44
  1
37601
 50
358.77
  7
GHS
100
AcDbText
  0
TEXT
  5
1BC
330
2
100
AcDbEntity
  8
T50000
100
AcDbText
 10
-57266.06585591009
 20
588227.6256266179
 30
0.0
 40
4000.0
  1
연안
 50
358.77
  7
GHS
 72
     4
 11
-52390.02
 21
590165.0700000001
 31
0.0
100
AcDbText
  0
LWPOLYLINE
  5
1BD
330
2
100
AcDbEntity
  8
G50
  6
Continuous
100
AcDbPolyline
 90
       40
 70
     1
 43
0.0
 10
-63526.79
 20
604249.7199999999
 10
-61330.24999999999
 20
604179.13
 10
-59133.72
 20
604109.15
 10
-56937.19999999999
 20
604039.7600000001
 10
-54740.7
 20
603970.96
 10
-52544.19999999999
 20
603902.75
 10
-50347.73
 20
603835.13
 10
-48151.26
 20
603768.11
 10
-45954.8
 20
603701.6799999999
 10
-43758.35
 20
603635.8300000001
 10
-41561.91999999999
 20
603570.5800000001
 10
-41643.98
 20
600794.9
 10
-41726.0
 20
598019.21
 10
-41807.95999999999
 20
595243.5400000001
 10
-41889.88
 20
592467.88
 10
-41971.76
 20
589692.2400000001
 10
-42053.59999999999
 20
586916.5900000001
 10
-42135.37999999999
 20
584140.9699999999
 10
-42217.12
 20
581365.3300000001
 10
-42298.80999999999
 20
578589.72
 10
-42380.44999999999
 20
575814.11
 10
-44584.34999999999
 20
575879.22
 10
-46788.24999999999
 20
575944.91
 10
-48992.17
 20
576011.2
 10
-51196.08999999999
 20
576078.0800000001
 10
-53400.03
 20
576145.5500000001
 10
-55603.98
 20
576213.61
 10
-57807.95
 20
576282.25
 10
-60011.93
 20
576351.49
 10
-62215.91
 20
576421.3300000001
 10
-64419.91999999999
 20
576491.74
 10
-64330.82
 20
579267.5
 10
-64241.7
 20
582043.2700000001
 10
-64152.5
 20
584819.04
 10
-64063.27
 20
587594.8300000001
 10
-63973.98
 20
590370.62
 10
-63884.63999999999
 20
593146.4199999999
 10
-63795.25
 20
595922.23
 10
-63705.81
 20
598698.0500000001
 10
-63616.32
 20
601473.88
  0
LWPOLYLINE
  5
1BE
330
2
100
AcDbEntity
  8
G50
  6
Continuous
100
AcDbPolyline
 90
       40
 70
     1
 43
0.0
 10
-19598.18
 20
602950.6300000001
 10
-17401.86
 20
602891.88
 10
-15205.55
 20
602833.73
 10
-13009.26
 20
602776.1699999999
 10
-10812.96
 20
602719.2
 10
-8616.690000000001
 20
602662.8200000001
 10
-6420.43
 20
602607.04
 10
-4224.169999999999
 20
602551.8400000001
 10
-2027.92
 20
602497.24
 10
168.32
 20
602443.23
 10
2364.55
 20
602389.8
 10
2297.44
 20
599614.38
 10
2230.360000000001
 20
596838.96
 10
2163.31
 20
594063.55
 10
2096.3
 20
591288.1500000001
 10
2029.34
 20
588512.76
 10
1962.42
 20
585737.3800000001
 10
1895.52
 20
582962.01
 10
1828.67
 20
580186.65
 10
1761.86
 20
577411.31
 10
1695.07
 20
574635.96
 10
-508.61
 20
574689.27
 10
-2712.29
 20
574743.1599999999
 10
-4915.99
 20
574797.6300000001
 10
-7119.7
 20
574852.71
 10
-9323.41
 20
574908.3699999999
 10
-11527.14
 20
574964.6300000001
 10
-13730.88
 20
575021.47
 10
-15934.63
 20
575078.9000000001
 10
-18138.39
 20
575136.9199999999
 10
-20342.16
 20
575195.5300000001
 10
-20267.95
 20
577971.0
 10
-20193.7
 20
580746.48
 10
-20119.41
 20
583521.96
 10
-20045.07
 20
586297.4499999999
 10
-19970.69
 20
589072.96
 10
-19896.28
 20
591848.47
 10
-19821.81
 20
594624.0
 10
-19747.31
 20
597399.5300000001
 10
-19672.76
 20
600175.0700000001
  0
TEXT
  5
1BF
330
2
100
AcDbEntity
  8
N50000
100
AcDbText
 10
30667.86
 20
526929.17
 30
0.0
 40
1528.44
  1
37709
 50
358.79
  7
GHS
100
AcDbText
  0
TEXT
  5
1C0
330
2
100
AcDbEntity
  8
T50000
100
AcDbText
 10
29818.8442351212
 20
530442.4997204325
 30
0.0
 40
4000.0
  1
수원
 50
358.79
  7
GHS
 72
     4
 11
34275.88
 21
532307.13
 31
0.0
100
AcDbText
  0
TEXT
  5
1C1
330
2
100
AcDbEntity
  8
N50000
100
AcDbText
 10
31257.13
 20
554680.0
 30
0.0
 40
1528.44
  1
37705
 50
358.78
  7
GHS
100
AcDbText
  0
TEXT
  5
1C2
330
2
100
AcDbEntity
  8
T50000
100
AcDbText
 10
30157.59839356435
 20
558157.3332789468
 30
0.0
 40
4000.0
  1
성동
 50
358.78
  7
GHS
 72
     4
 11
34865.79
 21
560057.52
 31
0.0
100
AcDbText
  0
TEXT
  5
1C3
330
2
100
AcDbEntity
  8
N50000
100
AcDbText
 10
29499.49
 20
471430.62
 30
0.0
 40
1528.44
  1
36701
 50
358.8
  7
GHS
100
AcDbText
  0
TEXT
  5
1C4
330
2
100
AcDbEntity
  8
T50000
100
AcDbText
 10
28523.66455611837
 20
474905.0421233539
 30
0.0
 40
4000.0
  1
평택
 50
358.8
  7
GHS
 72
     4
 11
33106.22
 21
476809.49
 31
0.0
100
AcDbText
  0
TEXT
  5
1C5
330
2
100
AcDbEntity
  8
N50000
100
AcDbText
 10
30081.98
 20
499179.37
 30
0.0
 40
1528.44
  1
37713
 50
358.79
  7
GHS
100
AcDbText
  0
TEXT
  5
1C6
330
2
100
AcDbEntity
  8
T50000
100
AcDbText
 10
29231.44436369575
 20
502651.5023448864
 30
0.0
 40
4000.0
  1
용인
 50
358.79
  7
GHS
 72
     4
 11
33689.36
 21
504557.79
 31
0.0
100
AcDbText
  0
LWPOLYLINE
  5
1C7
330
2
100
AcDbEntity
  8
G50
  6
Continuous
100
AcDbPolyline
 90
       40
 70
     1
 43
0.0
 10
22551.47
 20
518633.02
 10
24769.82
 20
518586.43
 10
26988.15
 20
518540.41
 10
29206.48
 20
518494.99
 10
31424.79
 20
518450.16
 10
33643.11
 20
518405.9000000001
 10
35861.4
 20
518362.24
 10
38079.7
 20
518319.16
 10
40297.98
 20
518276.68
 10
42516.26
 20
518234.7700000001
 10
44734.53
 20
518193.45
 10
44683.23
 20
515418.55
 10
44631.94999999999
 20
512643.66
 10
44580.71
 20
509868.78
 10
44529.5
 20
507093.91
 10
44478.30999999999
 20
504319.05
 10
44427.15
 20
501544.2
 10
44376.03
 20
498769.36
 10
44324.94
 20
495994.5300000001
 10
44273.87
 20
493219.72
 10
44222.83999999999
 20
490444.91
 10
41997.24999999999
 20
490486.12
 10
39771.65
 20
490527.92
 10
37546.06
 20
490570.31
 10
35320.45
 20
490613.28
 10
33094.82
 20
490656.8400000001
 10
30869.2
 20
490700.98
 10
28643.57
 20
490745.7100000001
 10
26417.91
 20
490791.01
 10
24192.26
 20
490836.91
 10
21966.6
 20
490883.4
 10
22024.93
 20
493658.31
 10
22083.3
 20
496433.23
 10
22141.7
 20
499208.1699999999
 10
22200.14
 20
501983.12
 10
22258.61
 20
504758.08
 10
22317.11
 20
507533.04
 10
22375.65
 20
510308.02
 10
22434.22
 20
513083.01
 10
22492.83
 20
515858.01
  0
LWPOLYLINE
  5
1C8
330
2
100
AcDbEntity
  8
G50
  6
Continuous
 62
     5
100
AcDbPolyline
 90
       40
 70
     1
 43
0.0
 10
23139.73
 20
546383.6799999999
 10
25350.71
 20
546336.97
 10
27561.68
 20
546290.8500000001
 10
29772.65
 20
546245.3200000001
 10
31983.61
 20
546200.37
 10
34194.55000000001
 20
546156.02
 10
36405.5
 20
546112.25
 10
38616.43
 20
546069.07
 10
40827.36
 20
546026.48
 10
43038.28
 20
545984.47
 10
45249.18
 20
545943.0600000001
 10
45197.58999999999
 20
543168.06
 10
45146.01
 20
540393.0500000001
 10
45094.48
 20
537618.0700000001
 10
45042.97
 20
534843.1
 10
44991.49
 20
532068.13
 10
44940.03
 20
529293.17
 10
44888.62
 20
526518.22
 10
44837.23
 20
523743.29
 10
44785.85999999999
 20
520968.36
 10
44734.53
 20
518193.45
 10
42516.26
 20
518234.7700000001
 10
40297.98
 20
518276.68
 10
38079.7
 20
518319.16
 10
35861.4
 20
518362.24
 10
33643.11
 20
518405.9000000001
 10
31424.79
 20
518450.16
 10
29206.48
 20
518494.99
 10
26988.15
 20
518540.41
 10
24769.82
 20
518586.43
 10
22551.47
 20
518633.02
 10
22610.14
 20
521408.04
 10
22668.85
 20
524183.0700000001
 10
22727.59
 20
526958.1099999999
 10
22786.36
 20
529733.1599999999
 10
22845.17
 20
532508.22
 10
22904.02
 20
535283.2900000001
 10
22962.89
 20
538058.37
 10
23021.8
 20
540833.47
 10
23080.75
 20
543608.5600000001
  0
TEXT
  5
1C9
330
2
100
AcDbEntity
  8
N50000
100
AcDbText
 10
-12815.05
 20
555736.4
 30
0.0
 40
1528.44
  1
37607
 50
358.78
  7
GHS
100
AcDbText
  0
TEXT
  5
1CA
330
2
100
AcDbEntity
  8
T50000
100
AcDbText
 10
-13998.06319112138
 20
559174.8603415931
 30
0.0
 40
4000.0
  1
김포
 50
358.78
  7
GHS
 72
     4
 11
-9205.670000000001
 21
561114.93
 31
0.0
100
AcDbText
  0
TEXT
  5
1CB
330
2
100
AcDbEntity
  8
N50000
100
AcDbText
 10
-13552.45
 20
527983.1
 30
0.0
 40
1528.44
  1
37611
 50
358.79
  7
GHS
100
AcDbText
  0
TEXT
  5
1CC
330
2
100
AcDbEntity
  8
T50000
100
AcDbText
 10
-14569.13500991395
 20
531417.6544550423
 30
0.0
 40
4000.0
  1
인천
 50
358.79
  7
GHS
 72
     4
 11
-9943.709999999999
 21
533362.0800000002
 31
0.0
100
AcDbText
  0
TEXT
  5
1CD
330
2
100
AcDbEntity
  8
N50000
100
AcDbText
 10
7243.0
 20
471925.71
 30
0.0
 40
1528.44
  1
36604
 50
358.8
  7
GHS
100
AcDbText
  0
TEXT
  5
1CE
330
2
100
AcDbEntity
  8
N50000
100
AcDbText
 10
-14285.62
 20
500230.76
 30
0.0
 40
1528.44
  1
37615
 50
358.79
  7
GHS
100
AcDbText
  0
TEXT
  5
1CF
330
2
100
AcDbEntity
  8
T50000
100
AcDbText
 10
-15467.80476924731
 20
503752.6086918361
 30
0.0
 40
4000.0
  1
대부
 50
358.79
  7
GHS
 72
     4
 11
-10677.51
 21
505610.2
 31
0.0
100
AcDbText
  0
TEXT
  5
1D0
330
2
100
AcDbEntity
  8
N50000
100
AcDbText
 10
-15014.55
 20
472479.38
 30
0.0
 40
1528.44
  1
36603
 50
358.8
  7
GHS
100
AcDbText
  0
TEXT
  5
1D1
330
2
100
AcDbEntity
  8
T50000
100
AcDbText
 10
-16031.30297235975
 20
475955.7047241823
 30
0.0
 40
4000.0
  1
당진
 50
358.8
  7
GHS
 72
     4
 11
-11407.09
 21
477859.2800000001
 31
0.0
100
AcDbText
  0
TEXT
  5
1D2
330
2
100
AcDbEntity
  8
T50000
100
AcDbText
 10
5975.941856771533
 20
475406.7603291531
 30
0.0
 40
4000.0
  1
아산
 50
358.8
  7
GHS
 72
     4
 11
10850.1
 21
477305.1
 31
0.0
100
AcDbText
  0
TEXT
  5
1D3
330
2
100
AcDbEntity
  8
N50000
100
AcDbText
 10
7898.699999999999
 20
499675.72
 30
0.0
 40
1528.44
  1
37616
 50
358.79
  7
GHS
100
AcDbText
  0
TEXT
  5
1D4
330
2
100
AcDbEntity
  8
T50000
100
AcDbText
 10
6631.940608235113
 20
503157.1510591408
 30
0.0
 40
4000.0
  1
남양
 50
358.79
  7
GHS
 72
     4
 11
11506.43
 21
505054.64
 31
0.0
100
AcDbText
  0
TEXT
  5
1D5
330
2
100
AcDbEntity
  8
N50000
100
AcDbText
 10
8558.200000000001
 20
527426.71
 30
0.0
 40
1528.44
  1
37612
 50
358.79
  7
GHS
100
AcDbText
  0
TEXT
  5
1D6
330
2
100
AcDbEntity
  8
T50000
100
AcDbText
 10
7292.090608235113
 20
530907.7010591408
 30
0.0
 40
4000.0
  1
안양
 50
358.79
  7
GHS
 72
     4
 11
12166.58
 21
532805.19
 31
0.0
100
AcDbText
  0
TEXT
  5
1D7
330
2
100
AcDbEntity
  8
N50000
100
AcDbText
 10
9221.520000000001
 20
555178.7199999999
 30
0.0
 40
1528.44
  1
37608
 50
358.78
  7
GHS
100
AcDbText
  0
TEXT
  5
1D8
330
2
100
AcDbEntity
  8
T50000
100
AcDbText
 10
8122.338393564344
 20
558656.5532789467
 30
0.0
 40
4000.0
  1
서울
 50
358.78
  7
GHS
 72
     4
 11
12830.53
 21
560556.74
 31
0.0
100
AcDbText
  0
LWPOLYLINE
  5
1D9
330
2
100
AcDbEntity
  8
G50
  6
Continuous
100
AcDbPolyline
 90
       40
 70
     1
 43
0.0
 10
367.5
 20
519131.26
 10
2585.94
 20
519078.8
 10
4804.37
 20
519026.92
 10
7022.79
 20
518975.62
 10
9241.21
 20
518924.93
 10
11459.6
 20
518874.8
 10
13678.0
 20
518825.28
 10
15896.37
 20
518776.33
 10
18114.75
 20
518727.97
 10
20333.11
 20
518680.2100000001
 10
22551.47
 20
518633.02
 10
22492.83
 20
515858.01
 10
22434.22
 20
513083.01
 10
22375.65
 20
510308.02
 10
22317.11
 20
507533.04
 10
22258.61
 20
504758.08
 10
22200.14
 20
501983.12
 10
22141.7
 20
499208.1699999999
 10
22083.3
 20
496433.23
 10
22024.93
 20
493658.31
 10
21966.6
 20
490883.4
 10
19740.93
 20
490930.46
 10
17515.24
 20
490978.11
 10
15289.54
 20
491026.36
 10
13063.84
 20
491075.17
 10
10838.13
 20
491124.58
 10
8612.399999999999
 20
491174.57
 10
6386.680000000001
 20
491225.15
 10
4160.939999999999
 20
491276.32
 10
1935.18
 20
491328.07
 10
-290.59
 20
491380.41
 10
-224.95
 20
494155.45
 10
-159.27
 20
496930.5
 10
-93.55999999999999
 20
499705.56
 10
-27.81
 20
502480.63
 10
37.98
 20
505255.7100000001
 10
103.81
 20
508030.8
 10
169.67
 20
510805.91
 10
235.57
 20
513581.01
 10
301.51
 20
516356.1300000001
  0
LWPOLYLINE
  5
1DA
330
2
100
AcDbEntity
  8
G50
  6
Continuous
 62
     5
100
AcDbPolyline
 90
       40
 70
     1
 43
0.0
 10
1029.39
 20
546883.11
 10
3240.460000000001
 20
546830.52
 10
5451.529999999999
 20
546778.52
 10
7662.59
 20
546727.11
 10
9873.640000000001
 20
546676.2800000001
 10
12084.68
 20
546626.0400000001
 10
14295.7
 20
546576.39
 10
16506.72
 20
546527.34
 10
18717.73
 20
546478.86
 10
20928.73
 20
546430.98
 10
23139.73
 20
546383.6799999999
 10
23080.75
 20
543608.5600000001
 10
23021.8
 20
540833.47
 10
22962.89
 20
538058.37
 10
22904.02
 20
535283.2900000001
 10
22845.17
 20
532508.22
 10
22786.36
 20
529733.1599999999
 10
22727.59
 20
526958.1099999999
 10
22668.85
 20
524183.0700000001
 10
22610.14
 20
521408.04
 10
22551.47
 20
518633.02
 10
20333.11
 20
518680.2100000001
 10
18114.75
 20
518727.97
 10
15896.37
 20
518776.33
 10
13678.0
 20
518825.28
 10
11459.6
 20
518874.8
 10
9241.21
 20
518924.93
 10
7022.79
 20
518975.62
 10
4804.37
 20
519026.92
 10
2585.94
 20
519078.8
 10
367.5
 20
519131.26
 10
433.5099999999999
 20
521906.4
 10
499.57
 20
524681.5600000001
 10
565.66
 20
527456.7199999999
 10
631.7999999999999
 20
530231.89
 10
697.96
 20
533007.0700000001
 10
764.17
 20
535782.26
 10
830.4199999999999
 20
538557.4599999999
 10
896.71
 20
541332.6699999999
 10
963.02
 20
544107.89
  0
TEXT
  5
1DB
330
2
100
AcDbEntity
  8
N50000
100
AcDbText
 10
28920.41
 20
443682.89
 30
0.0
 40
1528.44
  1
36705
 50
358.81
  7
GHS
100
AcDbText
  0
TEXT
  5
1DC
330
2
100
AcDbEntity
  8
T50000
100
AcDbText
 10
27902.61933463058
 20
447157.8276757628
 30
0.0
 40
4000.0
  1
전의
 50
358.81
  7
GHS
 72
     4
 11
32526.5
 21
449062.21
 31
0.0
100
AcDbText
  0
LWPOLYLINE
  5
1DD
330
2
100
AcDbEntity
  8
G50
  6
Continuous
100
AcDbPolyline
 90
       40
 70
     1
 43
0.0
 10
21385.12
 20
463134.79
 10
23618.07
 20
463088.43
 10
25851.0
 20
463042.6599999999
 10
28083.92
 20
462997.45
 10
30316.84
 20
462952.84
 10
32549.73
 20
462908.82
 10
34782.63
 20
462865.37
 10
37015.51
 20
462822.51
 10
39248.39
 20
462780.2299999999
 10
41481.26
 20
462738.5499999999
 10
43714.12
 20
462697.4299999999
 10
43663.41
 20
459922.74
 10
43612.73
 20
457148.06
 10
43562.08
 20
454373.39
 10
43511.47
 20
451598.74
 10
43460.87
 20
448824.09
 10
43410.32
 20
446049.45
 10
43359.79
 20
443274.83
 10
43309.29
 20
440500.2099999999
 10
43258.82
 20
437725.61
 10
43208.38
 20
434951.01
 10
40968.29
 20
434992.02
 10
38728.19
 20
435033.6
 10
36488.08
 20
435075.77
 10
34247.97
 20
435118.51
 10
32007.84
 20
435161.84
 10
29767.7
 20
435205.7499999999
 10
27527.55
 20
435250.2499999999
 10
25287.41
 20
435295.33
 10
23047.24
 20
435340.98
 10
20807.06
 20
435387.22
 10
20864.71
 20
438161.94
 10
20922.4
 20
440936.6499999999
 10
20980.12
 20
443711.39
 10
21037.88
 20
446486.13
 10
21095.67
 20
449260.88
 10
21153.49
 20
452035.65
 10
21211.35
 20
454810.4099999999
 10
21269.24
 20
457585.2
 10
21327.16
 20
460359.99
  0
TEXT
  5
1DE
330
2
100
AcDbEntity
  8
N50000
100
AcDbText
 10
28344.75
 20
415936.19
 30
0.0
 40
1528.44
  1
36709
 50
358.81
  7
GHS
100
AcDbText
  0
TEXT
  5
1DF
330
2
100
AcDbEntity
  8
N50000
100
AcDbText
 10
27772.51
 20
388190.5200000001
 30
0.0
 40
1528.44
  1
36713
 50
358.82
  7
GHS
100
AcDbText
  0
TEXT
  5
1E0
330
2
100
AcDbEntity
  8
T50000
100
AcDbText
 10
26669.56806184668
 20
391625.6189739286
 30
0.0
 40
4000.0
  1
논산
 50
358.82
  7
GHS
 72
     4
 11
31377.29
 21
393570.75
 31
0.0
100
AcDbText
  0
LWPOLYLINE
  5
1E1
330
2
100
AcDbEntity
  8
G50
  6
Continuous
100
AcDbPolyline
 90
       40
 70
     1
 43
0.0
 10
20232.42
 20
407640.6699999999
 10
22479.79
 20
407594.5599999999
 10
24727.14
 20
407549.0199999999
 10
26974.49
 20
407504.07
 10
29221.83
 20
407459.6999999999
 10
31469.15
 20
407415.9
 10
33716.46
 20
407372.69
 10
35963.77
 20
407330.05
 10
38211.07
 20
407288.0
 10
40458.36
 20
407246.54
 10
42705.63
 20
407205.6500000001
 10
42655.52999999999
 20
404431.1599999999
 10
42605.44999999999
 20
401656.7000000001
 10
42555.4
 20
398882.24
 10
42505.37999999999
 20
396107.79
 10
42455.38999999999
 20
393333.36
 10
42405.43
 20
390558.9300000001
 10
42355.49999999999
 20
387784.52
 10
42305.61
 20
385010.1200000001
 10
42255.73999999999
 20
382235.72
 10
42205.89
 20
379461.3400000001
 10
39951.48
 20
379502.11
 10
37697.04
 20
379543.47
 10
35442.59
 20
379585.4000000001
 10
33188.14
 20
379627.92
 10
30933.67
 20
379671.01
 10
28679.2
 20
379714.68
 10
26424.72
 20
379758.92
 10
24170.22
 20
379803.75
 10
21915.72
 20
379849.16
 10
19661.21
 20
379895.1500000001
 10
19718.17
 20
382669.65
 10
19775.17
 20
385444.17
 10
19832.21
 20
388218.7
 10
19889.28
 20
390993.23
 10
19946.38
 20
393767.78
 10
20003.52
 20
396542.34
 10
20060.69
 20
399316.91
 10
20117.9
 20
402091.4799999999
 10
20175.14
 20
404866.08
  0
TEXT
  5
1E2
330
2
100
AcDbEntity
  8
T50000
100
AcDbText
 10
27328.89532524533
 20
419536.5507161864
 30
0.0
 40
4000.0
  1
공주
 50
358.81
  7
GHS
 72
     4
 11
31950.18
 21
421315.96
 31
0.0
100
AcDbText
  0
LWPOLYLINE
  5
1E3
330
2
100
AcDbEntity
  8
G50
  6
Continuous
100
AcDbPolyline
 90
       40
 70
     1
 43
0.0
 10
20807.06
 20
435387.22
 10
23047.24
 20
435340.98
 10
25287.41
 20
435295.33
 10
27527.55
 20
435250.2499999999
 10
29767.7
 20
435205.7499999999
 10
32007.84
 20
435161.84
 10
34247.97
 20
435118.51
 10
36488.08
 20
435075.77
 10
38728.19
 20
435033.6
 10
40968.29
 20
434992.02
 10
43208.38
 20
434951.01
 10
43157.96999999999
 20
432176.43
 10
43107.59
 20
429401.8499999999
 10
43057.24999999999
 20
426627.3
 10
43006.91999999999
 20
423852.74
 10
42956.63
 20
421078.2
 10
42906.37
 20
418303.67
 10
42856.13999999999
 20
415529.15
 10
42805.94999999999
 20
412754.64
 10
42755.78
 20
409980.13
 10
42705.63
 20
407205.6500000001
 10
40458.36
 20
407246.54
 10
38211.07
 20
407288.0
 10
35963.77
 20
407330.05
 10
33716.46
 20
407372.69
 10
31469.15
 20
407415.9
 10
29221.83
 20
407459.6999999999
 10
26974.49
 20
407504.07
 10
24727.14
 20
407549.0199999999
 10
22479.79
 20
407594.5599999999
 10
20232.42
 20
407640.6699999999
 10
20289.73
 20
410415.28
 10
20347.07
 20
413189.91
 10
20404.45
 20
415964.53
 10
20461.87
 20
418739.17
 10
20519.31
 20
421513.8200000001
 10
20576.79
 20
424288.48
 10
20634.31
 20
427063.15
 10
20691.86
 20
429837.83
 10
20749.44
 20
432612.52
  0
TEXT
  5
1E4
330
2
100
AcDbEntity
  8
N50000
100
AcDbText
 10
6591.14
 20
444176.7
 30
0.0
 40
1528.44
  1
36608
 50
358.81
  7
GHS
100
AcDbText
  0
TEXT
  5
1E5
330
2
100
AcDbEntity
  8
T50000
100
AcDbText
 10
-16590.52527500949
 20
448159.7986748019
 30
0.0
 40
4000.0
  1
홍성
 50
358.81
  7
GHS
 72
     4
 11
-12132.41
 21
450109.3
 31
0.0
100
AcDbText
  0
TEXT
  5
1E6
330
2
100
AcDbEntity
  8
N50000
100
AcDbText
 10
-15739.23
 20
444728.94
 30
0.0
 40
1528.44
  1
36607
 50
358.81
  7
GHS
100
AcDbText
  0
TEXT
  5
1E7
330
2
100
AcDbEntity
  8
N50000
100
AcDbText
 10
5943.12
 20
416428.69
 30
0.0
 40
1528.44
  1
36612
 50
358.81
  7
GHS
100
AcDbText
  0
TEXT
  5
1E8
330
2
100
AcDbEntity
  8
N50000
100
AcDbText
 10
5298.97
 20
388681.67
 30
0.0
 40
1528.44
  1
36616
 50
358.82
  7
GHS
100
AcDbText
  0
TEXT
  5
1E9
330
2
100
AcDbEntity
  8
T50000
100
AcDbText
 10
4029.766739705315
 20
392120.7312121487
 30
0.0
 40
4000.0
  1
한산
 50
358.82
  7
GHS
 72
     4
 11
8904.12
 21
394062.4300000001
 31
0.0
100
AcDbText
  0
TEXT
  5
1EA
330
2
100
AcDbEntity
  8
N50000
100
AcDbText
 10
-16459.64
 20
416979.46
 30
0.0
 40
1528.44
  1
36611
 50
358.81
  7
GHS
100
AcDbText
  0
TEXT
  5
1EB
330
2
100
AcDbEntity
  8
N50000
100
AcDbText
 10
-17175.76
 20
389230.92
 30
0.0
 40
1528.44
  1
36615
 50
358.82
  7
GHS
100
AcDbText
  0
TEXT
  5
1EC
330
2
100
AcDbEntity
  8
T50000
100
AcDbText
 10
-18110.47255645695
 20
392705.294566244
 30
0.0
 40
4000.0
  1
서천
 50
358.82
  7
GHS
 72
     4
 11
-13570.24
 21
394612.2000000001
 31
0.0
100
AcDbText
  0
TEXT
  5
1ED
330
2
100
AcDbEntity
  8
T50000
100
AcDbText
 10
4675.093253783299
 20
419909.7996569922
 30
0.0
 40
4000.0
  1
청양
 50
358.81
  7
GHS
 72
     4
 11
9548.92
 21
421808.99
 31
0.0
100
AcDbText
  0
TEXT
  5
1EE
330
2
100
AcDbEntity
  8
T50000
100
AcDbText
 10
-17310.71994480457
 20
420452.4363549431
 30
0.0
 40
4000.0
  1
보령
 50
358.81
  7
GHS
 72
     4
 11
-12853.47
 21
422360.28
 31
0.0
100
AcDbText
  0
TEXT
  5
1EF
330
2
100
AcDbEntity
  8
T50000
100
AcDbText
 10
5323.7632537833
 20
447657.3596569923
 30
0.0
 40
4000.0
  1
예산
 50
358.81
  7
GHS
 72
     4
 11
10197.59
 21
449556.55
 31
0.0
100
AcDbText
  0
LWPOLYLINE
  5
1F0
330
2
100
AcDbEntity
  8
G50
  6
Continuous
100
AcDbPolyline
 90
       40
 70
     1
 43
0.0
 10
-1595.27
 20
435881.67
 10
645.0199999999999
 20
435829.6099999999
 10
2885.29
 20
435778.12
 10
5125.55
 20
435727.2199999999
 10
7365.8
 20
435676.9
 10
9606.030000000002
 20
435627.16
 10
11846.26
 20
435578.01
 10
14086.48
 20
435529.44
 10
16326.68
 20
435481.46
 10
18566.87
 20
435434.04
 10
20807.06
 20
435387.22
 10
20749.44
 20
432612.52
 10
20691.86
 20
429837.83
 10
20634.31
 20
427063.15
 10
20576.79
 20
424288.48
 10
20519.31
 20
421513.8200000001
 10
20461.87
 20
418739.17
 10
20404.45
 20
415964.53
 10
20347.07
 20
413189.91
 10
20289.73
 20
410415.28
 10
20232.42
 20
407640.6699999999
 10
17985.04
 20
407687.37
 10
15737.66
 20
407734.6499999999
 10
13490.26
 20
407782.51
 10
11242.84
 20
407830.95
 10
8995.43
 20
407879.97
 10
6748.0
 20
407929.57
 10
4500.560000000001
 20
407979.74
 10
2253.1
 20
408030.51
 10
5.639999999999999
 20
408081.85
 10
-2241.83
 20
408133.78
 10
-2177.36
 20
410908.52
 10
-2112.83
 20
413683.28
 10
-2048.27
 20
416458.04
 10
-1983.67
 20
419232.82
 10
-1919.03
 20
422007.6
 10
-1854.35
 20
424782.39
 10
-1789.64
 20
427557.2
 10
-1724.89
 20
430332.01
 10
-1660.09
 20
433106.84
  0
LWPOLYLINE
  5
1F1
330
2
100
AcDbEntity
  8
G50
  6
Continuous
100
AcDbPolyline
 90
       40
 70
     1
 43
0.0
 10
-944.8400000000001
 20
463630.54
 10
1288.2
 20
463578.35
 10
3521.23
 20
463526.72
 10
5754.26
 20
463475.69
 10
7987.270000000001
 20
463425.2299999999
 10
10220.27
 20
463375.37
 10
12453.26
 20
463326.08
 10
14686.24
 20
463277.38
 10
16919.22
 20
463229.28
 10
19152.17
 20
463181.74
 10
21385.12
 20
463134.79
 10
21327.16
 20
460359.99
 10
21269.24
 20
457585.2
 10
21211.35
 20
454810.4099999999
 10
21153.49
 20
452035.65
 10
21095.67
 20
449260.88
 10
21037.88
 20
446486.13
 10
20980.12
 20
443711.39
 10
20922.4
 20
440936.6499999999
 10
20864.71
 20
438161.94
 10
20807.06
 20
435387.22
 10
18566.87
 20
435434.04
 10
16326.68
 20
435481.46
 10
14086.48
 20
435529.44
 10
11846.26
 20
435578.01
 10
9606.030000000002
 20
435627.16
 10
7365.8
 20
435676.9
 10
5125.55
 20
435727.2199999999
 10
2885.29
 20
435778.12
 10
645.0199999999999
 20
435829.6099999999
 10
-1595.27
 20
435881.67
 10
-1530.39
 20
438656.51
 10
-1465.49
 20
441431.3599999999
 10
-1400.54
 20
444206.2299999999
 10
-1335.55
 20
446981.0999999999
 10
-1270.53
 20
449755.98
 10
-1205.47
 20
452530.88
 10
-1140.37
 20
455305.78
 10
-1075.23
 20
458080.69
 10
-1010.05
 20
460855.62
  0
LWPOLYLINE
  5
1F2
330
2
100
AcDbEntity
  8
G50
  6
Continuous
100
AcDbPolyline
 90
       40
 70
     1
 43
0.0
 10
-2241.83
 20
408133.78
 10
5.639999999999999
 20
408081.85
 10
2253.1
 20
408030.51
 10
4500.560000000001
 20
407979.74
 10
6748.0
 20
407929.57
 10
8995.43
 20
407879.97
 10
11242.84
 20
407830.95
 10
13490.26
 20
407782.51
 10
15737.66
 20
407734.6499999999
 10
17985.04
 20
407687.37
 10
20232.42
 20
407640.6699999999
 10
20175.14
 20
404866.08
 10
20117.9
 20
402091.4799999999
 10
20060.69
 20
399316.91
 10
20003.52
 20
396542.34
 10
19946.38
 20
393767.78
 10
19889.28
 20
390993.23
 10
19832.21
 20
388218.7
 10
19775.17
 20
385444.17
 10
19718.17
 20
382669.65
 10
19661.21
 20
379895.1500000001
 10
17406.68
 20
379941.71
 10
15152.15
 20
379988.86
 10
12897.59
 20
380036.58
 10
10643.04
 20
380084.89
 10
8388.469999999999
 20
380133.7700000001
 10
6133.89
 20
380183.23
 10
3879.3
 20
380233.27
 10
1624.69
 20
380283.8900000001
 10
-629.9299999999999
 20
380335.09
 10
-2884.55
 20
380386.8700000001
 10
-2820.46
 20
383161.52
 10
-2756.32
 20
385936.18
 10
-2692.14
 20
388710.8400000001
 10
-2627.93
 20
391485.51
 10
-2563.68
 20
394260.2
 10
-2499.39
 20
397034.8900000001
 10
-2435.06
 20
399809.6
 10
-2370.69
 20
402584.31
 10
-2306.28
 20
405359.04
  0
LWPOLYLINE
  5
1F3
330
2
100
AcDbEntity
  8
G50
  6
Continuous
100
AcDbPolyline
 90
       40
 70
     1
 43
0.0
 10
21966.6
 20
490883.4
 10
24192.26
 20
490836.91
 10
26417.91
 20
490791.01
 10
28643.57
 20
490745.7100000001
 10
30869.2
 20
490700.98
 10
33094.82
 20
490656.8400000001
 10
35320.45
 20
490613.28
 10
37546.06
 20
490570.31
 10
39771.65
 20
490527.92
 10
41997.24999999999
 20
490486.12
 10
44222.83999999999
 20
490444.91
 10
44171.83
 20
487670.12
 10
44120.85
 20
484895.33
 10
44069.9
 20
482120.56
 10
44018.99
 20
479345.7899999999
 10
43968.1
 20
476571.0399999999
 10
43917.23999999999
 20
473796.29
 10
43866.42
 20
471021.56
 10
43815.62999999999
 20
468246.84
 10
43764.84999999999
 20
465472.13
 10
43714.12
 20
462697.4299999999
 10
41481.26
 20
462738.5499999999
 10
39248.39
 20
462780.2299999999
 10
37015.51
 20
462822.51
 10
34782.63
 20
462865.37
 10
32549.73
 20
462908.82
 10
30316.84
 20
462952.84
 10
28083.92
 20
462997.45
 10
25851.0
 20
463042.6599999999
 10
23618.07
 20
463088.43
 10
21385.12
 20
463134.79
 10
21443.12
 20
465909.61
 10
21501.15
 20
468684.4299999999
 10
21559.21
 20
471459.27
 10
21617.31
 20
474234.1099999999
 10
21675.44
 20
477008.9699999999
 10
21733.6
 20
479783.83
 10
21791.8
 20
482558.71
 10
21850.03
 20
485333.5900000001
 10
21908.3
 20
488108.4900000001
  0
LWPOLYLINE
  5
1F4
330
2
100
AcDbEntity
  8
G50
  6
Continuous
100
AcDbPolyline
 90
       40
 70
     1
 43
0.0
 10
-290.59
 20
491380.41
 10
1935.18
 20
491328.07
 10
4160.939999999999
 20
491276.32
 10
6386.680000000001
 20
491225.15
 10
8612.399999999999
 20
491174.57
 10
10838.13
 20
491124.58
 10
13063.84
 20
491075.17
 10
15289.54
 20
491026.36
 10
17515.24
 20
490978.11
 10
19740.93
 20
490930.46
 10
21966.6
 20
490883.4
 10
21908.3
 20
488108.4900000001
 10
21850.03
 20
485333.5900000001
 10
21791.8
 20
482558.71
 10
21733.6
 20
479783.83
 10
21675.44
 20
477008.9699999999
 10
21617.31
 20
474234.1099999999
 10
21559.21
 20
471459.27
 10
21501.15
 20
468684.4299999999
 10
21443.12
 20
465909.61
 10
21385.12
 20
463134.79
 10
19152.17
 20
463181.74
 10
16919.22
 20
463229.28
 10
14686.24
 20
463277.38
 10
12453.26
 20
463326.08
 10
10220.27
 20
463375.37
 10
7987.270000000001
 20
463425.2299999999
 10
5754.26
 20
463475.69
 10
3521.23
 20
463526.72
 10
1288.2
 20
463578.35
 10
-944.8400000000001
 20
463630.54
 10
-879.5799999999999
 20
466405.49
 10
-814.2999999999998
 20
469180.44
 10
-748.96
 20
471955.4
 10
-683.59
 20
474730.37
 10
-618.19
 20
477505.36
 10
-552.7499999999999
 20
480280.3400000001
 10
-487.26
 20
483055.35
 10
-421.74
 20
485830.36
 10
-356.18
 20
488605.38
  0
TEXT
  5
1F5
330
2
100
AcDbEntity
  8
N50000
100
AcDbText
 10
-34852.68
 20
556353.1
 30
0.0
 40
1528.44
  1
37606
 50
358.78
  7
GHS
100
AcDbText
  0
TEXT
  5
1F6
330
2
100
AcDbEntity
  8
T50000
100
AcDbText
 10
-36117.76049181587
 20
559835.4918469294
 30
0.0
 40
4000.0
  1
강화
 50
358.78
  7
GHS
 72
     4
 11
-31242.94
 21
561732.13
 31
0.0
100
AcDbText
  0
TEXT
  5
1F7
330
2
100
AcDbEntity
  8
N50000
100
AcDbText
 10
-35664.21
 20
528598.36
 30
0.0
 40
1528.44
  1
37610
 50
358.79
  7
GHS
100
AcDbText
  0
TEXT
  5
1F8
330
2
100
AcDbEntity
  8
T50000
100
AcDbText
 10
-36678.77526706306
 20
532116.7392061343
 30
0.0
 40
4000.0
  1
용유
 50
358.79
  7
GHS
 72
     4
 11
-32055.11
 21
533977.85
 31
0.0
100
AcDbText
  0
LWPOLYLINE
  5
1F9
330
2
100
AcDbEntity
  8
G50
  6
Continuous
100
AcDbPolyline
 90
       40
 70
     1
 43
0.0
 10
-43194.36
 20
548058.5600000001
 10
-40983.06
 20
547994.19
 10
-38771.78
 20
547930.41
 10
-36560.52
 20
547867.22
 10
-34349.25
 20
547804.63
 10
-32138.01
 20
547742.62
 10
-29926.77
 20
547681.1999999999
 10
-27715.54
 20
547620.36
 10
-25504.33
 20
547560.12
 10
-23293.13
 20
547500.46
 10
-21081.94
 20
547441.39
 10
-21155.69
 20
544666.04
 10
-21229.38
 20
541890.6899999999
 10
-21303.05
 20
539115.35
 10
-21376.66
 20
536340.01
 10
-21450.25
 20
533564.69
 10
-21523.78
 20
530789.3700000001
 10
-21597.28
 20
528014.0800000001
 10
-21670.73
 20
525238.7800000001
 10
-21744.13
 20
522463.5
 10
-21817.49
 20
519688.2200000001
 10
-24036.05
 20
519747.1400000001
 10
-26254.63
 20
519806.66
 10
-28473.21
 20
519866.76
 10
-30691.81
 20
519927.44
 10
-32910.42
 20
519988.72
 10
-35129.03
 20
520050.59
 10
-37347.66
 20
520113.03
 10
-39566.31
 20
520176.0700000001
 10
-41784.95999999999
 20
520239.7000000001
 10
-44003.62999999999
 20
520303.91
 10
-43922.92
 20
523079.34
 10
-43842.15
 20
525854.7700000001
 10
-43761.33
 20
528630.21
 10
-43680.48
 20
531405.6599999999
 10
-43599.58
 20
534181.12
 10
-43518.62999999999
 20
536956.5900000001
 10
-43437.63
 20
539732.0700000001
 10
-43356.58999999999
 20
542507.5600000001
 10
-43275.49
 20
545283.0500000001
  0
TEXT
  5
1FA
330
2
100
AcDbEntity
  8
N50000
100
AcDbText
 10
-36471.09
 20
500844.54
 30
0.0
 40
1528.44
  1
37614
 50
358.79
  7
GHS
100
AcDbText
  0
TEXT
  5
1FB
330
2
100
AcDbEntity
  8
N50000
100
AcDbText
 10
-37273.29
 20
473091.62
 30
0.0
 40
1528.44
  1
36602
 50
358.8
  7
GHS
100
AcDbText
  0
TEXT
  5
1FC
330
2
100
AcDbEntity
  8
T50000
100
AcDbText
 10
-38456.30308627223
 20
476571.9551274962
 30
0.0
 40
4000.0
  1
서산
 50
358.8
  7
GHS
 72
     4
 11
-33665.46
 21
478472.04
 31
0.0
100
AcDbText
  0
TEXT
  5
1FD
330
2
100
AcDbEntity
  8
T50000
100
AcDbText
 10
-37487.1651384885
 20
504321.7218305882
 30
0.0
 40
4000.0
  1
난지
 50
358.79
  7
GHS
 72
     4
 11
-32862.62
 21
506224.49
 31
0.0
100
AcDbText
  0
LWPOLYLINE
  5
1FE
330
2
100
AcDbEntity
  8
G50
  6
Continuous
100
AcDbPolyline
 90
       40
 70
     1
 43
0.0
 10
-44003.62999999999
 20
520303.91
 10
-41784.95999999999
 20
520239.7000000001
 10
-39566.31
 20
520176.0700000001
 10
-37347.66
 20
520113.03
 10
-35129.03
 20
520050.59
 10
-32910.42
 20
519988.72
 10
-30691.81
 20
519927.44
 10
-28473.21
 20
519866.76
 10
-26254.63
 20
519806.66
 10
-24036.05
 20
519747.1400000001
 10
-21817.49
 20
519688.2200000001
 10
-21890.82
 20
516912.95
 10
-21964.1
 20
514137.69
 10
-22037.34
 20
511362.45
 10
-22110.53
 20
508587.21
 10
-22183.69
 20
505811.98
 10
-22256.8
 20
503036.7700000001
 10
-22329.87
 20
500261.56
 10
-22402.89
 20
497486.3599999999
 10
-22475.88
 20
494711.17
 10
-22548.82
 20
491935.9899999999
 10
-24774.71
 20
491994.77
 10
-27000.61
 20
492054.1400000001
 10
-29226.52
 20
492114.0900000001
 10
-31452.44
 20
492174.63
 10
-33678.37000000001
 20
492235.75
 10
-35904.32
 20
492297.46
 10
-38130.29
 20
492359.76
 10
-40356.25
 20
492422.6400000001
 10
-42582.24
 20
492486.1100000001
 10
-44808.23
 20
492550.16
 10
-44727.99
 20
495325.4900000001
 10
-44647.69
 20
498100.84
 10
-44567.33999999999
 20
500876.19
 10
-44486.94999999999
 20
503651.55
 10
-44406.51
 20
506426.92
 10
-44326.04
 20
509202.3000000001
 10
-44245.51
 20
511977.69
 10
-44164.91999999999
 20
514753.09
 10
-44084.3
 20
517528.4900000001
  0
TEXT
  5
1FF
330
2
100
AcDbEntity
  8
N50000
100
AcDbText
 10
-80845.91000000001
 20
502248.42
 30
0.0
 40
1528.44
  1
37516
 50
358.79
  7
GHS
100
AcDbText
  0
TEXT
  5
200
330
2
100
AcDbEntity
  8
T50000
100
AcDbText
 10
-82111.18939176488
 20
505731.9010591409
 30
0.0
 40
4000.0
  1
백아
 50
358.79
  7
GHS
 72
     4
 11
-77236.7
 21
507629.39
 31
0.0
100
AcDbText
  0
TEXT
  5
201
330
2
100
AcDbEntity
  8
N50000
100
AcDbText
 10
-59533.35
 20
473762.49
 30
0.0
 40
1528.44
  1
36601
 50
358.8
  7
GHS
100
AcDbText
  0
TEXT
  5
202
330
2
100
AcDbEntity
  8
T50000
100
AcDbText
 10
-63298.74985191558
 20
477297.4363788615
 30
0.0
 40
4000.0
  1
만리포
 50
358.8
  7
GHS
 72
     4
 11
-55925.14
 21
479143.42
 31
0.0
100
AcDbText
  0
TEXT
  5
203
330
2
100
AcDbEntity
  8
N50000
100
AcDbText
 10
-58657.81
 20
501517.0900000001
 30
0.0
 40
1528.44
  1
37613
 50
358.79
  7
GHS
100
AcDbText
  0
TEXT
  5
204
330
2
100
AcDbEntity
  8
T50000
100
AcDbText
 10
-59673.5151384885
 20
504994.7818305881
 30
0.0
 40
4000.0
  1
덕적
 50
358.79
  7
GHS
 72
     4
 11
-55048.97
 21
506897.55
 31
0.0
100
AcDbText
  0
TEXT
  5
205
330
2
100
AcDbEntity
  8
N50000
100
AcDbText
 10
-57777.19
 20
529272.53
 30
0.0
 40
1528.44
  1
37609
 50
358.79
  7
GHS
100
AcDbText
  0
TEXT
  5
206
330
2
100
AcDbEntity
  8
T50000
100
AcDbText
 10
-58708.95038739638
 20
532747.9920877373
 30
0.0
 40
4000.0
  1
선미
 50
358.79
  7
GHS
 72
     4
 11
-54167.72
 21
534652.5200000001
 31
0.0
100
AcDbText
  0
TEXT
  5
207
330
2
100
AcDbEntity
  8
N50000
100
AcDbText
 10
-56891.5
 20
557028.8400000001
 30
0.0
 40
1528.44
  1
37605
 50
358.78
  7
GHS
100
AcDbText
  0
TEXT
  5
208
330
2
100
AcDbEntity
  8
T50000
100
AcDbText
 10
-57905.39002174993
 20
560548.0662163007
 30
0.0
 40
4000.0
  1
볼음
 50
358.78
  7
GHS
 72
     4
 11
-53281.4
 21
562408.3699999999
 31
0.0
100
AcDbText
  0
LWPOLYLINE
  5
209
330
2
100
AcDbEntity
  8
G50
  6
Continuous
100
AcDbPolyline
 90
       40
 70
     1
 43
0.0
 10
-65307.99
 20
548734.63
 10
-63096.58
 20
548664.36
 10
-60885.17
 20
548594.69
 10
-58673.77
 20
548525.62
 10
-56462.39
 20
548457.13
 10
-54251.01999999999
 20
548389.23
 10
-52039.67
 20
548321.9199999999
 10
-49828.32
 20
548255.2
 10
-47616.99
 20
548189.06
 10
-45405.67
 20
548123.5100000001
 10
-43194.36
 20
548058.5600000001
 10
-43275.49
 20
545283.0500000001
 10
-43356.58999999999
 20
542507.5600000001
 10
-43437.63
 20
539732.0700000001
 10
-43518.62999999999
 20
536956.5900000001
 10
-43599.58
 20
534181.12
 10
-43680.48
 20
531405.6599999999
 10
-43761.33
 20
528630.21
 10
-43842.15
 20
525854.7700000001
 10
-43922.92
 20
523079.34
 10
-44003.62999999999
 20
520303.91
 10
-46222.3
 20
520368.71
 10
-48441.0
 20
520434.1
 10
-50659.7
 20
520500.07
 10
-52878.42
 20
520566.6400000001
 10
-55097.15
 20
520633.79
 10
-57315.9
 20
520701.5300000001
 10
-59534.66
 20
520769.86
 10
-61753.43
 20
520838.77
 10
-63972.22
 20
520908.28
 10
-66191.00999999999
 20
520978.37
 10
-66102.94
 20
523753.96
 10
-66014.82
 20
526529.5600000001
 10
-65926.64
 20
529305.16
 10
-65838.41
 20
532080.77
 10
-65750.13000000001
 20
534856.3900000001
 10
-65661.81
 20
537632.0200000001
 10
-65573.42999999999
 20
540407.6599999999
 10
-65485.0
 20
543183.3100000001
 10
-65396.52
 20
545958.96
  0
LWPOLYLINE
  5
20A
330
2
100
AcDbEntity
  8
G50
  6
Continuous
100
AcDbPolyline
 90
       40
 70
     1
 43
0.0
 10
-66191.00999999999
 20
520978.37
 10
-63972.22
 20
520908.28
 10
-61753.43
 20
520838.77
 10
-59534.66
 20
520769.86
 10
-57315.9
 20
520701.5300000001
 10
-55097.15
 20
520633.79
 10
-52878.42
 20
520566.6400000001
 10
-50659.7
 20
520500.07
 10
-48441.0
 20
520434.1
 10
-46222.3
 20
520368.71
 10
-44003.62999999999
 20
520303.91
 10
-44084.3
 20
517528.4900000001
 10
-44164.91999999999
 20
514753.09
 10
-44245.51
 20
511977.69
 10
-44326.04
 20
509202.3000000001
 10
-44406.51
 20
506426.92
 10
-44486.94999999999
 20
503651.55
 10
-44567.33999999999
 20
500876.19
 10
-44647.69
 20
498100.84
 10
-44727.99
 20
495325.4900000001
 10
-44808.23
 20
492550.16
 10
-47034.25
 20
492614.8
 10
-49260.26999999999
 20
492680.03
 10
-51486.30999999999
 20
492745.85
 10
-53712.36
 20
492812.24
 10
-55938.43
 20
492879.24
 10
-58164.5
 20
492946.7999999999
 10
-60390.58999999999
 20
493014.96
 10
-62616.69999999999
 20
493083.71
 10
-64842.82
 20
493153.0399999999
 10
-67068.95
 20
493222.96
 10
-66981.39
 20
495998.4699999999
 10
-66893.76
 20
498773.97
 10
-66806.11
 20
501549.49
 10
-66718.38000000001
 20
504325.0200000001
 10
-66630.62
 20
507100.56
 10
-66542.8
 20
509876.1
 10
-66454.91999999999
 20
512651.6500000001
 10
-66367.00999999999
 20
515427.22
 10
-66279.02999999999
 20
518202.79
  0
TEXT
  5
20B
330
2
100
AcDbEntity
  8
N50000
100
AcDbText
 10
-38070.83
 20
445339.6099999999
 30
0.0
 40
1528.44
  1
36606
 50
358.81
  7
GHS
100
AcDbText
  0
TEXT
  5
20C
330
2
100
AcDbEntity
  8
T50000
100
AcDbText
 10
-39171.70135585677
 20
448776.1806560314
 30
0.0
 40
4000.0
  1
신온
 50
358.81
  7
GHS
 72
     4
 11
-34463.64
 21
450720.49
 31
0.0
100
AcDbText
  0
LWPOLYLINE
  5
20D
330
2
100
AcDbEntity
  8
G50
  6
Continuous
100
AcDbPolyline
 90
       40
 70
     1
 43
0.0
 10
-45608.18
 20
464797.32
 10
-43374.88999999999
 20
464733.4299999999
 10
-41141.61
 20
464670.12
 10
-38908.36
 20
464607.4
 10
-36675.11
 20
464545.26
 10
-34441.88
 20
464483.71
 10
-32208.65
 20
464422.7400000001
 10
-29975.45
 20
464362.36
 10
-27742.26
 20
464302.55
 10
-25509.07
 20
464243.34
 10
-23275.9
 20
464184.71
 10
-23348.37
 20
461409.6299999999
 10
-23420.81
 20
458634.57
 10
-23493.19
 20
455859.51
 10
-23565.54
 20
453084.46
 10
-23637.85
 20
450309.4299999999
 10
-23710.11
 20
447534.39
 10
-23782.32
 20
444759.3799999999
 10
-23854.5
 20
441984.37
 10
-23926.62
 20
439209.3599999999
 10
-23998.72
 20
436434.38
 10
-26239.13
 20
436492.86
 10
-28479.56
 20
436551.91
 10
-30719.99
 20
436611.55
 10
-32960.44
 20
436671.78
 10
-35200.91
 20
436732.5899999999
 10
-37441.38
 20
436793.98
 10
-39681.88
 20
436855.95
 10
-41922.37999999999
 20
436918.51
 10
-44162.9
 20
436981.65
 10
-46403.43
 20
437045.37
 10
-46324.11
 20
439820.53
 10
-46244.75
 20
442595.69
 10
-46165.34999999999
 20
445370.8699999999
 10
-46085.89
 20
448146.0499999999
 10
-46006.39
 20
450921.24
 10
-45926.84
 20
453696.44
 10
-45847.23999999999
 20
456471.64
 10
-45767.6
 20
459246.86
 10
-45687.91
 20
462022.09
  0
TEXT
  5
20E
330
2
100
AcDbEntity
  8
N50000
100
AcDbText
 10
-38863.66000000001
 20
417588.5
 30
0.0
 40
1528.44
  1
36610
 50
358.81
  7
GHS
100
AcDbText
  0
TEXT
  5
20F
330
2
100
AcDbEntity
  8
N50000
100
AcDbText
 10
-39651.79
 20
389838.3
 30
0.0
 40
1528.44
  1
36614
 50
358.82
  7
GHS
100
AcDbText
  0
TEXT
  5
210
330
2
100
AcDbEntity
  8
T50000
100
AcDbText
 10
-40836.92759922399
 20
393276.6850930387
 30
0.0
 40
4000.0
  1
연도
 50
358.82
  7
GHS
 72
     4
 11
-36045.89
 21
395220.1
 31
0.0
100
AcDbText
  0
LWPOLYLINE
  5
211
330
2
100
AcDbEntity
  8
G50
  6
Continuous
100
AcDbPolyline
 90
       40
 70
     1
 43
0.0
 10
-47193.98
 20
409294.33
 10
-44946.23999999999
 20
409230.78
 10
-42698.52
 20
409167.8
 10
-40450.81999999999
 20
409105.42
 10
-38203.12
 20
409043.62
 10
-35955.45
 20
408982.39
 10
-33707.78
 20
408921.75
 10
-31460.14
 20
408861.6799999999
 10
-29212.5
 20
408802.2
 10
-26964.87
 20
408743.2999999999
 10
-24717.26
 20
408684.9899999999
 10
-24788.88
 20
405910.1
 10
-24860.45
 20
403135.2199999999
 10
-24931.99
 20
400360.3499999999
 10
-25003.48
 20
397585.49
 10
-25074.93
 20
394810.65
 10
-25146.33
 20
392035.81
 10
-25217.69
 20
389260.97
 10
-25289.01
 20
386486.1500000001
 10
-25360.28
 20
383711.3400000001
 10
-25431.51
 20
380936.5300000001
 10
-27686.28
 20
380994.7000000001
 10
-29941.07
 20
381053.43
 10
-32195.86
 20
381112.74
 10
-34450.67
 20
381172.63
 10
-36705.49
 20
381233.1
 10
-38960.33
 20
381294.1700000001
 10
-41215.18
 20
381355.8
 10
-43470.04
 20
381418.01
 10
-45724.92
 20
381480.8
 10
-47979.82
 20
381544.18
 10
-47901.44999999999
 20
384319.1500000001
 10
-47823.01999999999
 20
387094.14
 10
-47744.55999999999
 20
389869.13
 10
-47666.04
 20
392644.13
 10
-47587.48999999999
 20
395419.1400000001
 10
-47508.87999999999
 20
398194.16
 10
-47430.23
 20
400969.1899999999
 10
-47351.53
 20
403744.23
 10
-47272.76999999999
 20
406519.2699999999
  0
TEXT
  5
212
330
2
100
AcDbEntity
  8
T50000
100
AcDbText
 10
-39965.18135585677
 20
421025.5306560314
 30
0.0
 40
4000.0
  1
고남
 50
358.81
  7
GHS
 72
     4
 11
-35257.12
 21
422969.84
 31
0.0
100
AcDbText
  0
LWPOLYLINE
  5
213
330
2
100
AcDbEntity
  8
G50
  6
Continuous
100
AcDbPolyline
 90
       40
 70
     1
 43
0.0
 10
-46403.43
 20
437045.37
 10
-44162.9
 20
436981.65
 10
-41922.37999999999
 20
436918.51
 10
-39681.88
 20
436855.95
 10
-37441.38
 20
436793.98
 10
-35200.91
 20
436732.5899999999
 10
-32960.44
 20
436671.78
 10
-30719.99
 20
436611.55
 10
-28479.56
 20
436551.91
 10
-26239.13
 20
436492.86
 10
-23998.72
 20
436434.38
 10
-24070.76
 20
433659.4
 10
-24142.77
 20
430884.42
 10
-24214.73
 20
428109.46
 10
-24286.64
 20
425334.5099999999
 10
-24358.53
 20
422559.5600000001
 10
-24430.36
 20
419784.6199999999
 10
-24502.14
 20
417009.7000000001
 10
-24573.89
 20
414234.7899999999
 10
-24645.6
 20
411459.88
 10
-24717.26
 20
408684.9899999999
 10
-26964.87
 20
408743.2999999999
 10
-29212.5
 20
408802.2
 10
-31460.14
 20
408861.6799999999
 10
-33707.78
 20
408921.75
 10
-35955.45
 20
408982.39
 10
-38203.12
 20
409043.62
 10
-40450.81999999999
 20
409105.42
 10
-42698.52
 20
409167.8
 10
-44946.23999999999
 20
409230.78
 10
-47193.98
 20
409294.33
 10
-47115.13
 20
412069.39
 10
-47036.25
 20
414844.4699999999
 10
-46957.3
 20
417619.55
 10
-46878.32
 20
420394.64
 10
-46799.29
 20
423169.74
 10
-46720.20999999999
 20
425944.85
 10
-46641.08999999999
 20
428719.96
 10
-46561.91
 20
431495.09
 10
-46482.7
 20
434270.23
  0
TEXT
  5
214
330
2
100
AcDbEntity
  8
N50000
100
AcDbText
 10
-82738.19000000001
 20
446736.4
 30
0.0
 40
1528.44
  1
36508
 50
358.81
  7
GHS
100
AcDbText
  0
TEXT
  5
215
330
2
100
AcDbEntity
  8
T50000
100
AcDbText
 10
-86997.49602355028
 20
450567.0760955718
 30
0.0
 40
4000.0
  1
(흑도)
 50
358.81
  7
GHS
 72
     4
 11
-79130.25
 21
452118.31
 31
0.0
100
AcDbText
  0
TEXT
  5
216
330
2
100
AcDbEntity
  8
N50000
100
AcDbText
 10
-61269.08
 20
418255.88
 30
0.0
 40
1528.44
  1
12345
 50
358.81
  7
GHS
100
AcDbText
  0
TEXT
  5
217
330
2
100
AcDbEntity
  8
N50000
100
AcDbText
 10
-62129.26999999999
 20
390503.85
 30
0.0
 40
1528.44
  1
36613
 50
358.82
  7
GHS
100
AcDbText
  0
TEXT
  5
218
330
2
100
AcDbEntity
  8
T50000
100
AcDbText
 10
-63063.22255645695
 20
393979.284566244
 30
0.0
 40
4000.0
  1
외연
 50
358.82
  7
GHS
 72
     4
 11
-58522.99
 21
395886.19
 31
0.0
100
AcDbText
  0
TEXT
  5
219
330
2
100
AcDbEntity
  8
N50000
100
AcDbText
 10
-84608.29
 20
391227.59
 30
0.0
 40
1528.44
  1
36516
 50
358.82
  7
GHS
100
AcDbText
  0
TEXT
  5
21A
330
2
100
AcDbEntity
  8
T50000
100
AcDbText
 10
-85625.16821752764
 20
394705.260685354
 30
0.0
 40
4000.0
  1
어청
 50
358.82
  7
GHS
 72
     4
 11
-81001.61999999999
 21
396610.45
 31
0.0
100
AcDbText
  0
TEXT
  5
21B
330
2
100
AcDbEntity
  8
T50000
100
AcDbText
 10
-65529.40602355027
 20
422086.5060955718
 30
0.0
 40
4000.0
  1
(길산)
 50
358.81
  7
GHS
 72
     4
 11
-57662.16
 21
423637.74
 31
0.0
100
AcDbText
  0
TEXT
  5
21C
330
2
100
AcDbEntity
  8
N50000
100
AcDbText
 10
-60403.78
 20
446008.75
 30
0.0
 40
1528.44
  1
36605
 50
358.81
  7
GHS
100
AcDbText
  0
TEXT
  5
21D
330
2
100
AcDbEntity
  8
T50000
100
AcDbText
 10
-61420.95599557434
 20
449444.1099956216
 30
0.0
 40
4000.0
  1
근흥
 50
358.81
  7
GHS
 72
     4
 11
-56796.21
 21
451390.1500000001
 31
0.0
100
AcDbText
  0
LWPOLYLINE
  5
21E
330
2
100
AcDbEntity
  8
G50
  6
Continuous
100
AcDbPolyline
 90
       40
 70
     1
 43
0.0
 10
-67941.78999999999
 20
465468.4
 10
-65708.37
 20
465398.6699999999
 10
-63474.95
 20
465329.51
 10
-61241.56
 20
465260.94
 10
-59008.16999999999
 20
465192.95
 10
-56774.81
 20
465125.56
 10
-54541.44999999999
 20
465058.74
 10
-52308.12
 20
464992.5099999999
 10
-50074.79
 20
464926.85
 10
-47841.48
 20
464861.79
 10
-45608.18
 20
464797.32
 10
-45687.91
 20
462022.09
 10
-45767.6
 20
459246.86
 10
-45847.23999999999
 20
456471.64
 10
-45926.84
 20
453696.44
 10
-46006.39
 20
450921.24
 10
-46085.89
 20
448146.0499999999
 10
-46165.34999999999
 20
445370.8699999999
 10
-46244.75
 20
442595.69
 10
-46324.11
 20
439820.53
 10
-46403.43
 20
437045.37
 10
-48643.98
 20
437109.69
 10
-50884.53
 20
437174.57
 10
-53125.1
 20
437240.04
 10
-55365.69
 20
437306.11
 10
-57606.29
 20
437372.75
 10
-59846.91
 20
437439.97
 10
-62087.54
 20
437507.78
 10
-64328.19
 20
437576.17
 10
-66568.85
 20
437645.14
 10
-68809.52
 20
437714.6999999999
 10
-68722.97999999999
 20
440490.0399999999
 10
-68636.39
 20
443265.37
 10
-68549.74000000001
 20
446040.72
 10
-68463.05
 20
448816.09
 10
-68376.28999999999
 20
451591.45
 10
-68289.5
 20
454366.82
 10
-68202.65
 20
457142.21
 10
-68115.75
 20
459917.5999999999
 10
-68028.8
 20
462692.99
  0
LWPOLYLINE
  5
21F
330
2
100
AcDbEntity
  8
G50
  6
Continuous
100
AcDbPolyline
 90
       40
 70
     1
 43
0.0
 10
-68809.52
 20
437714.6999999999
 10
-66568.85
 20
437645.14
 10
-64328.19
 20
437576.17
 10
-62087.54
 20
437507.78
 10
-59846.91
 20
437439.97
 10
-57606.29
 20
437372.75
 10
-55365.69
 20
437306.11
 10
-53125.1
 20
437240.04
 10
-50884.53
 20
437174.57
 10
-48643.98
 20
437109.69
 10
-46403.43
 20
437045.37
 10
-46482.7
 20
434270.23
 10
-46561.91
 20
431495.09
 10
-46641.08999999999
 20
428719.96
 10
-46720.20999999999
 20
425944.85
 10
-46799.29
 20
423169.74
 10
-46878.32
 20
420394.64
 10
-46957.3
 20
417619.55
 10
-47036.25
 20
414844.4699999999
 10
-47115.13
 20
412069.39
 10
-47193.98
 20
409294.33
 10
-49441.73
 20
409358.46
 10
-51689.49
 20
409423.18
 10
-53937.27
 20
409488.47
 10
-56185.05
 20
409554.35
 10
-58432.87
 20
409620.82
 10
-60680.69
 20
409687.8499999999
 10
-62928.51999999999
 20
409755.48
 10
-65176.37999999999
 20
409823.69
 10
-67424.24
 20
409892.47
 10
-69672.13
 20
409961.84
 10
-69586.09
 20
412737.09
 10
-69500.02
 20
415512.34
 10
-69413.88
 20
418287.61
 10
-69327.69999999999
 20
421062.89
 10
-69241.46000000001
 20
423838.17
 10
-69155.17999999999
 20
426613.4599999999
 10
-69068.83999999999
 20
429388.75
 10
-68982.45
 20
432164.07
 10
-68896.00999999999
 20
434939.38
  0
LWPOLYLINE
  5
220
330
2
100
AcDbEntity
  8
G50
  6
Continuous
100
AcDbPolyline
 90
       40
 70
     1
 43
0.0
 10
-69672.13
 20
409961.84
 10
-67424.24
 20
409892.47
 10
-65176.37999999999
 20
409823.69
 10
-62928.51999999999
 20
409755.48
 10
-60680.69
 20
409687.8499999999
 10
-58432.87
 20
409620.82
 10
-56185.05
 20
409554.35
 10
-53937.27
 20
409488.47
 10
-51689.49
 20
409423.18
 10
-49441.73
 20
409358.46
 10
-47193.98
 20
409294.33
 10
-47272.76999999999
 20
406519.2699999999
 10
-47351.53
 20
403744.23
 10
-47430.23
 20
400969.1899999999
 10
-47508.87999999999
 20
398194.16
 10
-47587.48999999999
 20
395419.1400000001
 10
-47666.04
 20
392644.13
 10
-47744.55999999999
 20
389869.13
 10
-47823.01999999999
 20
387094.14
 10
-47901.44999999999
 20
384319.1500000001
 10
-47979.82
 20
381544.18
 10
-50234.71999999999
 20
381608.13
 10
-52489.63999999999
 20
381672.67
 10
-54744.58
 20
381737.7800000001
 10
-56999.53999999999
 20
381803.47
 10
-59254.5
 20
381869.7500000001
 10
-61509.48999999999
 20
381936.61
 10
-63764.49
 20
382004.04
 10
-66019.50999999999
 20
382072.05
 10
-68274.53999999999
 20
382140.6500000001
 10
-70529.59
 20
382209.83
 10
-70444.06
 20
384984.99
 10
-70358.51
 20
387760.1700000001
 10
-70272.88
 20
390535.3400000001
 10
-70187.22
 20
393310.5300000001
 10
-70101.5
 20
396085.73
 10
-70015.72
 20
398860.93
 10
-69929.89999999999
 20
401636.14
 10
-69844.03
 20
404411.37
 10
-69758.1
 20
407186.5999999999
  0
LWPOLYLINE
  5
221
330
2
100
AcDbEntity
  8
G50
  6
Continuous
100
AcDbPolyline
 90
       40
 70
     1
 43
0.0
 10
-44808.23
 20
492550.16
 10
-42582.24
 20
492486.1100000001
 10
-40356.25
 20
492422.6400000001
 10
-38130.29
 20
492359.76
 10
-35904.32
 20
492297.46
 10
-33678.37000000001
 20
492235.75
 10
-31452.44
 20
492174.63
 10
-29226.52
 20
492114.0900000001
 10
-27000.61
 20
492054.1400000001
 10
-24774.71
 20
491994.77
 10
-22548.82
 20
491935.9899999999
 10
-22621.72
 20
489160.82
 10
-22694.58
 20
486385.66
 10
-22767.39
 20
483610.5100000001
 10
-22840.16
 20
480835.37
 10
-22912.89
 20
478060.23
 10
-22985.58
 20
475285.1099999999
 10
-23058.22
 20
472510.0
 10
-23130.82
 20
469734.89
 10
-23203.38
 20
466959.79
 10
-23275.9
 20
464184.71
 10
-25509.07
 20
464243.34
 10
-27742.26
 20
464302.55
 10
-29975.45
 20
464362.36
 10
-32208.65
 20
464422.7400000001
 10
-34441.88
 20
464483.71
 10
-36675.11
 20
464545.26
 10
-38908.36
 20
464607.4
 10
-41141.61
 20
464670.12
 10
-43374.88999999999
 20
464733.4299999999
 10
-45608.18
 20
464797.32
 10
-45528.39
 20
467572.56
 10
-45448.56
 20
470347.82
 10
-45368.69
 20
473123.08
 10
-45288.76
 20
475898.34
 10
-45208.8
 20
478673.63
 10
-45128.76999999999
 20
481448.91
 10
-45048.71
 20
484224.21
 10
-44968.59999999999
 20
486999.52
 10
-44888.44999999999
 20
489774.8400000001
  0
LWPOLYLINE
  5
222
330
2
100
AcDbEntity
  8
G50
  6
Continuous
100
AcDbPolyline
 90
       40
 70
     1
 43
0.0
 10
-67068.95
 20
493222.96
 10
-64842.82
 20
493153.0399999999
 10
-62616.69999999999
 20
493083.71
 10
-60390.58999999999
 20
493014.96
 10
-58164.5
 20
492946.7999999999
 10
-55938.43
 20
492879.24
 10
-53712.36
 20
492812.24
 10
-51486.30999999999
 20
492745.85
 10
-49260.26999999999
 20
492680.03
 10
-47034.25
 20
492614.8
 10
-44808.23
 20
492550.16
 10
-44888.44999999999
 20
489774.8400000001
 10
-44968.59999999999
 20
486999.52
 10
-45048.71
 20
484224.21
 10
-45128.76999999999
 20
481448.91
 10
-45208.8
 20
478673.63
 10
-45288.76
 20
475898.34
 10
-45368.69
 20
473123.08
 10
-45448.56
 20
470347.82
 10
-45528.39
 20
467572.56
 10
-45608.18
 20
464797.32
 10
-47841.48
 20
464861.79
 10
-50074.79
 20
464926.85
 10
-52308.12
 20
464992.5099999999
 10
-54541.44999999999
 20
465058.74
 10
-56774.81
 20
465125.56
 10
-59008.16999999999
 20
465192.95
 10
-61241.56
 20
465260.94
 10
-63474.95
 20
465329.51
 10
-65708.37
 20
465398.6699999999
 10
-67941.78999999999
 20
465468.4
 10
-67854.72999999999
 20
468243.83
 10
-67767.63
 20
471019.25
 10
-67680.47
 20
473794.68
 10
-67593.27
 20
476570.13
 10
-67506.00999999999
 20
479345.58
 10
-67418.7
 20
482121.04
 10
-67331.33999999999
 20
484896.51
 10
-67243.93
 20
487671.98
 10
-67156.46000000001
 20
490447.47
  0
LWPOLYLINE
  5
223
330
2
100
AcDbEntity
  8
G50
  6
Continuous
100
AcDbPolyline
 90
       40
 70
     1
 43
0.0
 10
-22548.82
 20
491935.9899999999
 10
-20322.95
 20
491877.79
 10
-18097.09
 20
491820.19
 10
-15871.24
 20
491763.1599999999
 10
-13645.39
 20
491706.73
 10
-11419.56
 20
491650.87
 10
-9193.749999999999
 20
491595.61
 10
-6967.94
 20
491540.93
 10
-4742.149999999999
 20
491486.84
 10
-2516.360000000001
 20
491433.33
 10
-290.59
 20
491380.41
 10
-356.18
 20
488605.38
 10
-421.74
 20
485830.36
 10
-487.26
 20
483055.35
 10
-552.7499999999999
 20
480280.3400000001
 10
-618.19
 20
477505.36
 10
-683.59
 20
474730.37
 10
-748.96
 20
471955.4
 10
-814.2999999999998
 20
469180.44
 10
-879.5799999999999
 20
466405.49
 10
-944.8400000000001
 20
463630.54
 10
-3177.89
 20
463683.3300000001
 10
-5410.96
 20
463736.71
 10
-7644.04
 20
463790.6599999999
 10
-9877.130000000001
 20
463845.2
 10
-12110.23
 20
463900.32
 10
-14343.34
 20
463956.0399999999
 10
-16576.46
 20
464012.32
 10
-18809.6
 20
464069.2
 10
-21042.74
 20
464126.67
 10
-23275.9
 20
464184.71
 10
-23203.38
 20
466959.79
 10
-23130.82
 20
469734.89
 10
-23058.22
 20
472510.0
 10
-22985.58
 20
475285.1099999999
 10
-22912.89
 20
478060.23
 10
-22840.16
 20
480835.37
 10
-22767.39
 20
483610.5100000001
 10
-22694.58
 20
486385.66
 10
-22621.72
 20
489160.82
  0
LWPOLYLINE
  5
224
330
2
100
AcDbEntity
  8
G50
  6
Continuous
100
AcDbPolyline
 90
       40
 70
     1
 43
0.0
 10
-23998.72
 20
436434.38
 10
-21758.32
 20
436376.48
 10
-19517.93
 20
436319.17
 10
-17277.55
 20
436262.44
 10
-15037.2
 20
436206.3
 10
-12796.84
 20
436150.7399999999
 10
-10556.5
 20
436095.76
 10
-8316.169999999999
 20
436041.36
 10
-6075.86
 20
435987.55
 10
-3835.55
 20
435934.31
 10
-1595.27
 20
435881.67
 10
-1660.09
 20
433106.84
 10
-1724.89
 20
430332.01
 10
-1789.64
 20
427557.2
 10
-1854.35
 20
424782.39
 10
-1919.03
 20
422007.6
 10
-1983.67
 20
419232.82
 10
-2048.27
 20
416458.04
 10
-2112.83
 20
413683.28
 10
-2177.36
 20
410908.52
 10
-2241.83
 20
408133.78
 10
-4489.33
 20
408186.2899999999
 10
-6736.82
 20
408239.3699999999
 10
-8984.340000000001
 20
408293.04
 10
-11231.86
 20
408347.29
 10
-13479.4
 20
408402.12
 10
-15726.94
 20
408457.53
 10
-17974.5
 20
408513.52
 10
-20222.08
 20
408570.1
 10
-22469.66
 20
408627.25
 10
-24717.26
 20
408684.9899999999
 10
-24645.6
 20
411459.88
 10
-24573.89
 20
414234.7899999999
 10
-24502.14
 20
417009.7000000001
 10
-24430.36
 20
419784.6199999999
 10
-24358.53
 20
422559.5600000001
 10
-24286.64
 20
425334.5099999999
 10
-24214.73
 20
428109.46
 10
-24142.77
 20
430884.42
 10
-24070.76
 20
433659.4
  0
LWPOLYLINE
  5
225
330
2
100
AcDbEntity
  8
G50
  6
Continuous
100
AcDbPolyline
 90
       40
 70
     1
 43
0.0
 10
-23275.9
 20
464184.71
 10
-21042.74
 20
464126.67
 10
-18809.6
 20
464069.2
 10
-16576.46
 20
464012.32
 10
-14343.34
 20
463956.0399999999
 10
-12110.23
 20
463900.32
 10
-9877.130000000001
 20
463845.2
 10
-7644.04
 20
463790.6599999999
 10
-5410.96
 20
463736.71
 10
-3177.89
 20
463683.3300000001
 10
-944.8400000000001
 20
463630.54
 10
-1010.05
 20
460855.62
 10
-1075.23
 20
458080.69
 10
-1140.37
 20
455305.78
 10
-1205.47
 20
452530.88
 10
-1270.53
 20
449755.98
 10
-1335.55
 20
446981.0999999999
 10
-1400.54
 20
444206.2299999999
 10
-1465.49
 20
441431.3599999999
 10
-1530.39
 20
438656.51
 10
-1595.27
 20
435881.67
 10
-3835.55
 20
435934.31
 10
-6075.86
 20
435987.55
 10
-8316.169999999999
 20
436041.36
 10
-10556.5
 20
436095.76
 10
-12796.84
 20
436150.7399999999
 10
-15037.2
 20
436206.3
 10
-17277.55
 20
436262.44
 10
-19517.93
 20
436319.17
 10
-21758.32
 20
436376.48
 10
-23998.72
 20
436434.38
 10
-23926.62
 20
439209.3599999999
 10
-23854.5
 20
441984.37
 10
-23782.32
 20
444759.3799999999
 10
-23710.11
 20
447534.39
 10
-23637.85
 20
450309.4299999999
 10
-23565.54
 20
453084.46
 10
-23493.19
 20
455859.51
 10
-23420.81
 20
458634.57
 10
-23348.37
 20
461409.6299999999
  0
LWPOLYLINE
  5
226
330
2
100
AcDbEntity
  8
G50
  6
Continuous
100
AcDbPolyline
 90
       40
 70
     1
 43
0.0
 10
-21817.49
 20
519688.2200000001
 10
-19598.95
 20
519629.88
 10
-17380.41
 20
519572.13
 10
-15161.88
 20
519514.9699999999
 10
-12943.37
 20
519458.3900000001
 10
-10724.86
 20
519402.4
 10
-8506.370000000002
 20
519347.0
 10
-6287.89
 20
519292.18
 10
-4069.41
 20
519237.96
 10
-1850.95
 20
519184.32
 10
367.5
 20
519131.26
 10
301.51
 20
516356.1300000001
 10
235.57
 20
513581.01
 10
169.67
 20
510805.91
 10
103.81
 20
508030.8
 10
37.98
 20
505255.7100000001
 10
-27.81
 20
502480.63
 10
-93.55999999999999
 20
499705.56
 10
-159.27
 20
496930.5
 10
-224.95
 20
494155.45
 10
-290.59
 20
491380.41
 10
-2516.360000000001
 20
491433.33
 10
-4742.149999999999
 20
491486.84
 10
-6967.94
 20
491540.93
 10
-9193.749999999999
 20
491595.61
 10
-11419.56
 20
491650.87
 10
-13645.39
 20
491706.73
 10
-15871.24
 20
491763.1599999999
 10
-18097.09
 20
491820.19
 10
-20322.95
 20
491877.79
 10
-22548.82
 20
491935.9899999999
 10
-22475.88
 20
494711.17
 10
-22402.89
 20
497486.3599999999
 10
-22329.87
 20
500261.56
 10
-22256.8
 20
503036.7700000001
 10
-22183.69
 20
505811.98
 10
-22110.53
 20
508587.21
 10
-22037.34
 20
511362.45
 10
-21964.1
 20
514137.69
 10
-21890.82
 20
516912.95
  0
LWPOLYLINE
  5
227
330
2
100
AcDbEntity
  8
G50
  6
Continuous
 62
     5
100
AcDbPolyline
 90
       40
 70
     1
 43
0.0
 10
-21081.94
 20
547441.39
 10
-18870.76
 20
547382.9199999999
 10
-16659.59
 20
547325.0300000001
 10
-14448.43
 20
547267.73
 10
-12237.28
 20
547211.03
 10
-10026.14
 20
547154.9
 10
-7815.020000000001
 20
547099.3700000001
 10
-5603.899999999999
 20
547044.4199999999
 10
-3392.79
 20
546990.0600000001
 10
-1181.7
 20
546936.3000000001
 10
1029.39
 20
546883.11
 10
963.02
 20
544107.89
 10
896.71
 20
541332.6699999999
 10
830.4199999999999
 20
538557.4599999999
 10
764.17
 20
535782.26
 10
697.96
 20
533007.0700000001
 10
631.7999999999999
 20
530231.89
 10
565.66
 20
527456.7199999999
 10
499.57
 20
524681.5600000001
 10
433.5099999999999
 20
521906.4
 10
367.5
 20
519131.26
 10
-1850.95
 20
519184.32
 10
-4069.41
 20
519237.96
 10
-6287.89
 20
519292.18
 10
-8506.370000000002
 20
519347.0
 10
-10724.86
 20
519402.4
 10
-12943.37
 20
519458.3900000001
 10
-15161.88
 20
519514.9699999999
 10
-17380.41
 20
519572.13
 10
-19598.95
 20
519629.88
 10
-21817.49
 20
519688.2200000001
 10
-21744.13
 20
522463.5
 10
-21670.73
 20
525238.7800000001
 10
-21597.28
 20
528014.0800000001
 10
-21523.78
 20
530789.3700000001
 10
-21450.25
 20
533564.69
 10
-21376.66
 20
536340.01
 10
-21303.05
 20
539115.35
 10
-21229.38
 20
541890.6899999999
 10
-21155.69
 20
544666.04
  0
LWPOLYLINE
  5
228
330
2
100
AcDbEntity
  8
G50
  6
Continuous
100
AcDbPolyline
 90
       40
 70
     1
 43
0.0
 10
-24717.26
 20
408684.9899999999
 10
-22469.66
 20
408627.25
 10
-20222.08
 20
408570.1
 10
-17974.5
 20
408513.52
 10
-15726.94
 20
408457.53
 10
-13479.4
 20
408402.12
 10
-11231.86
 20
408347.29
 10
-8984.340000000001
 20
408293.04
 10
-6736.82
 20
408239.3699999999
 10
-4489.33
 20
408186.2899999999
 10
-2241.83
 20
408133.78
 10
-2306.28
 20
405359.04
 10
-2370.69
 20
402584.31
 10
-2435.06
 20
399809.6
 10
-2499.39
 20
397034.8900000001
 10
-2563.68
 20
394260.2
 10
-2627.93
 20
391485.51
 10
-2692.14
 20
388710.8400000001
 10
-2756.32
 20
385936.18
 10
-2820.46
 20
383161.52
 10
-2884.55
 20
380386.8700000001
 10
-5139.19
 20
380439.23
 10
-7393.84
 20
380492.17
 10
-9648.510000000001
 20
380545.68
 10
-11903.18
 20
380599.79
 10
-14157.88
 20
380654.46
 10
-16412.58
 20
380709.72
 10
-18667.3
 20
380765.55
 10
-20922.02
 20
380821.97
 10
-23176.76
 20
380878.96
 10
-25431.51
 20
380936.5300000001
 10
-25360.28
 20
383711.3400000001
 10
-25289.01
 20
386486.1500000001
 10
-25217.69
 20
389260.97
 10
-25146.33
 20
392035.81
 10
-25074.93
 20
394810.65
 10
-25003.48
 20
397585.49
 10
-24931.99
 20
400360.3499999999
 10
-24860.45
 20
403135.2199999999
 10
-24788.88
 20
405910.1
  0
LWPOLYLINE
  5
229
330
2
100
AcDbEntity
  8
G50
  6
Continuous
100
AcDbPolyline
 90
       40
 70
     1
 43
0.0
 10
-42380.44999999999
 20
575814.11
 10
-40176.56999999999
 20
575749.5999999999
 10
-37972.7
 20
575685.67
 10
-35768.85
 20
575622.35
 10
-33565.01
 20
575559.6
 10
-31361.17
 20
575497.45
 10
-29157.34
 20
575435.88
 10
-26953.54
 20
575374.91
 10
-24749.74
 20
575314.52
 10
-22545.94
 20
575254.74
 10
-20342.16
 20
575195.5300000001
 10
-20416.33
 20
572420.0800000001
 10
-20490.45
 20
569644.63
 10
-20564.54
 20
566869.2
 10
-20638.57
 20
564093.7700000001
 10
-20712.58
 20
561318.35
 10
-20786.53
 20
558542.9399999999
 10
-20860.45
 20
555767.54
 10
-20934.32
 20
552992.14
 10
-21008.15
 20
550216.7700000001
 10
-21081.94
 20
547441.39
 10
-23293.13
 20
547500.46
 10
-25504.33
 20
547560.12
 10
-27715.54
 20
547620.36
 10
-29926.77
 20
547681.1999999999
 10
-32138.01
 20
547742.62
 10
-34349.25
 20
547804.63
 10
-36560.52
 20
547867.22
 10
-38771.78
 20
547930.41
 10
-40983.06
 20
547994.19
 10
-43194.36
 20
548058.5600000001
 10
-43113.17999999999
 20
550834.0800000001
 10
-43031.94999999999
 20
553609.6
 10
-42950.67
 20
556385.13
 10
-42869.35999999999
 20
559160.68
 10
-42787.99
 20
561936.23
 10
-42706.58
 20
564711.7900000001
 10
-42625.10999999999
 20
567487.35
 10
-42543.61
 20
570262.94
 10
-42462.05999999999
 20
573038.52
  0
LWPOLYLINE
  5
22A
330
2
100
AcDbEntity
  8
G50
  6
Continuous
100
AcDbPolyline
 90
       40
 70
     1
 43
0.0
 10
-64419.91999999999
 20
576491.74
 10
-62215.91
 20
576421.3300000001
 10
-60011.93
 20
576351.49
 10
-57807.95
 20
576282.25
 10
-55603.98
 20
576213.61
 10
-53400.03
 20
576145.5500000001
 10
-51196.08999999999
 20
576078.0800000001
 10
-48992.17
 20
576011.2
 10
-46788.24999999999
 20
575944.91
 10
-44584.34999999999
 20
575879.22
 10
-42380.44999999999
 20
575814.11
 10
-42462.05999999999
 20
573038.52
 10
-42543.61
 20
570262.94
 10
-42625.10999999999
 20
567487.35
 10
-42706.58
 20
564711.7900000001
 10
-42787.99
 20
561936.23
 10
-42869.35999999999
 20
559160.68
 10
-42950.67
 20
556385.13
 10
-43031.94999999999
 20
553609.6
 10
-43113.17999999999
 20
550834.0800000001
 10
-43194.36
 20
548058.5600000001
 10
-45405.67
 20
548123.5100000001
 10
-47616.99
 20
548189.06
 10
-49828.32
 20
548255.2
 10
-52039.67
 20
548321.9199999999
 10
-54251.01999999999
 20
548389.23
 10
-56462.39
 20
548457.13
 10
-58673.77
 20
548525.62
 10
-60885.17
 20
548594.69
 10
-63096.58
 20
548664.36
 10
-65307.99
 20
548734.63
 10
-65219.41
 20
551510.3
 10
-65130.78
 20
554285.98
 10
-65042.1
 20
557061.6699999999
 10
-64953.35999999999
 20
559837.37
 10
-64864.58
 20
562613.0800000001
 10
-64775.76
 20
565388.8000000001
 10
-64686.87
 20
568164.5200000001
 10
-64597.93
 20
570940.25
 10
-64508.95
 20
573715.99
  0
LWPOLYLINE
  5
22B
330
2
100
AcDbEntity
  8
G50
  6
Continuous
 62
     5
100
AcDbPolyline
 90
       40
 70
     1
 43
0.0
 10
23731.36
 20
574135.3700000001
 10
25934.93
 20
574088.5600000001
 10
28138.51
 20
574042.3300000001
 10
30342.08
 20
573996.6899999999
 10
32545.63
 20
573951.65
 10
34749.18
 20
573907.1899999999
 10
36952.71
 20
573863.3200000001
 10
39156.25
 20
573820.0400000001
 10
41359.76999999999
 20
573777.35
 10
43563.29
 20
573735.25
 10
45766.8
 20
573693.74
 10
45714.9
 20
570918.62
 10
45663.03
 20
568143.5200000001
 10
45611.19999999999
 20
565368.4199999999
 10
45559.39
 20
562593.34
 10
45507.62999999999
 20
559818.2600000001
 10
45455.87
 20
557043.21
 10
45404.16
 20
554268.15
 10
45352.47
 20
551493.11
 10
45300.81
 20
548718.08
 10
45249.18
 20
545943.0600000001
 10
43038.28
 20
545984.47
 10
40827.36
 20
546026.48
 10
38616.43
 20
546069.07
 10
36405.5
 20
546112.25
 10
34194.55000000001
 20
546156.02
 10
31983.61
 20
546200.37
 10
29772.65
 20
546245.3200000001
 10
27561.68
 20
546290.8500000001
 10
25350.71
 20
546336.97
 10
23139.73
 20
546383.6799999999
 10
23198.74
 20
549158.8100000001
 10
23257.78
 20
551933.9399999999
 10
23316.86
 20
554709.0700000001
 10
23375.97
 20
557484.23
 10
23435.12
 20
560259.4
 10
23494.3
 20
563034.5700000001
 10
23553.52
 20
565809.75
 10
23612.76
 20
568584.9499999999
 10
23672.04
 20
571360.1500000001
  0
LWPOLYLINE
  5
22C
330
2
100
AcDbEntity
  8
G50
  6
Continuous
 62
     5
100
AcDbPolyline
 90
       40
 70
     1
 43
0.0
 10
-20342.16
 20
575195.5300000001
 10
-18138.39
 20
575136.9199999999
 10
-15934.63
 20
575078.9000000001
 10
-13730.88
 20
575021.47
 10
-11527.14
 20
574964.6300000001
 10
-9323.41
 20
574908.3699999999
 10
-7119.7
 20
574852.71
 10
-4915.99
 20
574797.6300000001
 10
-2712.29
 20
574743.1599999999
 10
-508.61
 20
574689.27
 10
1695.07
 20
574635.96
 10
1628.33
 20
571860.6300000001
 10
1561.64
 20
569085.3100000001
 10
1494.98
 20
566310.0
 10
1428.35
 20
563534.7
 10
1361.75
 20
560759.41
 10
1295.21
 20
557984.14
 10
1228.7
 20
555208.8600000001
 10
1162.22
 20
552433.6
 10
1095.78
 20
549658.3499999999
 10
1029.39
 20
546883.11
 10
-1181.7
 20
546936.3000000001
 10
-3392.79
 20
546990.0600000001
 10
-5603.899999999999
 20
547044.4199999999
 10
-7815.020000000001
 20
547099.3700000001
 10
-10026.14
 20
547154.9
 10
-12237.28
 20
547211.03
 10
-14448.43
 20
547267.73
 10
-16659.59
 20
547325.0300000001
 10
-18870.76
 20
547382.9199999999
 10
-21081.94
 20
547441.39
 10
-21008.15
 20
550216.7700000001
 10
-20934.32
 20
552992.14
 10
-20860.45
 20
555767.54
 10
-20786.53
 20
558542.9399999999
 10
-20712.58
 20
561318.35
 10
-20638.57
 20
564093.7700000001
 10
-20564.54
 20
566869.2
 10
-20490.45
 20
569644.63
 10
-20416.33
 20
572420.0800000001
  0
LWPOLYLINE
  5
22D
330
2
100
AcDbEntity
  8
G50
  6
Continuous
 62
     5
100
AcDbPolyline
 90
       40
 70
     1
 43
0.0
 10
1695.07
 20
574635.96
 10
3898.74
 20
574583.25
 10
6102.4
 20
574531.13
 10
8306.06
 20
574479.5900000001
 10
10509.7
 20
574428.6500000001
 10
12713.33
 20
574378.3
 10
14916.95
 20
574328.5300000001
 10
17120.56
 20
574279.36
 10
19324.17
 20
574230.7700000001
 10
21527.78
 20
574182.7800000001
 10
23731.36
 20
574135.3700000001
 10
23672.04
 20
571360.1500000001
 10
23612.76
 20
568584.9499999999
 10
23553.52
 20
565809.75
 10
23494.3
 20
563034.5700000001
 10
23435.12
 20
560259.4
 10
23375.97
 20
557484.23
 10
23316.86
 20
554709.0700000001
 10
23257.78
 20
551933.9399999999
 10
23198.74
 20
549158.8100000001
 10
23139.73
 20
546383.6799999999
 10
20928.73
 20
546430.98
 10
18717.73
 20
546478.86
 10
16506.72
 20
546527.34
 10
14295.7
 20
546576.39
 10
12084.68
 20
546626.0400000001
 10
9873.640000000001
 20
546676.2800000001
 10
7662.59
 20
546727.11
 10
5451.529999999999
 20
546778.52
 10
3240.460000000001
 20
546830.52
 10
1029.39
 20
546883.11
 10
1095.78
 20
549658.3499999999
 10
1162.22
 20
552433.6
 10
1228.7
 20
555208.8600000001
 10
1295.21
 20
557984.14
 10
1361.75
 20
560759.41
 10
1428.35
 20
563534.7
 10
1494.98
 20
566310.0
 10
1561.64
 20
569085.3100000001
 10
1628.33
 20
571860.6300000001
  0
TEXT
  5
22E
330
2
100
AcDbEntity
  8
T50000
100
AcDbText
 10
-131890.4207846204
 20
591913.6085671052
 30
0.0
 40
4000.0
  1
소청
 50
358.77
  7
GHS
 72
     4
 11
-127431.84
 21
593818.3400000001
 31
0.0
100
AcDbText
  0
TEXT
  5
22F
330
2
100
AcDbEntity
  8
N50000
100
AcDbText
 10
-131043.86
 20
588437.6
 30
0.0
 40
1528.44
  1
37404
 50
358.77
  7
GHS
100
AcDbText
  0
TEXT
  5
230
330
2
100
AcDbEntity
  8
T50000
100
AcDbText
 10
-154026.4990481207
 20
592950.5062172601
 30
0.0
 40
4000.0
  1
백령
 50
358.77
  7
GHS
 72
     4
 11
-149401.29
 21
594851.6599999999
 31
0.0
100
AcDbText
  0
TEXT
  5
231
330
2
100
AcDbEntity
  8
N50000
100
AcDbText
 10
-153013.69
 20
589470.4299999999
 30
0.0
 40
1528.44
  1
37403
 50
358.77
  7
GHS
100
AcDbText
  0
LWPOLYLINE
  5
232
330
2
100
AcDbEntity
  8
G50
  6
Continuous
100
AcDbPolyline
 90
       40
 70
     1
 43
0.0
 10
-138571.93
 20
607907.7900000001
 10
-136374.99
 20
607807.5700000001
 10
-134178.07
 20
607707.97
 10
-131981.16
 20
607608.94
 10
-129784.27
 20
607510.54
 10
-127587.39
 20
607412.7
 10
-125390.53
 20
607315.4699999999
 10
-123193.69
 20
607218.8300000001
 10
-120996.86
 20
607122.7900000001
 10
-118800.05
 20
607027.3100000001
 10
-116603.26
 20
606932.47
 10
-116722.73
 20
604156.33
 10
-116842.13
 20
601380.1799999999
 10
-116961.46
 20
598604.0600000001
 10
-117080.73
 20
595827.94
 10
-117199.93
 20
593051.8400000001
 10
-117319.06
 20
590275.7300000001
 10
-117438.13
 20
587499.62
 10
-117557.13
 20
584723.5400000001
 10
-117676.06
 20
581947.45
 10
-117794.92
 20
579171.35
 10
-119999.19
 20
579266.02
 10
-122203.48
 20
579361.25
 10
-124407.8
 20
579457.09
 10
-126612.13
 20
579553.52
 10
-128816.48
 20
579650.54
 10
-131020.83
 20
579748.14
 10
-133225.21
 20
579846.3300000001
 10
-135429.6
 20
579945.15
 10
-137634.02
 20
580044.54
 10
-139838.45
 20
580144.5300000001
 10
-139712.11
 20
582920.8400000001
 10
-139585.71
 20
585697.14
 10
-139459.24
 20
588473.4299999999
 10
-139332.7
 20
591249.75
 10
-139206.08
 20
594026.1
 10
-139079.4
 20
596802.41
 10
-138952.65
 20
599578.7400000001
 10
-138825.81
 20
602355.1
 10
-138698.9
 20
605131.45
  0
LWPOLYLINE
  5
233
330
2
100
AcDbEntity
  8
G50
  6
Continuous
100
AcDbPolyline
 90
       40
 70
     1
 43
0.0
 10
-160542.35
 20
608942.52
 10
-158345.23
 20
608836.37
 10
-156148.12
 20
608730.8200000001
 10
-153951.03
 20
608625.8700000001
 10
-151753.96
 20
608521.49
 10
-149556.92
 20
608417.74
 10
-147359.89
 20
608314.55
 10
-145162.88
 20
608211.9699999999
 10
-142965.88
 20
608109.98
 10
-140768.9
 20
608008.5900000001
 10
-138571.93
 20
607907.7900000001
 10
-138698.9
 20
605131.45
 10
-138825.81
 20
602355.1
 10
-138952.65
 20
599578.7400000001
 10
-139079.4
 20
596802.41
 10
-139206.08
 20
594026.1
 10
-139332.7
 20
591249.75
 10
-139459.24
 20
588473.4299999999
 10
-139585.71
 20
585697.14
 10
-139712.11
 20
582920.8400000001
 10
-139838.45
 20
580144.5300000001
 10
-142042.9
 20
580245.11
 10
-144247.36
 20
580346.26
 10
-146451.85
 20
580448.0100000001
 10
-148656.36
 20
580550.39
 10
-150860.88
 20
580653.3400000001
 10
-153065.41
 20
580756.8800000001
 10
-155269.97
 20
580861.02
 10
-157474.56
 20
580965.73
 10
-159679.14
 20
581071.0700000001
 10
-161883.77
 20
581176.98
 10
-161749.96
 20
583953.5
 10
-161616.09
 20
586730.0400000001
 10
-161482.14
 20
589506.5800000001
 10
-161348.1
 20
592283.14
 10
-161214.0
 20
595059.7
 10
-161079.82
 20
597836.24
 10
-160945.57
 20
600612.8100000001
 10
-160811.23
 20
603389.3800000001
 10
-160676.82
 20
606165.9299999999
  0
TEXT
  5
234
330
2
100
AcDbEntity
  8
N50000
100
AcDbText
 10
-100973.06
 20
558557.5700000001
 30
0.0
 40
1528.44
  1
37507
 50
358.78
  7
GHS
100
AcDbText
  0
TEXT
  5
235
330
2
100
AcDbEntity
  8
T50000
100
AcDbText
 10
-101987.0871637455
 20
562036.1389949556
 30
0.0
 40
4000.0
  1
연평
 50
358.78
  7
GHS
 72
     4
 11
-97362.21
 21
563938.1
 31
0.0
100
AcDbText
  0
TEXT
  5
236
330
2
100
AcDbEntity
  8
N50000
100
AcDbText
 10
-105074.2
 20
447522.61
 30
0.0
 40
1528.44
  1
36507
 50
358.81
  7
GHS
100
AcDbText
  0
TEXT
  5
237
330
2
100
AcDbEntity
  8
T50000
100
AcDbText
 10
-106173.0660256518
 20
451002.3783361726
 30
0.0
 40
4000.0
  1
석도
 50
358.81
  7
GHS
 72
     4
 11
-101465.87
 21
452905.03
 31
0.0
100
AcDbText
  0
LWPOLYLINE
  5
238
330
2
100
AcDbEntity
  8
G50
  6
Continuous
100
AcDbPolyline
 90
       40
 70
     1
 43
0.0
 10
-112613.51
 20
466986.1599999999
 10
-110379.78
 20
466904.72
 10
-108146.04
 20
466823.86
 10
-105912.35
 20
466743.59
 10
-103678.65
 20
466663.88
 10
-101444.98
 20
466584.77
 10
-99211.33000000001
 20
466506.23
 10
-96977.69
 20
466428.32
 10
-94744.07000000001
 20
466350.97
 10
-92510.44999999999
 20
466274.18
 10
-90276.87
 20
466197.99
 10
-90371.15
 20
463422.4099999999
 10
-90465.35999999999
 20
460646.8200000001
 10
-90559.51
 20
457871.26
 10
-90653.61000000001
 20
455095.66
 10
-90747.68
 20
452320.12
 10
-90841.69000000001
 20
449544.55
 10
-90935.62
 20
446769.0
 10
-91029.52
 20
443993.4599999999
 10
-91123.34
 20
441217.93
 10
-91217.14
 20
438442.38
 10
-93457.96000000001
 20
438518.35
 10
-95698.84
 20
438594.95
 10
-97939.71
 20
438672.09
 10
-100180.61
 20
438749.82
 10
-102421.52
 20
438828.12
 10
-104662.45
 20
438907.05
 10
-106903.4
 20
438986.5
 10
-109144.37
 20
439066.5900000001
 10
-111385.35
 20
439147.25
 10
-113626.35
 20
439228.4899999999
 10
-113525.33
 20
442004.21
 10
-113424.25
 20
444779.97
 10
-113323.12
 20
447555.71
 10
-113221.93
 20
450331.4699999999
 10
-113120.67
 20
453107.25
 10
-113019.37
 20
455883.01
 10
-112917.99
 20
458658.78
 10
-112816.56
 20
461434.59
 10
-112715.06
 20
464210.36
  0
LWPOLYLINE
  5
239
330
2
100
AcDbEntity
  8
G50
  6
Continuous
100
AcDbPolyline
 90
       40
 70
     1
 43
0.0
 10
-108502.73
 20
578024.28
 10
-106298.46
 20
577942.03
 10
-104094.2
 20
577860.38
 10
-101889.96
 20
577779.3200000001
 10
-99685.71999999999
 20
577698.8400000001
 10
-97481.5
 20
577618.9699999999
 10
-95277.3
 20
577539.6799999999
 10
-93073.13
 20
577460.98
 10
-90868.96000000001
 20
577382.88
 10
-88664.78999999999
 20
577305.3700000001
 10
-86460.65
 20
577228.4599999999
 10
-86557.11
 20
574452.52
 10
-86653.52999999999
 20
571676.63
 10
-86749.91999999999
 20
568900.71
 10
-86846.21000000001
 20
566124.8200000001
 10
-86942.46000000001
 20
563348.96
 10
-87038.67
 20
560573.0600000001
 10
-87134.82
 20
557797.19
 10
-87230.89999999999
 20
555021.3400000001
 10
-87326.94999999999
 20
552245.5
 10
-87422.92
 20
549469.64
 10
-89634.52999999999
 20
549546.4000000001
 10
-91846.11
 20
549623.72
 10
-94057.68
 20
549701.64
 10
-96269.31
 20
549780.1500000001
 10
-98480.94000000001
 20
549859.2600000001
 10
-100692.59
 20
549938.97
 10
-102904.25
 20
550019.24
 10
-105115.92
 20
550100.1099999999
 10
-107327.6
 20
550181.5800000001
 10
-109539.3
 20
550263.64
 10
-109435.92
 20
553039.68
 10
-109332.46
 20
555815.7099999999
 10
-109228.96
 20
558591.74
 10
-109125.38
 20
561367.8000000001
 10
-109021.76
 20
564143.85
 10
-108918.08
 20
566919.94
 10
-108814.32
 20
569696.01
 10
-108710.53
 20
572472.08
 10
-108606.66
 20
575248.1799999999
  0
LWPOLYLINE
  5
23A
330
2
100
AcDbEntity
  8
G50
100
AcDbPolyline
 90
       40
 70
     1
 43
0.0
 10
-90276.86
 20
466198.0
 10
-88043.27
 20
466122.4
 10
-85809.7
 20
466047.4
 10
-83576.14999999999
 20
465972.9699999999
 10
-81342.66
 20
465899.14
 10
-79109.11999999999
 20
465825.9
 10
-76875.61999999999
 20
465753.2299999999
 10
-74642.14999999999
 20
465681.15
 10
-72408.67
 20
465609.64
 10
-70175.24
 20
465538.7199999999
 10
-67941.78999999999
 20
465468.4
 10
-68028.78999999999
 20
462692.99
 10
-68115.72
 20
459917.61
 10
-68202.65
 20
457142.21
 10
-68289.47999999999
 20
454366.82
 10
-68376.3
 20
451591.4699999999
 10
-68463.02999999999
 20
448816.0800000001
 10
-68549.74000000001
 20
446040.71
 10
-68636.36999999999
 20
443265.3799999999
 10
-68722.97
 20
440490.05
 10
-68809.52
 20
437714.6999999999
 10
-71050.21
 20
437784.8499999999
 10
-73290.92
 20
437855.5799999999
 10
-75531.61999999999
 20
437926.8800000001
 10
-77772.36
 20
437998.7800000001
 10
-80013.1
 20
438071.26
 10
-82253.88999999999
 20
438144.32
 10
-84494.67
 20
438217.9299999999
 10
-86735.47000000001
 20
438292.19
 10
-88976.28
 20
438367.0
 10
-91217.12
 20
438442.38
 10
-91123.33000000001
 20
441217.93
 10
-91029.49999999999
 20
443993.4599999999
 10
-90935.61000000001
 20
446769.0
 10
-90841.67
 20
449544.55
 10
-90747.66999999999
 20
452320.12
 10
-90653.60000000001
 20
455095.66
 10
-90559.50000000001
 20
457871.26
 10
-90465.35999999999
 20
460646.8200000001
 10
-90371.14
 20
463422.4099999999
  0
LWPOLYLINE
  5
23B
330
2
100
AcDbEntity
  8
G50
  6
Continuous
100
AcDbPolyline
 90
       40
 70
     1
 43
0.0
 10
-88379.75999999999
 20
521711.63
 10
-86160.82999999999
 20
521635.6600000001
 10
-83941.88000000001
 20
521560.26
 10
-81722.99
 20
521485.48
 10
-79504.08
 20
521411.2700000001
 10
-77285.22
 20
521337.66
 10
-75066.35000000001
 20
521264.61
 10
-72847.49
 20
521192.16
 10
-70628.66
 20
521120.3000000001
 10
-68409.81
 20
521049.04
 10
-66191.00999999999
 20
520978.37
 10
-66279.02
 20
518202.77
 10
-66367.0
 20
515427.2399999999
 10
-66454.91999999999
 20
512651.66
 10
-66542.78999999999
 20
509876.12
 10
-66630.6
 20
507100.57
 10
-66718.37
 20
504325.01
 10
-66806.11
 20
501549.49
 10
-66893.78
 20
498773.97
 10
-66981.38000000001
 20
495998.4699999999
 10
-67068.94
 20
493222.97
 10
-69295.08
 20
493293.46
 10
-71521.27000000001
 20
493364.5600000001
 10
-73747.44
 20
493436.25
 10
-75973.64
 20
493508.5
 10
-78199.82000000001
 20
493581.35
 10
-80426.05
 20
493654.79
 10
-82652.27000000001
 20
493728.83
 10
-84878.54
 20
493803.44
 10
-87104.78999999999
 20
493878.64
 10
-89331.07000000001
 20
493954.4099999999
 10
-89236.19999999999
 20
496730.12
 10
-89141.25999999999
 20
499505.82
 10
-89046.25000000001
 20
502281.51
 10
-88951.2
 20
505057.2
 10
-88856.09
 20
507832.92
 10
-88760.94
 20
510608.64
 10
-88665.71999999999
 20
513384.39
 10
-88570.46999999999
 20
516160.13
 10
-88475.12
 20
518935.86
  0
LWPOLYLINE
  5
23C
330
2
100
AcDbEntity
  8
G50
  6
Continuous
100
AcDbPolyline
 90
       40
 70
     1
 43
0.0
 10
-92151.80999999999
 20
410687.56
 10
-89903.78999999999
 20
410612.38
 10
-87655.75
 20
410537.75
 10
-85407.72999999999
 20
410463.73
 10
-83159.74
 20
410390.3
 10
-80911.75999999999
 20
410317.43
 10
-78663.81
 20
410245.13
 10
-76415.86999999999
 20
410173.46
 10
-74167.92999999999
 20
410102.35
 10
-71920.00999999999
 20
410031.8
 10
-69672.13
 20
409961.85
 10
-69758.11
 20
407186.61
 10
-69844.02000000001
 20
404411.36
 10
-69929.89
 20
401636.14
 10
-70015.72999999999
 20
398860.92
 10
-70101.49000000001
 20
396085.73
 10
-70187.22
 20
393310.5300000001
 10
-70272.88
 20
390535.33
 10
-70358.49999999999
 20
387760.16
 10
-70444.08999999999
 20
384984.99
 10
-70529.57000000001
 20
382209.81
 10
-72784.66
 20
382279.5900000001
 10
-75039.73
 20
382349.91
 10
-77294.83
 20
382420.8200000001
 10
-79549.91
 20
382492.33
 10
-81805.05
 20
382564.4
 10
-84060.21
 20
382637.07
 10
-86315.36999999999
 20
382710.31
 10
-88570.53999999999
 20
382784.14
 10
-90825.73
 20
382858.53
 10
-93080.94
 20
382933.5200000001
 10
-92988.27000000001
 20
385708.9000000001
 10
-92895.57
 20
388484.27
 10
-92802.79
 20
391259.64
 10
-92709.98
 20
394035.04
 10
-92617.1
 20
396810.43
 10
-92524.14999999999
 20
399585.85
 10
-92431.16
 20
402361.27
 10
-92338.10000000001
 20
405136.68
 10
-92244.98
 20
407912.1299999999
  0
TEXT
  5
23D
330
2
100
AcDbEntity
  8
N50000
100
AcDbText
 10
26638.36
 20
332702.24
 30
0.0
 40
1528.44
  1
35705
 50
358.84
  7
GHS
100
AcDbText
  0
TEXT
  5
23E
330
2
100
AcDbEntity
  8
T50000
100
AcDbText
 10
25368.99833556971
 20
336181.647987729
 30
0.0
 40
4000.0
  1
갈담
 50
358.84
  7
GHS
 72
     4
 11
30241.83
 21
338083.3900000001
 31
0.0
100
AcDbText
  0
TEXT
  5
23F
330
2
100
AcDbEntity
  8
N50000
100
AcDbText
 10
27203.71
 20
360445.87
 30
0.0
 40
1528.44
  1
35701
 50
358.83
  7
GHS
100
AcDbText
  0
TEXT
  5
240
330
2
100
AcDbEntity
  8
T50000
100
AcDbText
 10
26018.84324139244
 20
363965.6248881568
 30
0.0
 40
4000.0
  1
전주
 50
358.83
  7
GHS
 72
     4
 11
30807.84
 21
365826.56
 31
0.0
100
AcDbText
  0
TEXT
  5
241
330
2
100
AcDbEntity
  8
N50000
 62
     7
100
AcDbText
 10
25518.06
 20
277218.0400000001
 30
0.0
 40
1528.44
  1
35713
 50
358.85
  7
GHS
100
AcDbText
  0
TEXT
  5
242
330
2
100
AcDbEntity
  8
T50000
100
AcDbText
 10
24414.34342279742
 20
280694.1725573368
 30
0.0
 40
4000.0
  1
독산
 50
358.85
  7
GHS
 72
     4
 11
29120.21
 21
282600.11
 31
0.0
100
AcDbText
  0
TEXT
  5
243
330
2
100
AcDbEntity
  8
N50000
100
AcDbText
 10
26076.47
 20
304959.6300000001
 30
0.0
 40
1528.44
  1
35709
 50
358.84
  7
GHS
100
AcDbText
  0
TEXT
  5
244
330
2
100
AcDbEntity
  8
T50000
100
AcDbText
 10
24973.08084563644
 20
308436.1239150211
 30
0.0
 40
4000.0
  1
순창
 50
358.84
  7
GHS
 72
     4
 11
29679.28
 21
310341.24
 31
0.0
100
AcDbText
  0
LWPOLYLINE
  5
245
330
2
100
AcDbEntity
  8
G50
  6
Continuous
100
AcDbPolyline
 90
       40
 70
     1
 43
0.0
 10
18529.11
 20
324407.14
 10
20797.79
 20
324361.4200000001
 10
23066.47
 20
324316.28
 10
25335.12
 20
324271.71
 10
27603.78
 20
324227.72
 10
29872.42
 20
324184.31
 10
32141.04
 20
324141.47
 10
34409.66
 20
324099.2
 10
36678.27
 20
324057.51
 10
38946.87
 20
324016.4
 10
41215.46
 20
323975.87
 10
41166.24999999999
 20
321201.7
 10
41117.08
 20
318427.55
 10
41067.94
 20
315653.4000000001
 10
41018.81999999999
 20
312879.27
 10
40969.74
 20
310105.15
 10
40920.68
 20
307331.04
 10
40871.66
 20
304556.94
 10
40822.66999999999
 20
301782.85
 10
40773.71
 20
299008.7700000001
 10
40724.78
 20
296234.7
 10
38449.17
 20
296275.11
 10
36173.56
 20
296316.1
 10
33897.94
 20
296357.6600000001
 10
31622.3
 20
296399.7900000001
 10
29346.65
 20
296442.5
 10
27071.0
 20
296485.7900000001
 10
24795.32
 20
296529.6500000001
 10
22519.65
 20
296574.07
 10
20243.96
 20
296619.08
 10
17968.26
 20
296664.6600000001
 10
18024.19
 20
299438.86
 10
18080.15
 20
302213.07
 10
18136.15
 20
304987.3
 10
18192.18
 20
307761.5300000001
 10
18248.25
 20
310535.7800000001
 10
18304.36
 20
313310.0300000001
 10
18360.49
 20
316084.29
 10
18416.67
 20
318858.57
 10
18472.87
 20
321632.85
  0
LWPOLYLINE
  5
246
330
2
100
AcDbEntity
  8
G50
  6
Continuous
100
AcDbPolyline
 90
       40
 70
     1
 43
0.0
 10
19093.43
 20
352150.6400000001
 10
21355.06
 20
352104.78
 10
23616.66
 20
352059.5
 10
25878.27
 20
352014.8000000001
 10
28139.85
 20
351970.68
 10
30401.43
 20
351927.14
 10
32663.0
 20
351884.18
 10
34924.55
 20
351841.78
 10
37186.1
 20
351799.98
 10
39447.64
 20
351758.74
 10
41709.16
 20
351718.08
 10
41659.66
 20
348943.81
 10
41610.18
 20
346169.55
 10
41560.74
 20
343395.3000000001
 10
41511.31
 20
340621.06
 10
41461.94
 20
337846.84
 10
41412.57
 20
335072.62
 10
41363.25
 20
332298.42
 10
41313.96
 20
329524.23
 10
41264.69
 20
326750.0400000001
 10
41215.46
 20
323975.87
 10
38946.87
 20
324016.4
 10
36678.27
 20
324057.51
 10
34409.66
 20
324099.2
 10
32141.04
 20
324141.47
 10
29872.42
 20
324184.31
 10
27603.78
 20
324227.72
 10
25335.12
 20
324271.71
 10
23066.47
 20
324316.28
 10
20797.79
 20
324361.4200000001
 10
18529.11
 20
324407.14
 10
18585.39
 20
327181.44
 10
18641.7
 20
329955.76
 10
18698.05
 20
332730.09
 10
18754.43
 20
335504.42
 10
18810.84
 20
338278.76
 10
18867.29
 20
341053.11
 10
18923.78
 20
343827.48
 10
18980.29
 20
346601.85
 10
19036.85
 20
349376.2500000001
  0
TEXT
  5
247
330
2
100
AcDbEntity
  8
N50000
100
AcDbText
 10
4658.669999999999
 20
360935.63
 30
0.0
 40
1528.44
  1
35604
 50
358.83
  7
GHS
100
AcDbText
  0
TEXT
  5
248
330
2
100
AcDbEntity
  8
T50000
100
AcDbText
 10
3390.006493192489
 20
364415.9584862542
 30
0.0
 40
4000.0
  1
익산
 50
358.83
  7
GHS
 72
     4
 11
8263.17
 21
366316.85
 31
0.0
100
AcDbText
  0
TEXT
  5
249
330
2
100
AcDbEntity
  8
N50000
100
AcDbText
 10
4022.25
 20
333190.57
 30
0.0
 40
1528.44
  1
35608
 50
358.84
  7
GHS
100
AcDbText
  0
TEXT
  5
24A
330
2
100
AcDbEntity
  8
T50000
100
AcDbText
 10
2836.584590603076
 20
336668.820951375
 30
0.0
 40
4000.0
  1
정읍
 50
358.84
  7
GHS
 72
     4
 11
7626.1
 21
338572.25
 31
0.0
100
AcDbText
  0
TEXT
  5
24B
330
2
100
AcDbEntity
  8
N50000
100
AcDbText
 10
-17887.59
 20
361483.32
 30
0.0
 40
1528.44
  1
35603
 50
358.83
  7
GHS
100
AcDbText
  0
TEXT
  5
24C
330
2
100
AcDbEntity
  8
T50000
100
AcDbText
 10
-18990.10237704446
 20
364919.117351078
 30
0.0
 40
4000.0
  1
군산
 50
358.83
  7
GHS
 72
     4
 11
-14282.72
 21
366865.0700000001
 31
0.0
100
AcDbText
  0
TEXT
  5
24D
330
2
100
AcDbEntity
  8
N50000
100
AcDbText
 10
-18595.12
 20
333736.67
 30
0.0
 40
1528.44
  1
35607
 50
358.84
  7
GHS
100
AcDbText
  0
TEXT
  5
24E
330
2
100
AcDbEntity
  8
N50000
100
AcDbText
 10
3389.72
 20
305446.5
 30
0.0
 40
1528.44
  1
35612
 50
358.84
  7
GHS
100
AcDbText
  0
TEXT
  5
24F
330
2
100
AcDbEntity
  8
T50000
100
AcDbText
 10
2120.078335569708
 20
308926.897987729
 30
0.0
 40
4000.0
  1
담양
 50
358.84
  7
GHS
 72
     4
 11
6992.910000000001
 21
310828.6400000001
 31
0.0
100
AcDbText
  0
TEXT
  5
250
330
2
100
AcDbEntity
  8
N50000
 62
     7
100
AcDbText
 10
2761.1
 20
277703.4
 30
0.0
 40
1528.44
  1
35616
 50
358.85
  7
GHS
100
AcDbText
  0
TEXT
  5
251
330
2
100
AcDbEntity
  8
T50000
100
AcDbText
 10
1658.599670246738
 20
281221.7308314407
 30
0.0
 40
4000.0
  1
광주
 50
358.85
  7
GHS
 72
     4
 11
6363.63
 21
283086.0100000001
 31
0.0
100
AcDbText
  0
TEXT
  5
252
330
2
100
AcDbEntity
  8
N50000
100
AcDbText
 10
-19298.31
 20
305990.96
 30
0.0
 40
1528.44
  1
35611
 50
358.84
  7
GHS
100
AcDbText
  0
LWPOLYLINE
  5
253
330
2
100
AcDbEntity
  8
G50
  6
Continuous
100
AcDbPolyline
 90
       40
 70
     1
 43
0.0
 10
-3523.39
 20
352640.94
 10
-1261.66
 20
352589.32
 10
1000.07
 20
352538.27
 10
3261.78
 20
352487.78
 10
5523.47
 20
352437.89
 10
7785.160000000001
 20
352388.5700000001
 10
10046.84
 20
352339.83
 10
12308.5
 20
352291.6600000001
 10
14570.16
 20
352244.07
 10
16831.8
 20
352197.07
 10
19093.43
 20
352150.6400000001
 10
19036.85
 20
349376.2500000001
 10
18980.29
 20
346601.85
 10
18923.78
 20
343827.48
 10
18867.29
 20
341053.11
 10
18810.84
 20
338278.76
 10
18754.43
 20
335504.42
 10
18698.05
 20
332730.09
 10
18641.7
 20
329955.76
 10
18585.39
 20
327181.44
 10
18529.11
 20
324407.14
 10
16260.43
 20
324453.43
 10
13991.71
 20
324500.3
 10
11723.0
 20
324547.7500000001
 10
9454.270000000001
 20
324595.77
 10
7185.520000000001
 20
324644.37
 10
4916.78
 20
324693.54
 10
2648.010000000001
 20
324743.2900000001
 10
379.23
 20
324793.61
 10
-1889.56
 20
324844.5200000001
 10
-4158.36
 20
324895.99
 10
-4095.04
 20
327670.4500000001
 10
-4031.68
 20
330444.9100000001
 10
-3968.28
 20
333219.3800000001
 10
-3904.84
 20
335993.85
 10
-3841.37
 20
338768.35
 10
-3777.85
 20
341542.84
 10
-3714.3
 20
344317.36
 10
-3650.7
 20
347091.8800000001
 10
-3587.07
 20
349866.4100000001
  0
LWPOLYLINE
  5
254
330
2
100
AcDbEntity
  8
G50
  6
Continuous
100
AcDbPolyline
 90
       40
 70
     1
 43
0.0
 10
-4158.36
 20
324895.99
 10
-1889.56
 20
324844.5200000001
 10
379.23
 20
324793.61
 10
2648.010000000001
 20
324743.2900000001
 10
4916.78
 20
324693.54
 10
7185.520000000001
 20
324644.37
 10
9454.270000000001
 20
324595.77
 10
11723.0
 20
324547.7500000001
 10
13991.71
 20
324500.3
 10
16260.43
 20
324453.43
 10
18529.11
 20
324407.14
 10
18472.87
 20
321632.85
 10
18416.67
 20
318858.57
 10
18360.49
 20
316084.29
 10
18304.36
 20
313310.0300000001
 10
18248.25
 20
310535.7800000001
 10
18192.18
 20
307761.5300000001
 10
18136.15
 20
304987.3
 10
18080.15
 20
302213.07
 10
18024.19
 20
299438.86
 10
17968.26
 20
296664.6600000001
 10
15692.54
 20
296710.82
 10
13416.82
 20
296757.53
 10
11141.08
 20
296804.84
 10
8865.33
 20
296852.71
 10
6589.570000000001
 20
296901.16
 10
4313.8
 20
296950.18
 10
2038.0
 20
296999.7900000001
 10
-237.79
 20
297049.9500000001
 10
-2513.61
 20
297100.7
 10
-4789.43
 20
297152.02
 10
-4726.5
 20
299926.37
 10
-4663.53
 20
302700.74
 10
-4600.52
 20
305475.11
 10
-4537.47
 20
308249.49
 10
-4474.38
 20
311023.8900000001
 10
-4411.26
 20
313798.2900000001
 10
-4348.09
 20
316572.7
 10
-4284.89
 20
319347.12
 10
-4221.649999999999
 20
322121.55
  0
TEXT
  5
255
330
2
100
AcDbEntity
  8
N50000
 62
     7
100
AcDbText
 10
24963.11
 20
249477.46
 30
0.0
 40
1528.44
  1
34701
 50
358.86
  7
GHS
100
AcDbText
  0
TEXT
  5
256
330
2
100
AcDbEntity
  8
T50000
100
AcDbText
 10
24067.35824041783
 20
252949.0863742299
 30
0.0
 40
4000.0
  1
복내
 50
358.86
  7
GHS
 72
     4
 11
28564.6
 21
254859.99
 31
0.0
100
AcDbText
  0
LWPOLYLINE
  5
257
330
2
100
AcDbEntity
  8
G50
  6
Continuous
100
AcDbPolyline
 90
       40
 70
     1
 43
0.0
 10
17410.87
 20
268923.18
 10
19693.54
 20
268877.75
 10
21976.22
 20
268832.88
 10
24258.87
 20
268788.59
 10
26541.51
 20
268744.87
 10
28824.14
 20
268701.73
 10
31106.76
 20
268659.15
 10
33389.37
 20
268617.15
 10
35671.97
 20
268575.72
 10
37954.56
 20
268534.86
 10
40237.14
 20
268494.57
 10
40188.54
 20
265720.62
 10
40139.97
 20
262946.68
 10
40091.42999999999
 20
260172.74
 10
40042.93
 20
257398.82
 10
39994.46
 20
254624.9
 10
39946.01
 20
251851.0
 10
39897.6
 20
249077.11
 10
39849.22
 20
246303.22
 10
39800.86
 20
243529.35
 10
39752.54
 20
240755.49
 10
37463.03
 20
240795.65
 10
35173.51000000001
 20
240836.37
 10
32883.98
 20
240877.6700000001
 10
30594.45
 20
240919.54
 10
28304.9
 20
240961.98
 10
26015.34
 20
241004.99
 10
23725.76
 20
241048.56
 10
21436.18
 20
241092.71
 10
19146.57
 20
241137.43
 10
16856.97
 20
241182.71
 10
16912.2
 20
243956.72
 10
16967.47
 20
246730.72
 10
17022.77
 20
249504.75
 10
17078.11
 20
252278.78
 10
17133.48
 20
255052.82
 10
17188.89
 20
257826.88
 10
17244.33
 20
260600.94
 10
17299.81
 20
263375.01
 10
17355.32
 20
266149.09
  0
TEXT
  5
258
330
2
100
AcDbEntity
  8
N50000
 62
     7
100
AcDbText
 10
24411.66
 20
221737.89
 30
0.0
 40
1528.44
  1
34705
 50
358.86
  7
GHS
100
AcDbText
  0
TEXT
  5
259
330
2
100
AcDbEntity
  8
N50000
 62
     7
100
AcDbText
 10
23863.71
 20
193999.32
 30
0.0
 40
1528.44
  1
34709
 50
358.87
  7
GHS
100
AcDbText
  0
TEXT
  5
25A
330
2
100
AcDbEntity
  8
T50000
100
AcDbText
 10
22675.34188021325
 20
197476.8434280035
 30
0.0
 40
4000.0
  1
거금
 50
358.87
  7
GHS
 72
     4
 11
27463.86
 21
199382.78
 31
0.0
100
AcDbText
  0
LWPOLYLINE
  5
25B
330
2
100
AcDbEntity
  8
G50
  6
Continuous
100
AcDbPolyline
 90
       40
 70
     1
 43
0.0
 10
16306.56
 20
213443.25
 10
18603.06
 20
213398.11
 10
20899.54
 20
213353.53
 10
23196.02
 20
213309.53
 10
25492.48
 20
213266.1
 10
27788.93
 20
213223.23
 10
30085.36
 20
213180.94
 10
32381.8
 20
213139.2100000001
 10
34678.21
 20
213098.05
 10
36974.61
 20
213057.46
 10
39271.0
 20
213017.43
 10
39223.01
 20
210243.68
 10
39175.06
 20
207469.94
 10
39127.13
 20
204696.21
 10
39079.24
 20
201922.5
 10
39031.38
 20
199148.79
 10
38983.55
 20
196375.1
 10
38935.75
 20
193601.41
 10
38887.97
 20
190827.74
 10
38840.24
 20
188054.07
 10
38792.53
 20
185280.41
 10
36489.29
 20
185320.3
 10
34186.05
 20
185360.75
 10
31882.79
 20
185401.78
 10
29579.53
 20
185443.36
 10
27276.24
 20
185485.51
 10
24972.95
 20
185528.24
 10
22669.65
 20
185571.52
 10
20366.32
 20
185615.38
 10
18062.99
 20
185659.8
 10
15759.65
 20
185704.77
 10
15814.18
 20
188478.58
 10
15868.75
 20
191252.39
 10
15923.35
 20
194026.21
 10
15977.99
 20
196800.05
 10
16032.66
 20
199573.89
 10
16087.37
 20
202347.75
 10
16142.12
 20
205121.6
 10
16196.9
 20
207895.48
 10
16251.71
 20
210669.36
  0
TEXT
  5
25C
330
2
100
AcDbEntity
  8
T50000
100
AcDbText
 10
23473.57982099573
 20
225210.805350926
 30
0.0
 40
4000.0
  1
회천
 50
358.86
  7
GHS
 72
     4
 11
28012.48
 21
227120.88
 31
0.0
100
AcDbText
  0
LWPOLYLINE
  5
25D
330
2
100
AcDbEntity
  8
G50
  6
Continuous
100
AcDbPolyline
 90
       40
 70
     1
 43
0.0
 10
16856.97
 20
241182.71
 10
19146.57
 20
241137.43
 10
21436.18
 20
241092.71
 10
23725.76
 20
241048.56
 10
26015.34
 20
241004.99
 10
28304.9
 20
240961.98
 10
30594.45
 20
240919.54
 10
32883.98
 20
240877.6700000001
 10
35173.51000000001
 20
240836.37
 10
37463.03
 20
240795.65
 10
39752.54
 20
240755.49
 10
39704.25
 20
237981.63
 10
39655.99
 20
235207.79
 10
39607.76
 20
232433.96
 10
39559.56
 20
229660.14
 10
39511.39
 20
226886.33
 10
39463.25
 20
224112.54
 10
39415.14
 20
221338.74
 10
39367.06
 20
218564.97
 10
39319.02
 20
215791.19
 10
39271.0
 20
213017.43
 10
36974.61
 20
213057.46
 10
34678.21
 20
213098.05
 10
32381.8
 20
213139.2100000001
 10
30085.36
 20
213180.94
 10
27788.93
 20
213223.23
 10
25492.48
 20
213266.1
 10
23196.02
 20
213309.53
 10
20899.54
 20
213353.53
 10
18603.06
 20
213398.11
 10
16306.56
 20
213443.25
 10
16361.44
 20
216217.15
 10
16416.36
 20
218991.06
 10
16471.31
 20
221764.98
 10
16526.3
 20
224538.92
 10
16581.33
 20
227312.85
 10
16636.38
 20
230086.81
 10
16691.48
 20
232860.77
 10
16746.61
 20
235634.74
 10
16801.77
 20
238408.73
  0
TEXT
  5
25E
330
2
100
AcDbEntity
  8
T50000
100
AcDbText
 10
949.3993044630803
 20
253439.2492111031
 30
0.0
 40
4000.0
  1
청풍
 50
358.86
  7
GHS
 72
     4
 11
5738.25
 21
255344.35
 31
0.0
100
AcDbText
  0
TEXT
  5
25F
330
2
100
AcDbEntity
  8
N50000
 62
     7
100
AcDbText
 10
2136.38
 20
249961.28
 30
0.0
 40
1528.44
  1
34604
 50
358.86
  7
GHS
100
AcDbText
  0
TEXT
  5
260
330
2
100
AcDbEntity
  8
N50000
 62
     7
100
AcDbText
 10
1515.59
 20
222220.13
 30
0.0
 40
1528.44
  1
34608
 50
358.86
  7
GHS
100
AcDbText
  0
TEXT
  5
261
330
2
100
AcDbEntity
  8
N50000
 62
     7
100
AcDbText
 10
898.74
 20
194479.95
 30
0.0
 40
1528.44
  1
34612
 50
358.87
  7
GHS
100
AcDbText
  0
TEXT
  5
262
330
2
100
AcDbEntity
  8
T50000
100
AcDbText
 10
-39.28673895870726
 20
197953.0931924967
 30
0.0
 40
4000.0
  1
신지
 50
358.87
  7
GHS
 72
     4
 11
4499.279999999999
 21
199863.96
 31
0.0
100
AcDbText
  0
TEXT
  5
263
330
2
100
AcDbEntity
  8
T50000
100
AcDbText
 10
327.1203277668995
 20
225656.910791681
 30
0.0
 40
4000.0
  1
장흥
 50
358.86
  7
GHS
 72
     4
 11
5116.800000000001
 21
227603.67
 31
0.0
100
AcDbText
  0
LWPOLYLINE
  5
264
330
2
100
AcDbEntity
  8
G50
  6
Continuous
100
AcDbPolyline
 90
       40
 70
     1
 43
0.0
 10
-6039.83
 20
241666.99
 10
-3750.09
 20
241615.99
 10
-1460.37
 20
241565.57
 10
829.3499999999999
 20
241515.71
 10
3119.04
 20
241466.43
 10
5408.73
 20
241417.72
 10
7698.399999999999
 20
241369.58
 10
9988.06
 20
241322.0
 10
12277.71
 20
241275.01
 10
14567.35
 20
241228.58
 10
16856.97
 20
241182.71
 10
16801.77
 20
238408.73
 10
16746.61
 20
235634.74
 10
16691.48
 20
232860.77
 10
16636.38
 20
230086.81
 10
16581.33
 20
227312.85
 10
16526.3
 20
224538.92
 10
16471.31
 20
221764.98
 10
16416.36
 20
218991.06
 10
16361.44
 20
216217.15
 10
16306.56
 20
213443.25
 10
14010.05
 20
213488.95
 10
11713.52
 20
213535.23
 10
9416.98
 20
213582.07
 10
7120.43
 20
213629.49
 10
4823.87
 20
213677.47
 10
2527.3
 20
213726.02
 10
230.7
 20
213775.14
 10
-2065.9
 20
213824.83
 10
-4362.52
 20
213875.09
 10
-6659.15
 20
213925.91
 10
-6597.4
 20
216699.97
 10
-6535.600000000001
 20
219474.05
 10
-6473.77
 20
222248.13
 10
-6411.9
 20
225022.23
 10
-6349.99
 20
227796.3300000001
 10
-6288.03
 20
230570.44
 10
-6226.05
 20
233344.56
 10
-6164.010000000001
 20
236118.69
 10
-6101.95
 20
238892.83
  0
LWPOLYLINE
  5
265
330
2
100
AcDbEntity
  8
G50
  6
Continuous
100
AcDbPolyline
 90
       40
 70
     1
 43
0.0
 10
-6659.15
 20
213925.91
 10
-4362.52
 20
213875.09
 10
-2065.9
 20
213824.83
 10
230.7
 20
213775.14
 10
2527.3
 20
213726.02
 10
4823.87
 20
213677.47
 10
7120.43
 20
213629.49
 10
9416.98
 20
213582.07
 10
11713.52
 20
213535.23
 10
14010.05
 20
213488.95
 10
16306.56
 20
213443.25
 10
16251.71
 20
210669.36
 10
16196.9
 20
207895.48
 10
16142.12
 20
205121.6
 10
16087.37
 20
202347.75
 10
16032.66
 20
199573.89
 10
15977.99
 20
196800.05
 10
15923.35
 20
194026.21
 10
15868.75
 20
191252.39
 10
15814.18
 20
188478.58
 10
15759.65
 20
185704.77
 10
13456.29
 20
185750.33
 10
11152.93
 20
185796.46
 10
8849.540000000001
 20
185843.14
 10
6546.14
 20
185890.39
 10
4242.74
 20
185938.21
 10
1939.31
 20
185986.59
 10
-364.13
 20
186035.55
 10
-2667.58
 20
186085.07
 10
-4971.04
 20
186135.16
 10
-7274.520000000001
 20
186185.81
 10
-7213.160000000001
 20
188959.78
 10
-7151.76
 20
191733.75
 10
-7090.32
 20
194507.74
 10
-7028.85
 20
197281.73
 10
-6967.33
 20
200055.74
 10
-6905.770000000001
 20
202829.76
 10
-6844.17
 20
205603.78
 10
-6782.54
 20
208377.81
 10
-6720.86
 20
211151.86
  0
LWPOLYLINE
  5
266
330
2
100
AcDbEntity
  8
G50
  6
Continuous
100
AcDbPolyline
 90
       40
 70
     1
 43
0.0
 10
-5416.59
 20
269409.0200000001
 10
-3133.79
 20
269357.85
 10
-851.0
 20
269307.27
 10
1431.78
 20
269257.26
 10
3714.550000000001
 20
269207.81
 10
5997.3
 20
269158.94
 10
8280.040000000001
 20
269110.65
 10
10562.77
 20
269062.92
 10
12845.48
 20
269015.77
 10
15128.19
 20
268969.19
 10
17410.87
 20
268923.18
 10
17355.32
 20
266149.09
 10
17299.81
 20
263375.01
 10
17244.33
 20
260600.94
 10
17188.89
 20
257826.88
 10
17133.48
 20
255052.82
 10
17078.11
 20
252278.78
 10
17022.77
 20
249504.75
 10
16967.47
 20
246730.72
 10
16912.2
 20
243956.72
 10
16856.97
 20
241182.71
 10
14567.35
 20
241228.58
 10
12277.71
 20
241275.01
 10
9988.06
 20
241322.0
 10
7698.399999999999
 20
241369.58
 10
5408.73
 20
241417.72
 10
3119.04
 20
241466.43
 10
829.3499999999999
 20
241515.71
 10
-1460.37
 20
241565.57
 10
-3750.09
 20
241615.99
 10
-6039.83
 20
241666.99
 10
-5977.68
 20
244441.14
 10
-5915.5
 20
247215.31
 10
-5853.270000000001
 20
249989.5
 10
-5791.009999999999
 20
252763.68
 10
-5728.699999999999
 20
255537.88
 10
-5666.36
 20
258312.09
 10
-5603.97
 20
261086.3
 10
-5541.55
 20
263860.5400000001
 10
-5479.1
 20
266634.7700000001
  0
LWPOLYLINE
  5
267
330
2
100
AcDbEntity
  8
G50
  6
Continuous
100
AcDbPolyline
 90
       40
 70
     1
 43
0.0
 10
17968.26
 20
296664.6600000001
 10
20243.96
 20
296619.08
 10
22519.65
 20
296574.07
 10
24795.32
 20
296529.6500000001
 10
27071.0
 20
296485.7900000001
 10
29346.65
 20
296442.5
 10
31622.3
 20
296399.7900000001
 10
33897.94
 20
296357.6600000001
 10
36173.56
 20
296316.1
 10
38449.17
 20
296275.11
 10
40724.78
 20
296234.7
 10
40675.87999999999
 20
293460.64
 10
40627.01
 20
290686.59
 10
40578.16
 20
287912.56
 10
40529.34999999999
 20
285138.53
 10
40480.58
 20
282364.51
 10
40431.82999999999
 20
279590.5
 10
40383.1
 20
276816.5
 10
40334.41999999999
 20
274042.5200000001
 10
40285.76
 20
271268.5400000001
 10
40237.14
 20
268494.57
 10
37954.56
 20
268534.86
 10
35671.97
 20
268575.72
 10
33389.37
 20
268617.15
 10
31106.76
 20
268659.15
 10
28824.14
 20
268701.73
 10
26541.51
 20
268744.87
 10
24258.87
 20
268788.59
 10
21976.22
 20
268832.88
 10
19693.54
 20
268877.75
 10
17410.87
 20
268923.18
 10
17466.45
 20
271697.2800000001
 10
17522.07
 20
274471.3900000001
 10
17577.72
 20
277245.52
 10
17633.41
 20
280019.65
 10
17689.13
 20
282793.8
 10
17744.88
 20
285567.94
 10
17800.68
 20
288342.11
 10
17856.5
 20
291116.2800000001
 10
17912.36
 20
293890.47
  0
LWPOLYLINE
  5
268
330
2
100
AcDbEntity
  8
G50
  6
Continuous
 62
     1
100
AcDbPolyline
 90
       40
 70
     1
 43
0.0
 10
-4789.43
 20
297152.02
 10
-2513.61
 20
297100.7
 10
-237.79
 20
297049.9500000001
 10
2038.0
 20
296999.7900000001
 10
4313.8
 20
296950.18
 10
6589.570000000001
 20
296901.16
 10
8865.33
 20
296852.71
 10
11141.08
 20
296804.84
 10
13416.82
 20
296757.53
 10
15692.54
 20
296710.82
 10
17968.26
 20
296664.6600000001
 10
17912.36
 20
293890.47
 10
17856.5
 20
291116.2800000001
 10
17800.68
 20
288342.11
 10
17744.88
 20
285567.94
 10
17689.13
 20
282793.8
 10
17633.41
 20
280019.65
 10
17577.72
 20
277245.52
 10
17522.07
 20
274471.3900000001
 10
17466.45
 20
271697.2800000001
 10
17410.87
 20
268923.18
 10
15128.19
 20
268969.19
 10
12845.48
 20
269015.77
 10
10562.77
 20
269062.92
 10
8280.040000000001
 20
269110.65
 10
5997.3
 20
269158.94
 10
3714.550000000001
 20
269207.81
 10
1431.78
 20
269257.26
 10
-851.0
 20
269307.27
 10
-3133.79
 20
269357.85
 10
-5416.59
 20
269409.0200000001
 10
-5354.05
 20
272183.27
 10
-5291.479999999999
 20
274957.5400000001
 10
-5228.850000000001
 20
277731.81
 10
-5166.199999999999
 20
280506.11
 10
-5103.5
 20
283280.4000000001
 10
-5040.76
 20
286054.71
 10
-4977.99
 20
288829.0200000001
 10
-4915.18
 20
291603.34
 10
-4852.319999999999
 20
294377.68
  0
LWPOLYLINE
  5
269
330
2
100
AcDbEntity
  8
G50
  6
Continuous
100
AcDbPolyline
 90
       40
 70
     1
 43
0.0
 10
-48760.91999999999
 20
353794.9200000001
 10
-46498.91
 20
353731.73
 10
-44236.91999999999
 20
353669.11
 10
-41974.93
 20
353607.08
 10
-39712.97
 20
353545.62
 10
-37451.02
 20
353484.74
 10
-35189.08
 20
353424.4500000001
 10
-32927.16
 20
353364.72
 10
-30665.25
 20
353305.58
 10
-28403.35
 20
353247.0200000001
 10
-26141.48
 20
353189.0300000001
 10
-26212.23
 20
350414.33
 10
-26282.94
 20
347639.64
 10
-26353.62
 20
344864.9599999999
 10
-26424.25
 20
342090.2900000001
 10
-26494.83
 20
339315.6300000001
 10
-26565.38
 20
336540.97
 10
-26635.88
 20
333766.33
 10
-26706.33
 20
330991.6900000001
 10
-26776.74
 20
328217.06
 10
-26847.11
 20
325442.4500000001
 10
-29116.06
 20
325500.27
 10
-31385.03
 20
325558.66
 10
-33654.01
 20
325617.63
 10
-35923.0
 20
325677.18
 10
-38192.01000000001
 20
325737.2900000001
 10
-40461.03
 20
325798.0
 10
-42730.06999999999
 20
325859.2700000001
 10
-44999.12
 20
325921.11
 10
-47268.2
 20
325983.5400000001
 10
-49537.27999999999
 20
326046.55
 10
-49459.86
 20
328821.35
 10
-49382.38
 20
331596.1600000001
 10
-49304.87
 20
334370.97
 10
-49227.3
 20
337145.7900000001
 10
-49149.69
 20
339920.62
 10
-49072.02999999999
 20
342695.47
 10
-48994.32
 20
345470.3100000001
 10
-48916.57
 20
348245.1700000001
 10
-48838.77
 20
351020.0400000001
  0
TEXT
  5
26A
330
2
100
AcDbEntity
  8
N50000
100
AcDbText
 10
-41213.87
 20
334340.58
 30
0.0
 40
1528.44
  1
35606
 50
358.84
  7
GHS
100
AcDbText
  0
TEXT
  5
26B
330
2
100
AcDbEntity
  8
T50000
100
AcDbText
 10
-42315.79158816551
 20
337819.0253307385
 30
0.0
 40
4000.0
  1
위도
 50
358.83
  7
GHS
 72
     4
 11
-37609.26
 21
339723.32
 31
0.0
100
AcDbText
  0
TEXT
  5
26C
330
2
100
AcDbEntity
  8
N50000
100
AcDbText
 10
-40435.2
 20
362088.99
 30
0.0
 40
1528.44
  1
35602
 50
358.83
  7
GHS
100
AcDbText
  0
TEXT
  5
26D
330
2
100
AcDbEntity
  8
T50000
100
AcDbText
 10
-41369.84966952351
 20
365563.5721752227
 30
0.0
 40
4000.0
  1
신시
 50
358.83
  7
GHS
 72
     4
 11
-36829.95
 21
367471.2700000001
 31
0.0
100
AcDbText
  0
TEXT
  5
26E
330
2
100
AcDbEntity
  8
N50000
 62
     7
100
AcDbText
 10
-42756.92
 20
278846.43
 30
0.0
 40
1528.44
  1
35614
 50
358.85
  7
GHS
100
AcDbText
  0
TEXT
  5
26F
330
2
100
AcDbEntity
  8
T50000
100
AcDbText
 10
-43859.49657720257
 20
282324.1825573369
 30
0.0
 40
4000.0
  1
와도
 50
358.85
  7
GHS
 72
     4
 11
-39153.63
 21
284230.12
 31
0.0
100
AcDbText
  0
TEXT
  5
270
330
2
100
AcDbEntity
  8
N50000
100
AcDbText
 10
-41987.77999999999
 20
306593.06
 30
0.0
 40
1528.44
  1
35610
 50
358.84
  7
GHS
100
AcDbText
  0
TEXT
  5
271
330
2
100
AcDbEntity
  8
T50000
100
AcDbText
 10
-43006.7128993302
 20
310069.4668786672
 30
0.0
 40
4000.0
  1
법성
 50
358.84
  7
GHS
 72
     4
 11
-38383.83
 21
311976.2700000001
 31
0.0
100
AcDbText
  0
LWPOLYLINE
  5
272
330
2
100
AcDbEntity
  8
G50
  6
Continuous
100
AcDbPolyline
 90
       40
 70
     1
 43
0.0
 10
-49537.27999999999
 20
326046.55
 10
-47268.2
 20
325983.5400000001
 10
-44999.12
 20
325921.11
 10
-42730.06999999999
 20
325859.2700000001
 10
-40461.03
 20
325798.0
 10
-38192.01000000001
 20
325737.2900000001
 10
-35923.0
 20
325677.18
 10
-33654.01
 20
325617.63
 10
-31385.03
 20
325558.66
 10
-29116.06
 20
325500.27
 10
-26847.11
 20
325442.4500000001
 10
-26917.44
 20
322667.85
 10
-26987.72
 20
319893.25
 10
-27057.96
 20
317118.6700000001
 10
-27128.15
 20
314344.09
 10
-27198.31
 20
311569.5200000001
 10
-27268.42
 20
308794.9500000001
 10
-27338.49
 20
306020.41
 10
-27408.51
 20
303245.87
 10
-27478.49
 20
300471.33
 10
-27548.43
 20
297696.81
 10
-29824.4
 20
297754.45
 10
-32100.4
 20
297812.6700000001
 10
-34376.4
 20
297871.45
 10
-36652.43
 20
297930.82
 10
-38928.46
 20
297990.7600000001
 10
-41204.52
 20
298051.27
 10
-43480.57999999999
 20
298112.35
 10
-45756.67
 20
298174.0200000001
 10
-48032.76999999999
 20
298236.25
 10
-50308.88
 20
298299.07
 10
-50231.93
 20
301073.7800000001
 10
-50154.94
 20
303848.5
 10
-50077.89999999999
 20
306623.22
 10
-50000.80999999999
 20
309397.95
 10
-49923.67999999999
 20
312172.7
 10
-49846.49
 20
314947.45
 10
-49769.26
 20
317722.22
 10
-49691.98
 20
320496.98
 10
-49614.65
 20
323271.76
  0
TEXT
  5
273
330
2
100
AcDbEntity
  8
N50000
100
AcDbText
 10
-63834.14
 20
335002.31
 30
0.0
 40
1528.44
  1
35605
 50
358.84
  7
GHS
100
AcDbText
  0
TEXT
  5
274
330
2
100
AcDbEntity
  8
T50000
100
AcDbText
 10
-64685.73371020252
 20
338476.1905974648
 30
0.0
 40
4000.0
  1
모괴
 50
358.83
  7
GHS
 72
     4
 11
-60229.15
 21
340385.59
 31
0.0
100
AcDbText
  0
TEXT
  5
275
330
2
100
AcDbEntity
  8
N50000
100
AcDbText
 10
-64678.82
 20
307252.8200000001
 30
0.0
 40
1528.44
  1
35609
 50
358.84
  7
GHS
100
AcDbText
  0
TEXT
  5
276
330
2
100
AcDbEntity
  8
T50000
100
AcDbText
 10
-65947.31166443029
 20
310734.827987729
 30
0.0
 40
4000.0
  1
안마
 50
358.84
  7
GHS
 72
     4
 11
-61074.48
 21
312636.57
 31
0.0
100
AcDbText
  0
TEXT
  5
277
330
2
100
AcDbEntity
  8
N50000
 62
     7
100
AcDbText
 10
-65518.3
 20
279504.17
 30
0.0
 40
1528.44
  1
35613
 50
358.85
  7
GHS
100
AcDbText
  0
TEXT
  5
278
330
2
100
AcDbEntity
  8
T50000
100
AcDbText
 10
-66787.11967361813
 20
282985.8075471341
 30
0.0
 40
4000.0
  1
임자
 50
358.85
  7
GHS
 72
     4
 11
-61914.62
 21
284888.4
 31
0.0
100
AcDbText
  0
TEXT
  5
279
330
2
100
AcDbEntity
  8
N50000
100
AcDbText
 10
-87371.55000000001
 20
307970.2800000001
 30
0.0
 40
1528.44
  1
35512
 50
358.84
  7
GHS
100
AcDbText
  0
LWPOLYLINE
  5
27A
330
2
100
AcDbEntity
  8
G50
  6
Continuous
100
AcDbPolyline
 90
       40
 70
     1
 43
0.0
 10
-71381.88
 20
354458.6500000001
 10
-69119.71000000001
 20
354389.6700000001
 10
-66857.56
 20
354321.2800000001
 10
-64595.41999999999
 20
354253.46
 10
-62333.3
 20
354186.2099999999
 10
-60071.19999999999
 20
354119.56
 10
-57809.12
 20
354053.47
 10
-55547.04
 20
353987.97
 10
-53284.98999999999
 20
353923.04
 10
-51022.94
 20
353858.69
 10
-48760.91999999999
 20
353794.9200000001
 10
-48838.77
 20
351020.0400000001
 10
-48916.57
 20
348245.1700000001
 10
-48994.32
 20
345470.3100000001
 10
-49072.02999999999
 20
342695.47
 10
-49149.69
 20
339920.62
 10
-49227.3
 20
337145.7900000001
 10
-49304.87
 20
334370.97
 10
-49382.38
 20
331596.1600000001
 10
-49459.86
 20
328821.35
 10
-49537.27999999999
 20
326046.55
 10
-51806.38
 20
326110.13
 10
-54075.5
 20
326174.2900000001
 10
-56344.63
 20
326239.0300000001
 10
-58613.77
 20
326304.33
 10
-60882.94
 20
326370.22
 10
-63152.12
 20
326436.6900000001
 10
-65421.31
 20
326503.73
 10
-67690.53
 20
326571.35
 10
-69959.75999999999
 20
326639.54
 10
-72229.0
 20
326708.32
 10
-72144.53
 20
329483.32
 10
-72060.0
 20
332258.32
 10
-71975.41000000001
 20
335033.33
 10
-71890.78
 20
337808.35
 10
-71806.08999999999
 20
340583.38
 10
-71721.35
 20
343358.4200000001
 10
-71636.56
 20
346133.46
 10
-71551.72
 20
348908.52
 10
-71466.82000000001
 20
351683.59
  0
LWPOLYLINE
  5
27B
330
2
100
AcDbEntity
  8
G50
  6
Continuous
100
AcDbPolyline
 90
       40
 70
     1
 43
0.0
 10
-72229.0
 20
326708.32
 10
-69959.75999999999
 20
326639.54
 10
-67690.53
 20
326571.35
 10
-65421.31
 20
326503.73
 10
-63152.12
 20
326436.6900000001
 10
-60882.94
 20
326370.22
 10
-58613.77
 20
326304.33
 10
-56344.63
 20
326239.0300000001
 10
-54075.5
 20
326174.2900000001
 10
-51806.38
 20
326110.13
 10
-49537.27999999999
 20
326046.55
 10
-49614.65
 20
323271.76
 10
-49691.98
 20
320496.98
 10
-49769.26
 20
317722.22
 10
-49846.49
 20
314947.45
 10
-49923.67999999999
 20
312172.7
 10
-50000.80999999999
 20
309397.95
 10
-50077.89999999999
 20
306623.22
 10
-50154.94
 20
303848.5
 10
-50231.93
 20
301073.7800000001
 10
-50308.88
 20
298299.07
 10
-52585.01
 20
298362.45
 10
-54861.16
 20
298426.4100000001
 10
-57137.32
 20
298490.96
 10
-59413.49999999999
 20
298556.06
 10
-61689.69999999999
 20
298621.75
 10
-63965.91
 20
298688.01
 10
-66242.14
 20
298754.85
 10
-68518.39
 20
298822.2700000001
 10
-70794.64999999999
 20
298890.25
 10
-73070.93
 20
298958.82
 10
-72986.97
 20
301733.73
 10
-72902.96
 20
304508.65
 10
-72818.89999999999
 20
307283.58
 10
-72734.77999999999
 20
310058.5200000001
 10
-72650.61999999999
 20
312833.46
 10
-72566.39999999999
 20
315608.42
 10
-72482.13
 20
318383.38
 10
-72397.8
 20
321158.35
 10
-72313.42999999999
 20
323933.33
  0
TEXT
  5
27C
330
2
100
AcDbEntity
  8
N50000
 62
     7
100
AcDbText
 10
-43521.3
 20
251100.69
 30
0.0
 40
1528.44
  1
34602
 50
358.86
  7
GHS
100
AcDbText
  0
LWPOLYLINE
  5
27D
330
2
100
AcDbEntity
  8
G50
  6
Continuous
100
AcDbPolyline
 90
       40
 70
     1
 43
0.0
 10
-51075.69999999999
 20
270552.47
 10
-48792.6
 20
270489.86
 10
-46509.52
 20
270427.81
 10
-44226.45
 20
270366.34
 10
-41943.4
 20
270305.44
 10
-39660.36
 20
270245.13
 10
-37377.34
 20
270185.37
 10
-35094.33
 20
270126.2
 10
-32811.34
 20
270067.59
 10
-30528.36
 20
270009.56
 10
-28245.4
 20
269952.1
 10
-28314.86
 20
267177.68
 10
-28384.27
 20
264403.27
 10
-28453.64
 20
261628.87
 10
-28522.97
 20
258854.4800000001
 10
-28592.25
 20
256080.1
 10
-28661.5
 20
253305.72
 10
-28730.69
 20
250531.36
 10
-28799.85
 20
247757.0
 10
-28868.96
 20
244982.65
 10
-28938.02
 20
242208.32
 10
-31227.93
 20
242265.59
 10
-33517.84
 20
242323.44
 10
-35807.77
 20
242381.85
 10
-38097.71
 20
242440.84
 10
-40387.68
 20
242500.4
 10
-42677.66
 20
242560.53
 10
-44967.66
 20
242621.23
 10
-47257.67
 20
242682.49
 10
-49547.69999999999
 20
242744.34
 10
-51837.73999999999
 20
242806.76
 10
-51761.75
 20
245581.29
 10
-51685.72
 20
248355.83
 10
-51609.63999999999
 20
251130.38
 10
-51533.51
 20
253904.93
 10
-51457.33
 20
256679.5
 10
-51381.1
 20
259454.07
 10
-51304.82
 20
262228.6600000001
 10
-51228.5
 20
265003.26
 10
-51152.12999999999
 20
267777.86
  0
TEXT
  5
27E
330
2
100
AcDbEntity
  8
T50000
100
AcDbText
 10
-44539.21906445613
 20
254659.7501431627
 30
0.0
 40
4000.0
  1
목포
 50
358.86
  7
GHS
 72
     4
 11
-39918.66
 21
256484.85
 31
0.0
100
AcDbText
  0
TEXT
  5
27F
330
2
100
AcDbEntity
  8
N50000
 62
     7
100
AcDbText
 10
-44280.87
 20
223355.83
 30
0.0
 40
1528.44
  1
34606
 50
358.86
  7
GHS
100
AcDbText
  0
TEXT
  5
280
330
2
100
AcDbEntity
  8
N50000
 62
     7
100
AcDbText
 10
-45035.63999999999
 20
195611.86
 30
0.0
 40
1528.44
  1
34610
 50
358.87
  7
GHS
100
AcDbText
  0
TEXT
  5
281
330
2
100
AcDbEntity
  8
T50000
100
AcDbText
 10
-46223.65982570454
 20
199049.3748645321
 30
0.0
 40
4000.0
  1
진도
 50
358.87
  7
GHS
 72
     4
 11
-41434.31999999999
 21
200996.97
 31
0.0
100
AcDbText
  0
LWPOLYLINE
  5
282
330
2
100
AcDbEntity
  8
G50
  6
Continuous
100
AcDbPolyline
 90
       40
 70
     1
 43
0.0
 10
-52594.98999999999
 20
215061.92
 10
-50298.04
 20
214999.71
 10
-48001.11
 20
214938.07
 10
-45704.2
 20
214877.0
 10
-43407.3
 20
214816.5
 10
-41110.42
 20
214756.57
 10
-38813.56
 20
214697.2100000001
 10
-36516.72
 20
214638.42
 10
-34219.89
 20
214580.19
 10
-31923.07
 20
214522.54
 10
-29626.28
 20
214465.46
 10
-29694.87
 20
211691.22
 10
-29763.4
 20
208916.99
 10
-29831.9
 20
206142.78
 10
-29900.35
 20
203368.57
 10
-29968.76
 20
200594.38
 10
-30037.13
 20
197820.19
 10
-30105.46
 20
195046.0
 10
-30173.73
 20
192271.83
 10
-30241.96
 20
189497.68
 10
-30310.16
 20
186723.52
 10
-32613.8
 20
186780.41
 10
-34917.47
 20
186837.87
 10
-37221.15
 20
186895.89
 10
-39524.85
 20
186954.49
 10
-41828.57
 20
187013.64
 10
-44132.30999999999
 20
187073.37
 10
-46436.05
 20
187133.67
 10
-48739.81999999999
 20
187194.53
 10
-51043.59999999999
 20
187255.96
 10
-53347.41
 20
187317.95
 10
-53272.38
 20
190092.31
 10
-53197.30999999999
 20
192866.68
 10
-53122.18
 20
195641.05
 10
-53047.01
 20
198415.44
 10
-52971.8
 20
201189.83
 10
-52896.53
 20
203964.23
 10
-52821.22
 20
206738.63
 10
-52745.86
 20
209513.05
 10
-52670.44
 20
212287.48
  0
LWPOLYLINE
  5
283
330
2
100
AcDbEntity
  8
G50
  6
Continuous
100
AcDbPolyline
 90
       40
 70
     1
 43
0.0
 10
-51837.73999999999
 20
242806.76
 10
-49547.69999999999
 20
242744.34
 10
-47257.67
 20
242682.49
 10
-44967.66
 20
242621.23
 10
-42677.66
 20
242560.53
 10
-40387.68
 20
242500.4
 10
-38097.71
 20
242440.84
 10
-35807.77
 20
242381.85
 10
-33517.84
 20
242323.44
 10
-31227.93
 20
242265.59
 10
-28938.02
 20
242208.32
 10
-29007.04
 20
239434.0
 10
-29076.02
 20
236659.68
 10
-29144.96
 20
233885.37
 10
-29213.85
 20
231111.07
 10
-29282.7
 20
228336.77
 10
-29351.5
 20
225562.5
 10
-29420.26
 20
222788.22
 10
-29488.98
 20
220013.96
 10
-29557.65
 20
217239.7
 10
-29626.28
 20
214465.46
 10
-31923.07
 20
214522.54
 10
-34219.89
 20
214580.19
 10
-36516.72
 20
214638.42
 10
-38813.56
 20
214697.2100000001
 10
-41110.42
 20
214756.57
 10
-43407.3
 20
214816.5
 10
-45704.2
 20
214877.0
 10
-48001.11
 20
214938.07
 10
-50298.04
 20
214999.71
 10
-52594.98999999999
 20
215061.92
 10
-52519.48
 20
217836.36
 10
-52443.92
 20
220610.81
 10
-52368.32
 20
223385.27
 10
-52292.67
 20
226159.74
 10
-52216.96
 20
228934.23
 10
-52141.22
 20
231708.71
 10
-52065.41999999999
 20
234483.21
 10
-51989.58
 20
237257.71
 10
-51913.68
 20
240032.23
  0
TEXT
  5
284
330
2
100
AcDbEntity
  8
T50000
100
AcDbText
 10
-45217.79017900427
 20
226830.395350926
 30
0.0
 40
4000.0
  1
화원
 50
358.86
  7
GHS
 72
     4
 11
-40678.89
 21
228740.47
 31
0.0
100
AcDbText
  0
TEXT
  5
285
330
2
100
AcDbEntity
  8
T50000
100
AcDbText
 10
-67538.37069553693
 20
255235.9392111031
 30
0.0
 40
4000.0
  1
자은
 50
358.86
  7
GHS
 72
     4
 11
-62749.51999999999
 21
257141.04
 31
0.0
100
AcDbText
  0
TEXT
  5
286
330
2
100
AcDbEntity
  8
N50000
 62
     7
100
AcDbText
 10
-66352.55
 20
251756.34
 30
0.0
 40
1528.44
  1
34601
 50
358.86
  7
GHS
100
AcDbText
  0
TEXT
  5
287
330
2
100
AcDbEntity
  8
N50000
 62
     7
100
AcDbText
 10
-67181.58
 20
224009.36
 30
0.0
 40
1528.44
  1
34605
 50
358.86
  7
GHS
100
AcDbText
  0
TEXT
  5
288
330
2
100
AcDbEntity
  8
N50000
 62
     7
100
AcDbText
 10
-68005.37
 20
196263.2
 30
0.0
 40
1528.44
  1
34609
 50
358.87
  7
GHS
100
AcDbText
  0
TEXT
  5
289
330
2
100
AcDbEntity
  8
T50000
100
AcDbText
 10
-69028.00898365476
 20
199614.6609139183
 30
0.0
 40
4000.0
  1
조도
 50
358.87
  7
GHS
 72
     4
 11
-64403.66
 21
201648.86
 31
0.0
100
AcDbText
  0
TEXT
  5
28A
330
2
100
AcDbEntity
  8
T50000
100
AcDbText
 10
-68201.42701784849
 20
227486.1133043184
 30
0.0
 40
4000.0
  1
하의
 50
358.86
  7
GHS
 72
     4
 11
-63579.21
 21
229394.53
 31
0.0
100
AcDbText
  0
LWPOLYLINE
  5
28B
330
2
100
AcDbEntity
  8
G50
  6
Continuous
100
AcDbPolyline
 90
       40
 70
     1
 43
0.0
 10
-74739.16
 20
243462.32
 10
-72448.94
 20
243394.1900000001
 10
-70158.74000000001
 20
243326.64
 10
-67868.55
 20
243259.65
 10
-65578.38000000001
 20
243193.24
 10
-63288.23
 20
243127.3900000001
 10
-60998.11
 20
243062.13
 10
-58707.98
 20
242997.42
 10
-56417.89
 20
242933.3
 10
-54127.80999999999
 20
242869.74
 10
-51837.73999999999
 20
242806.76
 10
-51913.68
 20
240032.23
 10
-51989.58
 20
237257.71
 10
-52065.41999999999
 20
234483.21
 10
-52141.22
 20
231708.71
 10
-52216.96
 20
228934.23
 10
-52292.67
 20
226159.74
 10
-52368.32
 20
223385.27
 10
-52443.92
 20
220610.81
 10
-52519.48
 20
217836.36
 10
-52594.98999999999
 20
215061.92
 10
-54891.94999999999
 20
215124.7
 10
-57188.93
 20
215188.04
 10
-59485.93
 20
215251.95
 10
-61782.94
 20
215316.45
 10
-64079.97
 20
215381.49
 10
-66377.03
 20
215447.12
 10
-68674.10000000001
 20
215513.32
 10
-70971.19
 20
215580.08
 10
-73268.29
 20
215647.42
 10
-75565.42999999999
 20
215715.32
 10
-75483.03999999999
 20
218489.98
 10
-75400.59
 20
221264.65
 10
-75318.10000000001
 20
224039.33
 10
-75235.55
 20
226814.02
 10
-75152.95
 20
229588.72
 10
-75070.28999999999
 20
232363.43
 10
-74987.58999999999
 20
235138.1400000001
 10
-74904.84
 20
237912.86
 10
-74822.03
 20
240687.58
  0
LWPOLYLINE
  5
28C
330
2
100
AcDbEntity
  8
G50
  6
Continuous
100
AcDbPolyline
 90
       40
 70
     1
 43
0.0
 10
-75565.42999999999
 20
215715.32
 10
-73268.29
 20
215647.42
 10
-70971.19
 20
215580.08
 10
-68674.10000000001
 20
215513.32
 10
-66377.03
 20
215447.12
 10
-64079.97
 20
215381.49
 10
-61782.94
 20
215316.45
 10
-59485.93
 20
215251.95
 10
-57188.93
 20
215188.04
 10
-54891.94999999999
 20
215124.7
 10
-52594.98999999999
 20
215061.92
 10
-52670.44
 20
212287.48
 10
-52745.86
 20
209513.05
 10
-52821.22
 20
206738.63
 10
-52896.53
 20
203964.23
 10
-52971.8
 20
201189.83
 10
-53047.01
 20
198415.44
 10
-53122.18
 20
195641.05
 10
-53197.30999999999
 20
192866.68
 10
-53272.38
 20
190092.31
 10
-53347.41
 20
187317.95
 10
-55651.22
 20
187380.51
 10
-57955.05999999999
 20
187443.65
 10
-60258.91999999999
 20
187507.35
 10
-62562.79
 20
187571.62
 10
-64866.69
 20
187636.45
 10
-67170.6
 20
187701.86
 10
-69474.53
 20
187767.82
 10
-71778.48
 20
187834.36
 10
-74082.44
 20
187901.46
 10
-76386.43
 20
187969.15
 10
-76304.57
 20
190743.72
 10
-76222.66
 20
193518.32
 10
-76140.69
 20
196292.91
 10
-76058.66
 20
199067.51
 10
-75976.59
 20
201842.13
 10
-75894.46
 20
204616.75
 10
-75812.28
 20
207391.38
 10
-75730.05000000001
 20
210166.02
 10
-75647.76
 20
212940.66
  0
LWPOLYLINE
  5
28D
330
2
100
AcDbEntity
  8
G50
  6
Continuous
100
AcDbPolyline
 90
       40
 70
     1
 43
0.0
 10
-73907.66000000001
 20
271210.1500000001
 10
-71624.39
 20
271141.81
 10
-69341.13
 20
271074.0300000001
 10
-67057.89
 20
271006.83
 10
-64774.66999999999
 20
270940.2000000001
 10
-62491.47
 20
270874.14
 10
-60208.28999999999
 20
270808.6700000001
 10
-57925.12
 20
270743.76
 10
-55641.95999999999
 20
270679.4200000001
 10
-53358.83
 20
270615.6600000001
 10
-51075.69999999999
 20
270552.47
 10
-51152.12999999999
 20
267777.86
 10
-51228.5
 20
265003.26
 10
-51304.82
 20
262228.6600000001
 10
-51381.1
 20
259454.07
 10
-51457.33
 20
256679.5
 10
-51533.51
 20
253904.93
 10
-51609.63999999999
 20
251130.38
 10
-51685.72
 20
248355.83
 10
-51761.75
 20
245581.29
 10
-51837.73999999999
 20
242806.76
 10
-54127.80999999999
 20
242869.74
 10
-56417.89
 20
242933.3
 10
-58707.98
 20
242997.42
 10
-60998.11
 20
243062.13
 10
-63288.23
 20
243127.3900000001
 10
-65578.38000000001
 20
243193.24
 10
-67868.55
 20
243259.65
 10
-70158.74000000001
 20
243326.64
 10
-72448.94
 20
243394.1900000001
 10
-74739.16
 20
243462.32
 10
-74656.25
 20
246237.0700000001
 10
-74573.28
 20
249011.83
 10
-74490.25999999999
 20
251786.58
 10
-74407.19
 20
254561.36
 10
-74324.07000000001
 20
257336.14
 10
-74240.89
 20
260110.92
 10
-74157.66
 20
262885.72
 10
-74074.38
 20
265660.52
 10
-73991.05
 20
268435.34
  0
LWPOLYLINE
  5
28E
330
2
100
AcDbEntity
  8
G50
  6
Continuous
100
AcDbPolyline
 90
       40
 70
     1
 43
0.0
 10
-50308.88
 20
298299.07
 10
-48032.76999999999
 20
298236.25
 10
-45756.67
 20
298174.0200000001
 10
-43480.57999999999
 20
298112.35
 10
-41204.52
 20
298051.27
 10
-38928.46
 20
297990.7600000001
 10
-36652.43
 20
297930.82
 10
-34376.4
 20
297871.45
 10
-32100.4
 20
297812.6700000001
 10
-29824.4
 20
297754.45
 10
-27548.43
 20
297696.81
 10
-27618.31
 20
294922.3
 10
-27688.17
 20
292147.8
 10
-27757.97
 20
289373.3
 10
-27827.74
 20
286598.82
 10
-27897.46
 20
283824.3399999999
 10
-27967.13
 20
281049.87
 10
-28036.77
 20
278275.4200000001
 10
-28106.35
 20
275500.97
 10
-28175.9
 20
272726.5300000001
 10
-28245.4
 20
269952.1
 10
-30528.36
 20
270009.56
 10
-32811.34
 20
270067.59
 10
-35094.33
 20
270126.2
 10
-37377.34
 20
270185.37
 10
-39660.36
 20
270245.13
 10
-41943.4
 20
270305.44
 10
-44226.45
 20
270366.34
 10
-46509.52
 20
270427.81
 10
-48792.6
 20
270489.86
 10
-51075.69999999999
 20
270552.47
 10
-50999.23999999999
 20
273327.09
 10
-50922.72
 20
276101.71
 10
-50846.16
 20
278876.36
 10
-50769.54
 20
281651.0
 10
-50692.89
 20
284425.6600000001
 10
-50616.18
 20
287200.32
 10
-50539.43
 20
289975.0
 10
-50462.62999999999
 20
292749.68
 10
-50385.77
 20
295524.37
  0
LWPOLYLINE
  5
28F
330
2
100
AcDbEntity
  8
G50
  6
Continuous
100
AcDbPolyline
 90
       40
 70
     1
 43
0.0
 10
-73070.93
 20
298958.82
 10
-70794.64999999999
 20
298890.25
 10
-68518.39
 20
298822.2700000001
 10
-66242.14
 20
298754.85
 10
-63965.91
 20
298688.01
 10
-61689.69999999999
 20
298621.75
 10
-59413.49999999999
 20
298556.06
 10
-57137.32
 20
298490.96
 10
-54861.16
 20
298426.4100000001
 10
-52585.01
 20
298362.45
 10
-50308.88
 20
298299.07
 10
-50385.77
 20
295524.37
 10
-50462.62999999999
 20
292749.68
 10
-50539.43
 20
289975.0
 10
-50616.18
 20
287200.32
 10
-50692.89
 20
284425.6600000001
 10
-50769.54
 20
281651.0
 10
-50846.16
 20
278876.36
 10
-50922.72
 20
276101.71
 10
-50999.23999999999
 20
273327.09
 10
-51075.69999999999
 20
270552.47
 10
-53358.83
 20
270615.6600000001
 10
-55641.95999999999
 20
270679.4200000001
 10
-57925.12
 20
270743.76
 10
-60208.28999999999
 20
270808.6700000001
 10
-62491.47
 20
270874.14
 10
-64774.66999999999
 20
270940.2000000001
 10
-67057.89
 20
271006.83
 10
-69341.13
 20
271074.0300000001
 10
-71624.39
 20
271141.81
 10
-73907.66000000001
 20
271210.1500000001
 10
-73824.22
 20
273984.99
 10
-73740.74000000001
 20
276759.82
 10
-73657.19
 20
279534.6700000001
 10
-73573.58999999999
 20
282309.52
 10
-73489.94
 20
285084.38
 10
-73406.25
 20
287859.25
 10
-73322.5
 20
290634.13
 10
-73238.7
 20
293409.02
 10
-73154.83999999999
 20
296183.91
  0
LWPOLYLINE
  5
290
330
2
100
AcDbEntity
  8
G50
  6
Continuous
100
AcDbPolyline
 90
       40
 70
     1
 43
0.0
 10
-27548.43
 20
297696.81
 10
-25272.46
 20
297639.75
 10
-22996.51
 20
297583.26
 10
-20720.58
 20
297527.34
 10
-18444.66
 20
297472.0
 10
-16168.75
 20
297417.24
 10
-13892.86
 20
297363.0400000001
 10
-11616.98
 20
297309.43
 10
-9341.120000000001
 20
297256.3800000001
 10
-7065.270000000001
 20
297203.9100000001
 10
-4789.43
 20
297152.02
 10
-4852.319999999999
 20
294377.68
 10
-4915.18
 20
291603.34
 10
-4977.99
 20
288829.0200000001
 10
-5040.76
 20
286054.71
 10
-5103.5
 20
283280.4000000001
 10
-5166.199999999999
 20
280506.11
 10
-5228.850000000001
 20
277731.81
 10
-5291.479999999999
 20
274957.5400000001
 10
-5354.05
 20
272183.27
 10
-5416.59
 20
269409.0200000001
 10
-7699.41
 20
269460.75
 10
-9982.24
 20
269513.0600000001
 10
-12265.09
 20
269565.93
 10
-14547.95
 20
269619.38
 10
-16830.82
 20
269673.4000000001
 10
-19113.71
 20
269727.99
 10
-21396.6
 20
269783.17
 10
-23679.52
 20
269838.9000000001
 10
-25962.45
 20
269895.22
 10
-28245.4
 20
269952.1
 10
-28175.9
 20
272726.5300000001
 10
-28106.35
 20
275500.97
 10
-28036.77
 20
278275.4200000001
 10
-27967.13
 20
281049.87
 10
-27897.46
 20
283824.3399999999
 10
-27827.74
 20
286598.82
 10
-27757.97
 20
289373.3
 10
-27688.17
 20
292147.8
 10
-27618.31
 20
294922.3
  0
LWPOLYLINE
  5
291
330
2
100
AcDbEntity
  8
G50
  6
Continuous
100
AcDbPolyline
 90
       40
 70
     1
 43
0.0
 10
-28938.02
 20
242208.32
 10
-26648.14
 20
242151.62
 10
-24358.27
 20
242095.48
 10
-22068.41
 20
242039.92
 10
-19778.57
 20
241984.93
 10
-17488.74
 20
241930.51
 10
-15198.93
 20
241876.66
 10
-12909.13
 20
241823.3900000001
 10
-10619.36
 20
241770.68
 10
-8329.590000000001
 20
241718.5400000001
 10
-6039.83
 20
241666.99
 10
-6101.95
 20
238892.83
 10
-6164.010000000001
 20
236118.69
 10
-6226.05
 20
233344.56
 10
-6288.03
 20
230570.44
 10
-6349.99
 20
227796.3300000001
 10
-6411.9
 20
225022.23
 10
-6473.77
 20
222248.13
 10
-6535.600000000001
 20
219474.05
 10
-6597.4
 20
216699.97
 10
-6659.15
 20
213925.91
 10
-8955.799999999999
 20
213977.31
 10
-11252.46
 20
214029.27
 10
-13549.13
 20
214081.81
 10
-15845.83
 20
214134.91
 10
-18142.52
 20
214188.58
 10
-20439.25
 20
214242.81
 10
-22735.98
 20
214297.62
 10
-25032.74
 20
214353.0
 10
-27329.5
 20
214408.94
 10
-29626.28
 20
214465.46
 10
-29557.65
 20
217239.7
 10
-29488.98
 20
220013.96
 10
-29420.26
 20
222788.22
 10
-29351.5
 20
225562.5
 10
-29282.7
 20
228336.77
 10
-29213.85
 20
231111.07
 10
-29144.96
 20
233885.37
 10
-29076.02
 20
236659.68
 10
-29007.04
 20
239434.0
  0
LWPOLYLINE
  5
292
330
2
100
AcDbEntity
  8
G50
  6
Continuous
100
AcDbPolyline
 90
       40
 70
     1
 43
0.0
 10
-29626.28
 20
214465.46
 10
-27329.5
 20
214408.94
 10
-25032.74
 20
214353.0
 10
-22735.98
 20
214297.62
 10
-20439.25
 20
214242.81
 10
-18142.52
 20
214188.58
 10
-15845.83
 20
214134.91
 10
-13549.13
 20
214081.81
 10
-11252.46
 20
214029.27
 10
-8955.799999999999
 20
213977.31
 10
-6659.15
 20
213925.91
 10
-6720.86
 20
211151.86
 10
-6782.54
 20
208377.81
 10
-6844.17
 20
205603.78
 10
-6905.770000000001
 20
202829.76
 10
-6967.33
 20
200055.74
 10
-7028.85
 20
197281.73
 10
-7090.32
 20
194507.74
 10
-7151.76
 20
191733.75
 10
-7213.160000000001
 20
188959.78
 10
-7274.520000000001
 20
186185.81
 10
-9578.02
 20
186237.03
 10
-11881.53
 20
186288.81
 10
-14185.05
 20
186341.17
 10
-16488.6
 20
186394.08
 10
-18792.14
 20
186447.57
 10
-21095.72
 20
186501.63
 10
-23399.3
 20
186556.25
 10
-25702.91
 20
186611.44
 10
-28006.52
 20
186667.2
 10
-30310.16
 20
186723.52
 10
-30241.96
 20
189497.68
 10
-30173.73
 20
192271.83
 10
-30105.46
 20
195046.0
 10
-30037.13
 20
197820.19
 10
-29968.76
 20
200594.38
 10
-29900.35
 20
203368.57
 10
-29831.9
 20
206142.78
 10
-29763.4
 20
208916.99
 10
-29694.87
 20
211691.22
  0
LWPOLYLINE
  5
293
330
2
100
AcDbEntity
  8
G50
  6
Continuous
100
AcDbPolyline
 90
       40
 70
     1
 43
0.0
 10
-28245.4
 20
269952.1
 10
-25962.45
 20
269895.22
 10
-23679.52
 20
269838.9000000001
 10
-21396.6
 20
269783.17
 10
-19113.71
 20
269727.99
 10
-16830.82
 20
269673.4000000001
 10
-14547.95
 20
269619.38
 10
-12265.09
 20
269565.93
 10
-9982.24
 20
269513.0600000001
 10
-7699.41
 20
269460.75
 10
-5416.59
 20
269409.0200000001
 10
-5479.1
 20
266634.7700000001
 10
-5541.55
 20
263860.5400000001
 10
-5603.97
 20
261086.3
 10
-5666.36
 20
258312.09
 10
-5728.699999999999
 20
255537.88
 10
-5791.009999999999
 20
252763.68
 10
-5853.270000000001
 20
249989.5
 10
-5915.5
 20
247215.31
 10
-5977.68
 20
244441.14
 10
-6039.83
 20
241666.99
 10
-8329.590000000001
 20
241718.5400000001
 10
-10619.36
 20
241770.68
 10
-12909.13
 20
241823.3900000001
 10
-15198.93
 20
241876.66
 10
-17488.74
 20
241930.51
 10
-19778.57
 20
241984.93
 10
-22068.41
 20
242039.92
 10
-24358.27
 20
242095.48
 10
-26648.14
 20
242151.62
 10
-28938.02
 20
242208.32
 10
-28868.96
 20
244982.65
 10
-28799.85
 20
247757.0
 10
-28730.69
 20
250531.36
 10
-28661.5
 20
253305.72
 10
-28592.25
 20
256080.1
 10
-28522.97
 20
258854.4800000001
 10
-28453.64
 20
261628.87
 10
-28384.27
 20
264403.27
 10
-28314.86
 20
267177.68
  0
LWPOLYLINE
  5
294
330
2
100
AcDbEntity
  8
G50
  6
Continuous
100
AcDbPolyline
 90
       40
 70
     1
 43
0.0
 10
-26141.48
 20
353189.0300000001
 10
-23879.6
 20
353131.62
 10
-21617.76
 20
353074.78
 10
-19355.91
 20
353018.5400000001
 10
-17094.09
 20
352962.85
 10
-14832.27
 20
352907.76
 10
-12570.47
 20
352853.24
 10
-10308.69
 20
352799.3
 10
-8046.91
 20
352745.93
 10
-5785.149999999999
 20
352693.1500000001
 10
-3523.39
 20
352640.94
 10
-3587.07
 20
349866.4100000001
 10
-3650.7
 20
347091.8800000001
 10
-3714.3
 20
344317.36
 10
-3777.85
 20
341542.84
 10
-3841.37
 20
338768.35
 10
-3904.84
 20
335993.85
 10
-3968.28
 20
333219.3800000001
 10
-4031.68
 20
330444.9100000001
 10
-4095.04
 20
327670.4500000001
 10
-4158.36
 20
324895.99
 10
-6427.17
 20
324948.04
 10
-8696.009999999999
 20
325000.6700000001
 10
-10964.84
 20
325053.8800000001
 10
-13233.7
 20
325107.6700000001
 10
-15502.57
 20
325162.0200000001
 10
-17771.45
 20
325216.96
 10
-20040.35
 20
325272.46
 10
-22309.25
 20
325328.55
 10
-24578.17
 20
325385.21
 10
-26847.11
 20
325442.4500000001
 10
-26776.74
 20
328217.06
 10
-26706.33
 20
330991.6900000001
 10
-26635.88
 20
333766.33
 10
-26565.38
 20
336540.97
 10
-26494.83
 20
339315.6300000001
 10
-26424.25
 20
342090.2900000001
 10
-26353.62
 20
344864.9599999999
 10
-26282.94
 20
347639.64
 10
-26212.23
 20
350414.33
  0
LWPOLYLINE
  5
295
330
2
100
AcDbEntity
  8
G50
  6
Continuous
100
AcDbPolyline
 90
       40
 70
     1
 43
0.0
 10
-26847.11
 20
325442.4500000001
 10
-24578.17
 20
325385.21
 10
-22309.25
 20
325328.55
 10
-20040.35
 20
325272.46
 10
-17771.45
 20
325216.96
 10
-15502.57
 20
325162.0200000001
 10
-13233.7
 20
325107.6700000001
 10
-10964.84
 20
325053.8800000001
 10
-8696.009999999999
 20
325000.6700000001
 10
-6427.17
 20
324948.04
 10
-4158.36
 20
324895.99
 10
-4221.649999999999
 20
322121.55
 10
-4284.89
 20
319347.12
 10
-4348.09
 20
316572.7
 10
-4411.26
 20
313798.2900000001
 10
-4474.38
 20
311023.8900000001
 10
-4537.47
 20
308249.49
 10
-4600.52
 20
305475.11
 10
-4663.53
 20
302700.74
 10
-4726.5
 20
299926.37
 10
-4789.43
 20
297152.02
 10
-7065.270000000001
 20
297203.9100000001
 10
-9341.120000000001
 20
297256.3800000001
 10
-11616.98
 20
297309.43
 10
-13892.86
 20
297363.0400000001
 10
-16168.75
 20
297417.24
 10
-18444.66
 20
297472.0
 10
-20720.58
 20
297527.34
 10
-22996.51
 20
297583.26
 10
-25272.46
 20
297639.75
 10
-27548.43
 20
297696.81
 10
-27478.49
 20
300471.33
 10
-27408.51
 20
303245.87
 10
-27338.49
 20
306020.41
 10
-27268.42
 20
308794.9500000001
 10
-27198.31
 20
311569.5200000001
 10
-27128.15
 20
314344.09
 10
-27057.96
 20
317118.6700000001
 10
-26987.72
 20
319893.25
 10
-26917.44
 20
322667.85
  0
TEXT
  5
296
330
2
100
AcDbEntity
  8
N50000
 62
     7
100
AcDbText
 10
-20691.7
 20
250502.35
 30
0.0
 40
1528.44
  1
34603
 50
358.86
  7
GHS
100
AcDbText
  0
TEXT
  5
297
330
2
100
AcDbEntity
  8
T50000
100
AcDbText
 10
-21961.61753438114
 20
253982.5171644955
 30
0.0
 40
4000.0
  1
영암
 50
358.86
  7
GHS
 72
     4
 11
-17089.45
 21
255885.96
 31
0.0
100
AcDbText
  0
TEXT
  5
298
330
2
100
AcDbEntity
  8
N50000
 62
     7
100
AcDbText
 10
-21381.87
 20
222759.44
 30
0.0
 40
1528.44
  1
34607
 50
358.86
  7
GHS
100
AcDbText
  0
TEXT
  5
299
330
2
100
AcDbEntity
  8
T50000
100
AcDbText
 10
-22652.44753438114
 20
226240.0771644955
 30
0.0
 40
4000.0
  1
해남
 50
358.86
  7
GHS
 72
     4
 11
-17780.28
 21
228143.52
 31
0.0
100
AcDbText
  0
TEXT
  5
29A
330
2
100
AcDbEntity
  8
N50000
 62
     7
100
AcDbText
 10
-22067.65
 20
195017.45
 30
0.0
 40
1528.44
  1
34611
 50
358.87
  7
GHS
100
AcDbText
  0
TEXT
  5
29B
330
2
100
AcDbEntity
  8
T50000
100
AcDbText
 10
-23172.75269876187
 20
198452.7714526965
 30
0.0
 40
4000.0
  1
완도
 50
358.87
  7
GHS
 72
     4
 11
-18466.73
 21
200402.01
 31
0.0
100
AcDbText
  0
TEXT
  5
29C
330
2
100
AcDbEntity
  8
N50000
 62
     7
100
AcDbText
 10
-19997.18
 20
278246.18
 30
0.0
 40
1528.44
  1
35615
 50
358.85
  7
GHS
100
AcDbText
  0
TEXT
  5
29D
330
2
100
AcDbEntity
  8
T50000
100
AcDbText
 10
-21182.61687796104
 20
281766.7233263393
 30
0.0
 40
4000.0
  1
나주
 50
358.85
  7
GHS
 72
     4
 11
-16394.27
 21
283629.33
 31
0.0
100
AcDbText
  0
TEXT
  5
29E
330
2
100
AcDbEntity
  8
T50000
100
AcDbText
 10
-20400.94915436356
 20
309468.5239150211
 30
0.0
 40
4000.0
  1
고창
 50
358.84
  7
GHS
 72
     4
 11
-15694.75
 21
311373.64
 31
0.0
100
AcDbText
  0
TEXT
  5
29F
330
2
100
AcDbEntity
  8
T50000
100
AcDbText
 10
-19696.58079928656
 20
337256.253310399
 30
0.0
 40
4000.0
  1
부안
 50
358.83
  7
GHS
 72
     4
 11
-14990.9
 21
339118.89
 31
0.0
100
AcDbText
  0
TEXT
  5
2A0
330
2
100
AcDbEntity
  8
N50000
 62
     7
100
AcDbText
 10
23319.26
 20
166261.75
 30
0.0
 40
1528.44
  1
34713
 50
358.88
  7
GHS
100
AcDbText
  0
TEXT
  5
2A1
330
2
100
AcDbEntity
  8
T50000
100
AcDbText
 10
22293.1272512645
 20
169527.3564312466
 30
0.0
 40
4000.0
  1
초도
 50
358.88
  7
GHS
 72
     4
 11
26918.75
 21
171645.68
 31
0.0
100
AcDbText
  0
TEXT
  5
2A2
330
2
100
AcDbEntity
  8
N50000
 62
     7
100
AcDbText
 10
285.8399999999999
 20
166740.73
 30
0.0
 40
1528.44
  1
34616
 50
358.88
  7
GHS
100
AcDbText
  0
TEXT
  5
2A3
330
2
100
AcDbEntity
  8
T50000
100
AcDbText
 10
-985.7928106731515
 20
170220.0665731907
 30
0.0
 40
4000.0
  1
청산
 50
358.88
  7
GHS
 72
     4
 11
3885.71
 21
172125.21
 31
0.0
100
AcDbText
  0
TEXT
  5
2A4
330
2
100
AcDbEntity
  8
N50000
 62
     7
100
AcDbText
 10
-1168.96
 20
100170.54
 30
0.0
 40
1528.44
  1
33608
 50
358.9
  7
GHS
100
AcDbText
  0
TEXT
  5
2A5
330
2
100
AcDbEntity
  8
T50000
100
AcDbText
 10
-2358.21951737719
 20
103647.7064271552
 30
0.0
 40
4000.0
  1
성산
 50
358.9
  7
GHS
 72
     4
 11
2429.3
 21
105556.15
 31
0.0
100
AcDbText
  0
LWPOLYLINE
  5
2A6
330
2
100
AcDbEntity
  8
G50
100
AcDbPolyline
 90
       40
 70
     1
 43
0.0
 10
-8735.280000000001
 20
119613.46
 10
-6415.54
 20
119563.23
 10
-4095.82
 20
119513.56
 10
-1776.11
 20
119464.47
 10
543.58
 20
119415.94
 10
2863.25
 20
119367.96
 10
5182.92
 20
119320.55
 10
7502.560000000001
 20
119273.7
 10
9822.200000000002
 20
119227.4
 10
12141.82
 20
119181.67
 10
14461.42
 20
119136.51
 10
14407.77
 20
116362.96
 10
14354.16
 20
113589.41
 10
14300.58
 20
110815.88
 10
14247.03
 20
108042.35
 10
14193.52
 20
105268.83
 10
14140.05
 20
102495.33
 10
14086.61
 20
99721.83000000001
 10
14033.2
 20
96948.36
 10
13979.84
 20
94174.88
 10
13926.5
 20
91401.41000000001
 10
11600.2
 20
91446.41
 10
9273.889999999999
 20
91491.97
 10
6947.56
 20
91538.09
 10
4621.21
 20
91584.76
 10
2294.85
 20
91632.00999999999
 10
-31.52
 20
91679.8
 10
-2357.91
 20
91728.16
 10
-4684.31
 20
91777.08
 10
-7010.729999999999
 20
91826.55999999999
 10
-9337.17
 20
91876.59
 10
-9277.16
 20
94650.23
 10
-9217.110000000001
 20
97423.89000000001
 10
-9157.020000000001
 20
100197.55
 10
-9096.879999999998
 20
102971.23
 10
-9036.72
 20
105744.91
 10
-8976.510000000001
 20
108518.6
 10
-8916.259999999999
 20
111292.29
 10
-8855.98
 20
114066.01
 10
-8795.64
 20
116839.72
  0
TEXT
  5
2A7
330
2
100
AcDbEntity
  8
N50000
 62
     7
100
AcDbText
 10
-9523.0
 20
72604.70999999999
 30
0.0
 40
1528.44
  1
33612
 50
358.9
  7
GHS
100
AcDbText
  0
TEXT
  5
2A8
330
2
100
AcDbEntity
  8
T50000
100
AcDbText
 10
-10380.32750676996
 20
76034.4882916836
 30
0.0
 40
4000.0
  1
표선
 50
358.9
  7
GHS
 72
     4
 11
-5925.28
 21
77990.99
 31
0.0
100
AcDbText
  0
LWPOLYLINE
  5
2A9
330
2
100
AcDbEntity
  8
G50
  6
Continuous
100
AcDbPolyline
 90
       40
 70
     1
 43
0.0
 10
-17092.07
 20
92047.43
 10
-14765.58
 20
91995.52
 10
-12439.11
 20
91944.17999999998
 10
-10112.65
 20
91893.39999999999
 10
-7786.21
 20
91843.17
 10
-5459.78
 20
91793.51
 10
-3133.37
 20
91744.4
 10
-806.98
 20
91695.86
 10
1519.4
 20
91647.88000000001
 10
3845.760000000001
 20
91600.45
 10
6172.109999999999
 20
91553.59
 10
6116.59
 20
88780.07000000001
 10
6061.1
 20
86006.57000000001
 10
6005.66
 20
83233.07000000001
 10
5950.24
 20
80459.58999999999
 10
5894.87
 20
77686.12
 10
5839.54
 20
74912.64999999999
 10
5784.24
 20
72139.19
 10
5728.979999999999
 20
69365.75999999999
 10
5673.75
 20
66592.32000000001
 10
5618.57
 20
63818.89
 10
3285.57
 20
63865.58
 10
952.5399999999999
 20
63912.83
 10
-1380.49
 20
63960.62
 10
-3713.53
 20
64008.98999999999
 10
-6046.600000000001
 20
64057.91
 10
-8379.67
 20
64107.38
 10
-10712.77
 20
64157.41
 10
-13045.88
 20
64208.01
 10
-15379.01
 20
64259.16
 10
-17712.15
 20
64310.87
 10
-17650.33
 20
67084.48000000001
 10
-17588.47
 20
69858.10999999999
 10
-17526.56
 20
72631.73
 10
-17464.61
 20
75405.38
 10
-17402.63
 20
78179.04000000001
 10
-17340.6
 20
80952.69
 10
-17278.53
 20
83726.35999999999
 10
-17216.42
 20
86500.04
 10
-17154.27
 20
89273.72999999999
  0
TEXT
  5
2AA
330
2
100
AcDbEntity
  8
N50000
 62
     7
100
AcDbText
 10
-45785.59
 20
167868.76
 30
0.0
 40
1528.44
  1
34614
 50
358.88
  7
GHS
100
AcDbText
  0
TEXT
  5
2AB
330
2
100
AcDbEntity
  8
T50000
100
AcDbText
 10
-46804.85170293492
 20
171427.6273750076
 30
0.0
 40
4000.0
  1
죽굴
 50
358.88
  7
GHS
 72
     4
 11
-42184.93
 21
173254.34
 31
0.0
100
AcDbText
  0
TEXT
  5
2AC
330
2
100
AcDbEntity
  8
N50000
 62
     7
100
AcDbText
 10
-46530.69
 20
140126.54
 30
0.0
 40
1528.44
  1
33602
 50
358.8900000000001
  7
GHS
100
AcDbText
  0
TEXT
  5
2AD
330
2
100
AcDbEntity
  8
T50000
100
AcDbText
 10
-47634.41767088496
 20
143645.0365551946
 30
0.0
 40
4000.0
  1
추자
 50
358.8900000000001
  7
GHS
 72
     4
 11
-42930.69
 21
145512.6
 31
0.0
100
AcDbText
  0
TEXT
  5
2AE
330
2
100
AcDbEntity
  8
N50000
 62
     7
100
AcDbText
 10
-47565.68
 20
101288.9
 30
0.0
 40
1528.44
  1
33606
 50
358.9
  7
GHS
100
AcDbText
  0
TEXT
  5
2AF
330
2
100
AcDbEntity
  8
T50000
100
AcDbText
 10
-48588.30345879024
 20
104722.3378654169
 30
0.0
 40
4000.0
  1
한림
 50
358.9
  7
GHS
 72
     4
 11
-43966.62
 21
106675.64
 31
0.0
100
AcDbText
  0
TEXT
  5
2B0
330
2
100
AcDbEntity
  8
N50000
 62
     7
100
AcDbText
 10
-68823.88
 20
168517.89
 30
0.0
 40
1528.44
  1
34613
 50
358.88
  7
GHS
100
AcDbText
  0
TEXT
  5
2B1
330
2
100
AcDbEntity
  8
T50000
100
AcDbText
 10
-69802.72186691209
 20
171993.1855273901
 30
0.0
 40
4000.0
  1
관매
 50
358.88
  7
GHS
 72
     4
 11
-65222.83
 21
173904.03
 31
0.0
100
AcDbText
  0
TEXT
  5
2B2
330
2
100
AcDbEntity
  8
N50000
100
AcDbText
 10
-69637.14
 20
140773.39
 30
0.0
 40
1528.44
  1
33601
 50
358.8900000000001
  7
GHS
100
AcDbText
  0
TEXT
  5
2B3
330
2
100
AcDbEntity
  8
T50000
100
AcDbText
 10
-73902.09496285996
 20
144599.165601436
 30
0.0
 40
4000.0
  1
(대서)
 50
358.88
  7
GHS
 72
     4
 11
-66036.74999999999
 21
146160.01
 31
0.0
100
AcDbText
  0
LWPOLYLINE
  5
2B4
330
2
100
AcDbEntity
  8
G50
  6
Continuous
100
AcDbPolyline
 90
       40
 70
     1
 43
0.0
 10
-77202.18
 20
160223.79
 10
-74891.36999999999
 20
160156.34
 10
-72580.59
 20
160089.47
 10
-70269.82000000001
 20
160023.17
 10
-67959.08
 20
159957.43
 10
-65648.34
 20
159892.25
 10
-63337.64
 20
159827.64
 10
-61026.94999999999
 20
159763.6
 10
-58716.29
 20
159700.12
 10
-56405.63
 20
159637.21
 10
-54095.0
 20
159574.86
 10
-54169.48999999999
 20
156800.6
 10
-54243.93
 20
154026.35
 10
-54318.33
 20
151252.11
 10
-54392.68
 20
148477.88
 10
-54466.97
 20
145703.65
 10
-54541.23
 20
142929.43
 10
-54615.43
 20
140155.22
 10
-54689.58
 20
137381.01
 10
-54763.69
 20
134606.83
 10
-54837.75
 20
131832.64
 10
-57155.15
 20
131894.76
 10
-59472.57
 20
131957.45
 10
-61790.01
 20
132020.7
 10
-64107.47
 20
132084.52
 10
-66424.95
 20
132148.9
 10
-68742.45
 20
132213.84
 10
-71059.96000000001
 20
132279.35
 10
-73377.5
 20
132345.42
 10
-75695.06
 20
132412.06
 10
-78012.63
 20
132479.25
 10
-77931.82
 20
135253.67
 10
-77850.96000000001
 20
138028.09
 10
-77770.06
 20
140802.53
 10
-77689.08
 20
143576.97
 10
-77608.07
 20
146351.42
 10
-77526.99
 20
149125.88
 10
-77445.86
 20
151900.34
 10
-77364.69
 20
154674.81
 10
-77283.46000000001
 20
157449.29
  0
TEXT
  5
2B5
330
2
100
AcDbEntity
  8
N50000
100
AcDbText
 10
-70766.8
 20
101932.48
 30
0.0
 40
1528.44
  1
33605
 50
358.9
  7
GHS
100
AcDbText
  0
TEXT
  5
2B6
330
2
100
AcDbEntity
  8
T50000
100
AcDbText
 10
-77615.26098562182
 20
105807.5970492925
 30
0.0
 40
4000.0
  1
(비양도)
 50
358.8900000000001
  7
GHS
 72
     4
 11
-67167.33999999999
 21
107319.77
 31
0.0
100
AcDbText
  0
LWPOLYLINE
  5
2B7
330
2
100
AcDbEntity
  8
G50
  6
Continuous
100
AcDbPolyline
 90
       39
 70
     1
 43
0.0
 10
-78335.33
 20
121381.67
 10
-76015.06
 20
121314.57
 10
-73694.8
 20
121248.03
 10
-71374.57000000001
 20
121182.06
 10
-69054.36
 20
121116.64
 10
-66734.16
 20
121051.79
 10
-64413.99
 20
120987.51
 10
-62093.83
 20
120923.79
 10
-59773.69
 20
120860.63
 10
-57453.58
 20
120798.03
 10
-55133.48
 20
120736.0
 10
-55207.3
 20
117961.86
 10
-55281.07
 20
115187.72
 10
-55354.78
 20
112413.6
 10
-55428.44999999999
 20
109639.49
 10
-55502.07
 20
106865.38
 10
-55575.63
 20
104091.29
 10
-55649.16
 20
101317.2
 10
-55722.63
 20
98543.13000000001
 10
-55796.06
 20
95769.05
 10
-55869.43
 20
92994.99
 10
-58196.23
 20
93056.78999999999
 10
-60523.05999999999
 20
93119.16
 10
-62849.83999999999
 20
93184.14999999999
 10
-65176.76
 20
93245.58000000001
 10
-67503.64999999999
 20
93309.61999999999
 10
-69830.55
 20
93374.22
 10
-72157.47999999999
 20
93439.39999999999
 10
-74484.42
 20
93505.13000000001
 10
-76811.38
 20
93571.41999999999
 10
-79138.37
 20
93638.27
 10
-79058.31
 20
96412.57000000001
 10
-78978.19000000001
 20
99186.88000000001
 10
-78898.02
 20
101961.21
 10
-78817.78999999999
 20
104735.54
 10
-78737.52
 20
107509.87
 10
-78576.81
 20
113058.56
 10
-78496.36999999999
 20
115832.92
 10
-78415.86999999999
 20
118607.29
  0
LWPOLYLINE
  5
2B8
330
2
100
AcDbEntity
  8
G50
  6
Continuous
100
AcDbPolyline
 90
       40
 70
     1
 43
0.0
 10
-54095.0
 20
159574.86
 10
-51784.39
 20
159513.08
 10
-49473.79
 20
159451.87
 10
-47163.20999999999
 20
159391.22
 10
-44852.65
 20
159331.13
 10
-42542.1
 20
159271.61
 10
-40231.57
 20
159212.66
 10
-37921.07
 20
159154.27
 10
-35610.58
 20
159096.45
 10
-33300.1
 20
159039.19
 10
-30989.64
 20
158982.5
 10
-31057.35
 20
156208.45
 10
-31125.01
 20
153434.41
 10
-31192.63
 20
150660.37
 10
-31260.2
 20
147886.34
 10
-31327.74
 20
145112.33
 10
-31395.22
 20
142338.33
 10
-31462.67
 20
139564.33
 10
-31530.06
 20
136790.34
 10
-31597.41
 20
134016.36
 10
-31664.72
 20
131242.4
 10
-33981.95
 20
131298.88
 10
-36299.18
 20
131355.93
 10
-38616.44
 20
131413.56
 10
-40933.72
 20
131471.73
 10
-43251.02
 20
131530.48
 10
-45568.31999999999
 20
131589.78
 10
-47885.65
 20
131649.65
 10
-50203.0
 20
131710.08
 10
-52520.36
 20
131771.08
 10
-54837.75
 20
131832.64
 10
-54763.69
 20
134606.83
 10
-54689.58
 20
137381.01
 10
-54615.43
 20
140155.22
 10
-54541.23
 20
142929.43
 10
-54466.97
 20
145703.65
 10
-54392.68
 20
148477.88
 10
-54318.33
 20
151252.11
 10
-54243.93
 20
154026.35
 10
-54169.48999999999
 20
156800.6
  0
LWPOLYLINE
  5
2B9
330
2
100
AcDbEntity
  8
G50
100
AcDbPolyline
 90
       40
 70
     1
 43
0.0
 10
-55133.48
 20
120736.0
 10
-52813.41
 20
120674.53
 10
-50493.35
 20
120613.62
 10
-48173.31
 20
120553.27
 10
-45853.29
 20
120493.49
 10
-43533.28
 20
120434.27
 10
-41213.29
 20
120375.61
 10
-38893.32
 20
120317.51
 10
-36573.37
 20
120259.98
 10
-34253.44
 20
120203.01
 10
-31933.52
 20
120146.6
 10
-32000.61
 20
117372.68
 10
-32067.66
 20
114598.77
 10
-32134.66
 20
111824.86
 10
-32201.61
 20
109050.96
 10
-32268.52
 20
106277.08
 10
-32335.39
 20
103503.2
 10
-32402.22
 20
100729.33
 10
-32469.0
 20
97955.47
 10
-32535.73
 20
95181.62
 10
-32602.42
 20
92407.77000000001
 10
-34929.04
 20
92463.96999999999
 10
-37255.68
 20
92520.72999999999
 10
-39582.33
 20
92578.05000000001
 10
-41909.0
 20
92635.93
 10
-44235.69999999999
 20
92694.38
 10
-46562.41
 20
92753.37
 10
-48889.12999999999
 20
92812.94
 10
-51215.88
 20
92873.06
 10
-53542.65
 20
92933.74000000001
 10
-55869.43
 20
92994.99
 10
-55796.06
 20
95769.05
 10
-55722.63
 20
98543.13000000001
 10
-55649.16
 20
101317.2
 10
-55575.63
 20
104091.29
 10
-55502.07
 20
106865.38
 10
-55428.44999999999
 20
109639.49
 10
-55354.78
 20
112413.6
 10
-55281.07
 20
115187.72
 10
-55207.3
 20
117961.86
  0
TEXT
  5
2BA
330
2
100
AcDbEntity
  8
N50000
 62
     7
100
AcDbText
 10
-32788.07
 20
73152.47
 30
0.0
 40
1528.44
  1
33611
 50
358.9
  7
GHS
100
AcDbText
  0
TEXT
  5
2BB
330
2
100
AcDbEntity
  8
T50000
100
AcDbText
 10
-33727.51558934678
 20
76626.06706655532
 30
0.0
 40
4000.0
  1
서귀
 50
358.9
  7
GHS
 72
     4
 11
-29189.95
 21
78539.31
 31
0.0
100
AcDbText
  0
TEXT
  5
2BC
330
2
100
AcDbEntity
  8
N50000
100
AcDbText
 10
-79323.86
 20
74416.14999999999
 30
0.0
 40
1528.44
  1
33609
 50
358.9
  7
GHS
100
AcDbText
  0
TEXT
  5
2BD
330
2
100
AcDbEntity
  8
T50000
100
AcDbText
 10
-83589.72964620948
 20
78240.5201732557
 30
0.0
 40
4000.0
  1
(고산)
 50
358.9
  7
GHS
 72
     4
 11
-75724.92999999999
 21
79804.11
 31
0.0
100
AcDbText
  0
TEXT
  5
2BE
330
2
100
AcDbEntity
  8
N50000
 62
     7
100
AcDbText
 10
-56054.91
 20
73759.27
 30
0.0
 40
1528.44
  1
33610
 50
358.9
  7
GHS
100
AcDbText
  0
TEXT
  5
2BF
330
2
100
AcDbEntity
  8
T50000
100
AcDbText
 10
-59660.12082167115
 20
77284.62024628782
 30
0.0
 40
4000.0
  1
모슬포
 50
358.9
  7
GHS
 72
     4
 11
-52456.37999999999
 21
79146.67
 31
0.0
100
AcDbText
  0
LWPOLYLINE
  5
2C0
330
2
100
AcDbEntity
  8
G50
  6
Continuous
100
AcDbPolyline
 90
       40
 70
     1
 43
0.0
 10
-63625.46
 20
93206.19
 10
-61298.66999999999
 20
93140.07000000001
 10
-58971.84
 20
93077.52
 10
-56645.02999999999
 20
93015.52
 10
-54318.23999999999
 20
92954.1
 10
-51991.45999999999
 20
92893.22999999999
 10
-49664.71
 20
92832.91999999999
 10
-47337.98
 20
92773.17
 10
-45011.26
 20
92713.97
 10
-42684.55999999999
 20
92655.35000000001
 10
-40357.88
 20
92597.29
 10
-40426.76
 20
89823.38
 10
-40495.58
 20
87049.49
 10
-40564.37
 20
84275.60000000001
 10
-40633.1
 20
81501.72000000001
 10
-40701.79
 20
78727.85000000001
 10
-40770.43
 20
75953.99
 10
-40839.03
 20
73180.14
 10
-40907.58
 20
70406.30000000001
 10
-40976.08
 20
67632.45999999999
 10
-41044.54
 20
64858.64
 10
-43377.87999999999
 20
64916.48
 10
-45711.24
 20
64974.9
 10
-48044.62
 20
65033.86
 10
-50378.01
 20
65093.39
 10
-52711.43
 20
65153.47
 10
-55044.85999999999
 20
65214.1
 10
-57378.30999999999
 20
65275.3
 10
-59711.79
 20
65337.06
 10
-62045.27999999999
 20
65399.38
 10
-64378.79
 20
65462.25
 10
-64303.69
 20
68236.3
 10
-64228.55
 20
71010.36999999999
 10
-64153.33999999999
 20
73784.44
 10
-64078.09
 20
76558.53
 10
-64002.79
 20
79332.61
 10
-63927.43
 20
82106.70999999999
 10
-63852.03
 20
84880.82
 10
-63776.57
 20
87654.92999999999
 10
-63701.06999999999
 20
90429.06
  0
TEXT
  5
2C1
330
2
100
AcDbEntity
  8
N50000
 62
     7
100
AcDbText
 10
-22749.06
 20
167276.39
 30
0.0
 40
1528.44
  1
34615
 50
358.88
  7
GHS
100
AcDbText
  0
TEXT
  5
2C2
330
2
100
AcDbEntity
  8
T50000
100
AcDbText
 10
-23854.48242078119
 20
170711.3701264816
 30
0.0
 40
4000.0
  1
소안
 50
358.88
  7
GHS
 72
     4
 11
-19148.8
 21
172661.43
 31
0.0
100
AcDbText
  0
TEXT
  5
2C3
330
2
100
AcDbEntity
  8
N50000
 62
     7
100
AcDbText
 10
-24366.46
 20
100701.6
 30
0.0
 40
1528.44
  1
33607
 50
358.9
  7
GHS
100
AcDbText
  0
TEXT
  5
2C4
330
2
100
AcDbEntity
  8
T50000
100
AcDbText
 10
-25554.51962394387
 20
104220.9854151603
 30
0.0
 40
4000.0
  1
제주
 50
358.9
  7
GHS
 72
     4
 11
-20767.8
 21
106087.77
 31
0.0
100
AcDbText
  0
LWPOLYLINE
  5
2C5
330
2
100
AcDbEntity
  8
G50
  6
Continuous
100
AcDbPolyline
 90
       40
 70
     1
 43
0.0
 10
-40357.88
 20
92597.29
 10
-38031.23000000001
 20
92539.78
 10
-35704.58
 20
92482.83
 10
-33377.95
 20
92426.44999999999
 10
-31051.35
 20
92370.61999999999
 10
-28724.77
 20
92315.35
 10
-26398.19
 20
92260.65
 10
-24071.63
 20
92206.5
 10
-21745.1
 20
92152.91
 10
-19418.58
 20
92099.89999999999
 10
-17092.07
 20
92047.43
 10
-17154.27
 20
89273.72999999999
 10
-17216.42
 20
86500.04
 10
-17278.53
 20
83726.35999999999
 10
-17340.6
 20
80952.69
 10
-17402.63
 20
78179.04000000001
 10
-17464.61
 20
75405.38
 10
-17526.56
 20
72631.73
 10
-17588.47
 20
69858.10999999999
 10
-17650.33
 20
67084.48000000001
 10
-17712.15
 20
64310.87
 10
-20045.31
 20
64363.13
 10
-22378.49
 20
64415.95
 10
-24711.68
 20
64469.33999999999
 10
-27044.9
 20
64523.27
 10
-29378.12
 20
64577.78
 10
-31711.37
 20
64632.83
 10
-34044.64
 20
64688.44999999999
 10
-36377.93
 20
64744.62
 10
-38711.23
 20
64801.34999999999
 10
-41044.54
 20
64858.64
 10
-40976.08
 20
67632.45999999999
 10
-40907.58
 20
70406.30000000001
 10
-40839.03
 20
73180.14
 10
-40770.43
 20
75953.99
 10
-40701.79
 20
78727.85000000001
 10
-40633.1
 20
81501.72000000001
 10
-40564.37
 20
84275.60000000001
 10
-40495.58
 20
87049.49
 10
-40426.76
 20
89823.38
  0
LWPOLYLINE
  5
2C6
330
2
100
AcDbEntity
  8
G50
100
AcDbPolyline
 90
       40
 70
     1
 43
0.0
 10
-31933.52
 20
120146.6
 10
-29613.63
 20
120090.76
 10
-27293.74
 20
120035.48
 10
-24973.87
 20
119980.75
 10
-22654.03
 20
119926.59
 10
-20334.19
 20
119873.0
 10
-18014.38
 20
119819.97
 10
-15694.58
 20
119767.49
 10
-13374.8
 20
119715.58
 10
-11055.03
 20
119664.23
 10
-8735.280000000001
 20
119613.46
 10
-8795.64
 20
116839.72
 10
-8855.98
 20
114066.01
 10
-8916.259999999999
 20
111292.29
 10
-8976.510000000001
 20
108518.6
 10
-9036.72
 20
105744.91
 10
-9096.879999999998
 20
102971.23
 10
-9157.020000000001
 20
100197.55
 10
-9217.110000000001
 20
97423.89000000001
 10
-9277.16
 20
94650.23
 10
-9337.17
 20
91876.59
 10
-11663.62
 20
91927.19
 10
-13990.08
 20
91978.34
 10
-16316.57
 20
92030.07000000001
 10
-18643.07
 20
92082.34
 10
-20969.59
 20
92135.18
 10
-23296.12
 20
92188.58
 10
-25622.66
 20
92242.54
 10
-27949.23
 20
92297.05
 10
-30275.82
 20
92352.14
 10
-32602.42
 20
92407.77000000001
 10
-32535.73
 20
95181.62
 10
-32469.0
 20
97955.47
 10
-32402.22
 20
100729.33
 10
-32335.39
 20
103503.2
 10
-32268.52
 20
106277.08
 10
-32201.61
 20
109050.96
 10
-32134.66
 20
111824.86
 10
-32067.66
 20
114598.77
 10
-32000.61
 20
117372.68
  0
LWPOLYLINE
  5
2C7
330
2
100
AcDbEntity
  8
G50
  6
Continuous
100
AcDbPolyline
 90
       40
 70
     1
 43
0.0
 10
15759.65
 20
185704.77
 10
18062.99
 20
185659.8
 10
20366.32
 20
185615.38
 10
22669.65
 20
185571.52
 10
24972.95
 20
185528.24
 10
27276.24
 20
185485.51
 10
29579.53
 20
185443.36
 10
31882.79
 20
185401.78
 10
34186.05
 20
185360.75
 10
36489.29
 20
185320.3
 10
38792.53
 20
185280.41
 10
38744.85
 20
182506.76
 10
38697.2
 20
179733.13
 10
38649.58000000001
 20
176959.5
 10
38602.0
 20
174185.89
 10
38554.45
 20
171412.29
 10
38506.92
 20
168638.69
 10
38459.43
 20
165865.11
 10
38411.96
 20
163091.53
 10
38364.53
 20
160317.98
 10
38317.13
 20
157544.42
 10
36007.1
 20
157584.17
 10
33697.05000000001
 20
157624.48
 10
31387.0
 20
157665.36
 10
29076.92
 20
157706.8
 10
26766.85
 20
157748.81
 10
24456.75
 20
157791.38
 10
22146.65
 20
157834.51
 10
19836.53
 20
157878.21
 10
17526.4
 20
157922.47
 10
15216.26
 20
157967.3
 10
15270.44
 20
160741.01
 10
15324.65
 20
163514.72
 10
15378.9
 20
166288.44
 10
15433.19
 20
169062.17
 10
15487.51
 20
171835.92
 10
15541.87
 20
174609.67
 10
15596.26
 20
177383.44
 10
15650.69
 20
180157.2
 10
15705.15
 20
182930.99
  0
LWPOLYLINE
  5
2C8
330
2
100
AcDbEntity
  8
G50
  6
Continuous
100
AcDbPolyline
 90
       40
 70
     1
 43
0.0
 10
-7274.520000000001
 20
186185.81
 10
-4971.04
 20
186135.16
 10
-2667.58
 20
186085.07
 10
-364.13
 20
186035.55
 10
1939.31
 20
185986.59
 10
4242.74
 20
185938.21
 10
6546.14
 20
185890.39
 10
8849.540000000001
 20
185843.14
 10
11152.93
 20
185796.46
 10
13456.29
 20
185750.33
 10
15759.65
 20
185704.77
 10
15705.15
 20
182930.99
 10
15650.69
 20
180157.2
 10
15596.26
 20
177383.44
 10
15541.87
 20
174609.67
 10
15487.51
 20
171835.92
 10
15433.19
 20
169062.17
 10
15378.9
 20
166288.44
 10
15324.65
 20
163514.72
 10
15270.44
 20
160741.01
 10
15216.26
 20
157967.3
 10
12906.1
 20
158012.7
 10
10595.93
 20
158058.66
 10
8285.74
 20
158105.18
 10
5975.54
 20
158152.27
 10
3665.33
 20
158199.93
 10
1355.11
 20
158248.14
 10
-955.1399999999999
 20
158296.92
 10
-3265.39
 20
158346.27
 10
-5575.66
 20
158396.18
 10
-7885.939999999999
 20
158446.66
 10
-7824.989999999999
 20
161220.53
 10
-7763.98
 20
163994.41
 10
-7702.939999999999
 20
166768.3
 10
-7641.850000000001
 20
169542.2
 10
-7580.729999999999
 20
172316.11
 10
-7519.57
 20
175090.03
 10
-7458.36
 20
177863.96
 10
-7397.12
 20
180637.9
 10
-7335.840000000001
 20
183411.84
  0
LWPOLYLINE
  5
2C9
330
2
100
AcDbEntity
  8
G50
  6
Continuous
100
AcDbPolyline
 90
       40
 70
     1
 43
0.0
 10
-30310.16
 20
186723.52
 10
-28006.52
 20
186667.2
 10
-25702.91
 20
186611.44
 10
-23399.3
 20
186556.25
 10
-21095.72
 20
186501.63
 10
-18792.14
 20
186447.57
 10
-16488.6
 20
186394.08
 10
-14185.05
 20
186341.17
 10
-11881.53
 20
186288.81
 10
-9578.02
 20
186237.03
 10
-7274.520000000001
 20
186185.81
 10
-7335.840000000001
 20
183411.84
 10
-7397.12
 20
180637.9
 10
-7458.36
 20
177863.96
 10
-7519.57
 20
175090.03
 10
-7580.729999999999
 20
172316.11
 10
-7641.850000000001
 20
169542.2
 10
-7702.939999999999
 20
166768.3
 10
-7763.98
 20
163994.41
 10
-7824.989999999999
 20
161220.53
 10
-7885.939999999999
 20
158446.66
 10
-10196.24
 20
158497.7
 10
-12506.56
 20
158549.31
 10
-14816.89
 20
158601.47
 10
-17127.24
 20
158654.21
 10
-19437.6
 20
158707.51
 10
-21747.98
 20
158761.39
 10
-24058.37
 20
158815.81
 10
-26368.78
 20
158870.81
 10
-28679.2
 20
158926.37
 10
-30989.64
 20
158982.5
 10
-30921.89
 20
161756.56
 10
-30854.1
 20
164530.63
 10
-30786.26
 20
167304.71
 10
-30718.37
 20
170078.8
 10
-30650.45
 20
172852.89
 10
-30582.48
 20
175627.0
 10
-30514.46
 20
178401.11
 10
-30446.4
 20
181175.25
 10
-30378.3
 20
183949.37
  0
LWPOLYLINE
  5
2CA
330
2
100
AcDbEntity
  8
G50
  6
Continuous
100
AcDbPolyline
 90
       40
 70
     1
 43
0.0
 10
-53347.41
 20
187317.95
 10
-51043.59999999999
 20
187255.96
 10
-48739.81999999999
 20
187194.53
 10
-46436.05
 20
187133.67
 10
-44132.30999999999
 20
187073.37
 10
-41828.57
 20
187013.64
 10
-39524.85
 20
186954.49
 10
-37221.15
 20
186895.89
 10
-34917.47
 20
186837.87
 10
-32613.8
 20
186780.41
 10
-30310.16
 20
186723.52
 10
-30378.3
 20
183949.37
 10
-30446.4
 20
181175.25
 10
-30514.46
 20
178401.11
 10
-30582.48
 20
175627.0
 10
-30650.45
 20
172852.89
 10
-30718.37
 20
170078.8
 10
-30786.26
 20
167304.71
 10
-30854.1
 20
164530.63
 10
-30921.89
 20
161756.56
 10
-30989.64
 20
158982.5
 10
-33300.1
 20
159039.19
 10
-35610.58
 20
159096.45
 10
-37921.07
 20
159154.27
 10
-40231.57
 20
159212.66
 10
-42542.1
 20
159271.61
 10
-44852.65
 20
159331.13
 10
-47163.20999999999
 20
159391.22
 10
-49473.79
 20
159451.87
 10
-51784.39
 20
159513.08
 10
-54095.0
 20
159574.86
 10
-54020.46
 20
162349.13
 10
-53945.87
 20
165123.42
 10
-53871.23
 20
167897.7
 10
-53796.54
 20
170671.99
 10
-53721.8
 20
173446.3
 10
-53647.02
 20
176220.61
 10
-53572.19
 20
178994.93
 10
-53497.31
 20
181769.26
 10
-53422.38
 20
184543.61
  0
LWPOLYLINE
  5
2CB
330
2
100
AcDbEntity
  8
G50
  6
Continuous
100
AcDbPolyline
 90
       40
 70
     1
 43
0.0
 10
-76386.43
 20
187969.15
 10
-74082.44
 20
187901.46
 10
-71778.48
 20
187834.36
 10
-69474.53
 20
187767.82
 10
-67170.6
 20
187701.86
 10
-64866.69
 20
187636.45
 10
-62562.79
 20
187571.62
 10
-60258.91999999999
 20
187507.35
 10
-57955.05999999999
 20
187443.65
 10
-55651.22
 20
187380.51
 10
-53347.41
 20
187317.95
 10
-53422.38
 20
184543.61
 10
-53497.31
 20
181769.26
 10
-53572.19
 20
178994.93
 10
-53647.02
 20
176220.61
 10
-53721.8
 20
173446.3
 10
-53796.54
 20
170671.99
 10
-53871.23
 20
167897.7
 10
-53945.87
 20
165123.42
 10
-54020.46
 20
162349.13
 10
-54095.0
 20
159574.86
 10
-56405.63
 20
159637.21
 10
-58716.29
 20
159700.12
 10
-61026.94999999999
 20
159763.6
 10
-63337.64
 20
159827.64
 10
-65648.34
 20
159892.25
 10
-67959.08
 20
159957.43
 10
-70269.82000000001
 20
160023.17
 10
-72580.59
 20
160089.47
 10
-74891.36999999999
 20
160156.34
 10
-77202.18
 20
160223.79
 10
-77120.83999999999
 20
162998.28
 10
-77039.45
 20
165772.8
 10
-76958.00999999999
 20
168547.3
 10
-76876.50999999999
 20
171321.83
 10
-76794.96000000001
 20
174096.36
 10
-76713.37
 20
176870.9
 10
-76631.72
 20
179645.45
 10
-76550.0
 20
182420.0
 10
-76468.25
 20
185194.57
  0
TEXT
  5
2CC
330
2
100
AcDbEntity
  8
N50000
100
AcDbText
 10
-134857.74
 20
254067.6
 30
0.0
 40
1528.44
  1
34702
 50
358.86
  7
GHS
100
AcDbText
  0
TEXT
  5
2CD
330
2
100
AcDbEntity
  8
T50000
100
AcDbText
 10
-139119.409321142
 20
257895.8112198005
 30
0.0
 40
4000.0
  1
(죽도)
 50
358.86
  7
GHS
 72
     4
 11
-131253.52
 21
259453.91
 31
0.0
100
AcDbText
  0
TEXT
  5
2CE
330
2
100
AcDbEntity
  8
T50000
100
AcDbText
 10
-139747.688515248
 20
229806.2353002364
 30
0.0
 40
4000.0
  1
대흑산
 50
358.86
  7
GHS
 72
     4
 11
-132291.87
 21
231699.94
 31
0.0
100
AcDbText
  0
TEXT
  5
2CF
330
2
100
AcDbEntity
  8
N50000
100
AcDbText
 10
-135895.44
 20
226313.14
 30
0.0
 40
1528.44
  1
34506
 50
358.86
  7
GHS
100
AcDbText
  0
TEXT
  5
2D0
330
2
100
AcDbEntity
  8
N50000
100
AcDbText
 10
-136926.61
 20
198559.32
 30
0.0
 40
1528.44
  1
34510
 50
358.87
  7
GHS
100
AcDbText
  0
TEXT
  5
2D1
330
2
100
AcDbEntity
  8
T50000
100
AcDbText
 10
-138112.2081197868
 20
202040.6734280035
 30
0.0
 40
4000.0
  1
태도
 50
358.87
  7
GHS
 72
     4
 11
-133323.69
 21
203946.61
 31
0.0
100
AcDbText
  0
LWPOLYLINE
  5
2D2
330
2
100
AcDbEntity
  8
G50
  6
Continuous
100
AcDbPolyline
 90
       39
 70
     1
 43
0.0
 10
-142414.89
 20
273527.52
 10
-140131.01
 20
273441.95
 10
-137847.16
 20
273356.96
 10
-135563.33
 20
273272.53
 10
-133279.5
 20
273188.67
 10
-130995.71
 20
273105.4
 10
-128711.95
 20
273022.69
 10
-126428.21
 20
272940.57
 10
-124144.49
 20
272859.01
 10
-121860.79
 20
272778.05
 10
-119577.1
 20
272697.6500000001
 10
-119674.44
 20
269922.33
 10
-119771.7
 20
267147.07
 10
-119868.92
 20
264371.7800000001
 10
-119966.06
 20
261596.52
 10
-120063.15
 20
258821.25
 10
-120160.17
 20
256045.98
 10
-120257.15
 20
253270.74
 10
-120354.06
 20
250495.48
 10
-120450.9
 20
247720.26
 10
-120506.24
 20
244943.58
 10
-122838.31
 20
245025.17
 10
-125128.98
 20
245105.89
 10
-127419.66
 20
245187.17
 10
-129710.38
 20
245269.04
 10
-134291.86
 20
245434.47
 10
-136582.63
 20
245518.06
 10
-138873.42
 20
245602.21
 10
-141164.23
 20
245686.94
 10
-143455.08
 20
245772.25
 10
-143351.36
 20
248547.74
 10
-143247.57
 20
251323.25
 10
-143143.71
 20
254098.76
 10
-143039.78
 20
256874.29
 10
-142935.8
 20
259649.8
 10
-142831.75
 20
262425.33
 10
-142727.63
 20
265200.87
 10
-142623.45
 20
267976.4200000001
 10
-142519.19
 20
270751.96
  0
LWPOLYLINE
  5
2D3
330
2
100
AcDbEntity
  8
G50
  6
Continuous
100
AcDbPolyline
 90
       40
 70
     1
 43
0.0
 10
-144488.74
 20
218017.61
 10
-142190.97
 20
217932.6
 10
-139893.22
 20
217848.14
 10
-137595.52
 20
217764.27
 10
-135297.82
 20
217680.97
 10
-133000.15
 20
217598.24
 10
-130702.51
 20
217516.0700000001
 10
-128404.88
 20
217434.47
 10
-126107.27
 20
217353.46
 10
-123809.7
 20
217273.0
 10
-121512.14
 20
217193.12
 10
-121608.25
 20
214417.97
 10
-121704.31
 20
211642.83
 10
-121800.28
 20
208867.7
 10
-121896.22
 20
206092.56
 10
-121992.09
 20
203317.45
 10
-122087.88
 20
200542.34
 10
-122183.61
 20
197767.21
 10
-122279.3
 20
194992.12
 10
-122374.92
 20
192217.03
 10
-122470.48
 20
189441.94
 10
-124774.91
 20
189521.55
 10
-127079.36
 20
189601.73
 10
-129383.84
 20
189682.47
 10
-131688.33
 20
189763.79
 10
-133992.86
 20
189845.67
 10
-136297.4
 20
189928.13
 10
-138601.96
 20
190011.15
 10
-140906.55
 20
190094.74
 10
-143211.17
 20
190178.91
 10
-145515.81
 20
190263.64
 10
-145413.4
 20
193039.01
 10
-145310.93
 20
195814.39
 10
-145208.38
 20
198589.77
 10
-145105.77
 20
201365.15
 10
-145003.1
 20
204140.54
 10
-144900.35
 20
206915.94
 10
-144797.55
 20
209691.35
 10
-144694.68
 20
212466.77
 10
-144591.73
 20
215242.19
  0
LWPOLYLINE
  5
2D4
330
2
100
AcDbEntity
  8
G50
  6
Continuous
100
AcDbPolyline
 90
       40
 70
     1
 43
0.0
 10
-143455.08
 20
245772.25
 10
-141164.23
 20
245686.94
 10
-138873.42
 20
245602.21
 10
-136582.63
 20
245518.06
 10
-134291.86
 20
245434.47
 10
-132001.1
 20
245351.47
 10
-129710.38
 20
245269.04
 10
-127419.66
 20
245187.17
 10
-125128.98
 20
245105.89
 10
-122838.31
 20
245025.17
 10
-120547.67
 20
244945.03
 10
-120644.4
 20
242169.81
 10
-120741.06
 20
239394.59
 10
-120837.65
 20
236619.38
 10
-120934.19
 20
233844.18
 10
-121030.68
 20
231068.99
 10
-121127.09
 20
228293.8
 10
-121223.43
 20
225518.62
 10
-121319.74
 20
222743.4500000001
 10
-121415.97
 20
219968.29
 10
-121512.14
 20
217193.12
 10
-123809.7
 20
217273.0
 10
-126107.27
 20
217353.46
 10
-128404.88
 20
217434.47
 10
-130702.51
 20
217516.0700000001
 10
-133000.15
 20
217598.24
 10
-135297.82
 20
217680.97
 10
-137595.52
 20
217764.27
 10
-139893.22
 20
217848.14
 10
-142190.97
 20
217932.6
 10
-144488.74
 20
218017.61
 10
-144385.65
 20
220793.04
 10
-144282.53
 20
223568.49
 10
-144179.33
 20
226343.93
 10
-144076.06
 20
229119.3900000001
 10
-143972.72
 20
231894.84
 10
-143869.33
 20
234670.31
 10
-143765.86
 20
237445.79
 10
-143662.34
 20
240221.27
 10
-143558.74
 20
242996.75
  0
TEXT
  5
2D5
330
2
100
AcDbEntity
  8
N50000
100
AcDbText
 10
-158804.48
 20
227195.61
 30
0.0
 40
1528.44
  1
34505
 50
358.86
  7
GHS
100
AcDbText
  0
TEXT
  5
2D6
330
2
100
AcDbEntity
  8
T50000
100
AcDbText
 10
-159823.5559945447
 20
230632.8648848963
 30
0.0
 40
4000.0
  1
홍도
 50
358.86
  7
GHS
 72
     4
 11
-155200.51
 21
232582.94
 31
0.0
100
AcDbText
  0
LWPOLYLINE
  5
2D7
330
2
100
AcDbEntity
  8
G50
  6
Continuous
100
AcDbPolyline
 90
       40
 70
     1
 43
0.0
 10
-166364.79
 20
246656.77
 10
-164073.71
 20
246565.73
 10
-161782.65
 20
246475.28
 10
-159491.62
 20
246385.39
 10
-157200.61
 20
246296.0900000001
 10
-154909.63
 20
246207.3500000001
 10
-152618.68
 20
246119.18
 10
-150327.74
 20
246031.59
 10
-148036.83
 20
245944.56
 10
-145745.95
 20
245858.12
 10
-143455.08
 20
245772.25
 10
-143558.74
 20
242996.75
 10
-143662.34
 20
240221.27
 10
-143765.86
 20
237445.79
 10
-143869.33
 20
234670.31
 10
-143972.72
 20
231894.84
 10
-144076.06
 20
229119.3900000001
 10
-144179.33
 20
226343.93
 10
-144282.53
 20
223568.49
 10
-144385.65
 20
220793.04
 10
-144488.74
 20
218017.61
 10
-146786.52
 20
218103.2
 10
-149084.32
 20
218189.37
 10
-151382.15
 20
218276.1
 10
-153680.02
 20
218363.4
 10
-155977.9
 20
218451.27
 10
-158275.81
 20
218539.73
 10
-160573.74
 20
218628.74
 10
-162871.69
 20
218718.33
 10
-165169.68
 20
218808.49
 10
-167467.68
 20
218899.23
 10
-167357.71
 20
221674.96
 10
-167247.66
 20
224450.68
 10
-167137.55
 20
227226.43
 10
-167027.3599999999
 20
230002.18
 10
-166917.1099999999
 20
232777.93
 10
-166806.78
 20
235553.68
 10
-166696.39
 20
238329.44
 10
-166585.92
 20
241105.21
 10
-166475.39
 20
243880.99
  0
TEXT
  5
2D8
330
2
100
AcDbEntity
  8
N50000
100
AcDbText
 10
-160998.27
 20
171682.71
 30
0.0
 40
1528.44
  1
34513
 50
358.88
  7
GHS
100
AcDbText
  0
TEXT
  5
2D9
330
2
100
AcDbEntity
  8
T50000
100
AcDbText
 10
-164684.1122083793
 20
175171.4651035724
 30
0.0
 40
4000.0
  1
소흑산
 50
358.88
  7
GHS
 72
     4
 11
-157395.59
 21
177071.03
 31
0.0
100
AcDbText
  0
LWPOLYLINE
  5
2DA
330
2
100
AcDbEntity
  8
G50
  6
Continuous
100
AcDbPolyline
 90
       40
 70
     1
 43
0.0
 10
-168563.58
 20
191142.26
 10
-166258.69
 20
191051.84
 10
-163953.83
 20
190961.99
 10
-161648.98
 20
190872.7
 10
-159344.17
 20
190783.98
 10
-157039.39
 20
190695.83
 10
-154734.61
 20
190608.25
 10
-152429.88
 20
190521.25
 10
-150125.16
 20
190434.81
 10
-147820.48
 20
190348.94
 10
-145515.81
 20
190263.64
 10
-145618.16
 20
187488.27
 10
-145720.44
 20
184712.93
 10
-145822.66
 20
181937.57
 10
-145924.81
 20
179162.23
 10
-146026.88
 20
176386.9
 10
-146128.91
 20
173611.57
 10
-146230.86
 20
170836.24
 10
-146332.74
 20
168060.93
 10
-146434.56
 20
165285.62
 10
-146536.32
 20
162510.31
 10
-148847.82
 20
162595.32
 10
-151159.34
 20
162680.89
 10
-153470.89
 20
162767.03
 10
-155782.46
 20
162853.74
 10
-158094.07
 20
162941.01
 10
-160405.68
 20
163028.85
 10
-162717.34
 20
163117.26
 10
-165029.02
 20
163206.24
 10
-167340.71
 20
163295.77
 10
-169652.44
 20
163385.89
 10
-169543.87
 20
166161.5
 10
-169435.23
 20
168937.11
 10
-169326.52
 20
171712.74
 10
-169217.74
 20
174488.37
 10
-169108.89
 20
177264.0
 10
-168999.97
 20
180039.64
 10
-168890.97
 20
182815.29
 10
-168781.91
 20
185590.94
 10
-168672.78
 20
188366.61
  0
TEXT
  5
2DB
330
2
100
AcDbEntity
  8
N50000
 62
     7
100
AcDbText
 10
-89185.60000000001
 20
252469.36
 30
0.0
 40
1528.44
  1
34504
 50
358.86
  7
GHS
100
AcDbText
  0
TEXT
  5
2DC
330
2
100
AcDbEntity
  8
T50000
100
AcDbText
 10
-90371.02069553693
 20
255949.4992111031
 30
0.0
 40
4000.0
  1
비금
 50
358.86
  7
GHS
 72
     4
 11
-85582.17
 21
257854.6
 31
0.0
100
AcDbText
  0
TEXT
  5
2DD
330
2
100
AcDbEntity
  8
N50000
 62
     7
100
AcDbText
 10
-90084.14
 20
224720.06
 30
0.0
 40
1528.44
  1
34508
 50
358.86
  7
GHS
100
AcDbText
  0
TEXT
  5
2DE
330
2
100
AcDbEntity
  8
T50000
100
AcDbText
 10
-91107.73190132936
 20
227989.0712072079
 30
0.0
 40
4000.0
  1
도초
 50
358.86
  7
GHS
 72
     4
 11
-86481.37
 21
230105.78
 31
0.0
100
AcDbText
  0
TEXT
  5
2DF
330
2
100
AcDbEntity
  8
N50000
 62
     7
100
AcDbText
 10
-90977.01
 20
196971.55
 30
0.0
 40
1528.44
  1
34512
 50
358.87
  7
GHS
100
AcDbText
  0
TEXT
  5
2E0
330
2
100
AcDbEntity
  8
T50000
100
AcDbText
 10
-91995.9621599836
 20
200490.1851678036
 30
0.0
 40
4000.0
  1
눌옥
 50
358.87
  7
GHS
 72
     4
 11
-87374.89999999999
 21
202357.75
 31
0.0
100
AcDbText
  0
TEXT
  5
2E1
330
2
100
AcDbEntity
  8
N50000
 62
     7
100
AcDbText
 10
-91864.15
 20
169223.79
 30
0.0
 40
1528.44
  1
34516
 50
358.88
  7
GHS
100
AcDbText
  0
TEXT
  5
2E2
330
2
100
AcDbEntity
  8
T50000
100
AcDbText
 10
-93050.87539817
 20
172703.7077029619
 30
0.0
 40
4000.0
  1
맹골
 50
358.88
  7
GHS
 72
     4
 11
-88262.68999999999
 21
174610.48
 31
0.0
100
AcDbText
  0
TEXT
  5
2E3
330
2
100
AcDbEntity
  8
N50000
 62
     7
100
AcDbText
 10
-88281.41999999999
 20
280219.44
 30
0.0
 40
1528.44
  1
35516
 50
358.85
  7
GHS
100
AcDbText
  0
TEXT
  5
2E4
330
2
100
AcDbEntity
  8
T50000
100
AcDbText
 10
-89382.37032975326
 20
283739.9208314407
 30
0.0
 40
4000.0
  1
부남
 50
358.85
  7
GHS
 72
     4
 11
-84677.34
 21
285604.2
 31
0.0
100
AcDbText
  0
TEXT
  5
2E5
330
2
100
AcDbEntity
  8
T50000
100
AcDbText
 10
-88473.02915436355
 20
311449.4439150211
 30
0.0
 40
4000.0
  1
횡도
 50
358.84
  7
GHS
 72
     4
 11
-83766.82999999999
 21
313354.56
 31
0.0
100
AcDbText
  0
LWPOLYLINE
  5
2E6
330
2
100
AcDbEntity
  8
G50
  6
Continuous
100
AcDbPolyline
 90
       40
 70
     1
 43
0.0
 10
-99427.38999999999
 20
188677.12
 10
-97123.21000000001
 20
188603.76
 10
-94819.04
 20
188530.98
 10
-92514.91000000001
 20
188458.77
 10
-90210.76
 20
188387.11
 10
-87906.68
 20
188316.03
 10
-85602.59
 20
188245.52
 10
-83298.52999999999
 20
188175.57
 10
-80994.46
 20
188106.19
 10
-78690.44
 20
188037.38
 10
-76386.43
 20
187969.15
 10
-76468.25
 20
185194.57
 10
-76550.00999999999
 20
182420.01
 10
-76631.7
 20
179645.45
 10
-76713.35
 20
176870.9
 10
-76794.96000000001
 20
174096.37
 10
-76876.53
 20
171321.83
 10
-76958.0
 20
168547.3
 10
-77039.46000000001
 20
165772.8
 10
-77120.85
 20
162998.29
 10
-77202.16999999999
 20
160223.79
 10
-79513.0
 20
160291.79
 10
-81823.85000000001
 20
160360.36
 10
-84134.7
 20
160429.5
 10
-86445.6
 20
160499.2
 10
-88756.5
 20
160569.47
 10
-91067.42999999999
 20
160640.3
 10
-93378.38000000001
 20
160711.7
 10
-95689.33000000001
 20
160783.67
 10
-98000.34
 20
160856.2
 10
-100311.34
 20
160929.3
 10
-100223.21
 20
163704.05
 10
-100135.01
 20
166478.81
 10
-100046.77
 20
169253.57
 10
-99958.46000000002
 20
172028.34
 10
-99870.11
 20
174803.11
 10
-99781.65
 20
177577.9
 10
-99693.19
 20
180352.7
 10
-99604.66
 20
183127.49
 10
-99516.05999999999
 20
185902.31
  0
LWPOLYLINE
  5
2E7
330
2
100
AcDbEntity
  8
G50
  6
Continuous
100
AcDbPolyline
 90
       40
 70
     1
 43
0.0
 10
-98537.77
 20
216425.71
 10
-96240.42000000001
 20
216352.11
 10
-93943.13999999999
 20
216279.07
 10
-91645.83999999999
 20
216206.6
 10
-89348.58
 20
216134.72
 10
-87051.33
 20
216063.39
 10
-84754.12
 20
215992.63
 10
-82456.92
 20
215922.46
 10
-80159.71999999999
 20
215852.84
 10
-77862.58
 20
215783.8
 10
-75565.44
 20
215715.31
 10
-75647.75
 20
212940.66
 10
-75730.05000000001
 20
210166.02
 10
-75812.28
 20
207391.38
 10
-75894.45
 20
204616.75
 10
-75976.57
 20
201842.13
 10
-76058.66
 20
199067.51
 10
-76140.67
 20
196292.91
 10
-76222.64999999999
 20
193518.32
 10
-76304.56
 20
190743.72
 10
-76386.43
 20
187969.15
 10
-78690.44
 20
188037.38
 10
-80994.46
 20
188106.19
 10
-83298.52999999999
 20
188175.57
 10
-85602.59
 20
188245.52
 10
-87906.68
 20
188316.03
 10
-90210.76
 20
188387.11
 10
-92514.91000000001
 20
188458.77
 10
-94819.04
 20
188530.98
 10
-97123.21000000001
 20
188603.76
 10
-99427.38999999999
 20
188677.12
 10
-99338.68
 20
191451.95
 10
-99249.93999999999
 20
194226.78
 10
-99161.12
 20
197001.62
 10
-99072.23
 20
199776.47
 10
-98983.30000000001
 20
202551.33
 10
-98894.3
 20
205326.19
 10
-98805.24000000001
 20
208101.05
 10
-98716.13000000001
 20
210875.92
 10
-98626.97999999999
 20
213650.81
  0
LWPOLYLINE
  5
2E8
330
2
100
AcDbEntity
  8
G50
  6
Continuous
100
AcDbPolyline
 90
       40
 70
     1
 43
0.0
 10
-97642.41999999999
 20
244175.06
 10
-95352.01
 20
244101.21
 10
-93061.6
 20
244027.94
 10
-90771.24000000001
 20
243955.23
 10
-88480.88
 20
243883.11
 10
-86190.54
 20
243811.55
 10
-83900.22999999999
 20
243740.57
 10
-81609.94
 20
243670.15
 10
-79319.64
 20
243600.3
 10
-77029.39999999999
 20
243531.02
 10
-74739.16
 20
243462.32
 10
-74822.00999999999
 20
240687.59
 10
-74904.83
 20
237912.86
 10
-74987.58
 20
235138.13
 10
-75070.28
 20
232363.43
 10
-75152.95
 20
229588.72
 10
-75235.55
 20
226814.02
 10
-75318.08
 20
224039.33
 10
-75400.60000000001
 20
221264.65
 10
-75483.02
 20
218489.99
 10
-75565.44
 20
215715.31
 10
-77862.58
 20
215783.8
 10
-80159.71999999999
 20
215852.84
 10
-82456.92
 20
215922.46
 10
-84754.12
 20
215992.63
 10
-87051.33
 20
216063.39
 10
-89348.58
 20
216134.72
 10
-91645.83999999999
 20
216206.6
 10
-93943.13999999999
 20
216279.07
 10
-96240.42000000001
 20
216352.11
 10
-98537.77
 20
216425.71
 10
-98448.48
 20
219200.6000000001
 10
-98359.16
 20
221975.52
 10
-98269.76
 20
224750.43
 10
-98180.3
 20
227525.36
 10
-98090.80000000001
 20
230300.3
 10
-98001.21999999999
 20
233075.23
 10
-97911.61
 20
235850.19
 10
-97821.92999999999
 20
238625.12
 10
-97732.21000000001
 20
241400.1
  0
LWPOLYLINE
  5
2E9
330
2
100
AcDbEntity
  8
G50
  6
Continuous
100
AcDbPolyline
 90
       40
 70
     1
 43
0.0
 10
-96741.39999999999
 20
271925.2
 10
-94457.93
 20
271851.11
 10
-92174.52000000001
 20
271777.59
 10
-89891.1
 20
271704.6700000001
 10
-87607.66999999999
 20
271632.31
 10
-85324.30000000001
 20
271560.5
 10
-83040.92
 20
271489.2800000001
 10
-80757.6
 20
271418.65
 10
-78474.27
 20
271348.58
 10
-76190.96
 20
271279.09
 10
-73907.65
 20
271210.1500000001
 10
-73991.03999999999
 20
268435.34
 10
-74074.36999999999
 20
265660.52
 10
-74157.66
 20
262885.72
 10
-74240.88000000001
 20
260110.92
 10
-74324.06
 20
257336.13
 10
-74407.19999999999
 20
254561.36
 10
-74490.27
 20
251786.58
 10
-74573.27000000001
 20
249011.83
 10
-74656.22999999999
 20
246237.0700000001
 10
-74739.16
 20
243462.32
 10
-77029.39999999999
 20
243531.02
 10
-79319.64
 20
243600.3
 10
-81609.94
 20
243670.15
 10
-83900.22999999999
 20
243740.57
 10
-86190.54
 20
243811.55
 10
-88480.88
 20
243883.11
 10
-90771.24000000001
 20
243955.23
 10
-93061.6
 20
244027.94
 10
-95352.01
 20
244101.21
 10
-97642.41999999999
 20
244175.06
 10
-97552.59
 20
246950.05
 10
-97462.66
 20
249725.04
 10
-97372.72
 20
252500.02
 10
-97282.67999999999
 20
255275.03
 10
-97192.61000000001
 20
258050.0300000001
 10
-97102.49000000001
 20
260825.05
 10
-97012.30999999999
 20
263600.08
 10
-96922.05000000001
 20
266375.11
 10
-96831.75999999999
 20
269150.1500000001
  0
LWPOLYLINE
  5
2EA
330
2
100
AcDbEntity
  8
G50
  6
Continuous
100
AcDbPolyline
 90
       40
 70
     1
 43
0.0
 10
-95834.74999999999
 20
299676.12
 10
-93558.28999999999
 20
299601.79
 10
-91281.80999999999
 20
299528.04
 10
-89005.39
 20
299454.87
 10
-86729.0
 20
299382.2900000001
 10
-84452.59
 20
299310.2700000001
 10
-82176.24
 20
299238.83
 10
-79899.89
 20
299167.95
 10
-77623.55
 20
299097.68
 10
-75347.24
 20
299027.96
 10
-73070.95
 20
298958.83
 10
-73154.86
 20
296183.91
 10
-73238.69
 20
293409.02
 10
-73322.49
 20
290634.12
 10
-73406.25
 20
287859.2600000001
 10
-73489.97
 20
285084.39
 10
-73573.58999999999
 20
282309.52
 10
-73657.2
 20
279534.6600000001
 10
-73740.74000000001
 20
276759.82
 10
-73824.21
 20
273984.98
 10
-73907.65
 20
271210.1500000001
 10
-76190.96
 20
271279.09
 10
-78474.27
 20
271348.58
 10
-80757.6
 20
271418.65
 10
-83040.92
 20
271489.2800000001
 10
-85324.30000000001
 20
271560.5
 10
-87607.66999999999
 20
271632.31
 10
-89891.1
 20
271704.6700000001
 10
-92174.52000000001
 20
271777.59
 10
-94457.93
 20
271851.11
 10
-96741.39999999999
 20
271925.2
 10
-96651.0
 20
274700.25
 10
-96560.52999999999
 20
277475.31
 10
-96469.97999999999
 20
280250.4000000001
 10
-96379.44
 20
283025.47
 10
-96288.78999999999
 20
285800.56
 10
-96198.07000000001
 20
288575.6500000001
 10
-96107.35000000001
 20
291350.76
 10
-96016.52000000001
 20
294125.86
 10
-95925.66000000001
 20
296900.97
  0
LWPOLYLINE
  5
2EB
330
2
100
AcDbEntity
  8
G50
  6
Continuous
100
AcDbPolyline
 90
       40
 70
     1
 43
0.0
 10
-94922.42
 20
327427.7900000001
 10
-92653.02
 20
327353.24
 10
-90383.61
 20
327279.2800000001
 10
-88114.22
 20
327205.8900000001
 10
-85844.85
 20
327133.08
 10
-83575.50999999999
 20
327060.84
 10
-81306.15
 20
326989.18
 10
-79036.86
 20
326918.1
 10
-76767.55
 20
326847.59
 10
-74498.25999999999
 20
326777.6600000001
 10
-72229.0
 20
326708.32
 10
-72313.44
 20
323933.34
 10
-72397.82
 20
321158.35
 10
-72482.11999999999
 20
318383.39
 10
-72566.41000000001
 20
315608.43
 10
-72650.61
 20
312833.46
 10
-72734.80000000001
 20
310058.5200000001
 10
-72818.89
 20
307283.58
 10
-72902.97
 20
304508.6400000001
 10
-72986.97999999999
 20
301733.73
 10
-73070.95
 20
298958.83
 10
-75347.24
 20
299027.96
 10
-77623.55
 20
299097.68
 10
-79899.89
 20
299167.95
 10
-82176.24
 20
299238.83
 10
-84452.59
 20
299310.2700000001
 10
-86729.0
 20
299382.2900000001
 10
-89005.39
 20
299454.87
 10
-91281.80999999999
 20
299528.04
 10
-93558.28999999999
 20
299601.79
 10
-95834.74999999999
 20
299676.12
 10
-95743.74999999999
 20
302451.24
 10
-95652.74
 20
305226.39
 10
-95561.63000000001
 20
308001.5300000001
 10
-95470.48
 20
310776.69
 10
-95379.30000000001
 20
313551.85
 10
-95288.03999999999
 20
316327.0300000001
 10
-95196.71999999999
 20
319102.21
 10
-95105.32000000001
 20
321877.4000000001
 10
-95013.92
 20
324652.59
  0
LWPOLYLINE
  5
2EC
330
2
100
AcDbEntity
  8
G50
  6
Continuous
100
AcDbPolyline
 90
       40
 70
     1
 43
0.0
 10
-86895.14
 20
93865.16999999999
 10
-84568.08999999999
 20
93796.45
 10
-82241.05000000001
 20
93728.28
 10
-79914.03
 20
93660.68
 10
-77587.03999999999
 20
93593.64000000001
 10
-75260.07
 20
93527.17
 10
-72933.12
 20
93461.25
 10
-70606.19
 20
93395.89
 10
-68279.27999999999
 20
93331.09
 10
-65952.39
 20
93266.86
 10
-63625.46
 20
93206.19
 10
-63701.06999999999
 20
90429.06
 10
-63776.57
 20
87654.92999999999
 10
-63852.03
 20
84880.82
 10
-63927.43
 20
82106.70999999999
 10
-64002.79
 20
79332.61
 10
-64078.09
 20
76558.53
 10
-64153.33999999999
 20
73784.44
 10
-64228.55
 20
71010.36999999999
 10
-64303.69
 20
68236.3
 10
-64378.79
 20
65462.25
 10
-66712.33
 20
65525.67999999999
 10
-69045.88
 20
65589.67999999999
 10
-71379.46000000001
 20
65654.22
 10
-73713.05999999999
 20
65719.33
 10
-76046.67999999999
 20
65785.0
 10
-78380.30999999999
 20
65851.23000000001
 10
-80713.97000000001
 20
65918.01999999999
 10
-83047.64999999999
 20
65985.36
 10
-85381.35999999999
 20
66053.26999999999
 10
-87715.08
 20
66121.73000000001
 10
-87633.34
 20
68896.03
 10
-87551.53999999999
 20
71670.36
 10
-87469.67999999998
 20
74444.67999999999
 10
-87387.77
 20
77219.00999999999
 10
-87305.80000000001
 20
79993.35000000001
 10
-87223.78
 20
82767.7
 10
-87141.69999999999
 20
85542.06
 10
-87059.57000000001
 20
88316.42
 10
-86977.38000000001
 20
91090.79000000001
  0
LWPOLYLINE
  5
2ED
330
2
100
AcDbEntity
  8
G50
  6
Continuous
100
AcDbPolyline
 90
       40
 70
     1
 43
0.0
 10
-47979.82
 20
381544.18
 10
-45724.92
 20
381480.8
 10
-43470.04
 20
381418.01
 10
-41215.18
 20
381355.8
 10
-38960.33
 20
381294.1700000001
 10
-36705.49
 20
381233.1
 10
-34450.67
 20
381172.63
 10
-32195.86
 20
381112.74
 10
-29941.07
 20
381053.43
 10
-27686.28
 20
380994.7000000001
 10
-25431.51
 20
380936.5300000001
 10
-25502.71
 20
378161.74
 10
-25573.85
 20
375386.96
 10
-25644.95
 20
372612.18
 10
-25716.01
 20
369837.42
 10
-25787.03
 20
367062.67
 10
-25858.0
 20
364287.92
 10
-25928.94
 20
361513.18
 10
-25999.82
 20
358738.46
 10
-26070.67
 20
355963.74
 10
-26141.48
 20
353189.0300000001
 10
-28403.35
 20
353247.0200000001
 10
-30665.25
 20
353305.58
 10
-32927.16
 20
353364.72
 10
-35189.08
 20
353424.4500000001
 10
-37451.02
 20
353484.74
 10
-39712.97
 20
353545.62
 10
-41974.93
 20
353607.08
 10
-44236.91999999999
 20
353669.11
 10
-46498.91
 20
353731.73
 10
-48760.91999999999
 20
353794.9200000001
 10
-48683.01999999999
 20
356569.81
 10
-48605.07
 20
359344.7000000001
 10
-48527.08999999999
 20
362119.6
 10
-48449.05
 20
364894.5200000001
 10
-48370.95999999999
 20
367669.4400000001
 10
-48292.82
 20
370444.36
 10
-48214.65
 20
373219.3
 10
-48136.41
 20
375994.2500000001
 10
-48058.13999999999
 20
378769.22
  0
LWPOLYLINE
  5
2EE
330
2
100
AcDbEntity
  8
G50
  6
Continuous
100
AcDbPolyline
 90
       40
 70
     1
 43
0.0
 10
-25431.51
 20
380936.5300000001
 10
-23176.76
 20
380878.96
 10
-20922.02
 20
380821.97
 10
-18667.3
 20
380765.55
 10
-16412.58
 20
380709.72
 10
-14157.88
 20
380654.46
 10
-11903.18
 20
380599.79
 10
-9648.510000000001
 20
380545.68
 10
-7393.84
 20
380492.17
 10
-5139.19
 20
380439.23
 10
-2884.55
 20
380386.8700000001
 10
-2948.62
 20
377612.23
 10
-3012.63
 20
374837.6
 10
-3076.62
 20
372062.99
 10
-3140.56
 20
369288.39
 10
-3204.46
 20
366513.78
 10
-3268.32
 20
363739.2000000001
 10
-3332.15
 20
360964.62
 10
-3395.94
 20
358190.05
 10
-3459.69
 20
355415.5
 10
-3523.39
 20
352640.94
 10
-5785.149999999999
 20
352693.1500000001
 10
-8046.91
 20
352745.93
 10
-10308.69
 20
352799.3
 10
-12570.47
 20
352853.24
 10
-14832.27
 20
352907.76
 10
-17094.09
 20
352962.85
 10
-19355.91
 20
353018.5400000001
 10
-21617.76
 20
353074.78
 10
-23879.6
 20
353131.62
 10
-26141.48
 20
353189.0300000001
 10
-26070.67
 20
355963.74
 10
-25999.82
 20
358738.46
 10
-25928.94
 20
361513.18
 10
-25858.0
 20
364287.92
 10
-25787.03
 20
367062.67
 10
-25716.01
 20
369837.42
 10
-25644.95
 20
372612.18
 10
-25573.85
 20
375386.96
 10
-25502.71
 20
378161.74
  0
LWPOLYLINE
  5
2EF
330
2
100
AcDbEntity
  8
G50
  6
Continuous
100
AcDbPolyline
 90
       40
 70
     1
 43
0.0
 10
-2884.55
 20
380386.8700000001
 10
-629.9299999999999
 20
380335.09
 10
1624.69
 20
380283.8900000001
 10
3879.3
 20
380233.27
 10
6133.89
 20
380183.23
 10
8388.469999999999
 20
380133.7700000001
 10
10643.04
 20
380084.89
 10
12897.59
 20
380036.58
 10
15152.15
 20
379988.86
 10
17406.68
 20
379941.71
 10
19661.21
 20
379895.1500000001
 10
19604.27
 20
377120.65
 10
19547.38
 20
374346.16
 10
19490.51
 20
371571.69
 10
19433.68
 20
368797.22
 10
19376.89
 20
366022.7600000001
 10
19320.13
 20
363248.32
 10
19263.4
 20
360473.8800000001
 10
19206.71
 20
357699.46
 10
19150.06
 20
354925.04
 10
19093.43
 20
352150.6400000001
 10
16831.8
 20
352197.07
 10
14570.16
 20
352244.07
 10
12308.5
 20
352291.6600000001
 10
10046.84
 20
352339.83
 10
7785.160000000001
 20
352388.5700000001
 10
5523.47
 20
352437.89
 10
3261.78
 20
352487.78
 10
1000.07
 20
352538.27
 10
-1261.66
 20
352589.32
 10
-3523.39
 20
352640.94
 10
-3459.69
 20
355415.5
 10
-3395.94
 20
358190.05
 10
-3332.15
 20
360964.62
 10
-3268.32
 20
363739.2000000001
 10
-3204.46
 20
366513.78
 10
-3140.56
 20
369288.39
 10
-3076.62
 20
372062.99
 10
-3012.63
 20
374837.6
 10
-2948.62
 20
377612.23
  0
LWPOLYLINE
  5
2F0
330
2
100
AcDbEntity
  8
G50
  6
Continuous
100
AcDbPolyline
 90
       40
 70
     1
 43
0.0
 10
19661.21
 20
379895.1500000001
 10
21915.72
 20
379849.16
 10
24170.22
 20
379803.75
 10
26424.72
 20
379758.92
 10
28679.2
 20
379714.68
 10
30933.67
 20
379671.01
 10
33188.14
 20
379627.92
 10
35442.59
 20
379585.4000000001
 10
37697.04
 20
379543.47
 10
39951.48
 20
379502.11
 10
42205.89
 20
379461.3400000001
 10
42156.08999999999
 20
376686.9600000001
 10
42106.3
 20
373912.6000000001
 10
42056.56
 20
371138.25
 10
42006.85
 20
368363.91
 10
41957.15
 20
365589.57
 10
41907.49
 20
362815.26
 10
41857.87
 20
360040.95
 10
41808.26999999999
 20
357266.65
 10
41758.69999999999
 20
354492.36
 10
41709.16
 20
351718.08
 10
39447.64
 20
351758.74
 10
37186.1
 20
351799.98
 10
34924.55
 20
351841.78
 10
32663.0
 20
351884.18
 10
30401.43
 20
351927.14
 10
28139.85
 20
351970.68
 10
25878.27
 20
352014.8000000001
 10
23616.66
 20
352059.5
 10
21355.06
 20
352104.78
 10
19093.43
 20
352150.6400000001
 10
19150.06
 20
354925.04
 10
19206.71
 20
357699.46
 10
19263.4
 20
360473.8800000001
 10
19320.13
 20
363248.32
 10
19376.89
 20
366022.7600000001
 10
19433.68
 20
368797.22
 10
19490.51
 20
371571.69
 10
19547.38
 20
374346.16
 10
19604.27
 20
377120.65
  0
LWPOLYLINE
  5
2F1
330
2
100
AcDbEntity
  8
G50
  6
Continuous
100
AcDbPolyline
 90
       40
 70
     1
 43
0.0
 10
40724.78
 20
296234.7
 10
43000.37
 20
296194.86
 10
45275.95999999999
 20
296155.59
 10
47551.52999999999
 20
296116.9100000001
 10
49827.08999999999
 20
296078.78
 10
52102.64
 20
296041.24
 10
54378.19
 20
296004.2700000001
 10
56653.72
 20
295967.87
 10
58929.24999999999
 20
295932.0400000001
 10
61204.77
 20
295896.7900000001
 10
63480.28
 20
295862.11
 10
63438.36
 20
293088.18
 10
63396.48
 20
290314.24
 10
63354.62
 20
287540.32
 10
63312.79
 20
284766.4100000001
 10
63270.99
 20
281992.5
 10
63229.19999999999
 20
279218.61
 10
63187.45999999999
 20
276444.74
 10
63145.72
 20
273670.87
 10
63104.02999999999
 20
270897.01
 10
63062.33999999999
 20
268123.1600000001
 10
60779.87
 20
268157.73
 10
58497.38
 20
268192.87
 10
56214.88
 20
268228.58
 10
53932.38
 20
268264.86
 10
51649.87
 20
268301.72
 10
49367.33999999999
 20
268339.1500000001
 10
47084.8
 20
268377.1500000001
 10
44802.24999999999
 20
268415.72
 10
42519.7
 20
268454.86
 10
40237.14
 20
268494.57
 10
40285.76
 20
271268.5400000001
 10
40334.41999999999
 20
274042.5200000001
 10
40383.1
 20
276816.5
 10
40431.82999999999
 20
279590.5
 10
40480.58
 20
282364.51
 10
40529.34999999999
 20
285138.53
 10
40578.16
 20
287912.56
 10
40627.01
 20
290686.59
 10
40675.87999999999
 20
293460.64
  0
LWPOLYLINE
  5
2F2
330
2
100
AcDbEntity
  8
G50
  6
Continuous
100
AcDbPolyline
 90
       40
 70
     1
 43
0.0
 10
39752.54
 20
240755.49
 10
42042.04
 20
240715.9
 10
44331.51999999999
 20
240676.88
 10
46620.99
 20
240638.44
 10
48910.46
 20
240600.56
 10
51199.91
 20
240563.25
 10
53489.34999999999
 20
240526.51
 10
55778.79
 20
240490.35
 10
58068.22
 20
240454.75
 10
60357.63
 20
240419.73
 10
62647.04
 20
240385.28
 10
62605.65
 20
237611.55
 10
62564.28
 20
234837.83
 10
62522.95
 20
232064.12
 10
62481.64
 20
229290.42
 10
62440.36
 20
226516.72
 10
62399.11
 20
223743.05
 10
62357.88
 20
220969.38
 10
62316.66999999999
 20
218195.73
 10
62275.48999999999
 20
215422.08
 10
62234.34
 20
212648.45
 10
59938.05
 20
212682.78
 10
57641.76
 20
212717.7
 10
55345.44
 20
212753.17
 10
53049.12999999999
 20
212789.22
 10
50752.8
 20
212825.84
 10
48456.47
 20
212863.02
 10
46160.11
 20
212900.77
 10
43863.75
 20
212939.09
 10
41567.37999999999
 20
212977.98
 10
39271.0
 20
213017.43
 10
39319.02
 20
215791.19
 10
39367.06
 20
218564.97
 10
39415.14
 20
221338.74
 10
39463.25
 20
224112.54
 10
39511.39
 20
226886.33
 10
39559.56
 20
229660.14
 10
39607.76
 20
232433.96
 10
39655.99
 20
235207.79
 10
39704.25
 20
237981.63
  0
LWPOLYLINE
  5
2F3
330
2
100
AcDbEntity
  8
G50
  6
Continuous
100
AcDbPolyline
 90
       40
 70
     1
 43
0.0
 10
39271.0
 20
213017.43
 10
41567.37999999999
 20
212977.98
 10
43863.75
 20
212939.09
 10
46160.11
 20
212900.77
 10
48456.47
 20
212863.02
 10
50752.8
 20
212825.84
 10
53049.12999999999
 20
212789.22
 10
55345.44
 20
212753.17
 10
57641.76
 20
212717.7
 10
59938.05
 20
212682.78
 10
62234.34
 20
212648.45
 10
62193.22
 20
209874.82
 10
62152.12
 20
207101.21
 10
62111.05
 20
204327.61
 10
62069.98999999999
 20
201554.01
 10
62028.97
 20
198780.43
 10
61987.98
 20
196006.86
 10
61947.02
 20
193233.29
 10
61906.08
 20
190459.74
 10
61865.16000000001
 20
187686.21
 10
61824.27999999999
 20
184912.68
 10
59521.13999999999
 20
184946.9
 10
57218.01
 20
184981.7
 10
54914.86
 20
185017.05
 10
52611.71
 20
185052.98
 10
50308.53
 20
185089.46
 10
48005.36
 20
185126.52
 10
45702.16
 20
185164.15
 10
43398.97
 20
185202.33
 10
41095.75
 20
185241.09
 10
38792.53
 20
185280.41
 10
38840.24
 20
188054.07
 10
38887.97
 20
190827.74
 10
38935.75
 20
193601.41
 10
38983.55
 20
196375.1
 10
39031.38
 20
199148.79
 10
39079.24
 20
201922.5
 10
39127.13
 20
204696.21
 10
39175.06
 20
207469.94
 10
39223.01
 20
210243.68
  0
LWPOLYLINE
  5
2F4
330
2
100
AcDbEntity
  8
G50
  6
Continuous
100
AcDbPolyline
 90
       40
 70
     1
 43
0.0
 10
40237.14
 20
268494.57
 10
42519.7
 20
268454.86
 10
44802.24999999999
 20
268415.72
 10
47084.8
 20
268377.1500000001
 10
49367.33999999999
 20
268339.1500000001
 10
51649.87
 20
268301.72
 10
53932.38
 20
268264.86
 10
56214.88
 20
268228.58
 10
58497.38
 20
268192.87
 10
60779.87
 20
268157.73
 10
63062.33999999999
 20
268123.1600000001
 10
63020.69999999999
 20
265349.32
 10
62979.07
 20
262575.5
 10
62937.48
 20
259801.69
 10
62895.91
 20
257027.88
 10
62854.36
 20
254254.09
 10
62812.85
 20
251480.3
 10
62771.35
 20
248706.53
 10
62729.88999999999
 20
245932.76
 10
62688.44999999999
 20
243159.0100000001
 10
62647.04
 20
240385.28
 10
60357.63
 20
240419.73
 10
58068.22
 20
240454.75
 10
55778.79
 20
240490.35
 10
53489.34999999999
 20
240526.51
 10
51199.91
 20
240563.25
 10
48910.46
 20
240600.56
 10
46620.99
 20
240638.44
 10
44331.51999999999
 20
240676.88
 10
42042.04
 20
240715.9
 10
39752.54
 20
240755.49
 10
39800.86
 20
243529.35
 10
39849.22
 20
246303.22
 10
39897.6
 20
249077.11
 10
39946.01
 20
251851.0
 10
39994.46
 20
254624.9
 10
40042.93
 20
257398.82
 10
40091.42999999999
 20
260172.74
 10
40139.97
 20
262946.68
 10
40188.54
 20
265720.62
  0
LWPOLYLINE
  5
2F5
330
2
100
AcDbEntity
  8
G50
  6
Continuous
100
AcDbPolyline
 90
       40
 70
     1
 43
0.0
 10
41709.16
 20
351718.08
 10
43970.69
 20
351677.99
 10
46232.19
 20
351638.49
 10
48493.69999999999
 20
351599.5700000001
 10
50755.18
 20
351561.22
 10
53016.66
 20
351523.45
 10
55278.14
 20
351486.25
 10
57539.6
 20
351449.64
 10
59801.06
 20
351413.59
 10
62062.48999999999
 20
351378.13
 10
64323.94
 20
351343.24
 10
64281.5
 20
348569.08
 10
64239.1
 20
345794.94
 10
64196.73
 20
343020.8
 10
64154.37
 20
340246.68
 10
64112.04
 20
337472.56
 10
64069.75
 20
334698.46
 10
64027.48
 20
331924.36
 10
63985.22
 20
329150.2800000001
 10
63943.0
 20
326376.2000000001
 10
63900.8
 20
323602.1400000001
 10
61632.30999999999
 20
323636.9200000001
 10
59363.80999999999
 20
323672.29
 10
57095.3
 20
323708.22
 10
54826.76999999999
 20
323744.73
 10
52558.25
 20
323781.81
 10
50289.71
 20
323819.48
 10
48021.16
 20
323857.71
 10
45752.6
 20
323896.51
 10
43484.03
 20
323935.9
 10
41215.46
 20
323975.87
 10
41264.69
 20
326750.0400000001
 10
41313.96
 20
329524.23
 10
41363.25
 20
332298.42
 10
41412.57
 20
335072.62
 10
41461.94
 20
337846.84
 10
41511.31
 20
340621.06
 10
41560.74
 20
343395.3000000001
 10
41610.18
 20
346169.55
 10
41659.66
 20
348943.81
  0
LWPOLYLINE
  5
2F6
330
2
100
AcDbEntity
  8
G50
  6
Continuous
100
AcDbPolyline
 90
       40
 70
     1
 43
0.0
 10
41215.46
 20
323975.87
 10
43484.03
 20
323935.9
 10
45752.6
 20
323896.51
 10
48021.16
 20
323857.71
 10
50289.71
 20
323819.48
 10
52558.25
 20
323781.81
 10
54826.76999999999
 20
323744.73
 10
57095.3
 20
323708.22
 10
59363.80999999999
 20
323672.29
 10
61632.30999999999
 20
323636.9200000001
 10
63900.8
 20
323602.1400000001
 10
63858.64
 20
320828.1
 10
63816.49
 20
318054.06
 10
63774.37999999999
 20
315280.0300000001
 10
63732.28
 20
312506.0100000001
 10
63690.22
 20
309732.0
 10
63648.18
 20
306958.0
 10
63606.16
 20
304184.01
 10
63564.17
 20
301410.0400000001
 10
63522.21
 20
298636.07
 10
63480.28
 20
295862.11
 10
61204.77
 20
295896.7900000001
 10
58929.24999999999
 20
295932.0400000001
 10
56653.72
 20
295967.87
 10
54378.19
 20
296004.2700000001
 10
52102.64
 20
296041.24
 10
49827.08999999999
 20
296078.78
 10
47551.52999999999
 20
296116.9100000001
 10
45275.95999999999
 20
296155.59
 10
43000.37
 20
296194.86
 10
40724.78
 20
296234.7
 10
40773.71
 20
299008.7700000001
 10
40822.66999999999
 20
301782.85
 10
40871.66
 20
304556.94
 10
40920.68
 20
307331.04
 10
40969.74
 20
310105.15
 10
41018.81999999999
 20
312879.27
 10
41067.94
 20
315653.4000000001
 10
41117.08
 20
318427.55
 10
41166.24999999999
 20
321201.7
  0
LWPOLYLINE
  5
2F7
330
2
100
AcDbEntity
  8
G50
  6
Continuous
100
AcDbPolyline
 90
       40
 70
     1
 43
0.0
 10
42205.89
 20
379461.3400000001
 10
44460.30999999999
 20
379421.14
 10
46714.71
 20
379381.5300000001
 10
48969.12
 20
379342.48
 10
51223.49999999999
 20
379304.0300000001
 10
53477.88
 20
379266.14
 10
55732.26
 20
379228.84
 10
57986.62
 20
379192.12
 10
60240.97
 20
379155.98
 10
62495.31
 20
379120.4
 10
64749.65
 20
379085.41
 10
64706.97
 20
376311.15
 10
64664.3
 20
373536.9000000001
 10
64621.66
 20
370762.6500000001
 10
64579.05
 20
367988.41
 10
64536.47
 20
365214.2000000001
 10
64493.91
 20
362439.98
 10
64451.38
 20
359665.7800000001
 10
64408.87
 20
356891.59
 10
64366.39
 20
354117.4100000001
 10
64323.94
 20
351343.24
 10
62062.48999999999
 20
351378.13
 10
59801.06
 20
351413.59
 10
57539.6
 20
351449.64
 10
55278.14
 20
351486.25
 10
53016.66
 20
351523.45
 10
50755.18
 20
351561.22
 10
48493.69999999999
 20
351599.5700000001
 10
46232.19
 20
351638.49
 10
43970.69
 20
351677.99
 10
41709.16
 20
351718.08
 10
41758.69999999999
 20
354492.36
 10
41808.26999999999
 20
357266.65
 10
41857.87
 20
360040.95
 10
41907.49
 20
362815.26
 10
41957.15
 20
365589.57
 10
42006.85
 20
368363.91
 10
42056.56
 20
371138.25
 10
42106.3
 20
373912.6000000001
 10
42156.08999999999
 20
376686.9600000001
  0
LWPOLYLINE
  5
2F8
330
2
100
AcDbEntity
  8
G50
  6
Continuous
100
AcDbPolyline
 90
       40
 70
     1
 43
0.0
 10
47337.27
 20
656952.1999999999
 10
49518.31
 20
656911.02
 10
51699.34999999999
 20
656870.42
 10
53880.37999999999
 20
656830.42
 10
56061.41
 20
656791.01
 10
58242.43
 20
656752.2
 10
60423.45
 20
656713.9799999999
 10
62604.45999999999
 20
656676.3400000001
 10
64785.47
 20
656639.31
 10
66966.46000000001
 20
656602.87
 10
69147.44999999999
 20
656567.0200000001
 10
69102.22
 20
653791.6600000001
 10
69057.02
 20
651016.3100000001
 10
69011.83999999999
 20
648240.98
 10
68966.69
 20
645465.65
 10
68921.55999999999
 20
642690.3299999999
 10
68876.45
 20
639915.0300000001
 10
68831.36999999999
 20
637139.74
 10
68786.32000000001
 20
634364.4499999999
 10
68741.28999999999
 20
631589.1800000001
 10
68696.28999999999
 20
628813.92
 10
66507.77
 20
628849.6999999999
 10
64319.25
 20
628886.07
 10
62130.72
 20
628923.0200000001
 10
59942.19
 20
628960.58
 10
57753.65
 20
628998.71
 10
55565.1
 20
629037.45
 10
53376.55
 20
629076.77
 10
51187.98
 20
629116.69
 10
48999.42
 20
629157.2
 10
46810.85
 20
629198.3
 10
46863.34999999999
 20
631973.64
 10
46915.9
 20
634748.99
 10
46968.45999999999
 20
637524.3600000001
 10
47021.05999999999
 20
640299.73
 10
47073.69
 20
643075.12
 10
47126.34999999999
 20
645850.51
 10
47179.02999999999
 20
648625.9100000001
 10
47231.74
 20
651401.3300000001
 10
47284.49
 20
654176.76
  0
LWPOLYLINE
  5
2F9
330
2
100
AcDbEntity
  8
G50
  6
Continuous
100
AcDbPolyline
 90
       40
 70
     1
 43
0.0
 10
45249.18
 20
545943.0600000001
 10
47460.08
 20
545902.24
 10
49670.97
 20
545861.99
 10
51881.87
 20
545822.3400000001
 10
54092.75
 20
545783.2800000001
 10
56303.61
 20
545744.8000000001
 10
58514.48
 20
545706.9199999999
 10
60725.34
 20
545669.61
 10
62936.19
 20
545632.9
 10
65147.02999999999
 20
545596.78
 10
67357.87
 20
545561.24
 10
67313.66
 20
542786.3300000002
 10
67269.44999999999
 20
540011.4099999999
 10
67225.28
 20
537236.52
 10
67181.13
 20
534461.6300000001
 10
67137.02
 20
531686.75
 10
67092.92
 20
528911.89
 10
67048.85
 20
526137.04
 10
67004.80999999999
 20
523362.2
 10
66960.77999999999
 20
520587.37
 10
66916.78999999999
 20
517812.5399999999
 10
64698.59999999999
 20
517848.0
 10
62480.39
 20
517884.03
 10
60262.19
 20
517920.66
 10
58043.97
 20
517957.87
 10
55825.75
 20
517995.66
 10
53607.51999999999
 20
518034.0499999999
 10
51389.29
 20
518073.0200000001
 10
49171.04
 20
518112.58
 10
46952.79
 20
518152.72
 10
44734.53
 20
518193.45
 10
44785.85999999999
 20
520968.36
 10
44837.23
 20
523743.29
 10
44888.62
 20
526518.22
 10
44940.03
 20
529293.17
 10
44991.49
 20
532068.13
 10
45042.97
 20
534843.1
 10
45094.48
 20
537618.0700000001
 10
45146.01
 20
540393.0500000001
 10
45197.58999999999
 20
543168.06
  0
LWPOLYLINE
  5
2FA
330
2
100
AcDbEntity
  8
G50
  6
Continuous
100
AcDbPolyline
 90
       40
 70
     1
 43
0.0
 10
44222.83999999999
 20
490444.91
 10
46448.41999999999
 20
490404.28
 10
48673.98
 20
490364.24
 10
50899.54
 20
490324.78
 10
53125.08999999999
 20
490285.9
 10
55350.63
 20
490247.61
 10
57576.16999999999
 20
490209.91
 10
59801.71
 20
490172.79
 10
62027.23
 20
490136.26
 10
64252.73999999999
 20
490100.31
 10
66478.24
 20
490064.95
 10
66434.53
 20
487290.24
 10
66390.85
 20
484515.56
 10
66347.17999999999
 20
481740.88
 10
66303.53999999999
 20
478966.21
 10
66259.92999999999
 20
476191.5499999999
 10
66216.35000000001
 20
473416.9
 10
66172.77999999999
 20
470642.27
 10
66129.25
 20
467867.64
 10
66085.74
 20
465093.03
 10
66042.25
 20
462318.4300000001
 10
63809.47
 20
462353.71
 10
61576.69
 20
462389.5599999999
 10
59343.89
 20
462426.0
 10
57111.09999999999
 20
462463.03
 10
54878.29
 20
462500.64
 10
52645.47
 20
462538.83
 10
50412.63999999999
 20
462577.6
 10
48179.80999999999
 20
462616.97
 10
45946.95999999999
 20
462656.9
 10
43714.12
 20
462697.4299999999
 10
43764.84999999999
 20
465472.13
 10
43815.62999999999
 20
468246.84
 10
43866.42
 20
471021.56
 10
43917.23999999999
 20
473796.29
 10
43968.1
 20
476571.0399999999
 10
44018.99
 20
479345.7899999999
 10
44069.9
 20
482120.56
 10
44120.85
 20
484895.33
 10
44171.83
 20
487670.12
  0
LWPOLYLINE
  5
2FB
330
2
100
AcDbEntity
  8
G50
  6
Continuous
 62
     1
100
AcDbPolyline
 90
       40
 70
     1
 43
0.0
 10
43208.38
 20
434951.01
 10
45448.45999999999
 20
434910.59
 10
47688.54
 20
434870.76
 10
49928.59
 20
434831.49
 10
52168.65
 20
434792.8200000001
 10
54408.7
 20
434754.73
 10
56648.74
 20
434717.22
 10
58888.76999999999
 20
434680.3
 10
61128.8
 20
434643.96
 10
63368.80999999999
 20
434608.19
 10
65608.82000000001
 20
434573.0099999999
 10
65565.61
 20
431798.53
 10
65522.44
 20
429024.05
 10
65479.29
 20
426249.59
 10
65436.16
 20
423475.15
 10
65393.06999999999
 20
420700.7100000001
 10
65349.99
 20
417926.27
 10
65306.93
 20
415151.86
 10
65263.92
 20
412377.45
 10
65220.91999999999
 20
409603.06
 10
65177.95
 20
406828.67
 10
62930.76
 20
406863.75
 10
60683.55
 20
406899.4299999999
 10
58436.33999999999
 20
406935.67
 10
56189.13
 20
406972.5
 10
53941.9
 20
407009.9
 10
51694.67
 20
407047.9
 10
49447.41999999999
 20
407086.46
 10
47200.17
 20
407125.61
 10
44952.91
 20
407165.34
 10
42705.63
 20
407205.6500000001
 10
42755.78
 20
409980.13
 10
42805.94999999999
 20
412754.64
 10
42856.13999999999
 20
415529.15
 10
42906.37
 20
418303.67
 10
42956.63
 20
421078.2
 10
43006.91999999999
 20
423852.74
 10
43057.24999999999
 20
426627.3
 10
43107.59
 20
429401.8499999999
 10
43157.96999999999
 20
432176.43
  0
LWPOLYLINE
  5
2FC
330
2
100
AcDbEntity
  8
G50
  6
Continuous
100
AcDbPolyline
 90
       40
 70
     1
 43
0.0
 10
43714.12
 20
462697.4299999999
 10
45946.95999999999
 20
462656.9
 10
48179.80999999999
 20
462616.97
 10
50412.63999999999
 20
462577.6
 10
52645.47
 20
462538.83
 10
54878.29
 20
462500.64
 10
57111.09999999999
 20
462463.03
 10
59343.89
 20
462426.0
 10
61576.69
 20
462389.5599999999
 10
63809.47
 20
462353.71
 10
66042.25
 20
462318.4300000001
 10
65998.78999999999
 20
459543.84
 10
65955.37
 20
456769.2599999999
 10
65911.94999999999
 20
453994.69
 10
65868.57000000001
 20
451220.14
 10
65825.22
 20
448445.59
 10
65781.89
 20
445671.04
 10
65738.58
 20
442896.53
 10
65695.3
 20
440122.01
 10
65652.03999999999
 20
437347.5
 10
65608.82000000001
 20
434573.0099999999
 10
63368.80999999999
 20
434608.19
 10
61128.8
 20
434643.96
 10
58888.76999999999
 20
434680.3
 10
56648.74
 20
434717.22
 10
54408.7
 20
434754.73
 10
52168.65
 20
434792.8200000001
 10
49928.59
 20
434831.49
 10
47688.54
 20
434870.76
 10
45448.45999999999
 20
434910.59
 10
43208.38
 20
434951.01
 10
43258.82
 20
437725.61
 10
43309.29
 20
440500.2099999999
 10
43359.79
 20
443274.83
 10
43410.32
 20
446049.45
 10
43460.87
 20
448824.09
 10
43511.47
 20
451598.74
 10
43562.08
 20
454373.39
 10
43612.73
 20
457148.06
 10
43663.41
 20
459922.74
  0
LWPOLYLINE
  5
2FD
330
2
100
AcDbEntity
  8
G50
  6
Continuous
100
AcDbPolyline
 90
       40
 70
     1
 43
0.0
 10
44734.53
 20
518193.45
 10
46952.79
 20
518152.72
 10
49171.04
 20
518112.58
 10
51389.29
 20
518073.0200000001
 10
53607.51999999999
 20
518034.0499999999
 10
55825.75
 20
517995.66
 10
58043.97
 20
517957.87
 10
60262.19
 20
517920.66
 10
62480.39
 20
517884.03
 10
64698.59999999999
 20
517848.0
 10
66916.78999999999
 20
517812.5399999999
 10
66872.82
 20
515037.73
 10
66828.88000000001
 20
512262.94
 10
66784.96
 20
509488.15
 10
66741.07000000001
 20
506713.38
 10
66697.19999999999
 20
503938.6
 10
66653.36
 20
501163.85
 10
66609.53999999999
 20
498389.1100000001
 10
66565.75
 20
495614.38
 10
66521.99
 20
492839.65
 10
66478.24
 20
490064.95
 10
64252.73999999999
 20
490100.31
 10
62027.23
 20
490136.26
 10
59801.71
 20
490172.79
 10
57576.16999999999
 20
490209.91
 10
55350.63
 20
490247.61
 10
53125.08999999999
 20
490285.9
 10
50899.54
 20
490324.78
 10
48673.98
 20
490364.24
 10
46448.41999999999
 20
490404.28
 10
44222.83999999999
 20
490444.91
 10
44273.87
 20
493219.72
 10
44324.94
 20
495994.5300000001
 10
44376.03
 20
498769.36
 10
44427.15
 20
501544.2
 10
44478.30999999999
 20
504319.05
 10
44529.5
 20
507093.91
 10
44580.71
 20
509868.78
 10
44631.94999999999
 20
512643.66
 10
44683.23
 20
515418.55
  0
LWPOLYLINE
  5
2FE
330
2
100
AcDbEntity
  8
G50
  6
Continuous
100
AcDbPolyline
 90
       40
 70
     1
 43
0.0
 10
46287.34999999999
 20
601445.48
 10
48483.41
 20
601404.47
 10
50679.46
 20
601364.0500000001
 10
52875.51
 20
601324.21
 10
55071.54
 20
601284.98
 10
57267.57
 20
601246.3200000001
 10
59463.59
 20
601208.26
 10
61659.62
 20
601170.8000000001
 10
63855.63
 20
601133.92
 10
66051.64
 20
601097.62
 10
68247.63
 20
601061.93
 10
68202.89999999999
 20
598286.7900000001
 10
68158.2
 20
595511.66
 10
68113.53
 20
592736.55
 10
68068.86999999999
 20
589961.4399999999
 10
68024.25
 20
587186.3400000001
 10
67979.64
 20
584411.26
 10
67935.07
 20
581636.19
 10
67890.50999999999
 20
578861.13
 10
67845.99
 20
576086.0700000001
 10
67801.49
 20
573311.03
 10
65598.05
 20
573346.6599999999
 10
63394.59999999999
 20
573382.86
 10
61191.15
 20
573419.6599999999
 10
58987.69
 20
573457.0500000001
 10
56784.23
 20
573495.02
 10
54580.76
 20
573533.5900000001
 10
52377.26999999999
 20
573572.74
 10
50173.79
 20
573612.49
 10
47970.3
 20
573652.8200000001
 10
45766.8
 20
573693.74
 10
45818.72
 20
576468.87
 10
45870.67
 20
579244.0
 10
45922.65
 20
582019.15
 10
45974.66
 20
584794.3100000001
 10
46026.69999999999
 20
587569.48
 10
46078.78
 20
590344.6500000001
 10
46130.88
 20
593119.85
 10
46183.0
 20
595895.0500000001
 10
46235.16
 20
598670.26
  0
LWPOLYLINE
  5
2FF
330
2
100
AcDbEntity
  8
G50
  6
Continuous
100
AcDbPolyline
 90
       40
 70
     1
 43
0.0
 10
45766.8
 20
573693.74
 10
47970.3
 20
573652.8200000001
 10
50173.79
 20
573612.49
 10
52377.26999999999
 20
573572.74
 10
54580.76
 20
573533.5900000001
 10
56784.23
 20
573495.02
 10
58987.69
 20
573457.0500000001
 10
61191.15
 20
573419.6599999999
 10
63394.59999999999
 20
573382.86
 10
65598.05
 20
573346.6599999999
 10
67801.49
 20
573311.03
 10
67757.00999999999
 20
570536.01
 10
67712.56
 20
567760.99
 10
67668.14
 20
564985.99
 10
67623.74000000001
 20
562210.99
 10
67579.37
 20
559436.0
 10
67535.02000000001
 20
556661.03
 10
67490.69
 20
553886.07
 10
67446.39
 20
551111.11
 10
67402.11999999999
 20
548336.1699999999
 10
67357.87
 20
545561.24
 10
65147.02999999999
 20
545596.78
 10
62936.19
 20
545632.9
 10
60725.34
 20
545669.61
 10
58514.48
 20
545706.9199999999
 10
56303.61
 20
545744.8000000001
 10
54092.75
 20
545783.2800000001
 10
51881.87
 20
545822.3400000001
 10
49670.97
 20
545861.99
 10
47460.08
 20
545902.24
 10
45249.18
 20
545943.0600000001
 10
45300.81
 20
548718.08
 10
45352.47
 20
551493.11
 10
45404.16
 20
554268.15
 10
45455.87
 20
557043.21
 10
45507.62999999999
 20
559818.2600000001
 10
45559.39
 20
562593.34
 10
45611.19999999999
 20
565368.4199999999
 10
45663.03
 20
568143.5200000001
 10
45714.9
 20
570918.62
  0
LWPOLYLINE
  5
300
330
2
100
AcDbEntity
  8
G50
  6
Continuous
100
AcDbPolyline
 90
       40
 70
     1
 43
0.0
 10
46810.85
 20
629198.3
 10
48999.42
 20
629157.2
 10
51187.98
 20
629116.69
 10
53376.55
 20
629076.77
 10
55565.1
 20
629037.45
 10
57753.65
 20
628998.71
 10
59942.19
 20
628960.58
 10
62130.72
 20
628923.0200000001
 10
64319.25
 20
628886.07
 10
66507.77
 20
628849.6999999999
 10
68696.28999999999
 20
628813.92
 10
68651.3
 20
626038.6700000001
 10
68606.36
 20
623263.4299999999
 10
68561.42999999999
 20
620488.2099999999
 10
68516.52
 20
617712.99
 10
68471.64999999999
 20
614937.7900000001
 10
68426.78999999999
 20
612162.5900000001
 10
68381.96
 20
609387.4099999999
 10
68337.16
 20
606612.2299999999
 10
68292.38000000001
 20
603837.0800000001
 10
68247.63
 20
601061.93
 10
66051.64
 20
601097.62
 10
63855.63
 20
601133.92
 10
61659.62
 20
601170.8000000001
 10
59463.59
 20
601208.26
 10
57267.57
 20
601246.3200000001
 10
55071.54
 20
601284.98
 10
52875.51
 20
601324.21
 10
50679.46
 20
601364.0500000001
 10
48483.41
 20
601404.47
 10
46287.34999999999
 20
601445.48
 10
46339.57
 20
604220.72
 10
46391.81999999999
 20
606995.96
 10
46444.08999999999
 20
609771.22
 10
46496.4
 20
612546.48
 10
46548.73
 20
615321.7600000001
 10
46601.1
 20
618097.05
 10
46653.48999999999
 20
620872.3400000001
 10
46705.91
 20
623647.6500000001
 10
46758.36
 20
626422.98
  0
TEXT
  5
301
330
2
100
AcDbEntity
  8
N50000
 62
     7
100
AcDbText
 10
47788.63
 20
249050.86
 30
0.0
 40
1528.44
  1
34702
 50
358.86
  7
GHS
100
AcDbText
  0
TEXT
  5
302
330
2
100
AcDbEntity
  8
T50000
100
AcDbText
 10
46933.32768314377
 20
252479.4489781116
 30
0.0
 40
4000.0
  1
순천
 50
358.86
  7
GHS
 72
     4
 11
51389.74
 21
254432.84
 31
0.0
100
AcDbText
  0
TEXT
  5
303
330
2
100
AcDbEntity
  8
N50000
 62
     7
100
AcDbText
 10
47306.48
 20
221312.69
 30
0.0
 40
1528.44
  1
34706
 50
358.86
  7
GHS
100
AcDbText
  0
TEXT
  5
304
330
2
100
AcDbEntity
  8
T50000
100
AcDbText
 10
46283.87400545533
 20
224745.0548848963
 30
0.0
 40
4000.0
  1
고흥
 50
358.86
  7
GHS
 72
     4
 11
50906.91999999999
 21
226695.13
 31
0.0
100
AcDbText
  0
TEXT
  5
305
330
2
100
AcDbEntity
  8
N50000
 62
     7
100
AcDbText
 10
46827.4
 20
193575.54
 30
0.0
 40
1528.44
  1
34710
 50
358.87
  7
GHS
100
AcDbText
  0
TEXT
  5
306
330
2
100
AcDbEntity
  8
T50000
100
AcDbText
 10
45805.2861340986
 20
197049.2266043323
 30
0.0
 40
4000.0
  1
손죽
 50
358.87
  7
GHS
 72
     4
 11
50427.16999999999
 21
198958.45
 31
0.0
100
AcDbText
  0
TEXT
  5
307
330
2
100
AcDbEntity
  8
N50000
 62
     7
100
AcDbText
 10
46351.37999999999
 20
165839.44
 30
0.0
 40
1528.44
  1
34714
 50
358.88
  7
GHS
100
AcDbText
  0
TEXT
  5
308
330
2
100
AcDbEntity
  8
T50000
100
AcDbText
 10
45162.29460183001
 20
169316.0277029619
 30
0.0
 40
4000.0
  1
거문
 50
358.88
  7
GHS
 72
     4
 11
49950.48
 21
171222.8
 31
0.0
100
AcDbText
  0
TEXT
  5
309
330
2
100
AcDbEntity
  8
N50000
 62
     7
100
AcDbText
 10
48273.85
 20
276790.08
 30
0.0
 40
1528.44
  1
35714
 50
358.85
  7
GHS
100
AcDbText
  0
TEXT
  5
30A
330
2
100
AcDbEntity
  8
T50000
100
AcDbText
 10
47295.56449255841
 20
280304.8220890928
 30
0.0
 40
4000.0
  1
구례
 50
358.85
  7
GHS
 72
     4
 11
51875.62
 21
282171.61
 31
0.0
100
AcDbText
  0
TEXT
  5
30B
330
2
100
AcDbEntity
  8
N50000
100
AcDbText
 10
48762.08
 20
304530.35
 30
0.0
 40
1528.44
  1
35710
 50
358.84
  7
GHS
100
AcDbText
  0
TEXT
  5
30C
330
2
100
AcDbEntity
  8
T50000
100
AcDbText
 10
47740.79358249282
 20
307962.9487511505
 30
0.0
 40
4000.0
  1
남원
 50
358.84
  7
GHS
 72
     4
 11
52364.51999999999
 21
309911.4100000001
 31
0.0
100
AcDbText
  0
TEXT
  5
30D
330
2
100
AcDbEntity
  8
T50000
100
AcDbText
 10
48233.5771006698
 20
335745.4668786671
 30
0.0
 40
4000.0
  1
임실
 50
358.84
  7
GHS
 72
     4
 11
52856.45999999999
 21
337652.2700000001
 31
0.0
100
AcDbText
  0
TEXT
  5
30E
330
2
100
AcDbEntity
  8
T50000
100
AcDbText
 10
48477.41570431354
 20
363451.6305065937
 30
0.0
 40
4000.0
  1
진안
 50
358.83
  7
GHS
 72
     4
 11
53351.43
 21
365394.18
 31
0.0
100
AcDbText
  0
TEXT
  5
30F
330
2
100
AcDbEntity
  8
T50000
100
AcDbText
 10
49141.69806184667
 20
391192.0089739286
 30
0.0
 40
4000.0
  1
금산
 50
358.82
  7
GHS
 72
     4
 11
53849.41999999999
 21
393137.1400000001
 31
0.0
100
AcDbText
  0
LWPOLYLINE
  5
310
330
2
100
AcDbEntity
  8
G50
  6
Continuous
100
AcDbPolyline
 90
       40
 70
     1
 43
0.0
 10
42705.63
 20
407205.6500000001
 10
44952.91
 20
407165.34
 10
47200.17
 20
407125.61
 10
49447.41999999999
 20
407086.46
 10
51694.67
 20
407047.9
 10
53941.9
 20
407009.9
 10
56189.13
 20
406972.5
 10
58436.33999999999
 20
406935.67
 10
60683.55
 20
406899.4299999999
 10
62930.76
 20
406863.75
 10
65177.95
 20
406828.67
 10
65135.0
 20
404054.3
 10
65092.08
 20
401279.94
 10
65049.19
 20
398505.5800000001
 10
65006.32
 20
395731.24
 10
64963.48
 20
392956.91
 10
64920.66
 20
390182.5900000001
 10
64877.87
 20
387408.2800000001
 10
64835.11
 20
384633.98
 10
64792.37
 20
381859.7
 10
64749.65
 20
379085.41
 10
62495.31
 20
379120.4
 10
60240.97
 20
379155.98
 10
57986.62
 20
379192.12
 10
55732.26
 20
379228.84
 10
53477.88
 20
379266.14
 10
51223.49999999999
 20
379304.0300000001
 10
48969.12
 20
379342.48
 10
46714.71
 20
379381.5300000001
 10
44460.30999999999
 20
379421.14
 10
42205.89
 20
379461.3400000001
 10
42255.73999999999
 20
382235.72
 10
42305.61
 20
385010.1200000001
 10
42355.49999999999
 20
387784.52
 10
42405.43
 20
390558.9300000001
 10
42455.38999999999
 20
393333.36
 10
42505.37999999999
 20
396107.79
 10
42555.4
 20
398882.24
 10
42605.44999999999
 20
401656.7000000001
 10
42655.52999999999
 20
404431.1599999999
  0
LWPOLYLINE
  5
311
330
2
100
AcDbEntity
  8
G50
  6
Continuous
100
AcDbPolyline
 90
       40
 70
     1
 43
0.0
 10
38792.53
 20
185280.41
 10
41095.75
 20
185241.09
 10
43398.97
 20
185202.33
 10
45702.16
 20
185164.15
 10
48005.36
 20
185126.52
 10
50308.53
 20
185089.46
 10
52611.71
 20
185052.98
 10
54914.86
 20
185017.05
 10
57218.01
 20
184981.7
 10
59521.13999999999
 20
184946.9
 10
61824.27999999999
 20
184912.68
 10
61783.41
 20
182139.16
 10
61742.56999999999
 20
179365.65
 10
61701.76999999999
 20
176592.15
 10
61660.98
 20
173818.67
 10
61620.23
 20
171045.19
 10
61579.49
 20
168271.72
 10
61538.8
 20
165498.27
 10
61498.11
 20
162724.82
 10
61457.47
 20
159951.39
 10
61416.83999999999
 20
157177.96
 10
59106.91
 20
157212.07
 10
56796.99
 20
157246.75
 10
54487.04
 20
157281.97
 10
52177.09
 20
157317.78
 10
49867.12
 20
157354.14
 10
47557.14
 20
157391.07
 10
45247.16
 20
157428.56
 10
42937.16
 20
157466.62
 10
40627.15
 20
157505.24
 10
38317.13
 20
157544.42
 10
38364.53
 20
160317.98
 10
38411.96
 20
163091.53
 10
38459.43
 20
165865.11
 10
38506.92
 20
168638.69
 10
38554.45
 20
171412.29
 10
38602.0
 20
174185.89
 10
38649.58000000001
 20
176959.5
 10
38697.2
 20
179733.13
 10
38744.85
 20
182506.76
  0
LWPOLYLINE
  5
3F4
330
2
100
AcDbEntity
  8
0
100
AcDbPolyline
 90
        4
 70
     1
 43
0.0
 10
30152.66621723983
 20
471998.7558669338
 10
33584.89086778879
 20
471998.7558669338
 10
33584.89086778879
 20
468685.5334589369
 10
30152.66621723983
 20
468685.5334589369
  0
ENDSEC
  0
SECTION
  2
OBJECTS
  0
DICTIONARY
  5
9
330
0
100
AcDbDictionary
281
     1
  3
ACAD_CIP_PREVIOUS_PRODUCT_INFO
350
3D4
  3
ACAD_COLOR
350
3B0
  3
ACAD_DETAILVIEWSTYLE
350
3C9
  3
ACAD_GROUP
350
27
  3
ACAD_LAST_SAVED_VERSION_INFO
350
401
  3
ACAD_LAYOUT
350
F
  3
ACAD_MATERIAL
350
37E
  3
ACAD_MLEADERSTYLE
350
3C5
  3
ACAD_MLINESTYLE
350
28
  3
ACAD_PLOTSETTINGS
350
29
  3
ACAD_PLOTSTYLENAME
350
8
  3
ACAD_SCALELIST
350
3B3
  3
ACAD_SECTIONVIEWSTYLE
350
3C7
  3
ACAD_TABLESTYLE
350
3B1
  3
ACAD_VISUALSTYLE
350
397
  3
ACDB_RECOMPOSE_DATA
350
497
  3
ACDBVARIABLEDICTIONARY
350
312
  3
AcDsDecomposeData
350
49E
  3
ADE_QUERY_LIBRARY
350
340
  3
ASE_INDEX_DICTIONARY
350
372
  3
Autodesk_MAP
350
3CF
  3
DWGPROPS
350
498
1001
ADE_PROJECTION
1000
Kor129
1001
ADE
1000
ADE02C004
1000
[Query]
1000
CaseSensitiveMatch=0
1000
SaveCurrQueryInSession=1
1000
MkSelSetWithQryObj=0
1000
ShowBlockAsInsPt=0
1000
CreateAssociativeHatchObjects=0
1000
ReferenceBoundaryForAreaLocation=1
1000
ShowImageAsBoundary=1
1000
DefaultJoinOperator=2
1000
ColorForAdd=red
1000
ColorForRemove=red
1000
BlockLocnForQuery=1
1000
TextLocnForQuery=1
1000
IncludeAllObjectsInGroups=0
1000
AlwaysUseLibraryDefinitions=0
1000
PreviewDefinitionsFrom=2
1000
[Save Back]
1000
RedefineBlockDefinitions=1
1000
RedefineLayerDefinitions=1
1000
RedefineTextStyleDefinitions=1
1000
RemoveUnusedGroups=1
1000
EraseSavedBackObjects=1
1000
RemoveLockAfterSave=1
1000
CreateHistoryFileOfChanges=0
1000
CreateBackupFileOfSourceDwg=1
1000
DontAddObjectsToSaveSet=0
1000
MarkObjectsForEditingWithoutPrompting=0
1000
FdoDontAddObjsToSvSet=0
1000
FdoEditWithoutPrompt=1
1000
FdoRemUnusedGrps=1
1000
FdoEraseSvdBkObjs=1
1000
FdoRemoveLockOnSave=1
1000
FdoTesselationMaxPointsDistance=0
1000
FdoTesselationMaxCurvesDistance=0
1000
[Coordinate Transformation]
1000
RestoreLastActiveDwgsOnStartup=1
1000
ActivateDwgsOnAttach=1
1000
AdjustSizesAndScalesForChangesInUnits=1
1000
AdjustRotationsForMapDistortions=1
1000
AdjustSizesAndScalesForMapDistortions=1
1000
AdjustElevations=1
1000
AdjustZeroRotationObjects=1
1000
ReconnectDbOnWSOpen=1
1000
NoOfSQLConditionsInHistory=10
  0
DICTIONARY
  5
17
330
16
100
AcDbDictionary
280
     1
281
     1
  3
ACAD_LAYERSTATES
360
18
  0
DICTIONARY
  5
402
330
6
100
AcDbDictionary
280
     1
281
     1
  3
ADSK_XREC_LAYER_RECONCILED
360
403
  0
DICTIONARY
  5
404
330
35
100
AcDbDictionary
280
     1
281
     1
  3
ADSK_XREC_LAYER_RECONCILED
360
405
  0
DICTIONARY
  5
406
330
2D
100
AcDbDictionary
280
     1
281
     1
  3
ADSK_XREC_LAYER_RECONCILED
360
407
  0
DICTIONARY
  5
408
330
30
100
AcDbDictionary
280
     1
281
     1
  3
ADSK_XREC_LAYER_RECONCILED
360
409
  0
DICTIONARY
  5
3
330
2
100
AcDbDictionary
280
     1
281
     1
  3
ACAD_LAYOUTSELFREF
360
366
  3
ACAD_SORTENTS
360
3E1
  0
DICTIONARY
  5
11
330
10
100
AcDbDictionary
280
     1
281
     1
  3
ACAD_LAYOUTSELFREF
360
369
  0
XRECORD
  5
3D4
102
{ACAD_REACTORS
330
9
102
}
330
9
100
AcDbXrecord
280
     1
300
ACD
300
2026
300

  0
DICTIONARY
  5
3B0
102
{ACAD_REACTORS
330
9
102
}
330
9
100
AcDbDictionary
281
     1
  0
DICTIONARY
  5
3C9
102
{ACAD_REACTORS
330
9
102
}
330
9
100
AcDbDictionary
281
     1
  3
Imperial24
350
3EB
  3
Metric50
350
3CA
  0
DICTIONARY
  5
27
102
{ACAD_REACTORS
330
9
102
}
330
9
100
AcDbDictionary
281
     1
  0
XRECORD
  5
401
102
{ACAD_REACTORS
330
9
102
}
330
9
100
AcDbXrecord
280
     1
300
{BDBE133C-F91B-1E4A-ACA7-97134001F94E}
301
{4023D20F-9452-8445-8B68-708C3E49E6E1}
302
{BDBE133C-F91B-1E4A-ACA7-97134001F94E}
303
C:\a\east_50k.dxf
301
{C15372C3-5047-CD4C-8DA4-560700FEF804}
302
{A8191A58-4167-8146-9AD3-BED4FE6237E4}
303
E:\기타\#설치파일\00-kor_index\KOR_INDEX_동부_50K_육십만.dwg
  0
DICTIONARY
  5
F
102
{ACAD_REACTORS
330
9
102
}
330
9
100
AcDbDictionary
281
     1
  3
Layout1
350
33D
  3
Model
350
33C
  0
DICTIONARY
  5
37E
102
{ACAD_REACTORS
330
9
102
}
330
9
100
AcDbDictionary
281
     1
  3
ByBlock
350
387
  3
ByLayer
350
37F
  3
Global
350
38F
  0
DICTIONARY
  5
3C5
102
{ACAD_REACTORS
330
9
102
}
330
9
100
AcDbDictionary
281
     1
  3
Standard
350
3C6
  0
DICTIONARY
  5
28
102
{ACAD_REACTORS
330
9
102
}
330
9
100
AcDbDictionary
281
     1
  3
STANDARD
350
2A
  0
DICTIONARY
  5
29
102
{ACAD_REACTORS
330
9
102
}
330
9
100
AcDbDictionary
281
     1
  0
ACDBDICTIONARYWDFLT
  5
8
102
{ACAD_REACTORS
330
9
102
}
330
9
100
AcDbDictionary
281
     1
  3
Normal
350
7
100
AcDbDictionaryWithDefault
340
7
  0
DICTIONARY
  5
3B3
102
{ACAD_REACTORS
330
9
102
}
330
9
100
AcDbDictionary
281
     1
  3
A0
350
3B4
  3
A1
350
3B5
  3
A2
350
3B6
  3
A3
350
3B7
  3
A4
350
3B8
  3
A5
350
3B9
  3
A6
350
3BA
  3
A7
350
3BB
  3
A8
350
3BC
  3
A9
350
3BD
  3
B0
350
3BE
  3
B1
350
3BF
  3
B2
350
3C0
  3
B3
350
3C1
  3
B4
350
3C2
  3
B5
350
3C3
  3
B6
350
3C4
  0
DICTIONARY
  5
3C7
102
{ACAD_REACTORS
330
9
102
}
330
9
100
AcDbDictionary
281
     1
  3
Imperial24
350
3EA
  3
Metric50
350
3C8
  0
DICTIONARY
  5
3B1
102
{ACAD_REACTORS
330
9
102
}
330
9
100
AcDbDictionary
281
     1
  3
Legend
350
3DA
  3
Standard
350
3B2
  0
DICTIONARY
  5
397
102
{ACAD_REACTORS
330
9
102
}
330
9
100
AcDbDictionary
281
     1
  3
2dWireframe
350
39D
  3
Basic
350
39C
  3
Brighten
350
3A3
  3
ColorChange
350
3A7
  3
Conceptual
350
3A0
  3
Dim
350
3A2
  3
EdgeColorOff
350
3AF
  3
Facepattern
350
3A6
  3
Flat
350
398
  3
FlatWithEdges
350
399
  3
Gouraud
350
39A
  3
GouraudWithEdges
350
39B
  3
Hidden
350
39F
  3
JitterOff
350
3AD
  3
Linepattern
350
3A5
  3
OverhangOff
350
3AE
  3
Realistic
350
3A1
  3
Shaded
350
3AC
  3
Shaded with edges
350
3AB
  3
Shades of Gray
350
3A8
  3
Sketchy
350
3A9
  3
Thicken
350
3A4
  3
Wireframe
350
39E
  3
X-Ray
350
3AA
  0
XRECORD
  5
497
102
{ACAD_REACTORS
330
9
102
}
330
9
100
AcDbXrecord
280
     1
 90
        1
330
3B2
330
3DA
  0
DICTIONARY
  5
312
102
{ACAD_REACTORS
330
9
102
}
330
9
100
AcDbDictionary
281
     1
  3
CANNOSCALE
350
417
  3
CMLEADERSTYLE
350
413
  3
CTABLESTYLE
350
412
  3
CVIEWDETAILSTYLE
350
414
  3
CVIEWSECTIONSTYLE
350
415
  3
DIMASSOC
350
314
  3
HIDETEXT
350
313
  3
INDEXCTL
350
43F
  3
LAYEREVAL
350
419
  3
LAYERNOTIFY
350
41A
  3
LIGHTINGUNITS
350
418
  3
MSLTSCALE
350
416
  3
SORTENTS
350
43E
  3
XCLIPFRAME
350
440
  0
DICTIONARY
  5
49E
102
{ACAD_REACTORS
330
9
102
}
330
9
100
AcDbDictionary
281
     1
  3
AcDsRecords
350
4A0
  3
AcDsSchemas
350
49F
1001
ACAD
1070
     2
  0
DICTIONARY
  5
340
102
{ACAD_REACTORS
330
9
102
}
330
9
100
AcDbDictionary
281
     1
  3
_CurrQry
350
42F
  0
DICTIONARY
  5
372
102
{ACAD_REACTORS
330
9
102
}
330
9
100
AcDbDictionary
281
     1
  3
ASEBlockHierarchyIndexRecord
350
374
1001
DCO15
1040
-2138722862.0
  0
DICTIONARY
  5
3CF
102
{ACAD_REACTORS
330
9
102
}
330
9
100
AcDbDictionary
281
     1
  3
AcMapDMStylizedEntities
350
3E2
  3
AcMapResourceManager
350
3D5
  3
MAP_DISPLAY_CUSTOMOBJ_REG_TABLE
350
3D3
  3
MAP_DISPLAY_MANAGEMENT_DICTIONARY
350
3D0
  3
MAP_DISPLAY_STYLELIBRARY_DICTIONARY
350
3D1
  3
MAP_RESOURCE_VERSION_MANAGEMENT_DICTIONARY
350
3E4
1001
MapGWS
1000
C:\ProgramData\Autodesk\Autodesk AutoCAD Map 3D 2024\R24.3\MapCache\KOR_INDEX_동부_50K_육십만GWS.xml
  0
XRECORD
  5
498
102
{ACAD_REACTORS
330
9
102
}
330
9
100
AcDbXrecord
280
     1
  1
DWGPROPS COOKIE
  2

  3

  4

  6

  7

  8
geo03
  9

300
=
301
=
302
=
303
=
304
=
305
=
306
=
307
=
308
=
309
=
 40
0.0360365162037037
 41
2455166.927974537
 42
2461280.559074074
  1

 90
        0
  0
DICTIONARY
  5
18
102
{ACAD_REACTORS
330
17
102
}
330
17
100
AcDbDictionary
281
     1
  0
XRECORD
  5
403
102
{ACAD_REACTORS
330
402
102
}
330
402
100
AcDbXrecord
280
     1
290
     1
  0
XRECORD
  5
405
102
{ACAD_REACTORS
330
404
102
}
330
404
100
AcDbXrecord
280
     1
290
     1
  0
XRECORD
  5
407
102
{ACAD_REACTORS
330
406
102
}
330
406
100
AcDbXrecord
280
     1
290
     1
  0
XRECORD
  5
409
102
{ACAD_REACTORS
330
408
102
}
330
408
100
AcDbXrecord
280
     1
290
     1
  0
XRECORD
  5
366
102
{ACAD_REACTORS
330
3
102
}
330
3
100
AcDbXrecord
280
     1
340
2
  0
SORTENTSTABLE
  5
3E1
102
{ACAD_REACTORS
330
3
102
}
330
3
100
AcDbSortentsTable
330
2
  0
XRECORD
  5
369
102
{ACAD_REACTORS
330
11
102
}
330
11
100
AcDbXrecord
280
     1
340
10
  0
ACDBDETAILVIEWSTYLE
  5
3EB
102
{ACAD_XDICTIONARY
360
4E3
102
}
102
{ACAD_REACTORS
330
3C9
102
}
330
3C9
100
AcDbModelDocViewStyle
 70
     0
  3
Imperial24
290
     0
100
AcDbDetailViewStyle
 70
     0
 71
     0
 90
        3
 71
     1
340
1A
 40
0.24
340
0
 40
0.24
300

 40
0.36
280
     3
 71
     2
340
C
 90
       25
 71
     3
340
1A
 40
0.24
 90
        1
 40
0.75
 90
        1
300
%<\AcVar ViewType \f "%tc1">% %<\AcVar ViewDetailId>%\PSCALE %<\AcVar ViewScale \f "%sn">%
 71
     4
340
C
 90
       25
340
C
 90
       25
280
     0
  0
ACDBDETAILVIEWSTYLE
  5
3CA
102
{ACAD_XDICTIONARY
360
4DE
102
}
102
{ACAD_REACTORS
330
3C9
102
}
330
3C9
100
AcDbModelDocViewStyle
 70
     0
  3
Metric50
290
     0
100
AcDbDetailViewStyle
 70
     0
 71
     0
 90
        3
 71
     1
340
1A
 40
5.0
340
0
 40
5.0
300

 40
0.0
280
     1
 71
     2
340
C
 90
       25
 71
     3
340
1A
 40
5.0
 90
        0
 40
15.0
 90
        1
300
%<\AcVar ViewDetailId>% (%<\AcVar ViewScale \f "%sn">%)
 71
     4
340
C
 90
       25
340
C
 90
       25
280
     0
  0
LAYOUT
  5
33D
102
{ACAD_XDICTIONARY
360
4A3
102
}
102
{ACAD_REACTORS
330
F
102
}
330
F
100
AcDbPlotSettings
  1

  2
Microsoft Office Document Image Writer
  4

  6

 40
0.0
 41
0.0
 42
0.0
 43
0.0
 44
0.0
 45
0.0
 46
0.0
 47
0.0
 48
0.0
 49
0.0
140
0.0
141
0.0
142
1.0
143
1.0
 70
   688
 72
     0
 73
     0
 74
     5
  7

 75
    16
147
1.0
148
0.0
149
0.0
100
AcDbLayout
  1
Layout1
 70
     1
 71
     1
 10
0.0
 20
0.0
 11
12.0
 21
9.0
 12
0.0
 22
0.0
 32
0.0
 14
0.0
 24
0.0
 34
0.0
 15
0.0
 25
0.0
 35
0.0
146
0.0
 13
0.0
 23
0.0
 33
0.0
 16
1.0
 26
0.0
 36
0.0
 17
0.0
 27
1.0
 37
0.0
 76
     0
330
10
  0
LAYOUT
  5
33C
102
{ACAD_XDICTIONARY
360
4A1
102
}
102
{ACAD_REACTORS
330
F
102
}
330
F
100
AcDbPlotSettings
  1

  2
Microsoft Office Document Image Writer
  4

  6

 40
0.0
 41
0.0
 42
0.0
 43
0.0
 44
0.0
 45
0.0
 46
0.0
 47
0.0
 48
0.0
 49
0.0
140
0.0
141
0.0
142
1.0
143
1.0
 70
  1712
 72
     0
 73
     0
 74
     0
  7

 75
     0
147
1.0
148
0.0
149
0.0
100
AcDbLayout
  1
Model
 70
     1
 71
     0
 10
0.0
 20
0.0
 11
12.0
 21
9.0
 12
0.0
 22
0.0
 32
0.0
 14
0.0
 24
0.0
 34
0.0
 15
0.0
 25
0.0
 35
0.0
146
0.0
 13
0.0
 23
0.0
 33
0.0
 16
1.0
 26
0.0
 36
0.0
 17
0.0
 27
1.0
 37
0.0
 76
     0
330
2
331
37C
  0
MATERIAL
  5
387
102
{ACAD_XDICTIONARY
360
388
102
}
102
{ACAD_REACTORS
330
37E
102
}
330
37E
100
AcDbMaterial
  1
ByBlock
 72
     0
 43
0.0008202099737533
 43
0.0
 43
0.0
 43
0.0
 43
0.0
 43
0.0008202099737533
 43
0.0
 43
0.0
 43
0.0
 43
0.0
 43
1.0
 43
0.0
 43
0.0
 43
0.0
 43
0.0
 43
1.0
 77
     0
 47
0.0008202099737533
 47
0.0
 47
0.0
 47
0.0
 47
0.0
 47
0.0008202099737533
 47
0.0
 47
0.0
 47
0.0
 47
0.0
 47
1.0
 47
0.0
 47
0.0
 47
0.0
 47
0.0
 47
1.0
171
     0
 49
0.0008202099737533
 49
0.0
 49
0.0
 49
0.0
 49
0.0
 49
0.0008202099737533
 49
0.0
 49
0.0
 49
0.0
 49
0.0
 49
1.0
 49
0.0
 49
0.0
 49
0.0
 49
0.0
 49
1.0
175
     0
142
0.0008202099737533
142
0.0
142
0.0
142
0.0
142
0.0
142
0.0008202099737533
142
0.0
142
0.0
142
0.0
142
0.0
142
1.0
142
0.0
142
0.0
142
0.0
142
0.0
142
1.0
179
     0
144
0.0008202099737533
144
0.0
144
0.0
144
0.0
144
0.0
144
0.0008202099737533
144
0.0
144
0.0
144
0.0
144
0.0
144
1.0
144
0.0
144
0.0
144
0.0
144
0.0
144
1.0
147
0.0008202099737533
147
0.0
147
0.0
147
0.0
147
0.0
147
0.0008202099737533
147
0.0
147
0.0
147
0.0
147
0.0
147
1.0
147
0.0
147
0.0
147
0.0
147
0.0
147
1.0
  0
MATERIAL
  5
37F
102
{ACAD_XDICTIONARY
360
380
102
}
102
{ACAD_REACTORS
330
37E
102
}
330
37E
100
AcDbMaterial
  1
ByLayer
 72
     0
 43
0.0008202099737533
 43
0.0
 43
0.0
 43
0.0
 43
0.0
 43
0.0008202099737533
 43
0.0
 43
0.0
 43
0.0
 43
0.0
 43
1.0
 43
0.0
 43
0.0
 43
0.0
 43
0.0
 43
1.0
 77
     0
 47
0.0008202099737533
 47
0.0
 47
0.0
 47
0.0
 47
0.0
 47
0.0008202099737533
 47
0.0
 47
0.0
 47
0.0
 47
0.0
 47
1.0
 47
0.0
 47
0.0
 47
0.0
 47
0.0
 47
1.0
171
     0
 49
0.0008202099737533
 49
0.0
 49
0.0
 49
0.0
 49
0.0
 49
0.0008202099737533
 49
0.0
 49
0.0
 49
0.0
 49
0.0
 49
1.0
 49
0.0
 49
0.0
 49
0.0
 49
0.0
 49
1.0
175
     0
142
0.0008202099737533
142
0.0
142
0.0
142
0.0
142
0.0
142
0.0008202099737533
142
0.0
142
0.0
142
0.0
142
0.0
142
1.0
142
0.0
142
0.0
142
0.0
142
0.0
142
1.0
179
     0
144
0.0008202099737533
144
0.0
144
0.0
144
0.0
144
0.0
144
0.0008202099737533
144
0.0
144
0.0
144
0.0
144
0.0
144
1.0
144
0.0
144
0.0
144
0.0
144
0.0
144
1.0
147
0.0008202099737533
147
0.0
147
0.0
147
0.0
147
0.0
147
0.0008202099737533
147
0.0
147
0.0
147
0.0
147
0.0
147
1.0
147
0.0
147
0.0
147
0.0
147
0.0
147
1.0
  0
MATERIAL
  5
38F
102
{ACAD_XDICTIONARY
360
390
102
}
102
{ACAD_REACTORS
330
37E
102
}
330
37E
100
AcDbMaterial
  1
Global
 72
     0
 43
0.0008202099737533
 43
0.0
 43
0.0
 43
0.0
 43
0.0
 43
0.0008202099737533
 43
0.0
 43
0.0
 43
0.0
 43
0.0
 43
1.0
 43
0.0
 43
0.0
 43
0.0
 43
0.0
 43
1.0
 77
     0
 47
0.0008202099737533
 47
0.0
 47
0.0
 47
0.0
 47
0.0
 47
0.0008202099737533
 47
0.0
 47
0.0
 47
0.0
 47
0.0
 47
1.0
 47
0.0
 47
0.0
 47
0.0
 47
0.0
 47
1.0
171
     0
 49
0.0008202099737533
 49
0.0
 49
0.0
 49
0.0
 49
0.0
 49
0.0008202099737533
 49
0.0
 49
0.0
 49
0.0
 49
0.0
 49
1.0
 49
0.0
 49
0.0
 49
0.0
 49
0.0
 49
1.0
175
     0
142
0.0008202099737533
142
0.0
142
0.0
142
0.0
142
0.0
142
0.0008202099737533
142
0.0
142
0.0
142
0.0
142
0.0
142
1.0
142
0.0
142
0.0
142
0.0
142
0.0
142
1.0
179
     0
144
0.0008202099737533
144
0.0
144
0.0
144
0.0
144
0.0
144
0.0008202099737533
144
0.0
144
0.0
144
0.0
144
0.0
144
1.0
144
0.0
144
0.0
144
0.0
144
0.0
144
1.0
147
0.0008202099737533
147
0.0
147
0.0
147
0.0
147
0.0
147
0.0008202099737533
147
0.0
147
0.0
147
0.0
147
0.0
147
1.0
147
0.0
147
0.0
147
0.0
147
0.0
147
1.0
  0
MLEADERSTYLE
  5
3C6
102
{ACAD_XDICTIONARY
360
4DA
102
}
102
{ACAD_REACTORS
330
3C5
102
}
330
3C5
100
AcDbMLeaderStyle
170
     2
171
     1
172
     0
 90
        2
 40
0.0
 41
0.0
173
     1
 91
-1056964608
340
1D
 92
       -2
290
     1
 42
2.0
291
     1
 43
0.36
  3
Standard
 44
4.0
300

342
1A
174
     1
178
     6
175
     1
176
     0
 93
-1056964608
 45
4.0
292
     0
297
     0
 46
4.0
 94
-1056964608
 47
1.0
 49
1.0
140
1.0
293
     1
141
0.0
294
     1
177
     0
142
1.0
295
     0
296
     0
143
0.125
1001
ACAD_MLEADERVER
1070
     2
  0
MLINESTYLE
  5
2A
102
{ACAD_REACTORS
330
28
102
}
330
28
100
AcDbMlineStyle
  2
STANDARD
 70
     0
  3

 62
   256
 51
90.0
 52
90.0
 71
     2
 49
0.5
 62
   256
  6
BYLAYER
 49
-0.5
 62
   256
  6
BYLAYER
  0
ACDBPLACEHOLDER
  5
7
102
{ACAD_REACTORS
330
8
102
}
330
8
  0
SCALE
  5
3B4
102
{ACAD_REACTORS
330
3B3
102
}
330
3B3
100
AcDbScale
 70
     0
300
1:1
140
1.0
141
1.0
290
     1
  0
SCALE
  5
3B5
102
{ACAD_REACTORS
330
3B3
102
}
330
3B3
100
AcDbScale
 70
     0
300
1:2
140
1.0
141
2.0
290
     0
  0
SCALE
  5
3B6
102
{ACAD_REACTORS
330
3B3
102
}
330
3B3
100
AcDbScale
 70
     0
300
1:4
140
1.0
141
4.0
290
     0
  0
SCALE
  5
3B7
102
{ACAD_REACTORS
330
3B3
102
}
330
3B3
100
AcDbScale
 70
     0
300
1:5
140
1.0
141
5.0
290
     0
  0
SCALE
  5
3B8
102
{ACAD_REACTORS
330
3B3
102
}
330
3B3
100
AcDbScale
 70
     0
300
1:8
140
1.0
141
8.0
290
     0
  0
SCALE
  5
3B9
102
{ACAD_REACTORS
330
3B3
102
}
330
3B3
100
AcDbScale
 70
     0
300
1:10
140
1.0
141
10.0
290
     0
  0
SCALE
  5
3BA
102
{ACAD_REACTORS
330
3B3
102
}
330
3B3
100
AcDbScale
 70
     0
300
1:16
140
1.0
141
16.0
290
     0
  0
SCALE
  5
3BB
102
{ACAD_REACTORS
330
3B3
102
}
330
3B3
100
AcDbScale
 70
     0
300
1:20
140
1.0
141
20.0
290
     0
  0
SCALE
  5
3BC
102
{ACAD_REACTORS
330
3B3
102
}
330
3B3
100
AcDbScale
 70
     0
300
1:30
140
1.0
141
30.0
290
     0
  0
SCALE
  5
3BD
102
{ACAD_REACTORS
330
3B3
102
}
330
3B3
100
AcDbScale
 70
     0
300
1:40
140
1.0
141
40.0
290
     0
  0
SCALE
  5
3BE
102
{ACAD_REACTORS
330
3B3
102
}
330
3B3
100
AcDbScale
 70
     0
300
1:50
140
1.0
141
50.0
290
     0
  0
SCALE
  5
3BF
102
{ACAD_REACTORS
330
3B3
102
}
330
3B3
100
AcDbScale
 70
     0
300
1:100
140
1.0
141
100.0
290
     0
  0
SCALE
  5
3C0
102
{ACAD_REACTORS
330
3B3
102
}
330
3B3
100
AcDbScale
 70
     0
300
2:1
140
2.0
141
1.0
290
     0
  0
SCALE
  5
3C1
102
{ACAD_REACTORS
330
3B3
102
}
330
3B3
100
AcDbScale
 70
     0
300
4:1
140
4.0
141
1.0
290
     0
  0
SCALE
  5
3C2
102
{ACAD_REACTORS
330
3B3
102
}
330
3B3
100
AcDbScale
 70
     0
300
8:1
140
8.0
141
1.0
290
     0
  0
SCALE
  5
3C3
102
{ACAD_REACTORS
330
3B3
102
}
330
3B3
100
AcDbScale
 70
     0
300
10:1
140
10.0
141
1.0
290
     0
  0
SCALE
  5
3C4
102
{ACAD_REACTORS
330
3B3
102
}
330
3B3
100
AcDbScale
 70
     0
300
100:1
140
100.0
141
1.0
290
     0
  0
ACDBSECTIONVIEWSTYLE
  5
3EA
102
{ACAD_XDICTIONARY
360
4E1
102
}
102
{ACAD_REACTORS
330
3C7
102
}
330
3C7
100
AcDbModelDocViewStyle
 70
     0
  3
Imperial24
290
     0
100
AcDbSectionViewStyle
 70
     0
 71
     0
 90
       78
 71
     1
340
1A
 40
0.24
340
0
340
0
 40
0.24
300
I, O, Q, S, X, Z
 40
0.48
 90
        3
 40
0.18
 90
        1
 71
     2
340
C
 90
       25
340
C
 90
       50
 40
0.24
 40
0.0
 40
0.24
 71
     3
340
1A
 40
0.24
 90
        1
 40
0.75
 90
        1
300
%<\AcVar ViewType \f "%tc1">% %<\AcVar ViewSectionStartId>%-%<\AcVar ViewSectionEndId>%\PSCALE %<\AcVar ViewScale \f "%sn">%
 71
     4
300
ANSI31
 40
1.0
 90
        0
290
     0
290
     0
 90
        6
 40
0.0
 40
1.570796326794896
 40
0.2617993877991494
 40
1.308996938995747
 40
-0.2617993877991494
 40
1.832595714594046
  0
ACDBSECTIONVIEWSTYLE
  5
3C8
102
{ACAD_XDICTIONARY
360
4DC
102
}
102
{ACAD_REACTORS
330
3C7
102
}
330
3C7
100
AcDbModelDocViewStyle
 70
     0
  3
Metric50
290
     0
100
AcDbSectionViewStyle
 70
     0
 71
     0
 90
      102
 71
     1
340
1A
 40
5.0
340
0
340
0
 40
5.0
300
I, O, Q, S, X, Z
 40
10.0
 90
        0
 40
2.5
 90
        0
 71
     2
340
C
 90
       25
340
C
 90
       50
 40
5.0
 40
2.5
 40
5.0
 71
     3
340
1A
 40
5.0
 90
        0
 40
15.0
 90
        1
300
%<\AcVar ViewSectionStartId>%-%<\AcVar ViewSectionEndId>% (%<\AcVar ViewScale \f "%sn">%)
 71
     4
300
ANSI31
 40
1.0
 90
        0
290
     0
290
     0
 90
        6
 40
0.0
 40
1.570796326794896
 40
0.2617993877991494
 40
1.308996938995747
 40
-0.2617993877991494
 40
1.832595714594046
  0
TABLESTYLE
  5
3DA
102
{ACAD_XDICTIONARY
360
495
102
}
102
{ACAD_REACTORS
330
3B1
102
}
330
3B1
100
AcDbTableStyle
  3

 70
     0
 71
     3
 40
1.5
 41
1.5
280
     0
281
     0
  7
Legend
140
4.5
170
     4
 62
     0
 63
     7
283
     0
274
    -2
284
     0
 64
     0
275
    -2
285
     0
 65
     0
276
    -2
286
     0
 66
     0
277
    -2
287
     0
 67
     0
278
    -2
288
     0
 68
     0
279
    -2
289
     0
 69
     0
  7
Legend
140
6.0
170
     5
 62
     0
 63
     7
283
     0
274
    -2
284
     0
 64
     0
275
    -2
285
     0
 65
     0
276
    -2
286
     0
 66
     0
277
    -2
287
     0
 67
     0
278
    -2
288
     0
 68
     0
279
    -2
289
     0
 69
     0
  7
Legend
140
4.5
170
     4
 62
     0
 63
     7
283
     0
274
    -2
284
     0
 64
     0
275
    -2
285
     0
 65
     0
276
    -2
286
     0
 66
     0
277
    -2
287
     0
 67
     0
278
    -2
288
     0
 68
     0
279
    -2
289
     0
 69
     0
  0
TABLESTYLE
  5
3B2
102
{ACAD_XDICTIONARY
360
493
102
}
102
{ACAD_REACTORS
330
3B1
102
}
330
3B1
100
AcDbTableStyle
  3
Standard
 70
     0
 71
     0
 40
1.5
 41
1.5
280
     0
281
     0
  7
STANDARD
140
4.5
170
     2
 62
     0
 63
     7
283
     0
274
    -2
284
     1
 64
     0
275
    -2
285
     1
 65
     0
276
    -2
286
     1
 66
     0
277
    -2
287
     1
 67
     0
278
    -2
288
     1
 68
     0
279
    -2
289
     1
 69
     0
  7
STANDARD
140
6.0
170
     5
 62
     0
 63
     7
283
     0
274
    -2
284
     1
 64
     0
275
    -2
285
     1
 65
     0
276
    -2
286
     1
 66
     0
277
    -2
287
     1
 67
     0
278
    -2
288
     1
 68
     0
279
    -2
289
     1
 69
     0
  7
STANDARD
140
4.5
170
     5
 62
     0
 63
     7
283
     0
274
    -2
284
     1
 64
     0
275
    -2
285
     1
 65
     0
276
    -2
286
     1
 66
     0
277
    -2
287
     1
 67
     0
278
    -2
288
     1
 68
     0
279
    -2
289
     1
 69
     0
  0
VISUALSTYLE
  5
39D
102
{ACAD_XDICTIONARY
360
4B2
102
}
102
{ACAD_REACTORS
330
397
102
}
330
397
100
AcDbVisualStyle
  2
2dWireframe
 70
     4
 71
     0
 72
     2
 73
     0
 90
        0
 40
-0.6
 41
-30.0
 62
     5
 63
     7
 74
     1
 91
        4
 64
     7
 65
   257
 75
     1
175
     1
 42
1.0
 92
        0
 66
   257
 43
1.0
 76
     1
 77
     6
 78
     2
 67
     7
 79
     5
170
     0
171
     0
290
     0
174
     0
 93
        1
 44
0.0
173
     0
291
     0
 45
0.0
1001
ACAD
1000
AcDbSavedByObjectVersion
1070
     0
  0
VISUALSTYLE
  5
39C
102
{ACAD_XDICTIONARY
360
4B0
102
}
102
{ACAD_REACTORS
330
397
102
}
330
397
100
AcDbVisualStyle
  2
Basic
 70
     7
 71
     1
 72
     0
 73
     1
 90
        0
 40
-0.6
 41
-30.0
 62
     5
 63
     7
 74
     0
 91
        4
 64
     7
 65
   257
 75
     1
175
     1
 42
1.0
 92
        8
 66
     7
 43
1.0
 76
     1
 77
     6
 78
     2
 67
     7
 79
     5
170
     0
171
     0
290
     0
174
     0
 93
        1
 44
0.0
173
     0
291
     1
 45
0.0
1001
ACAD
1000
AcDbSavedByObjectVersion
1070
     0
  0
VISUALSTYLE
  5
3A3
102
{ACAD_XDICTIONARY
360
4BE
102
}
102
{ACAD_REACTORS
330
397
102
}
330
397
100
AcDbVisualStyle
  2
Brighten
 70
    12
 71
     2
 72
     2
 73
     0
 90
        0
 40
-0.6
 41
-30.0
 62
     5
 63
     7
 74
     1
 91
        4
 64
     7
 65
   257
 75
     1
175
     1
 42
1.0
 92
        8
 66
     7
 43
1.0
 76
     1
 77
     6
 78
     2
 67
     7
 79
     5
170
     0
171
     0
290
     0
174
     0
 93
        1
 44
50.0
173
     0
291
     1
 45
0.0
1001
ACAD
1000
AcDbSavedByObjectVersion
1070
     0
  0
VISUALSTYLE
  5
3A7
102
{ACAD_XDICTIONARY
360
4C6
102
}
102
{ACAD_REACTORS
330
397
102
}
330
397
100
AcDbVisualStyle
  2
ColorChange
 70
    16
 71
     2
 72
     2
 73
     3
 90
        0
 40
-0.6
 41
-30.0
 62
     5
 63
     8
 74
     1
 91
        4
 64
     7
 65
   257
 75
     1
175
     1
 42
1.0
 92
        8
 66
     8
 43
1.0
 76
     1
 77
     6
 78
     2
 67
     7
 79
     5
170
     0
171
     0
290
     0
174
     0
 93
        1
 44
0.0
173
     0
291
     1
 45
0.0
1001
ACAD
1000
AcDbSavedByObjectVersion
1070
     0
  0
VISUALSTYLE
  5
3A0
102
{ACAD_XDICTIONARY
360
4B8
102
}
102
{ACAD_REACTORS
330
397
102
}
330
397
100
AcDbVisualStyle
  2
Conceptual
 70
     9
 71
     3
 72
     2
 73
     0
 90
        0
 40
-0.6
 41
-30.0
 62
     5
 63
     7
 74
     2
 91
        2
 64
     7
 65
   257
 75
     1
175
     1
 42
179.0
 92
        8
 66
     7
 43
1.0
 76
     1
 77
     6
 78
     2
 67
     7
 79
     3
170
     0
171
     0
290
     0
174
     0
 93
        1
 44
0.0
173
     0
291
     0
 45
0.0
1001
ACAD
1000
AcDbSavedByObjectVersion
1070
     0
  0
VISUALSTYLE
  5
3A2
102
{ACAD_XDICTIONARY
360
4BC
102
}
102
{ACAD_REACTORS
330
397
102
}
330
397
100
AcDbVisualStyle
  2
Dim
 70
    11
 71
     2
 72
     2
 73
     0
 90
        0
 40
-0.6
 41
-30.0
 62
     5
 63
     7
 74
     1
 91
        4
 64
     7
 65
   257
 75
     1
175
     1
 42
1.0
 92
        8
 66
     7
 43
1.0
 76
     1
 77
     6
 78
     2
 67
     7
 79
     5
170
     0
171
     0
290
     0
174
     0
 93
        1
 44
-50.0
173
     0
291
     1
 45
0.0
1001
ACAD
1000
AcDbSavedByObjectVersion
1070
     0
  0
VISUALSTYLE
  5
3AF
102
{ACAD_XDICTIONARY
360
4D6
102
}
102
{ACAD_REACTORS
330
397
102
}
330
397
100
AcDbVisualStyle
  2
EdgeColorOff
 70
    22
 71
     2
 72
     2
 73
     0
 90
        0
 40
-0.6
 41
-30.0
 62
     5
 63
     7
 74
     1
 91
        4
 64
     7
 65
   257
 75
     1
175
     1
 42
1.0
 92
        8
 66
     7
 43
1.0
 76
     1
 77
     6
 78
     2
 67
     7
 79
     5
170
     0
171
     0
290
     0
174
     0
 93
        1
 44
0.0
173
     0
291
     1
 45
0.0
1001
ACAD
1000
AcDbSavedByObjectVersion
1070
     0
  0
VISUALSTYLE
  5
3A6
102
{ACAD_XDICTIONARY
360
4C4
102
}
102
{ACAD_REACTORS
330
397
102
}
330
397
100
AcDbVisualStyle
  2
Facepattern
 70
    15
 71
     2
 72
     2
 73
     0
 90
        0
 40
-0.6
 41
-30.0
 62
     5
 63
     7
 74
     1
 91
        4
 64
     7
 65
   257
 75
     1
175
     1
 42
1.0
 92
        8
 66
     7
 43
1.0
 76
     1
 77
     6
 78
     2
 67
     7
 79
     5
170
     0
171
     0
290
     0
174
     0
 93
        1
 44
0.0
173
     0
291
     1
 45
0.0
1001
ACAD
1000
AcDbSavedByObjectVersion
1070
     0
  0
VISUALSTYLE
  5
398
102
{ACAD_XDICTIONARY
360
4A8
102
}
102
{ACAD_REACTORS
330
397
102
}
330
397
100
AcDbVisualStyle
  2
Flat
 70
     0
 71
     2
 72
     1
 73
     1
 90
        2
 40
-0.6
 41
30.0
 62
     5
 63
     7
 74
     0
 91
        0
 64
     7
 65
   257
 75
     1
175
     1
 42
1.0
 92
        8
 66
     7
 43
1.0
 76
     1
 77
     6
 78
     2
 67
     7
 79
     5
170
     0
171
     0
290
     0
174
     0
 93
       13
 44
0.0
173
     0
291
     1
 45
0.0
1001
ACAD
1000
AcDbSavedByObjectVersion
1070
     0
  0
VISUALSTYLE
  5
399
102
{ACAD_XDICTIONARY
360
4AA
102
}
102
{ACAD_REACTORS
330
397
102
}
330
397
100
AcDbVisualStyle
  2
FlatWithEdges
 70
     1
 71
     2
 72
     1
 73
     1
 90
        2
 40
-0.6
 41
30.0
 62
     5
 63
     7
 74
     1
 91
        0
 64
     7
 65
   257
 75
     1
175
     1
 42
1.0
 92
        0
 66
   257
 43
1.0
 76
     1
 77
     6
 78
     2
 67
     7
 79
     5
170
     0
171
     0
290
     0
174
     0
 93
       13
 44
0.0
173
     0
291
     1
 45
0.0
1001
ACAD
1000
AcDbSavedByObjectVersion
1070
     0
  0
VISUALSTYLE
  5
39A
102
{ACAD_XDICTIONARY
360
4AC
102
}
102
{ACAD_REACTORS
330
397
102
}
330
397
100
AcDbVisualStyle
  2
Gouraud
 70
     2
 71
     2
 72
     2
 73
     1
 90
        2
 40
-0.6
 41
30.0
 62
     5
 63
     7
 74
     0
 91
        0
 64
     7
 65
   257
 75
     1
175
     1
 42
1.0
 92
        0
 66
     7
 43
1.0
 76
     1
 77
     6
 78
     2
 67
     7
 79
     5
170
     0
171
     0
290
     0
174
     0
 93
       13
 44
0.0
173
     0
291
     1
 45
0.0
1001
ACAD
1000
AcDbSavedByObjectVersion
1070
     0
  0
VISUALSTYLE
  5
39B
102
{ACAD_XDICTIONARY
360
4AE
102
}
102
{ACAD_REACTORS
330
397
102
}
330
397
100
AcDbVisualStyle
  2
GouraudWithEdges
 70
     3
 71
     2
 72
     2
 73
     1
 90
        2
 40
-0.6
 41
30.0
 62
     5
 63
     7
 74
     1
 91
        0
 64
     7
 65
   257
 75
     1
175
     1
 42
1.0
 92
        0
 66
   257
 43
1.0
 76
     1
 77
     6
 78
     2
 67
     7
 79
     5
170
     0
171
     0
290
     0
174
     0
 93
       13
 44
0.0
173
     0
291
     1
 45
0.0
1001
ACAD
1000
AcDbSavedByObjectVersion
1070
     0
  0
VISUALSTYLE
  5
39F
102
{ACAD_XDICTIONARY
360
4B6
102
}
102
{ACAD_REACTORS
330
397
102
}
330
397
100
AcDbVisualStyle
  2
Hidden
 70
     6
 71
     1
 72
     2
 73
     2
 90
        0
 40
-0.6
 41
-30.0
 62
     5
 63
     7
 74
     2
 91
        2
 64
     7
 65
   257
 75
     2
175
     1
 42
40.0
 92
        0
 66
   257
 43
1.0
 76
     1
 77
     6
 78
     2
 67
     7
 79
     3
170
     0
171
     0
290
     0
174
     0
 93
        1
 44
0.0
173
     0
291
     0
 45
0.0
1001
ACAD
1000
AcDbSavedByObjectVersion
1070
     0
  0
VISUALSTYLE
  5
3AD
102
{ACAD_XDICTIONARY
360
4D2
102
}
102
{ACAD_REACTORS
330
397
102
}
330
397
100
AcDbVisualStyle
  2
JitterOff
 70
    20
 71
     2
 72
     2
 73
     0
 90
        0
 40
-0.6
 41
-30.0
 62
     5
 63
     7
 74
     1
 91
        4
 64
     7
 65
   257
 75
     1
175
     1
 42
1.0
 92
       10
 66
     7
 43
1.0
 76
     1
 77
     6
 78
     2
 67
     7
 79
     5
170
     0
171
     0
290
     0
174
     0
 93
        1
 44
0.0
173
     0
291
     1
 45
0.0
1001
ACAD
1000
AcDbSavedByObjectVersion
1070
     0
  0
VISUALSTYLE
  5
3A5
102
{ACAD_XDICTIONARY
360
4C2
102
}
102
{ACAD_REACTORS
330
397
102
}
330
397
100
AcDbVisualStyle
  2
Linepattern
 70
    14
 71
     2
 72
     2
 73
     0
 90
        0
 40
-0.6
 41
-30.0
 62
     5
 63
     7
 74
     1
 91
        4
 64
     7
 65
   257
 75
     7
175
     7
 42
1.0
 92
        8
 66
     7
 43
1.0
 76
     1
 77
     6
 78
     2
 67
     7
 79
     5
170
     0
171
     0
290
     0
174
     0
 93
        1
 44
0.0
173
     0
291
     1
 45
0.0
1001
ACAD
1000
AcDbSavedByObjectVersion
1070
     0
  0
VISUALSTYLE
  5
3AE
102
{ACAD_XDICTIONARY
360
4D4
102
}
102
{ACAD_REACTORS
330
397
102
}
330
397
100
AcDbVisualStyle
  2
OverhangOff
 70
    21
 71
     2
 72
     2
 73
     0
 90
        0
 40
-0.6
 41
-30.0
 62
     5
 63
     7
 74
     1
 91
        4
 64
     7
 65
   257
 75
     1
175
     1
 42
1.0
 92
        9
 66
     7
 43
1.0
 76
     1
 77
     6
 78
     2
 67
     7
 79
     5
170
     0
171
     0
290
     0
174
     0
 93
        1
 44
0.0
173
     0
291
     1
 45
0.0
1001
ACAD
1000
AcDbSavedByObjectVersion
1070
     0
  0
VISUALSTYLE
  5
3A1
102
{ACAD_XDICTIONARY
360
4BA
102
}
102
{ACAD_REACTORS
330
397
102
}
330
397
100
AcDbVisualStyle
  2
Realistic
 70
     8
 71
     2
 72
     3
 73
     0
 90
        2
 40
-0.6
 41
30.0
 62
     5
 63
     7
 74
     0
 91
        0
 64
     7
 65
   257
 75
     1
175
     1
 42
1.0
 92
        8
 66
   257
 43
1.0
 76
     1
 77
     6
 78
     2
 67
     7
 79
     3
170
     0
171
     0
290
     0
174
     0
 93
       13
 44
0.0
173
     0
291
     0
 45
0.0
1001
ACAD
1000
AcDbSavedByObjectVersion
1070
     0
  0
VISUALSTYLE
  5
3AC
102
{ACAD_XDICTIONARY
360
4D0
102
}
102
{ACAD_REACTORS
330
397
102
}
330
397
100
AcDbVisualStyle
  2
Shaded
 70
    27
 71
     2
 72
     2
 73
     1
 90
        2
 40
-0.6
 41
30.0
 62
     5
 63
     7
 74
     0
 91
        4
 64
     7
 65
   257
 75
     1
175
     1
 42
1.0
 92
        8
 66
   257
 43
1.0
 76
     1
 77
     6
 78
     2
 67
     8
 79
     3
170
     0
171
     0
290
     0
174
     0
 93
        5
 44
0.0
173
     0
291
     0
 45
0.0
1001
ACAD
1000
AcDbSavedByObjectVersion
1070
     0
  0
VISUALSTYLE
  5
3AB
102
{ACAD_XDICTIONARY
360
4CE
102
}
102
{ACAD_REACTORS
330
397
102
}
330
397
100
AcDbVisualStyle
  2
Shaded with edges
 70
    26
 71
     2
 72
     2
 73
     1
 90
        2
 40
-0.6
 41
30.0
 62
     5
 63
     7
 74
     1
 91
        2
 64
     7
 65
   257
 75
     2
175
     1
 42
1.0
 92
        8
 66
   257
 43
1.0
 76
     1
 77
     6
 78
     2
 67
     7
 79
     3
170
     0
171
     0
290
     0
174
     0
 93
        5
 44
0.0
173
     0
291
     0
 45
0.0
1001
ACAD
1000
AcDbSavedByObjectVersion
1070
     0
  0
VISUALSTYLE
  5
3A8
102
{ACAD_XDICTIONARY
360
4C8
102
}
102
{ACAD_REACTORS
330
397
102
}
330
397
100
AcDbVisualStyle
  2
Shades of Gray
 70
    23
 71
     2
 72
     2
 73
     3
 90
        0
 40
-0.6
 41
-30.0
 62
     5
 63
     7
 74
     2
 91
        2
 64
     7
 65
     7
 75
     1
175
     1
 42
40.0
 92
        8
 66
     7
 43
1.0
 76
     1
 77
     6
 78
     2
 67
     7
 79
     3
170
     0
171
     0
290
     0
174
     0
 93
        1
 44
0.0
173
     0
291
     0
 45
0.0
1001
ACAD
1000
AcDbSavedByObjectVersion
1070
     0
  0
VISUALSTYLE
  5
3A9
102
{ACAD_XDICTIONARY
360
4CA
102
}
102
{ACAD_REACTORS
330
397
102
}
330
397
100
AcDbVisualStyle
  2
Sketchy
 70
    24
 71
     1
 72
     2
 73
     2
 90
        0
 40
-0.6
 41
-30.0
 62
     5
 63
     7
 74
     2
 91
        2
 64
     7
 65
     7
 75
     1
175
     1
 42
40.0
 92
       11
 66
     7
 43
1.0
 76
     1
 77
     6
 78
     2
 67
     7
 79
     6
170
     0
171
     0
290
     0
174
     0
 93
        1
 44
0.0
173
     0
291
     0
 45
0.0
1001
ACAD
1000
AcDbSavedByObjectVersion
1070
     0
  0
VISUALSTYLE
  5
3A4
102
{ACAD_XDICTIONARY
360
4C0
102
}
102
{ACAD_REACTORS
330
397
102
}
330
397
100
AcDbVisualStyle
  2
Thicken
 70
    13
 71
     2
 72
     2
 73
     0
 90
        0
 40
-0.6
 41
-30.0
 62
     5
 63
     7
 74
     1
 91
        4
 64
     7
 65
   257
 75
     1
175
     1
 42
1.0
 92
       12
 66
     7
 43
1.0
 76
     1
 77
     6
 78
     2
 67
     7
 79
     5
170
     0
171
     0
290
     0
174
     0
 93
        1
 44
0.0
173
     0
291
     1
 45
0.0
1001
ACAD
1000
AcDbSavedByObjectVersion
1070
     0
  0
VISUALSTYLE
  5
39E
102
{ACAD_XDICTIONARY
360
4B4
102
}
102
{ACAD_REACTORS
330
397
102
}
330
397
100
AcDbVisualStyle
  2
Wireframe
 70
     5
 71
     0
 72
     2
 73
     0
 90
        0
 40
-0.6
 41
-30.0
 62
     5
 63
     7
 74
     1
 91
        4
 64
     7
 65
   257
 75
     1
175
     1
 42
1.0
 92
        0
 66
   257
 43
1.0
 76
     1
 77
     6
 78
     2
 67
     7
 79
     3
170
     0
171
     0
290
     0
174
     0
 93
        1
 44
0.0
173
     0
291
     0
 45
0.0
1001
ACAD
1000
AcDbSavedByObjectVersion
1070
     0
  0
VISUALSTYLE
  5
3AA
102
{ACAD_XDICTIONARY
360
4CC
102
}
102
{ACAD_REACTORS
330
397
102
}
330
397
100
AcDbVisualStyle
  2
X-Ray
 70
    25
 71
     2
 72
     2
 73
     1
 90
        1
 40
0.5
 41
-30.0
 62
     5
 63
     7
 74
     1
 91
        0
 64
     7
 65
   257
 75
     1
175
     1
 42
1.0
 92
        8
 66
     7
 43
1.0
 76
     1
 77
     6
 78
     2
 67
     7
 79
     3
170
     0
171
     0
290
     0
174
     0
 93
       13
 44
0.0
173
     0
291
     0
 45
0.0
1001
ACAD
1000
AcDbSavedByObjectVersion
1070
     0
  0
DICTIONARYVAR
  5
417
102
{ACAD_REACTORS
330
312
102
}
330
312
100
DictionaryVariables
280
     0
  1
1:1
  0
DICTIONARYVAR
  5
413
102
{ACAD_REACTORS
330
312
102
}
330
312
100
DictionaryVariables
280
     0
  1
STANDARD
  0
DICTIONARYVAR
  5
412
102
{ACAD_REACTORS
330
312
102
}
330
312
100
DictionaryVariables
280
     0
  1
STANDARD
  0
DICTIONARYVAR
  5
414
102
{ACAD_REACTORS
330
312
102
}
330
312
100
DictionaryVariables
280
     0
  1
Metric50
  0
DICTIONARYVAR
  5
415
102
{ACAD_REACTORS
330
312
102
}
330
312
100
DictionaryVariables
280
     0
  1
Metric50
  0
DICTIONARYVAR
  5
314
102
{ACAD_REACTORS
330
312
102
}
330
312
100
DictionaryVariables
280
     0
  1
2
  0
DICTIONARYVAR
  5
313
102
{ACAD_REACTORS
330
312
102
}
330
312
100
DictionaryVariables
280
     0
  1
1
  0
DICTIONARYVAR
  5
43F
102
{ACAD_REACTORS
330
312
102
}
330
312
100
DictionaryVariables
280
     0
  1
0
  0
DICTIONARYVAR
  5
419
102
{ACAD_REACTORS
330
312
102
}
330
312
100
DictionaryVariables
280
     0
  1
1
  0
DICTIONARYVAR
  5
41A
102
{ACAD_REACTORS
330
312
102
}
330
312
100
DictionaryVariables
280
     0
  1
15
  0
DICTIONARYVAR
  5
418
102
{ACAD_REACTORS
330
312
102
}
330
312
100
DictionaryVariables
280
     0
  1
0
  0
DICTIONARYVAR
  5
416
102
{ACAD_REACTORS
330
312
102
}
330
312
100
DictionaryVariables
280
     0
  1
0
  0
DICTIONARYVAR
  5
43E
102
{ACAD_REACTORS
330
312
102
}
330
312
100
DictionaryVariables
280
     0
  1
127
  0
DICTIONARYVAR
  5
440
102
{ACAD_REACTORS
330
312
102
}
330
312
100
DictionaryVariables
280
     0
  1
2
  0
DICTIONARY
  5
4A0
102
{ACAD_REACTORS
330
49E
102
}
330
49E
100
AcDbDictionary
281
     1
  0
DICTIONARY
  5
49F
102
{ACAD_REACTORS
330
49E
102
}
330
49E
100
AcDbDictionary
281
     1
  3
3128069491216
350
499
  3
3128069491232
350
49A
  3
3128069491248
350
49B
  3
3128069491264
350
49C
  3
3128069491280
350
49D
  0
XRECORD
  5
42F
102
{ACAD_REACTORS
330
340
102
}
330
340
100
AcDbXrecord
280
     1
1000
ADE02C001
1070
     1
1070
     0
1002
{
1002
}
1002
{
1002
}
1002
{
1002
}
1000

  0
XRECORD
  5
374
102
{ACAD_REACTORS
330
372
102
}
330
372
100
AcDbXrecord
280
     1
  0
ACAD_PROXY_OBJECT
  5
3E2
102
{ACAD_REACTORS
330
3CF
102
}
330
3CF
100
AcDbProxyObject
 90
      499
 91
      551
 95
 16384033
 70
     0
 93
       11
310
404C
 94
        0
1001
ACAD
1000
AcRTDxfName
1000
DMSTYLIZEDENTITIESTABLE
  0
ACAD_PROXY_OBJECT
  5
3D5
102
{ACAD_REACTORS
330
3CF
102
}
330
3CF
100
AcDbProxyObject
 90
      499
 91
      543
 95
 16384033
 70
     0
 93
       13
310
4064
 94
        0
1001
ACAD
1000
AcRTDxfName
1000
MAPRESOURCEMANAGEROBJECT
  0
ACDBDATATABLE
  5
3D3
102
{ACAD_REACTORS
330
3CF
102
}
330
3CF
100
ACDBDATATABLE
 70
     2
 90
        4
 91
       15
  1

 92
        3
  2
OriginalClassName
  3
AcMapDMDefaultStyle
  3
AcMapDMEntityStyle
  3
AcMapDMRasterStyle
  3
AcMapDMSEAnnotationStyle
  3
AcMapDMSEHatchStyle
  3
AcMapDMSETextStyle
  3
AcMapDMThematicStyle
  3
AcMapDMBaseElement
  3
AcMapDMAttachedDwgsQueryElement
  3
AcMapDMFeatureElement
  3
AcMapDMLayerElement
  3
AcMapDMCurrentDwgQueryElement
  3
AcMapDMRasterElement
  3
AcMapDMTopoElement
  3
AcMapDMTopoQueryElement
 92
        3
  2
ProxyDisplayName
  3
Default
  3
Entity
  3
Raster
  3
Annotation
  3
Hatch
  3
Text
  3
Thematic
  3
Map Base
  3
Ade Query
  3
Feature Class
  3
Layer
  3
Ade Project Query
  3
Raster
  3
Topology
  3
Topology Query
 92
        1
  2
CustomObjectType
 93
        2
 93
        2
 93
        2
 93
        2
 93
        2
 93
        2
 93
        2
 93
        1
 93
        1
 93
        1
 93
        1
 93
        1
 93
        1
 93
        1
 93
        1
 92
        1
  2
StyleCoExistanceType
 93
        1
 93
        1
 93
        1
 93
        1
 93
        1
 93
        1
 93
        2
 93
        0
 93
        0
 93
        0
 93
        0
 93
        0
 93
        0
 93
        0
 93
        0
  0
ACAD_PROXY_OBJECT
  5
3D0
102
{ACAD_REACTORS
330
3CF
102
}
330
3CF
100
AcDbProxyObject
 90
      499
 91
      539
 95
 16384033
 70
     0
 93
      241
310
40501004050B44006900730070006C00610079004D00610070003100BA00CC
350
3D8
340
3D8
340
3D8
 94
        0
1001
ACAD
1000
AcRTDxfName
1000
DMMAPMANAGER
  0
ACAD_PROXY_OBJECT
  5
3D1
102
{ACAD_REACTORS
330
3CF
102
}
330
3CF
100
AcDbProxyObject
 90
      499
 91
      540
 95
 16384033
 70
     0
 93
       21
310
405014
360
3D2
 94
        0
1001
ACAD
1000
AcRTDxfName
1000
DMSTYLELIBRARY
  0
DICTIONARY
  5
3E4
102
{ACAD_REACTORS
330
3CF
102
}
330
3CF
100
AcDbDictionary
281
     1
  0
DICTIONARY
  5
4E3
330
3EB
100
AcDbDictionary
280
     1
281
     1
  3
ACAD_XREC_ROUNDTRIP
360
4E4
  0
DICTIONARY
  5
4DE
330
3CA
100
AcDbDictionary
280
     1
281
     1
  3
ACAD_XREC_ROUNDTRIP
360
4DF
  0
DICTIONARY
  5
4A3
330
33D
100
AcDbDictionary
280
     1
281
     1
  3
ACAD_XREC_ROUNDTRIP
360
4A4
  0
DICTIONARY
  5
4A1
330
33C
100
AcDbDictionary
280
     1
281
     1
  3
ACAD_XREC_ROUNDTRIP
360
4A2
  0
DICTIONARY
  5
388
330
387
100
AcDbDictionary
280
     1
281
     1
  3
ACAD_XREC_ROUNDTRIP
360
4A6
  3
BUMPTILE
360
38A
  3
DIFFUSETILE
360
389
  3
OPACITYTILE
360
38D
  3
REFLECTIONTILE
360
38C
  3
REFRACTIONTILE
360
38E
  3
SPECULARTILE
360
38B
  0
DICTIONARY
  5
380
330
37F
100
AcDbDictionary
280
     1
281
     1
  3
ACAD_XREC_ROUNDTRIP
360
4A5
  3
BUMPTILE
360
382
  3
DIFFUSETILE
360
381
  3
OPACITYTILE
360
385
  3
REFLECTIONTILE
360
384
  3
REFRACTIONTILE
360
386
  3
SPECULARTILE
360
383
  0
DICTIONARY
  5
390
330
38F
100
AcDbDictionary
280
     1
281
     1
  3
ACAD_XREC_ROUNDTRIP
360
4A7
  3
BUMPTILE
360
392
  3
DIFFUSETILE
360
391
  3
OPACITYTILE
360
395
  3
REFLECTIONTILE
360
394
  3
REFRACTIONTILE
360
396
  3
SPECULARTILE
360
393
  0
DICTIONARY
  5
4DA
330
3C6
100
AcDbDictionary
280
     1
281
     1
  3
ACAD_XREC_ROUNDTRIP
360
4DB
  0
DICTIONARY
  5
4E1
330
3EA
100
AcDbDictionary
280
     1
281
     1
  3
ACAD_XREC_ROUNDTRIP
360
4E2
  0
DICTIONARY
  5
4DC
330
3C8
100
AcDbDictionary
280
     1
281
     1
  3
ACAD_XREC_ROUNDTRIP
360
4DD
  0
DICTIONARY
  5
495
330
3DA
100
AcDbDictionary
280
     1
281
     1
  3
ACAD_ROUNDTRIP_2008_TABLESTYLE_CELLSTYLEMAP
360
496
  3
ACAD_XREC_ROUNDTRIP
360
4E0
  0
DICTIONARY
  5
493
330
3B2
100
AcDbDictionary
280
     1
281
     1
  3
ACAD_ROUNDTRIP_2008_TABLESTYLE_CELLSTYLEMAP
360
494
  3
ACAD_XREC_ROUNDTRIP
360
4D8
  0
DICTIONARY
  5
4B2
330
39D
100
AcDbDictionary
280
     1
281
     1
  3
ACAD_XREC_ROUNDTRIP
360
4B3
  0
DICTIONARY
  5
4B0
330
39C
100
AcDbDictionary
280
     1
281
     1
  3
ACAD_XREC_ROUNDTRIP
360
4B1
  0
DICTIONARY
  5
4BE
330
3A3
100
AcDbDictionary
280
     1
281
     1
  3
ACAD_XREC_ROUNDTRIP
360
4BF
  0
DICTIONARY
  5
4C6
330
3A7
100
AcDbDictionary
280
     1
281
     1
  3
ACAD_XREC_ROUNDTRIP
360
4C7
  0
DICTIONARY
  5
4B8
330
3A0
100
AcDbDictionary
280
     1
281
     1
  3
ACAD_XREC_ROUNDTRIP
360
4B9
  0
DICTIONARY
  5
4BC
330
3A2
100
AcDbDictionary
280
     1
281
     1
  3
ACAD_XREC_ROUNDTRIP
360
4BD
  0
DICTIONARY
  5
4D6
330
3AF
100
AcDbDictionary
280
     1
281
     1
  3
ACAD_XREC_ROUNDTRIP
360
4D7
  0
DICTIONARY
  5
4C4
330
3A6
100
AcDbDictionary
280
     1
281
     1
  3
ACAD_XREC_ROUNDTRIP
360
4C5
  0
DICTIONARY
  5
4A8
330
398
100
AcDbDictionary
280
     1
281
     1
  3
ACAD_XREC_ROUNDTRIP
360
4A9
  0
DICTIONARY
  5
4AA
330
399
100
AcDbDictionary
280
     1
281
     1
  3
ACAD_XREC_ROUNDTRIP
360
4AB
  0
DICTIONARY
  5
4AC
330
39A
100
AcDbDictionary
280
     1
281
     1
  3
ACAD_XREC_ROUNDTRIP
360
4AD
  0
DICTIONARY
  5
4AE
330
39B
100
AcDbDictionary
280
     1
281
     1
  3
ACAD_XREC_ROUNDTRIP
360
4AF
  0
DICTIONARY
  5
4B6
330
39F
100
AcDbDictionary
280
     1
281
     1
  3
ACAD_XREC_ROUNDTRIP
360
4B7
  0
DICTIONARY
  5
4D2
330
3AD
100
AcDbDictionary
280
     1
281
     1
  3
ACAD_XREC_ROUNDTRIP
360
4D3
  0
DICTIONARY
  5
4C2
330
3A5
100
AcDbDictionary
280
     1
281
     1
  3
ACAD_XREC_ROUNDTRIP
360
4C3
  0
DICTIONARY
  5
4D4
330
3AE
100
AcDbDictionary
280
     1
281
     1
  3
ACAD_XREC_ROUNDTRIP
360
4D5
  0
DICTIONARY
  5
4BA
330
3A1
100
AcDbDictionary
280
     1
281
     1
  3
ACAD_XREC_ROUNDTRIP
360
4BB
  0
DICTIONARY
  5
4D0
330
3AC
100
AcDbDictionary
280
     1
281
     1
  3
ACAD_XREC_ROUNDTRIP
360
4D1
  0
DICTIONARY
  5
4CE
330
3AB
100
AcDbDictionary
280
     1
281
     1
  3
ACAD_XREC_ROUNDTRIP
360
4CF
  0
DICTIONARY
  5
4C8
330
3A8
100
AcDbDictionary
280
     1
281
     1
  3
ACAD_XREC_ROUNDTRIP
360
4C9
  0
DICTIONARY
  5
4CA
330
3A9
100
AcDbDictionary
280
     1
281
     1
  3
ACAD_XREC_ROUNDTRIP
360
4CB
  0
DICTIONARY
  5
4C0
330
3A4
100
AcDbDictionary
280
     1
281
     1
  3
ACAD_XREC_ROUNDTRIP
360
4C1
  0
DICTIONARY
  5
4B4
330
39E
100
AcDbDictionary
280
     1
281
     1
  3
ACAD_XREC_ROUNDTRIP
360
4B5
  0
DICTIONARY
  5
4CC
330
3AA
100
AcDbDictionary
280
     1
281
     1
  3
ACAD_XREC_ROUNDTRIP
360
4CD
  0
XRECORD
  5
499
102
{ACAD_REACTORS
330
49F
102
}
330
49F
100
AcDbXrecord
280
     1
  1
AcDb_Thumbnail_Schema
102
{ATTRRECORD
341
49A
  2
AcDbDs::TreatedAsObjectData
280
     1
291
     1
102
ATTRRECORD}
102
{ATTRRECORD
341
49B
  2
AcDbDs::Legacy
280
     1
291
     1
102
ATTRRECORD}
  2
AcDbDs::ID
280
    10
 91
        8
102
{ATTRRECORD
341
49C
  2
AcDs:Indexable
280
     1
291
     1
102
ATTRRECORD}
102
{ATTRRECORD
341
49D
  2
AcDbDs::HandleAttribute
280
     7
282
     1
102
ATTRRECORD}
  2
Thumbnail_Data
280
    15
 91
        0
  0
XRECORD
  5
49A
102
{ACAD_REACTORS
330
49F
102
}
330
49F
100
AcDbXrecord
280
     1
  1
AcDbDs::TreatedAsObjectDataSchema
  2
AcDbDs::TreatedAsObjectData
280
     1
 91
        0
  0
XRECORD
  5
49B
102
{ACAD_REACTORS
330
49F
102
}
330
49F
100
AcDbXrecord
280
     1
  1
AcDbDs::LegacySchema
  2
AcDbDs::Legacy
280
     1
 91
        0
  0
XRECORD
  5
49C
102
{ACAD_REACTORS
330
49F
102
}
330
49F
100
AcDbXrecord
280
     1
  1
AcDbDs::IndexedPropertySchema
  2
AcDs:Indexable
280
     1
 91
        0
  0
XRECORD
  5
49D
102
{ACAD_REACTORS
330
49F
102
}
330
49F
100
AcDbXrecord
280
     1
  1
AcDbDs::HandleAttributeSchema
  2
AcDbDs::HandleAttribute
280
     7
 91
        1
284
     1
  0
ACAD_PROXY_OBJECT
  5
3D8
102
{ACAD_REACTORS
330
3D0
330
3DB
102
}
330
3D0
100
AcDbProxyObject
 90
      499
 91
      545
 95
 16384033
 70
     0
 93
     1022
310
4050140501404FFFFFFFFFFFFEF7FA0D1FFFFFFFFFFFFDEFFA00000000000004202027FFFFFFFFFFFF7BF9C071A5CA0FC3949A02D030A61488258FF5000550B6468CD20E4128BDE20ED1EA021042D103AD29B9F124180000000001008C80000000000040232025080A06615DF1782558832600328033803280370032005540
310
04
330
0
360
3DB
360
3DC
 94
        0
1001
ACAD
1000
AcRTDxfName
1000
DMMAP
  0
ACAD_PROXY_OBJECT
  5
3D2
102
{ACAD_REACTORS
330
3D1
102
}
330
3D1
100
AcDbProxyObject
 90
      499
 91
      541
 95
 16384033
 70
     0
 93
      167
310
4064215359D2E9735373088002930B0341F31E2802
 94
        0
1001
ACAD
1000
AcRTDxfName
1000
DMSTYLECATEGORY
  0
XRECORD
  5
4E4
102
{ACAD_REACTORS
330
4E3
102
}
330
4E3
100
AcDbXrecord
280
     1
102
DISPLAYNAME
  1
Imperial24
102
FLAGS
 90
        0
  0
XRECORD
  5
4DF
102
{ACAD_REACTORS
330
4DE
102
}
330
4DE
100
AcDbXrecord
280
     1
102
DISPLAYNAME
  1
Metric50
102
FLAGS
 90
        0
  0
XRECORD
  5
4A4
102
{ACAD_REACTORS
330
4A3
102
}
330
4A3
100
AcDbXrecord
280
     1
102
SHADEPLOT
 70
     0
102
SHADEPLOTRESLEVEL
 70
     2
102
SHADEPLOTCUSTOMDPI
 70
   300
  0
XRECORD
  5
4A2
102
{ACAD_REACTORS
330
4A1
102
}
330
4A1
100
AcDbXrecord
280
     1
102
SHADEPLOT
 70
     0
102
SHADEPLOTRESLEVEL
 70
     2
102
SHADEPLOTCUSTOMDPI
 70
   300
  0
XRECORD
  5
4A6
102
{ACAD_REACTORS
330
388
102
}
330
388
100
AcDbXrecord
280
     1
102
MATERIAL
148
0.0
149
0.0
149
0.0
 93
        0
 94
      127
282
     0
 72
     0
 77
     0
171
     0
175
     0
179
     0
273
     0
  0
XRECORD
  5
38A
102
{ACAD_REACTORS
330
388
102
}
330
388
100
AcDbXrecord
280
     1
270
     1
271
     1
  0
XRECORD
  5
389
102
{ACAD_REACTORS
330
388
102
}
330
388
100
AcDbXrecord
280
     1
270
     1
271
     1
  0
XRECORD
  5
38D
102
{ACAD_REACTORS
330
388
102
}
330
388
100
AcDbXrecord
280
     1
270
     1
271
     1
  0
XRECORD
  5
38C
102
{ACAD_REACTORS
330
388
102
}
330
388
100
AcDbXrecord
280
     1
270
     1
271
     1
  0
XRECORD
  5
38E
102
{ACAD_REACTORS
330
388
102
}
330
388
100
AcDbXrecord
280
     1
270
     1
271
     1
  0
XRECORD
  5
38B
102
{ACAD_REACTORS
330
388
102
}
330
388
100
AcDbXrecord
280
     1
270
     1
271
     1
  0
XRECORD
  5
4A5
102
{ACAD_REACTORS
330
380
102
}
330
380
100
AcDbXrecord
280
     1
102
MATERIAL
148
0.0
149
0.0
149
0.0
 93
        0
 94
      127
282
     0
 72
     0
 77
     0
171
     0
175
     0
179
     0
273
     0
  0
XRECORD
  5
382
102
{ACAD_REACTORS
330
380
102
}
330
380
100
AcDbXrecord
280
     1
270
     1
271
     1
  0
XRECORD
  5
381
102
{ACAD_REACTORS
330
380
102
}
330
380
100
AcDbXrecord
280
     1
270
     1
271
     1
  0
XRECORD
  5
385
102
{ACAD_REACTORS
330
380
102
}
330
380
100
AcDbXrecord
280
     1
270
     1
271
     1
  0
XRECORD
  5
384
102
{ACAD_REACTORS
330
380
102
}
330
380
100
AcDbXrecord
280
     1
270
     1
271
     1
  0
XRECORD
  5
386
102
{ACAD_REACTORS
330
380
102
}
330
380
100
AcDbXrecord
280
     1
270
     1
271
     1
  0
XRECORD
  5
383
102
{ACAD_REACTORS
330
380
102
}
330
380
100
AcDbXrecord
280
     1
270
     1
271
     1
  0
XRECORD
  5
4A7
102
{ACAD_REACTORS
330
390
102
}
330
390
100
AcDbXrecord
280
     1
102
MATERIAL
148
0.0
149
0.0
149
0.0
 93
        0
 94
      127
282
     0
 72
     0
 77
     0
171
     0
175
     0
179
     0
273
     0
  0
XRECORD
  5
392
102
{ACAD_REACTORS
330
390
102
}
330
390
100
AcDbXrecord
280
     1
270
     1
271
     1
  0
XRECORD
  5
391
102
{ACAD_REACTORS
330
390
102
}
330
390
100
AcDbXrecord
280
     1
270
     1
271
     1
  0
XRECORD
  5
395
102
{ACAD_REACTORS
330
390
102
}
330
390
100
AcDbXrecord
280
     1
270
     1
271
     1
  0
XRECORD
  5
394
102
{ACAD_REACTORS
330
390
102
}
330
390
100
AcDbXrecord
280
     1
270
     1
271
     1
  0
XRECORD
  5
396
102
{ACAD_REACTORS
330
390
102
}
330
390
100
AcDbXrecord
280
     1
270
     1
271
     1
  0
XRECORD
  5
393
102
{ACAD_REACTORS
330
390
102
}
330
390
100
AcDbXrecord
280
     1
270
     1
271
     1
  0
XRECORD
  5
4DB
102
{ACAD_REACTORS
330
4DA
102
}
330
4DA
100
AcDbXrecord
280
     1
102
ACAD_ROUNDTRIP_2012_MLEADER_STYLE
298
     1
  0
XRECORD
  5
4E2
102
{ACAD_REACTORS
330
4E1
102
}
330
4E1
100
AcDbXrecord
280
     1
102
DISPLAYNAME
  1
Imperial24
102
FLAGS
 90
        0
  0
XRECORD
  5
4DD
102
{ACAD_REACTORS
330
4DC
102
}
330
4DC
100
AcDbXrecord
280
     1
102
DISPLAYNAME
  1
Metric50
102
FLAGS
 90
        0
  0
CELLSTYLEMAP
  5
496
102
{ACAD_REACTORS
330
495
102
}
330
495
100
AcDbCellStyleMap
 90
        3
300
CELLSTYLE
  1
TABLEFORMAT_BEGIN
 90
        5
170
     1
 91
        0
 92
    32768
 62
   257
 93
        1
300
CONTENTFORMAT
  1
CONTENTFORMAT_BEGIN
 90
        0
 91
        0
 92
      512
 93
        0
300

 40
0.0
140
1.0
 94
        5
 62
     0
340
3D9
144
6.0
309
CONTENTFORMAT_END
171
     1
301
MARGIN
  1
CELLMARGIN_BEGIN
 40
1.5
 40
1.5
 40
1.5
 40
1.5
 40
0.18
 40
0.18
309
CELLMARGIN_END
 94
        6
 95
        1
302
GRIDFORMAT
  1
GRIDFORMAT_BEGIN
 90
        0
 91
        1
 62
     0
 92
       -2
340
0
 93
        1
 40
0.045
309
GRIDFORMAT_END
 95
        2
302
GRIDFORMAT
  1
GRIDFORMAT_BEGIN
 90
        0
 91
        1
 62
     0
 92
       -2
340
0
 93
        1
 40
0.045
309
GRIDFORMAT_END
 95
        4
302
GRIDFORMAT
  1
GRIDFORMAT_BEGIN
 90
        0
 91
        1
 62
     0
 92
       -2
340
0
 93
        1
 40
0.045
309
GRIDFORMAT_END
 95
        8
302
GRIDFORMAT
  1
GRIDFORMAT_BEGIN
 90
        0
 91
        1
 62
     0
 92
       -2
340
0
 93
        1
 40
0.045
309
GRIDFORMAT_END
 95
       16
302
GRIDFORMAT
  1
GRIDFORMAT_BEGIN
 90
        0
 91
        1
 62
     0
 92
       -2
340
0
 93
        1
 40
0.045
309
GRIDFORMAT_END
 95
       32
302
GRIDFORMAT
  1
GRIDFORMAT_BEGIN
 90
        0
 91
        1
 62
     0
 92
       -2
340
0
 93
        1
 40
0.045
309
GRIDFORMAT_END
309
TABLEFORMAT_END
  1
CELLSTYLE_BEGIN
 90
        1
 91
        1
300
_TITLE
309
CELLSTYLE_END
300
CELLSTYLE
  1
TABLEFORMAT_BEGIN
 90
        5
170
     1
 91
        0
 92
        0
 62
   257
 93
        1
300
CONTENTFORMAT
  1
CONTENTFORMAT_BEGIN
 90
        0
 91
        0
 92
      512
 93
        0
300

 40
0.0
140
1.0
 94
        4
 62
     0
340
3D9
144
4.5
309
CONTENTFORMAT_END
171
     1
301
MARGIN
  1
CELLMARGIN_BEGIN
 40
1.5
 40
1.5
 40
1.5
 40
1.5
 40
0.18
 40
0.18
309
CELLMARGIN_END
 94
        6
 95
        1
302
GRIDFORMAT
  1
GRIDFORMAT_BEGIN
 90
        0
 91
        1
 62
     0
 92
       -2
340
0
 93
        1
 40
0.045
309
GRIDFORMAT_END
 95
        2
302
GRIDFORMAT
  1
GRIDFORMAT_BEGIN
 90
        0
 91
        1
 62
     0
 92
       -2
340
0
 93
        1
 40
0.045
309
GRIDFORMAT_END
 95
        4
302
GRIDFORMAT
  1
GRIDFORMAT_BEGIN
 90
        0
 91
        1
 62
     0
 92
       -2
340
0
 93
        1
 40
0.045
309
GRIDFORMAT_END
 95
        8
302
GRIDFORMAT
  1
GRIDFORMAT_BEGIN
 90
        0
 91
        1
 62
     0
 92
       -2
340
0
 93
        1
 40
0.045
309
GRIDFORMAT_END
 95
       16
302
GRIDFORMAT
  1
GRIDFORMAT_BEGIN
 90
        0
 91
        1
 62
     0
 92
       -2
340
0
 93
        1
 40
0.045
309
GRIDFORMAT_END
 95
       32
302
GRIDFORMAT
  1
GRIDFORMAT_BEGIN
 90
        0
 91
        1
 62
     0
 92
       -2
340
0
 93
        1
 40
0.045
309
GRIDFORMAT_END
309
TABLEFORMAT_END
  1
CELLSTYLE_BEGIN
 90
        2
 91
        1
300
_HEADER
309
CELLSTYLE_END
300
CELLSTYLE
  1
TABLEFORMAT_BEGIN
 90
        5
170
     1
 91
        0
 92
        0
 62
   257
 93
        1
300
CONTENTFORMAT
  1
CONTENTFORMAT_BEGIN
 90
        0
 91
        0
 92
      512
 93
        0
300

 40
0.0
140
1.0
 94
        4
 62
     0
340
3D9
144
4.5
309
CONTENTFORMAT_END
171
     1
301
MARGIN
  1
CELLMARGIN_BEGIN
 40
1.5
 40
1.5
 40
1.5
 40
1.5
 40
0.18
 40
0.18
309
CELLMARGIN_END
 94
        6
 95
        1
302
GRIDFORMAT
  1
GRIDFORMAT_BEGIN
 90
        0
 91
        1
 62
     0
 92
       -2
340
0
 93
        1
 40
0.045
309
GRIDFORMAT_END
 95
        2
302
GRIDFORMAT
  1
GRIDFORMAT_BEGIN
 90
        0
 91
        1
 62
     0
 92
       -2
340
0
 93
        1
 40
0.045
309
GRIDFORMAT_END
 95
        4
302
GRIDFORMAT
  1
GRIDFORMAT_BEGIN
 90
        0
 91
        1
 62
     0
 92
       -2
340
0
 93
        1
 40
0.045
309
GRIDFORMAT_END
 95
        8
302
GRIDFORMAT
  1
GRIDFORMAT_BEGIN
 90
        0
 91
        1
 62
     0
 92
       -2
340
0
 93
        1
 40
0.045
309
GRIDFORMAT_END
 95
       16
302
GRIDFORMAT
  1
GRIDFORMAT_BEGIN
 90
        0
 91
        1
 62
     0
 92
       -2
340
0
 93
        1
 40
0.045
309
GRIDFORMAT_END
 95
       32
302
GRIDFORMAT
  1
GRIDFORMAT_BEGIN
 90
        0
 91
        1
 62
     0
 92
       -2
340
0
 93
        1
 40
0.045
309
GRIDFORMAT_END
309
TABLEFORMAT_END
  1
CELLSTYLE_BEGIN
 90
        3
 91
        2
300
_DATA
309
CELLSTYLE_END
  0
XRECORD
  5
4E0
102
{ACAD_REACTORS
330
495
102
}
330
495
100
AcDbXrecord
280
     1
102
ACAD_ROUNDTRIP_PRE2007_TABLESTYLE
 90
      512
 91
        0
  1

 92
      512
 93
        0
  2

 94
      512
 95
        0
  3

  0
CELLSTYLEMAP
  5
494
102
{ACAD_REACTORS
330
493
102
}
330
493
100
AcDbCellStyleMap
 90
        3
300
CELLSTYLE
  1
TABLEFORMAT_BEGIN
 90
        5
170
     1
 91
        0
 92
    32768
 62
   257
 93
        1
300
CONTENTFORMAT
  1
CONTENTFORMAT_BEGIN
 90
        0
 91
        0
 92
      512
 93
        0
300

 40
0.0
140
1.0
 94
        5
 62
     0
340
1A
144
6.0
309
CONTENTFORMAT_END
171
     1
301
MARGIN
  1
CELLMARGIN_BEGIN
 40
1.5
 40
1.5
 40
1.5
 40
1.5
 40
4.5
 40
4.5
309
CELLMARGIN_END
 94
        6
 95
        1
302
GRIDFORMAT
  1
GRIDFORMAT_BEGIN
 90
        0
 91
        1
 62
     0
 92
       -2
340
0
 93
        0
 40
1.125
309
GRIDFORMAT_END
 95
        2
302
GRIDFORMAT
  1
GRIDFORMAT_BEGIN
 90
        0
 91
        1
 62
     0
 92
       -2
340
0
 93
        0
 40
1.125
309
GRIDFORMAT_END
 95
        4
302
GRIDFORMAT
  1
GRIDFORMAT_BEGIN
 90
        0
 91
        1
 62
     0
 92
       -2
340
0
 93
        0
 40
1.125
309
GRIDFORMAT_END
 95
        8
302
GRIDFORMAT
  1
GRIDFORMAT_BEGIN
 90
        0
 91
        1
 62
     0
 92
       -2
340
0
 93
        0
 40
1.125
309
GRIDFORMAT_END
 95
       16
302
GRIDFORMAT
  1
GRIDFORMAT_BEGIN
 90
        0
 91
        1
 62
     0
 92
       -2
340
0
 93
        0
 40
1.125
309
GRIDFORMAT_END
 95
       32
302
GRIDFORMAT
  1
GRIDFORMAT_BEGIN
 90
        0
 91
        1
 62
     0
 92
       -2
340
0
 93
        0
 40
1.125
309
GRIDFORMAT_END
309
TABLEFORMAT_END
  1
CELLSTYLE_BEGIN
 90
        1
 91
        1
300
_TITLE
309
CELLSTYLE_END
300
CELLSTYLE
  1
TABLEFORMAT_BEGIN
 90
        5
170
     1
 91
        0
 92
        0
 62
   257
 93
        1
300
CONTENTFORMAT
  1
CONTENTFORMAT_BEGIN
 90
        0
 91
        0
 92
      512
 93
        0
300

 40
0.0
140
1.0
 94
        5
 62
     0
340
1A
144
4.5
309
CONTENTFORMAT_END
171
     1
301
MARGIN
  1
CELLMARGIN_BEGIN
 40
1.5
 40
1.5
 40
1.5
 40
1.5
 40
4.5
 40
4.5
309
CELLMARGIN_END
 94
        6
 95
        1
302
GRIDFORMAT
  1
GRIDFORMAT_BEGIN
 90
        0
 91
        1
 62
     0
 92
       -2
340
0
 93
        0
 40
1.125
309
GRIDFORMAT_END
 95
        2
302
GRIDFORMAT
  1
GRIDFORMAT_BEGIN
 90
        0
 91
        1
 62
     0
 92
       -2
340
0
 93
        0
 40
1.125
309
GRIDFORMAT_END
 95
        4
302
GRIDFORMAT
  1
GRIDFORMAT_BEGIN
 90
        0
 91
        1
 62
     0
 92
       -2
340
0
 93
        0
 40
1.125
309
GRIDFORMAT_END
 95
        8
302
GRIDFORMAT
  1
GRIDFORMAT_BEGIN
 90
        0
 91
        1
 62
     0
 92
       -2
340
0
 93
        0
 40
1.125
309
GRIDFORMAT_END
 95
       16
302
GRIDFORMAT
  1
GRIDFORMAT_BEGIN
 90
        0
 91
        1
 62
     0
 92
       -2
340
0
 93
        0
 40
1.125
309
GRIDFORMAT_END
 95
       32
302
GRIDFORMAT
  1
GRIDFORMAT_BEGIN
 90
        0
 91
        1
 62
     0
 92
       -2
340
0
 93
        0
 40
1.125
309
GRIDFORMAT_END
309
TABLEFORMAT_END
  1
CELLSTYLE_BEGIN
 90
        2
 91
        1
300
_HEADER
309
CELLSTYLE_END
300
CELLSTYLE
  1
TABLEFORMAT_BEGIN
 90
        5
170
     1
 91
        0
 92
        0
 62
   257
 93
        1
300
CONTENTFORMAT
  1
CONTENTFORMAT_BEGIN
 90
        0
 91
        0
 92
      512
 93
        0
300

 40
0.0
140
1.0
 94
        2
 62
     0
340
1A
144
4.5
309
CONTENTFORMAT_END
171
     1
301
MARGIN
  1
CELLMARGIN_BEGIN
 40
1.5
 40
1.5
 40
1.5
 40
1.5
 40
4.5
 40
4.5
309
CELLMARGIN_END
 94
        6
 95
        1
302
GRIDFORMAT
  1
GRIDFORMAT_BEGIN
 90
        0
 91
        1
 62
     0
 92
       -2
340
0
 93
        0
 40
1.125
309
GRIDFORMAT_END
 95
        2
302
GRIDFORMAT
  1
GRIDFORMAT_BEGIN
 90
        0
 91
        1
 62
     0
 92
       -2
340
0
 93
        0
 40
1.125
309
GRIDFORMAT_END
 95
        4
302
GRIDFORMAT
  1
GRIDFORMAT_BEGIN
 90
        0
 91
        1
 62
     0
 92
       -2
340
0
 93
        0
 40
1.125
309
GRIDFORMAT_END
 95
        8
302
GRIDFORMAT
  1
GRIDFORMAT_BEGIN
 90
        0
 91
        1
 62
     0
 92
       -2
340
0
 93
        0
 40
1.125
309
GRIDFORMAT_END
 95
       16
302
GRIDFORMAT
  1
GRIDFORMAT_BEGIN
 90
        0
 91
        1
 62
     0
 92
       -2
340
0
 93
        0
 40
1.125
309
GRIDFORMAT_END
 95
       32
302
GRIDFORMAT
  1
GRIDFORMAT_BEGIN
 90
        0
 91
        1
 62
     0
 92
       -2
340
0
 93
        0
 40
1.125
309
GRIDFORMAT_END
309
TABLEFORMAT_END
  1
CELLSTYLE_BEGIN
 90
        3
 91
        2
300
_DATA
309
CELLSTYLE_END
  0
XRECORD
  5
4D8
102
{ACAD_REACTORS
330
493
102
}
330
493
100
AcDbXrecord
280
     1
102
ACAD_ROUNDTRIP_PRE2007_TABLESTYLE
 90
      512
 91
        0
  1

 92
      512
 93
        0
  2

 94
      512
 95
        0
  3

  0
XRECORD
  5
4B3
102
{ACAD_REACTORS
330
4B2
102
}
330
4B2
100
AcDbXrecord
280
     1
102
RTVSPost2010Prop28
280
     1
102
RTVSPost2010PropOp28
 70
     1
102
RTVSPost2010Prop29
280
     1
102
RTVSPost2010PropOp29
 70
     1
102
RTVSPost2010Prop30
280
     0
102
RTVSPost2010PropOp30
 70
     1
102
RTVSPost2010Prop31
280
     0
102
RTVSPost2010PropOp31
 70
     1
102
RTVSPost2010Prop32
280
     0
102
RTVSPost2010PropOp32
 70
     1
102
RTVSPost2010Prop33
280
     0
102
RTVSPost2010PropOp33
 70
     1
102
RTVSPost2010Prop34
280
     0
102
RTVSPost2010PropOp34
 70
     1
102
RTVSPost2010Prop35
280
     0
102
RTVSPost2010PropOp35
 70
     1
102
RTVSPost2010Prop36
280
     0
102
RTVSPost2010PropOp36
 70
     1
102
RTVSPost2010Prop37
 90
       50
102
RTVSPost2010PropOp37
 70
     1
102
RTVSPost2010Prop38
140
0.0
102
RTVSPost2010PropOp38
 70
     1
102
RTVSPost2010Prop39
140
1.0
102
RTVSPost2010PropOp39
 70
     1
102
RTVSPost2010Prop40
 90
        0
102
RTVSPost2010PropOp40
 70
     1
102
RTVSPost2010Prop41ColorIndex
 90
       18
102
RTVSPost2010Prop41ColorRGB
 90
        0
102
RTVSPost2010PropOp41
 70
     1
102
RTVSPost2010Prop42
 90
       50
102
RTVSPost2010PropOp42
 70
     1
102
RTVSPost2010Prop43
 90
        3
102
RTVSPost2010PropOp43
 70
     1
102
RTVSPost2010Prop44ColorIndex
 90
        5
102
RTVSPost2010Prop44ColorRGB
 90
      255
102
RTVSPost2010PropOp44
 70
     1
102
RTVSPost2010Prop45
280
     0
102
RTVSPost2010PropOp45
 70
     1
102
RTVSPost2010Prop46
 90
       50
102
RTVSPost2010PropOp46
 70
     1
102
RTVSPost2010Prop47
 90
       50
102
RTVSPost2010PropOp47
 70
     1
102
RTVSPost2010Prop48
 90
       50
102
RTVSPost2010PropOp48
 70
     1
102
RTVSPost2010Prop49
280
     0
102
RTVSPost2010PropOp49
 70
     1
102
RTVSPost2010Prop50
 90
       50
102
RTVSPost2010PropOp50
 70
     1
102
RTVSPost2010Prop51ColorIndex
 90
      256
102
RTVSPost2010Prop51ColorRGB
 90
-16777216
102
RTVSPost2010PropOp51
 70
     0
102
RTVSPost2010Prop52
140
1.0
102
RTVSPost2010PropOp52
 70
     0
102
RTVSPost2010Prop53
 90
        2
102
RTVSPost2010PropOp53
 70
     1
102
RTVSPost2010Prop54
  1
strokes_ogs.tif
102
RTVSPost2010PropOp54
 70
     1
102
RTVSPost2010Prop55
280
     0
102
RTVSPost2010PropOp55
 70
     1
102
RTVSPost2010Prop56
140
1.0
102
RTVSPost2010PropOp56
 70
     1
102
RTVSPost2010Prop57
140
1.0
102
RTVSPost2010PropOp57
 70
     1
102
RTVSPropertyOp0
 70
     1
102
RTVSPropertyOp1
 70
     1
102
RTVSPropertyOp2
 70
     1
102
RTVSPropertyOp3
 70
     1
102
RTVSPropertyOp4
 70
     1
102
RTVSPropertyOp5
 70
     1
102
RTVSPropertyOp6
 70
     1
102
RTVSPropertyOp7
 70
     1
102
RTVSPropertyOp8
 70
     1
102
RTVSPropertyOp9
 70
     1
102
RTVSPropertyOp10
 70
     1
102
RTVSPropertyOp11
 70
     1
102
RTVSPropertyOp12
 70
     1
102
RTVSPropertyOp13
 70
     1
102
RTVSPropertyOp14
 70
     1
102
RTVSPropertyOp15
 70
     1
102
RTVSPropertyOp16
 70
     1
102
RTVSPropertyOp17
 70
     1
102
RTVSPropertyOp18
 70
     1
102
RTVSPropertyOp19
 70
     1
102
RTVSPropertyOp20
 70
     1
102
RTVSPropertyOp21
 70
     1
102
RTVSPropertyOp22
 70
     1
102
RTVSPropertyOp23
 70
     1
102
RTVSPropertyOp24
 70
     1
102
RTVSPropertyOp25
 70
     1
102
RTVSPropertyOp26
 70
     1
102
RTVSPropertyOp27
 70
     1
102
RTVSPropertyOp28
 70
     1
102
RTVSPropertyOp29
 70
     1
102
RTVSPropertyOp30
 70
     1
102
RTVSPropertyOp31
 70
     1
102
RTVSPropertyOp32
 70
     1
102
RTVSPropertyOp33
 70
     1
102
RTVSPropertyOp34
 70
     1
102
RTVSPropertyOp35
 70
     1
102
RTVSPropertyOp36
 70
     1
102
RTVSPropertyOp37
 70
     1
102
RTVSPropertyOp38
 70
     1
102
RTVSPropertyOp39
 70
     1
102
RTVSPropertyOp40
 70
     1
102
RTVSPropertyOp41
 70
     1
102
RTVSPropertyOp42
 70
     1
102
RTVSPropertyOp43
 70
     1
102
RTVSPropertyOp44
 70
     1
102
RTVSPropertyOp45
 70
     1
102
RTVSPropertyOp46
 70
     1
102
RTVSPropertyOp47
 70
     1
102
RTVSPropertyOp48
 70
     1
102
RTVSPropertyOp49
 70
     1
102
RTVSPropertyOp50
 70
     1
102
RTVSPropertyOp51
 70
     0
102
RTVSPropertyOp52
 70
     0
102
RTVSPropertyOp53
 70
     1
102
RTVSPropertyOp54
 70
     1
102
RTVSPropertyOp55
 70
     1
102
RTVSPropertyOp56
 70
     1
102
RTVSPropertyOp57
 70
     1
102
RTVSPropertyOp58
 70
     1
102
RTVSPropertyOp59
 70
     1
102
RTVSPropertyOp60
 70
     1
102
RTVSPropertyOp61
 70
     1
102
RTVSPropertyOp62
 70
     1
  0
XRECORD
  5
4B1
102
{ACAD_REACTORS
330
4B0
102
}
330
4B0
100
AcDbXrecord
280
     1
102
RTVSPost2010Prop28
280
     0
102
RTVSPost2010PropOp28
 70
     1
102
RTVSPost2010Prop29
280
     1
102
RTVSPost2010PropOp29
 70
     1
102
RTVSPost2010Prop30
280
     1
102
RTVSPost2010PropOp30
 70
     1
102
RTVSPost2010Prop31
280
     0
102
RTVSPost2010PropOp31
 70
     1
102
RTVSPost2010Prop32
280
     0
102
RTVSPost2010PropOp32
 70
     1
102
RTVSPost2010Prop33
280
     0
102
RTVSPost2010PropOp33
 70
     1
102
RTVSPost2010Prop34
280
     0
102
RTVSPost2010PropOp34
 70
     1
102
RTVSPost2010Prop35
280
     0
102
RTVSPost2010PropOp35
 70
     1
102
RTVSPost2010Prop36
280
     0
102
RTVSPost2010PropOp36
 70
     1
102
RTVSPost2010Prop37
 90
       50
102
RTVSPost2010PropOp37
 70
     1
102
RTVSPost2010Prop38
140
0.0
102
RTVSPost2010PropOp38
 70
     1
102
RTVSPost2010Prop39
140
1.0
102
RTVSPost2010PropOp39
 70
     1
102
RTVSPost2010Prop40
 90
        0
102
RTVSPost2010PropOp40
 70
     1
102
RTVSPost2010Prop41ColorIndex
 90
       18
102
RTVSPost2010Prop41ColorRGB
 90
        0
102
RTVSPost2010PropOp41
 70
     1
102
RTVSPost2010Prop42
 90
       50
102
RTVSPost2010PropOp42
 70
     1
102
RTVSPost2010Prop43
 90
        3
102
RTVSPost2010PropOp43
 70
     1
102
RTVSPost2010Prop44ColorIndex
 90
        5
102
RTVSPost2010Prop44ColorRGB
 90
      255
102
RTVSPost2010PropOp44
 70
     1
102
RTVSPost2010Prop45
280
     0
102
RTVSPost2010PropOp45
 70
     1
102
RTVSPost2010Prop46
 90
       50
102
RTVSPost2010PropOp46
 70
     1
102
RTVSPost2010Prop47
 90
       50
102
RTVSPost2010PropOp47
 70
     1
102
RTVSPost2010Prop48
 90
       50
102
RTVSPost2010PropOp48
 70
     1
102
RTVSPost2010Prop49
280
     0
102
RTVSPost2010PropOp49
 70
     1
102
RTVSPost2010Prop50
 90
       50
102
RTVSPost2010PropOp50
 70
     1
102
RTVSPost2010Prop51ColorIndex
 90
      256
102
RTVSPost2010Prop51ColorRGB
 90
-16777216
102
RTVSPost2010PropOp51
 70
     0
102
RTVSPost2010Prop52
140
1.0
102
RTVSPost2010PropOp52
 70
     0
102
RTVSPost2010Prop53
 90
        2
102
RTVSPost2010PropOp53
 70
     1
102
RTVSPost2010Prop54
  1
strokes_ogs.tif
102
RTVSPost2010PropOp54
 70
     1
102
RTVSPost2010Prop55
280
     0
102
RTVSPost2010PropOp55
 70
     1
102
RTVSPost2010Prop56
140
1.0
102
RTVSPost2010PropOp56
 70
     1
102
RTVSPost2010Prop57
140
1.0
102
RTVSPost2010PropOp57
 70
     1
102
RTVSPropertyOp0
 70
     1
102
RTVSPropertyOp1
 70
     1
102
RTVSPropertyOp2
 70
     1
102
RTVSPropertyOp3
 70
     1
102
RTVSPropertyOp4
 70
     1
102
RTVSPropertyOp5
 70
     1
102
RTVSPropertyOp6
 70
     1
102
RTVSPropertyOp7
 70
     1
102
RTVSPropertyOp8
 70
     1
102
RTVSPropertyOp9
 70
     1
102
RTVSPropertyOp10
 70
     1
102
RTVSPropertyOp11
 70
     1
102
RTVSPropertyOp12
 70
     1
102
RTVSPropertyOp13
 70
     1
102
RTVSPropertyOp14
 70
     1
102
RTVSPropertyOp15
 70
     1
102
RTVSPropertyOp16
 70
     1
102
RTVSPropertyOp17
 70
     1
102
RTVSPropertyOp18
 70
     1
102
RTVSPropertyOp19
 70
     1
102
RTVSPropertyOp20
 70
     1
102
RTVSPropertyOp21
 70
     1
102
RTVSPropertyOp22
 70
     1
102
RTVSPropertyOp23
 70
     1
102
RTVSPropertyOp24
 70
     1
102
RTVSPropertyOp25
 70
     1
102
RTVSPropertyOp26
 70
     1
102
RTVSPropertyOp27
 70
     1
102
RTVSPropertyOp28
 70
     1
102
RTVSPropertyOp29
 70
     1
102
RTVSPropertyOp30
 70
     1
102
RTVSPropertyOp31
 70
     1
102
RTVSPropertyOp32
 70
     1
102
RTVSPropertyOp33
 70
     1
102
RTVSPropertyOp34
 70
     1
102
RTVSPropertyOp35
 70
     1
102
RTVSPropertyOp36
 70
     1
102
RTVSPropertyOp37
 70
     1
102
RTVSPropertyOp38
 70
     1
102
RTVSPropertyOp39
 70
     1
102
RTVSPropertyOp40
 70
     1
102
RTVSPropertyOp41
 70
     1
102
RTVSPropertyOp42
 70
     1
102
RTVSPropertyOp43
 70
     1
102
RTVSPropertyOp44
 70
     1
102
RTVSPropertyOp45
 70
     1
102
RTVSPropertyOp46
 70
     1
102
RTVSPropertyOp47
 70
     1
102
RTVSPropertyOp48
 70
     1
102
RTVSPropertyOp49
 70
     1
102
RTVSPropertyOp50
 70
     1
102
RTVSPropertyOp51
 70
     0
102
RTVSPropertyOp52
 70
     0
102
RTVSPropertyOp53
 70
     1
102
RTVSPropertyOp54
 70
     1
102
RTVSPropertyOp55
 70
     1
102
RTVSPropertyOp56
 70
     1
102
RTVSPropertyOp57
 70
     1
102
RTVSPropertyOp58
 70
     1
102
RTVSPropertyOp59
 70
     1
102
RTVSPropertyOp60
 70
     1
102
RTVSPropertyOp61
 70
     1
102
RTVSPropertyOp62
 70
     1
  0
XRECORD
  5
4BF
102
{ACAD_REACTORS
330
4BE
102
}
330
4BE
100
AcDbXrecord
280
     1
102
RTVSPost2010Prop28
280
     0
102
RTVSPost2010PropOp28
 70
     1
102
RTVSPost2010Prop29
280
     1
102
RTVSPost2010PropOp29
 70
     1
102
RTVSPost2010Prop30
280
     1
102
RTVSPost2010PropOp30
 70
     1
102
RTVSPost2010Prop31
280
     0
102
RTVSPost2010PropOp31
 70
     1
102
RTVSPost2010Prop32
280
     0
102
RTVSPost2010PropOp32
 70
     1
102
RTVSPost2010Prop33
280
     0
102
RTVSPost2010PropOp33
 70
     1
102
RTVSPost2010Prop34
280
     0
102
RTVSPost2010PropOp34
 70
     1
102
RTVSPost2010Prop35
280
     0
102
RTVSPost2010PropOp35
 70
     1
102
RTVSPost2010Prop36
280
     0
102
RTVSPost2010PropOp36
 70
     1
102
RTVSPost2010Prop37
 90
       50
102
RTVSPost2010PropOp37
 70
     1
102
RTVSPost2010Prop38
140
0.0
102
RTVSPost2010PropOp38
 70
     1
102
RTVSPost2010Prop39
140
1.0
102
RTVSPost2010PropOp39
 70
     1
102
RTVSPost2010Prop40
 90
        0
102
RTVSPost2010PropOp40
 70
     1
102
RTVSPost2010Prop41ColorIndex
 90
       18
102
RTVSPost2010Prop41ColorRGB
 90
        0
102
RTVSPost2010PropOp41
 70
     1
102
RTVSPost2010Prop42
 90
       50
102
RTVSPost2010PropOp42
 70
     1
102
RTVSPost2010Prop43
 90
        3
102
RTVSPost2010PropOp43
 70
     1
102
RTVSPost2010Prop44ColorIndex
 90
        5
102
RTVSPost2010Prop44ColorRGB
 90
      255
102
RTVSPost2010PropOp44
 70
     1
102
RTVSPost2010Prop45
280
     0
102
RTVSPost2010PropOp45
 70
     1
102
RTVSPost2010Prop46
 90
       50
102
RTVSPost2010PropOp46
 70
     1
102
RTVSPost2010Prop47
 90
       50
102
RTVSPost2010PropOp47
 70
     1
102
RTVSPost2010Prop48
 90
       50
102
RTVSPost2010PropOp48
 70
     1
102
RTVSPost2010Prop49
280
     0
102
RTVSPost2010PropOp49
 70
     1
102
RTVSPost2010Prop50
 90
       50
102
RTVSPost2010PropOp50
 70
     1
102
RTVSPost2010Prop51ColorIndex
 90
      256
102
RTVSPost2010Prop51ColorRGB
 90
-16777216
102
RTVSPost2010PropOp51
 70
     0
102
RTVSPost2010Prop52
140
1.0
102
RTVSPost2010PropOp52
 70
     0
102
RTVSPost2010Prop53
 90
        2
102
RTVSPost2010PropOp53
 70
     1
102
RTVSPost2010Prop54
  1
strokes_ogs.tif
102
RTVSPost2010PropOp54
 70
     1
102
RTVSPost2010Prop55
280
     0
102
RTVSPost2010PropOp55
 70
     1
102
RTVSPost2010Prop56
140
1.0
102
RTVSPost2010PropOp56
 70
     1
102
RTVSPost2010Prop57
140
1.0
102
RTVSPost2010PropOp57
 70
     1
102
RTVSPropertyOp0
 70
     1
102
RTVSPropertyOp1
 70
     1
102
RTVSPropertyOp2
 70
     1
102
RTVSPropertyOp3
 70
     1
102
RTVSPropertyOp4
 70
     1
102
RTVSPropertyOp5
 70
     1
102
RTVSPropertyOp6
 70
     1
102
RTVSPropertyOp7
 70
     1
102
RTVSPropertyOp8
 70
     1
102
RTVSPropertyOp9
 70
     1
102
RTVSPropertyOp10
 70
     1
102
RTVSPropertyOp11
 70
     1
102
RTVSPropertyOp12
 70
     1
102
RTVSPropertyOp13
 70
     1
102
RTVSPropertyOp14
 70
     1
102
RTVSPropertyOp15
 70
     1
102
RTVSPropertyOp16
 70
     1
102
RTVSPropertyOp17
 70
     1
102
RTVSPropertyOp18
 70
     1
102
RTVSPropertyOp19
 70
     1
102
RTVSPropertyOp20
 70
     1
102
RTVSPropertyOp21
 70
     1
102
RTVSPropertyOp22
 70
     1
102
RTVSPropertyOp23
 70
     1
102
RTVSPropertyOp24
 70
     1
102
RTVSPropertyOp25
 70
     1
102
RTVSPropertyOp26
 70
     1
102
RTVSPropertyOp27
 70
     1
102
RTVSPropertyOp28
 70
     1
102
RTVSPropertyOp29
 70
     1
102
RTVSPropertyOp30
 70
     1
102
RTVSPropertyOp31
 70
     1
102
RTVSPropertyOp32
 70
     1
102
RTVSPropertyOp33
 70
     1
102
RTVSPropertyOp34
 70
     1
102
RTVSPropertyOp35
 70
     1
102
RTVSPropertyOp36
 70
     1
102
RTVSPropertyOp37
 70
     1
102
RTVSPropertyOp38
 70
     1
102
RTVSPropertyOp39
 70
     1
102
RTVSPropertyOp40
 70
     1
102
RTVSPropertyOp41
 70
     1
102
RTVSPropertyOp42
 70
     1
102
RTVSPropertyOp43
 70
     1
102
RTVSPropertyOp44
 70
     1
102
RTVSPropertyOp45
 70
     1
102
RTVSPropertyOp46
 70
     1
102
RTVSPropertyOp47
 70
     1
102
RTVSPropertyOp48
 70
     1
102
RTVSPropertyOp49
 70
     1
102
RTVSPropertyOp50
 70
     1
102
RTVSPropertyOp51
 70
     0
102
RTVSPropertyOp52
 70
     0
102
RTVSPropertyOp53
 70
     1
102
RTVSPropertyOp54
 70
     1
102
RTVSPropertyOp55
 70
     1
102
RTVSPropertyOp56
 70
     1
102
RTVSPropertyOp57
 70
     1
102
RTVSPropertyOp58
 70
     1
102
RTVSPropertyOp59
 70
     1
102
RTVSPropertyOp60
 70
     1
102
RTVSPropertyOp61
 70
     1
102
RTVSPropertyOp62
 70
     1
  0
XRECORD
  5
4C7
102
{ACAD_REACTORS
330
4C6
102
}
330
4C6
100
AcDbXrecord
280
     1
102
RTVSPost2010Prop28
280
     0
102
RTVSPost2010PropOp28
 70
     1
102
RTVSPost2010Prop29
280
     1
102
RTVSPost2010PropOp29
 70
     1
102
RTVSPost2010Prop30
280
     1
102
RTVSPost2010PropOp30
 70
     1
102
RTVSPost2010Prop31
280
     0
102
RTVSPost2010PropOp31
 70
     1
102
RTVSPost2010Prop32
280
     0
102
RTVSPost2010PropOp32
 70
     1
102
RTVSPost2010Prop33
280
     0
102
RTVSPost2010PropOp33
 70
     1
102
RTVSPost2010Prop34
280
     0
102
RTVSPost2010PropOp34
 70
     1
102
RTVSPost2010Prop35
280
     0
102
RTVSPost2010PropOp35
 70
     1
102
RTVSPost2010Prop36
280
     0
102
RTVSPost2010PropOp36
 70
     1
102
RTVSPost2010Prop37
 90
       50
102
RTVSPost2010PropOp37
 70
     1
102
RTVSPost2010Prop38
140
0.0
102
RTVSPost2010PropOp38
 70
     1
102
RTVSPost2010Prop39
140
1.0
102
RTVSPost2010PropOp39
 70
     1
102
RTVSPost2010Prop40
 90
        0
102
RTVSPost2010PropOp40
 70
     1
102
RTVSPost2010Prop41ColorIndex
 90
       18
102
RTVSPost2010Prop41ColorRGB
 90
        0
102
RTVSPost2010PropOp41
 70
     1
102
RTVSPost2010Prop42
 90
       50
102
RTVSPost2010PropOp42
 70
     1
102
RTVSPost2010Prop43
 90
        3
102
RTVSPost2010PropOp43
 70
     1
102
RTVSPost2010Prop44ColorIndex
 90
        5
102
RTVSPost2010Prop44ColorRGB
 90
      255
102
RTVSPost2010PropOp44
 70
     1
102
RTVSPost2010Prop45
280
     0
102
RTVSPost2010PropOp45
 70
     1
102
RTVSPost2010Prop46
 90
       50
102
RTVSPost2010PropOp46
 70
     1
102
RTVSPost2010Prop47
 90
       50
102
RTVSPost2010PropOp47
 70
     1
102
RTVSPost2010Prop48
 90
       50
102
RTVSPost2010PropOp48
 70
     1
102
RTVSPost2010Prop49
280
     0
102
RTVSPost2010PropOp49
 70
     1
102
RTVSPost2010Prop50
 90
       50
102
RTVSPost2010PropOp50
 70
     1
102
RTVSPost2010Prop51ColorIndex
 90
      256
102
RTVSPost2010Prop51ColorRGB
 90
-16777216
102
RTVSPost2010PropOp51
 70
     0
102
RTVSPost2010Prop52
140
1.0
102
RTVSPost2010PropOp52
 70
     0
102
RTVSPost2010Prop53
 90
        2
102
RTVSPost2010PropOp53
 70
     1
102
RTVSPost2010Prop54
  1
strokes_ogs.tif
102
RTVSPost2010PropOp54
 70
     1
102
RTVSPost2010Prop55
280
     0
102
RTVSPost2010PropOp55
 70
     1
102
RTVSPost2010Prop56
140
1.0
102
RTVSPost2010PropOp56
 70
     1
102
RTVSPost2010Prop57
140
1.0
102
RTVSPost2010PropOp57
 70
     1
102
RTVSPropertyOp0
 70
     1
102
RTVSPropertyOp1
 70
     1
102
RTVSPropertyOp2
 70
     1
102
RTVSPropertyOp3
 70
     1
102
RTVSPropertyOp4
 70
     1
102
RTVSPropertyOp5
 70
     1
102
RTVSPropertyOp6
 70
     1
102
RTVSPropertyOp7
 70
     1
102
RTVSPropertyOp8
 70
     1
102
RTVSPropertyOp9
 70
     1
102
RTVSPropertyOp10
 70
     1
102
RTVSPropertyOp11
 70
     1
102
RTVSPropertyOp12
 70
     1
102
RTVSPropertyOp13
 70
     1
102
RTVSPropertyOp14
 70
     1
102
RTVSPropertyOp15
 70
     1
102
RTVSPropertyOp16
 70
     1
102
RTVSPropertyOp17
 70
     1
102
RTVSPropertyOp18
 70
     1
102
RTVSPropertyOp19
 70
     1
102
RTVSPropertyOp20
 70
     1
102
RTVSPropertyOp21
 70
     1
102
RTVSPropertyOp22
 70
     1
102
RTVSPropertyOp23
 70
     1
102
RTVSPropertyOp24
 70
     1
102
RTVSPropertyOp25
 70
     1
102
RTVSPropertyOp26
 70
     1
102
RTVSPropertyOp27
 70
     1
102
RTVSPropertyOp28
 70
     1
102
RTVSPropertyOp29
 70
     1
102
RTVSPropertyOp30
 70
     1
102
RTVSPropertyOp31
 70
     1
102
RTVSPropertyOp32
 70
     1
102
RTVSPropertyOp33
 70
     1
102
RTVSPropertyOp34
 70
     1
102
RTVSPropertyOp35
 70
     1
102
RTVSPropertyOp36
 70
     1
102
RTVSPropertyOp37
 70
     1
102
RTVSPropertyOp38
 70
     1
102
RTVSPropertyOp39
 70
     1
102
RTVSPropertyOp40
 70
     1
102
RTVSPropertyOp41
 70
     1
102
RTVSPropertyOp42
 70
     1
102
RTVSPropertyOp43
 70
     1
102
RTVSPropertyOp44
 70
     1
102
RTVSPropertyOp45
 70
     1
102
RTVSPropertyOp46
 70
     1
102
RTVSPropertyOp47
 70
     1
102
RTVSPropertyOp48
 70
     1
102
RTVSPropertyOp49
 70
     1
102
RTVSPropertyOp50
 70
     1
102
RTVSPropertyOp51
 70
     0
102
RTVSPropertyOp52
 70
     0
102
RTVSPropertyOp53
 70
     1
102
RTVSPropertyOp54
 70
     1
102
RTVSPropertyOp55
 70
     1
102
RTVSPropertyOp56
 70
     1
102
RTVSPropertyOp57
 70
     1
102
RTVSPropertyOp58
 70
     1
102
RTVSPropertyOp59
 70
     1
102
RTVSPropertyOp60
 70
     1
102
RTVSPropertyOp61
 70
     1
102
RTVSPropertyOp62
 70
     1
  0
XRECORD
  5
4B9
102
{ACAD_REACTORS
330
4B8
102
}
330
4B8
100
AcDbXrecord
280
     1
102
RTVSPost2010Prop28
280
     0
102
RTVSPost2010PropOp28
 70
     1
102
RTVSPost2010Prop29
280
     1
102
RTVSPost2010PropOp29
 70
     1
102
RTVSPost2010Prop30
280
     1
102
RTVSPost2010PropOp30
 70
     1
102
RTVSPost2010Prop31
280
     0
102
RTVSPost2010PropOp31
 70
     1
102
RTVSPost2010Prop32
280
     0
102
RTVSPost2010PropOp32
 70
     1
102
RTVSPost2010Prop33
280
     0
102
RTVSPost2010PropOp33
 70
     1
102
RTVSPost2010Prop34
280
     0
102
RTVSPost2010PropOp34
 70
     1
102
RTVSPost2010Prop35
280
     0
102
RTVSPost2010PropOp35
 70
     1
102
RTVSPost2010Prop36
280
     0
102
RTVSPost2010PropOp36
 70
     1
102
RTVSPost2010Prop37
 90
       50
102
RTVSPost2010PropOp37
 70
     1
102
RTVSPost2010Prop38
140
0.0
102
RTVSPost2010PropOp38
 70
     1
102
RTVSPost2010Prop39
140
1.0
102
RTVSPost2010PropOp39
 70
     1
102
RTVSPost2010Prop40
 90
        0
102
RTVSPost2010PropOp40
 70
     1
102
RTVSPost2010Prop41ColorIndex
 90
       18
102
RTVSPost2010Prop41ColorRGB
 90
        0
102
RTVSPost2010PropOp41
 70
     1
102
RTVSPost2010Prop42
 90
       50
102
RTVSPost2010PropOp42
 70
     1
102
RTVSPost2010Prop43
 90
        3
102
RTVSPost2010PropOp43
 70
     1
102
RTVSPost2010Prop44ColorIndex
 90
        5
102
RTVSPost2010Prop44ColorRGB
 90
      255
102
RTVSPost2010PropOp44
 70
     1
102
RTVSPost2010Prop45
280
     0
102
RTVSPost2010PropOp45
 70
     1
102
RTVSPost2010Prop46
 90
       50
102
RTVSPost2010PropOp46
 70
     1
102
RTVSPost2010Prop47
 90
       50
102
RTVSPost2010PropOp47
 70
     1
102
RTVSPost2010Prop48
 90
       50
102
RTVSPost2010PropOp48
 70
     1
102
RTVSPost2010Prop49
280
     0
102
RTVSPost2010PropOp49
 70
     1
102
RTVSPost2010Prop50
 90
       50
102
RTVSPost2010PropOp50
 70
     1
102
RTVSPost2010Prop51ColorIndex
 90
      256
102
RTVSPost2010Prop51ColorRGB
 90
-16777216
102
RTVSPost2010PropOp51
 70
     0
102
RTVSPost2010Prop52
140
1.0
102
RTVSPost2010PropOp52
 70
     0
102
RTVSPost2010Prop53
 90
        2
102
RTVSPost2010PropOp53
 70
     1
102
RTVSPost2010Prop54
  1
strokes_ogs.tif
102
RTVSPost2010PropOp54
 70
     1
102
RTVSPost2010Prop55
280
     0
102
RTVSPost2010PropOp55
 70
     1
102
RTVSPost2010Prop56
140
1.0
102
RTVSPost2010PropOp56
 70
     1
102
RTVSPost2010Prop57
140
1.0
102
RTVSPost2010PropOp57
 70
     1
102
RTVSPropertyOp0
 70
     1
102
RTVSPropertyOp1
 70
     1
102
RTVSPropertyOp2
 70
     1
102
RTVSPropertyOp3
 70
     1
102
RTVSPropertyOp4
 70
     1
102
RTVSPropertyOp5
 70
     1
102
RTVSPropertyOp6
 70
     1
102
RTVSPropertyOp7
 70
     1
102
RTVSPropertyOp8
 70
     1
102
RTVSPropertyOp9
 70
     1
102
RTVSPropertyOp10
 70
     1
102
RTVSPropertyOp11
 70
     1
102
RTVSPropertyOp12
 70
     1
102
RTVSPropertyOp13
 70
     1
102
RTVSPropertyOp14
 70
     1
102
RTVSPropertyOp15
 70
     1
102
RTVSPropertyOp16
 70
     1
102
RTVSPropertyOp17
 70
     1
102
RTVSPropertyOp18
 70
     1
102
RTVSPropertyOp19
 70
     1
102
RTVSPropertyOp20
 70
     1
102
RTVSPropertyOp21
 70
     1
102
RTVSPropertyOp22
 70
     1
102
RTVSPropertyOp23
 70
     1
102
RTVSPropertyOp24
 70
     1
102
RTVSPropertyOp25
 70
     1
102
RTVSPropertyOp26
 70
     1
102
RTVSPropertyOp27
 70
     1
102
RTVSPropertyOp28
 70
     1
102
RTVSPropertyOp29
 70
     1
102
RTVSPropertyOp30
 70
     1
102
RTVSPropertyOp31
 70
     1
102
RTVSPropertyOp32
 70
     1
102
RTVSPropertyOp33
 70
     1
102
RTVSPropertyOp34
 70
     1
102
RTVSPropertyOp35
 70
     1
102
RTVSPropertyOp36
 70
     1
102
RTVSPropertyOp37
 70
     1
102
RTVSPropertyOp38
 70
     1
102
RTVSPropertyOp39
 70
     1
102
RTVSPropertyOp40
 70
     1
102
RTVSPropertyOp41
 70
     1
102
RTVSPropertyOp42
 70
     1
102
RTVSPropertyOp43
 70
     1
102
RTVSPropertyOp44
 70
     1
102
RTVSPropertyOp45
 70
     1
102
RTVSPropertyOp46
 70
     1
102
RTVSPropertyOp47
 70
     1
102
RTVSPropertyOp48
 70
     1
102
RTVSPropertyOp49
 70
     1
102
RTVSPropertyOp50
 70
     1
102
RTVSPropertyOp51
 70
     0
102
RTVSPropertyOp52
 70
     0
102
RTVSPropertyOp53
 70
     1
102
RTVSPropertyOp54
 70
     1
102
RTVSPropertyOp55
 70
     1
102
RTVSPropertyOp56
 70
     1
102
RTVSPropertyOp57
 70
     1
102
RTVSPropertyOp58
 70
     1
102
RTVSPropertyOp59
 70
     1
102
RTVSPropertyOp60
 70
     1
102
RTVSPropertyOp61
 70
     1
102
RTVSPropertyOp62
 70
     1
  0
XRECORD
  5
4BD
102
{ACAD_REACTORS
330
4BC
102
}
330
4BC
100
AcDbXrecord
280
     1
102
RTVSPost2010Prop28
280
     0
102
RTVSPost2010PropOp28
 70
     1
102
RTVSPost2010Prop29
280
     1
102
RTVSPost2010PropOp29
 70
     1
102
RTVSPost2010Prop30
280
     1
102
RTVSPost2010PropOp30
 70
     1
102
RTVSPost2010Prop31
280
     0
102
RTVSPost2010PropOp31
 70
     1
102
RTVSPost2010Prop32
280
     0
102
RTVSPost2010PropOp32
 70
     1
102
RTVSPost2010Prop33
280
     0
102
RTVSPost2010PropOp33
 70
     1
102
RTVSPost2010Prop34
280
     0
102
RTVSPost2010PropOp34
 70
     1
102
RTVSPost2010Prop35
280
     0
102
RTVSPost2010PropOp35
 70
     1
102
RTVSPost2010Prop36
280
     0
102
RTVSPost2010PropOp36
 70
     1
102
RTVSPost2010Prop37
 90
       50
102
RTVSPost2010PropOp37
 70
     1
102
RTVSPost2010Prop38
140
0.0
102
RTVSPost2010PropOp38
 70
     1
102
RTVSPost2010Prop39
140
1.0
102
RTVSPost2010PropOp39
 70
     1
102
RTVSPost2010Prop40
 90
        0
102
RTVSPost2010PropOp40
 70
     1
102
RTVSPost2010Prop41ColorIndex
 90
       18
102
RTVSPost2010Prop41ColorRGB
 90
        0
102
RTVSPost2010PropOp41
 70
     1
102
RTVSPost2010Prop42
 90
       50
102
RTVSPost2010PropOp42
 70
     1
102
RTVSPost2010Prop43
 90
        3
102
RTVSPost2010PropOp43
 70
     1
102
RTVSPost2010Prop44ColorIndex
 90
        5
102
RTVSPost2010Prop44ColorRGB
 90
      255
102
RTVSPost2010PropOp44
 70
     1
102
RTVSPost2010Prop45
280
     0
102
RTVSPost2010PropOp45
 70
     1
102
RTVSPost2010Prop46
 90
       50
102
RTVSPost2010PropOp46
 70
     1
102
RTVSPost2010Prop47
 90
       50
102
RTVSPost2010PropOp47
 70
     1
102
RTVSPost2010Prop48
 90
       50
102
RTVSPost2010PropOp48
 70
     1
102
RTVSPost2010Prop49
280
     0
102
RTVSPost2010PropOp49
 70
     1
102
RTVSPost2010Prop50
 90
       50
102
RTVSPost2010PropOp50
 70
     1
102
RTVSPost2010Prop51ColorIndex
 90
      256
102
RTVSPost2010Prop51ColorRGB
 90
-16777216
102
RTVSPost2010PropOp51
 70
     0
102
RTVSPost2010Prop52
140
1.0
102
RTVSPost2010PropOp52
 70
     0
102
RTVSPost2010Prop53
 90
        2
102
RTVSPost2010PropOp53
 70
     1
102
RTVSPost2010Prop54
  1
strokes_ogs.tif
102
RTVSPost2010PropOp54
 70
     1
102
RTVSPost2010Prop55
280
     0
102
RTVSPost2010PropOp55
 70
     1
102
RTVSPost2010Prop56
140
1.0
102
RTVSPost2010PropOp56
 70
     1
102
RTVSPost2010Prop57
140
1.0
102
RTVSPost2010PropOp57
 70
     1
102
RTVSPropertyOp0
 70
     1
102
RTVSPropertyOp1
 70
     1
102
RTVSPropertyOp2
 70
     1
102
RTVSPropertyOp3
 70
     1
102
RTVSPropertyOp4
 70
     1
102
RTVSPropertyOp5
 70
     1
102
RTVSPropertyOp6
 70
     1
102
RTVSPropertyOp7
 70
     1
102
RTVSPropertyOp8
 70
     1
102
RTVSPropertyOp9
 70
     1
102
RTVSPropertyOp10
 70
     1
102
RTVSPropertyOp11
 70
     1
102
RTVSPropertyOp12
 70
     1
102
RTVSPropertyOp13
 70
     1
102
RTVSPropertyOp14
 70
     1
102
RTVSPropertyOp15
 70
     1
102
RTVSPropertyOp16
 70
     1
102
RTVSPropertyOp17
 70
     1
102
RTVSPropertyOp18
 70
     1
102
RTVSPropertyOp19
 70
     1
102
RTVSPropertyOp20
 70
     1
102
RTVSPropertyOp21
 70
     1
102
RTVSPropertyOp22
 70
     1
102
RTVSPropertyOp23
 70
     1
102
RTVSPropertyOp24
 70
     1
102
RTVSPropertyOp25
 70
     1
102
RTVSPropertyOp26
 70
     1
102
RTVSPropertyOp27
 70
     1
102
RTVSPropertyOp28
 70
     1
102
RTVSPropertyOp29
 70
     1
102
RTVSPropertyOp30
 70
     1
102
RTVSPropertyOp31
 70
     1
102
RTVSPropertyOp32
 70
     1
102
RTVSPropertyOp33
 70
     1
102
RTVSPropertyOp34
 70
     1
102
RTVSPropertyOp35
 70
     1
102
RTVSPropertyOp36
 70
     1
102
RTVSPropertyOp37
 70
     1
102
RTVSPropertyOp38
 70
     1
102
RTVSPropertyOp39
 70
     1
102
RTVSPropertyOp40
 70
     1
102
RTVSPropertyOp41
 70
     1
102
RTVSPropertyOp42
 70
     1
102
RTVSPropertyOp43
 70
     1
102
RTVSPropertyOp44
 70
     1
102
RTVSPropertyOp45
 70
     1
102
RTVSPropertyOp46
 70
     1
102
RTVSPropertyOp47
 70
     1
102
RTVSPropertyOp48
 70
     1
102
RTVSPropertyOp49
 70
     1
102
RTVSPropertyOp50
 70
     1
102
RTVSPropertyOp51
 70
     0
102
RTVSPropertyOp52
 70
     0
102
RTVSPropertyOp53
 70
     1
102
RTVSPropertyOp54
 70
     1
102
RTVSPropertyOp55
 70
     1
102
RTVSPropertyOp56
 70
     1
102
RTVSPropertyOp57
 70
     1
102
RTVSPropertyOp58
 70
     1
102
RTVSPropertyOp59
 70
     1
102
RTVSPropertyOp60
 70
     1
102
RTVSPropertyOp61
 70
     1
102
RTVSPropertyOp62
 70
     1
  0
XRECORD
  5
4D7
102
{ACAD_REACTORS
330
4D6
102
}
330
4D6
100
AcDbXrecord
280
     1
102
RTVSPost2010Prop28
280
     0
102
RTVSPost2010PropOp28
 70
     0
102
RTVSPost2010Prop29
280
     1
102
RTVSPost2010PropOp29
 70
     0
102
RTVSPost2010Prop30
280
     1
102
RTVSPost2010PropOp30
 70
     0
102
RTVSPost2010Prop31
280
     0
102
RTVSPost2010PropOp31
 70
     0
102
RTVSPost2010Prop32
280
     0
102
RTVSPost2010PropOp32
 70
     0
102
RTVSPost2010Prop33
280
     0
102
RTVSPost2010PropOp33
 70
     0
102
RTVSPost2010Prop34
280
     0
102
RTVSPost2010PropOp34
 70
     0
102
RTVSPost2010Prop35
280
     0
102
RTVSPost2010PropOp35
 70
     0
102
RTVSPost2010Prop36
280
     0
102
RTVSPost2010PropOp36
 70
     0
102
RTVSPost2010Prop37
 90
       50
102
RTVSPost2010PropOp37
 70
     0
102
RTVSPost2010Prop38
140
0.0
102
RTVSPost2010PropOp38
 70
     0
102
RTVSPost2010Prop39
140
1.0
102
RTVSPost2010PropOp39
 70
     0
102
RTVSPost2010Prop40
 90
        0
102
RTVSPost2010PropOp40
 70
     0
102
RTVSPost2010Prop41ColorIndex
 90
       18
102
RTVSPost2010Prop41ColorRGB
 90
        0
102
RTVSPost2010PropOp41
 70
     0
102
RTVSPost2010Prop42
 90
       50
102
RTVSPost2010PropOp42
 70
     0
102
RTVSPost2010Prop43
 90
        3
102
RTVSPost2010PropOp43
 70
     0
102
RTVSPost2010Prop44ColorIndex
 90
        5
102
RTVSPost2010Prop44ColorRGB
 90
      255
102
RTVSPost2010PropOp44
 70
     0
102
RTVSPost2010Prop45
280
     0
102
RTVSPost2010PropOp45
 70
     0
102
RTVSPost2010Prop46
 90
       50
102
RTVSPost2010PropOp46
 70
     0
102
RTVSPost2010Prop47
 90
       50
102
RTVSPost2010PropOp47
 70
     0
102
RTVSPost2010Prop48
 90
       50
102
RTVSPost2010PropOp48
 70
     0
102
RTVSPost2010Prop49
280
     0
102
RTVSPost2010PropOp49
 70
     0
102
RTVSPost2010Prop50
 90
       50
102
RTVSPost2010PropOp50
 70
     0
102
RTVSPost2010Prop51ColorIndex
 90
      256
102
RTVSPost2010Prop51ColorRGB
 90
-16777216
102
RTVSPost2010PropOp51
 70
     0
102
RTVSPost2010Prop52
140
1.0
102
RTVSPost2010PropOp52
 70
     0
102
RTVSPost2010Prop53
 90
        2
102
RTVSPost2010PropOp53
 70
     0
102
RTVSPost2010Prop54
  1
strokes_ogs.tif
102
RTVSPost2010PropOp54
 70
     0
102
RTVSPost2010Prop55
280
     0
102
RTVSPost2010PropOp55
 70
     0
102
RTVSPost2010Prop56
140
1.0
102
RTVSPost2010PropOp56
 70
     0
102
RTVSPost2010Prop57
140
1.0
102
RTVSPost2010PropOp57
 70
     0
102
RTVSPropertyOp0
 70
     0
102
RTVSPropertyOp1
 70
     0
102
RTVSPropertyOp2
 70
     0
102
RTVSPropertyOp3
 70
     0
102
RTVSPropertyOp4
 70
     0
102
RTVSPropertyOp5
 70
     0
102
RTVSPropertyOp6
 70
     0
102
RTVSPropertyOp7
 70
     0
102
RTVSPropertyOp8
 70
     0
102
RTVSPropertyOp9
 70
     0
102
RTVSPropertyOp10
 70
     0
102
RTVSPropertyOp11
 70
     0
102
RTVSPropertyOp12
 70
     0
102
RTVSPropertyOp13
 70
     0
102
RTVSPropertyOp14
 70
     2
102
RTVSPropertyOp15
 70
     0
102
RTVSPropertyOp16
 70
     0
102
RTVSPropertyOp17
 70
     0
102
RTVSPropertyOp18
 70
     0
102
RTVSPropertyOp19
 70
     0
102
RTVSPropertyOp20
 70
     0
102
RTVSPropertyOp21
 70
     0
102
RTVSPropertyOp22
 70
     0
102
RTVSPropertyOp23
 70
     0
102
RTVSPropertyOp24
 70
     0
102
RTVSPropertyOp25
 70
     0
102
RTVSPropertyOp26
 70
     0
102
RTVSPropertyOp27
 70
     0
102
RTVSPropertyOp28
 70
     0
102
RTVSPropertyOp29
 70
     0
102
RTVSPropertyOp30
 70
     0
102
RTVSPropertyOp31
 70
     0
102
RTVSPropertyOp32
 70
     0
102
RTVSPropertyOp33
 70
     0
102
RTVSPropertyOp34
 70
     0
102
RTVSPropertyOp35
 70
     0
102
RTVSPropertyOp36
 70
     0
102
RTVSPropertyOp37
 70
     0
102
RTVSPropertyOp38
 70
     0
102
RTVSPropertyOp39
 70
     0
102
RTVSPropertyOp40
 70
     0
102
RTVSPropertyOp41
 70
     0
102
RTVSPropertyOp42
 70
     0
102
RTVSPropertyOp43
 70
     0
102
RTVSPropertyOp44
 70
     0
102
RTVSPropertyOp45
 70
     0
102
RTVSPropertyOp46
 70
     0
102
RTVSPropertyOp47
 70
     0
102
RTVSPropertyOp48
 70
     0
102
RTVSPropertyOp49
 70
     0
102
RTVSPropertyOp50
 70
     0
102
RTVSPropertyOp51
 70
     0
102
RTVSPropertyOp52
 70
     0
102
RTVSPropertyOp53
 70
     0
102
RTVSPropertyOp54
 70
     0
102
RTVSPropertyOp55
 70
     0
102
RTVSPropertyOp56
 70
     0
102
RTVSPropertyOp57
 70
     0
102
RTVSPropertyOp58
 70
     1
102
RTVSPropertyOp59
 70
     1
102
RTVSPropertyOp60
 70
     1
102
RTVSPropertyOp61
 70
     1
102
RTVSPropertyOp62
 70
     1
  0
XRECORD
  5
4C5
102
{ACAD_REACTORS
330
4C4
102
}
330
4C4
100
AcDbXrecord
280
     1
102
RTVSPost2010Prop28
280
     0
102
RTVSPost2010PropOp28
 70
     1
102
RTVSPost2010Prop29
280
     1
102
RTVSPost2010PropOp29
 70
     1
102
RTVSPost2010Prop30
280
     1
102
RTVSPost2010PropOp30
 70
     1
102
RTVSPost2010Prop31
280
     0
102
RTVSPost2010PropOp31
 70
     1
102
RTVSPost2010Prop32
280
     0
102
RTVSPost2010PropOp32
 70
     1
102
RTVSPost2010Prop33
280
     0
102
RTVSPost2010PropOp33
 70
     1
102
RTVSPost2010Prop34
280
     0
102
RTVSPost2010PropOp34
 70
     1
102
RTVSPost2010Prop35
280
     0
102
RTVSPost2010PropOp35
 70
     1
102
RTVSPost2010Prop36
280
     0
102
RTVSPost2010PropOp36
 70
     1
102
RTVSPost2010Prop37
 90
       50
102
RTVSPost2010PropOp37
 70
     1
102
RTVSPost2010Prop38
140
0.0
102
RTVSPost2010PropOp38
 70
     1
102
RTVSPost2010Prop39
140
1.0
102
RTVSPost2010PropOp39
 70
     1
102
RTVSPost2010Prop40
 90
        0
102
RTVSPost2010PropOp40
 70
     1
102
RTVSPost2010Prop41ColorIndex
 90
       18
102
RTVSPost2010Prop41ColorRGB
 90
        0
102
RTVSPost2010PropOp41
 70
     1
102
RTVSPost2010Prop42
 90
       50
102
RTVSPost2010PropOp42
 70
     1
102
RTVSPost2010Prop43
 90
        3
102
RTVSPost2010PropOp43
 70
     1
102
RTVSPost2010Prop44ColorIndex
 90
        5
102
RTVSPost2010Prop44ColorRGB
 90
      255
102
RTVSPost2010PropOp44
 70
     1
102
RTVSPost2010Prop45
280
     0
102
RTVSPost2010PropOp45
 70
     1
102
RTVSPost2010Prop46
 90
       50
102
RTVSPost2010PropOp46
 70
     1
102
RTVSPost2010Prop47
 90
       50
102
RTVSPost2010PropOp47
 70
     1
102
RTVSPost2010Prop48
 90
       50
102
RTVSPost2010PropOp48
 70
     1
102
RTVSPost2010Prop49
280
     0
102
RTVSPost2010PropOp49
 70
     1
102
RTVSPost2010Prop50
 90
       50
102
RTVSPost2010PropOp50
 70
     1
102
RTVSPost2010Prop51ColorIndex
 90
      256
102
RTVSPost2010Prop51ColorRGB
 90
-16777216
102
RTVSPost2010PropOp51
 70
     0
102
RTVSPost2010Prop52
140
1.0
102
RTVSPost2010PropOp52
 70
     0
102
RTVSPost2010Prop53
 90
        2
102
RTVSPost2010PropOp53
 70
     1
102
RTVSPost2010Prop54
  1
strokes_ogs.tif
102
RTVSPost2010PropOp54
 70
     1
102
RTVSPost2010Prop55
280
     0
102
RTVSPost2010PropOp55
 70
     1
102
RTVSPost2010Prop56
140
1.0
102
RTVSPost2010PropOp56
 70
     1
102
RTVSPost2010Prop57
140
1.0
102
RTVSPost2010PropOp57
 70
     1
102
RTVSPropertyOp0
 70
     1
102
RTVSPropertyOp1
 70
     1
102
RTVSPropertyOp2
 70
     1
102
RTVSPropertyOp3
 70
     1
102
RTVSPropertyOp4
 70
     1
102
RTVSPropertyOp5
 70
     1
102
RTVSPropertyOp6
 70
     1
102
RTVSPropertyOp7
 70
     1
102
RTVSPropertyOp8
 70
     1
102
RTVSPropertyOp9
 70
     1
102
RTVSPropertyOp10
 70
     1
102
RTVSPropertyOp11
 70
     1
102
RTVSPropertyOp12
 70
     1
102
RTVSPropertyOp13
 70
     1
102
RTVSPropertyOp14
 70
     1
102
RTVSPropertyOp15
 70
     1
102
RTVSPropertyOp16
 70
     1
102
RTVSPropertyOp17
 70
     1
102
RTVSPropertyOp18
 70
     1
102
RTVSPropertyOp19
 70
     1
102
RTVSPropertyOp20
 70
     1
102
RTVSPropertyOp21
 70
     1
102
RTVSPropertyOp22
 70
     1
102
RTVSPropertyOp23
 70
     1
102
RTVSPropertyOp24
 70
     1
102
RTVSPropertyOp25
 70
     1
102
RTVSPropertyOp26
 70
     1
102
RTVSPropertyOp27
 70
     1
102
RTVSPropertyOp28
 70
     1
102
RTVSPropertyOp29
 70
     1
102
RTVSPropertyOp30
 70
     1
102
RTVSPropertyOp31
 70
     1
102
RTVSPropertyOp32
 70
     1
102
RTVSPropertyOp33
 70
     1
102
RTVSPropertyOp34
 70
     1
102
RTVSPropertyOp35
 70
     1
102
RTVSPropertyOp36
 70
     1
102
RTVSPropertyOp37
 70
     1
102
RTVSPropertyOp38
 70
     1
102
RTVSPropertyOp39
 70
     1
102
RTVSPropertyOp40
 70
     1
102
RTVSPropertyOp41
 70
     1
102
RTVSPropertyOp42
 70
     1
102
RTVSPropertyOp43
 70
     1
102
RTVSPropertyOp44
 70
     1
102
RTVSPropertyOp45
 70
     1
102
RTVSPropertyOp46
 70
     1
102
RTVSPropertyOp47
 70
     1
102
RTVSPropertyOp48
 70
     1
102
RTVSPropertyOp49
 70
     1
102
RTVSPropertyOp50
 70
     1
102
RTVSPropertyOp51
 70
     0
102
RTVSPropertyOp52
 70
     0
102
RTVSPropertyOp53
 70
     1
102
RTVSPropertyOp54
 70
     1
102
RTVSPropertyOp55
 70
     1
102
RTVSPropertyOp56
 70
     1
102
RTVSPropertyOp57
 70
     1
102
RTVSPropertyOp58
 70
     1
102
RTVSPropertyOp59
 70
     1
102
RTVSPropertyOp60
 70
     1
102
RTVSPropertyOp61
 70
     1
102
RTVSPropertyOp62
 70
     1
  0
XRECORD
  5
4A9
102
{ACAD_REACTORS
330
4A8
102
}
330
4A8
100
AcDbXrecord
280
     1
102
RTVSPost2010Prop28
280
     0
102
RTVSPost2010PropOp28
 70
     1
102
RTVSPost2010Prop29
280
     1
102
RTVSPost2010PropOp29
 70
     1
102
RTVSPost2010Prop30
280
     1
102
RTVSPost2010PropOp30
 70
     1
102
RTVSPost2010Prop31
280
     0
102
RTVSPost2010PropOp31
 70
     1
102
RTVSPost2010Prop32
280
     0
102
RTVSPost2010PropOp32
 70
     1
102
RTVSPost2010Prop33
280
     0
102
RTVSPost2010PropOp33
 70
     1
102
RTVSPost2010Prop34
280
     0
102
RTVSPost2010PropOp34
 70
     1
102
RTVSPost2010Prop35
280
     0
102
RTVSPost2010PropOp35
 70
     1
102
RTVSPost2010Prop36
280
     0
102
RTVSPost2010PropOp36
 70
     1
102
RTVSPost2010Prop37
 90
       50
102
RTVSPost2010PropOp37
 70
     1
102
RTVSPost2010Prop38
140
0.0
102
RTVSPost2010PropOp38
 70
     1
102
RTVSPost2010Prop39
140
1.0
102
RTVSPost2010PropOp39
 70
     1
102
RTVSPost2010Prop40
 90
        0
102
RTVSPost2010PropOp40
 70
     1
102
RTVSPost2010Prop41ColorIndex
 90
       18
102
RTVSPost2010Prop41ColorRGB
 90
        0
102
RTVSPost2010PropOp41
 70
     1
102
RTVSPost2010Prop42
 90
       50
102
RTVSPost2010PropOp42
 70
     1
102
RTVSPost2010Prop43
 90
        3
102
RTVSPost2010PropOp43
 70
     1
102
RTVSPost2010Prop44ColorIndex
 90
        5
102
RTVSPost2010Prop44ColorRGB
 90
      255
102
RTVSPost2010PropOp44
 70
     1
102
RTVSPost2010Prop45
280
     0
102
RTVSPost2010PropOp45
 70
     1
102
RTVSPost2010Prop46
 90
       50
102
RTVSPost2010PropOp46
 70
     1
102
RTVSPost2010Prop47
 90
       50
102
RTVSPost2010PropOp47
 70
     1
102
RTVSPost2010Prop48
 90
       50
102
RTVSPost2010PropOp48
 70
     1
102
RTVSPost2010Prop49
280
     0
102
RTVSPost2010PropOp49
 70
     1
102
RTVSPost2010Prop50
 90
       50
102
RTVSPost2010PropOp50
 70
     1
102
RTVSPost2010Prop51ColorIndex
 90
      256
102
RTVSPost2010Prop51ColorRGB
 90
-16777216
102
RTVSPost2010PropOp51
 70
     0
102
RTVSPost2010Prop52
140
1.0
102
RTVSPost2010PropOp52
 70
     0
102
RTVSPost2010Prop53
 90
        2
102
RTVSPost2010PropOp53
 70
     1
102
RTVSPost2010Prop54
  1
strokes_ogs.tif
102
RTVSPost2010PropOp54
 70
     1
102
RTVSPost2010Prop55
280
     0
102
RTVSPost2010PropOp55
 70
     1
102
RTVSPost2010Prop56
140
1.0
102
RTVSPost2010PropOp56
 70
     1
102
RTVSPost2010Prop57
140
1.0
102
RTVSPost2010PropOp57
 70
     1
102
RTVSPropertyOp0
 70
     1
102
RTVSPropertyOp1
 70
     1
102
RTVSPropertyOp2
 70
     1
102
RTVSPropertyOp3
 70
     1
102
RTVSPropertyOp4
 70
     1
102
RTVSPropertyOp5
 70
     1
102
RTVSPropertyOp6
 70
     1
102
RTVSPropertyOp7
 70
     1
102
RTVSPropertyOp8
 70
     1
102
RTVSPropertyOp9
 70
     1
102
RTVSPropertyOp10
 70
     1
102
RTVSPropertyOp11
 70
     1
102
RTVSPropertyOp12
 70
     1
102
RTVSPropertyOp13
 70
     1
102
RTVSPropertyOp14
 70
     1
102
RTVSPropertyOp15
 70
     1
102
RTVSPropertyOp16
 70
     1
102
RTVSPropertyOp17
 70
     1
102
RTVSPropertyOp18
 70
     1
102
RTVSPropertyOp19
 70
     1
102
RTVSPropertyOp20
 70
     1
102
RTVSPropertyOp21
 70
     1
102
RTVSPropertyOp22
 70
     1
102
RTVSPropertyOp23
 70
     1
102
RTVSPropertyOp24
 70
     1
102
RTVSPropertyOp25
 70
     1
102
RTVSPropertyOp26
 70
     1
102
RTVSPropertyOp27
 70
     1
102
RTVSPropertyOp28
 70
     1
102
RTVSPropertyOp29
 70
     1
102
RTVSPropertyOp30
 70
     1
102
RTVSPropertyOp31
 70
     1
102
RTVSPropertyOp32
 70
     1
102
RTVSPropertyOp33
 70
     1
102
RTVSPropertyOp34
 70
     1
102
RTVSPropertyOp35
 70
     1
102
RTVSPropertyOp36
 70
     1
102
RTVSPropertyOp37
 70
     1
102
RTVSPropertyOp38
 70
     1
102
RTVSPropertyOp39
 70
     1
102
RTVSPropertyOp40
 70
     1
102
RTVSPropertyOp41
 70
     1
102
RTVSPropertyOp42
 70
     1
102
RTVSPropertyOp43
 70
     1
102
RTVSPropertyOp44
 70
     1
102
RTVSPropertyOp45
 70
     1
102
RTVSPropertyOp46
 70
     1
102
RTVSPropertyOp47
 70
     1
102
RTVSPropertyOp48
 70
     1
102
RTVSPropertyOp49
 70
     1
102
RTVSPropertyOp50
 70
     1
102
RTVSPropertyOp51
 70
     0
102
RTVSPropertyOp52
 70
     0
102
RTVSPropertyOp53
 70
     1
102
RTVSPropertyOp54
 70
     1
102
RTVSPropertyOp55
 70
     1
102
RTVSPropertyOp56
 70
     1
102
RTVSPropertyOp57
 70
     1
102
RTVSPropertyOp58
 70
     1
102
RTVSPropertyOp59
 70
     1
102
RTVSPropertyOp60
 70
     1
102
RTVSPropertyOp61
 70
     1
102
RTVSPropertyOp62
 70
     1
  0
XRECORD
  5
4AB
102
{ACAD_REACTORS
330
4AA
102
}
330
4AA
100
AcDbXrecord
280
     1
102
RTVSPost2010Prop28
280
     0
102
RTVSPost2010PropOp28
 70
     1
102
RTVSPost2010Prop29
280
     1
102
RTVSPost2010PropOp29
 70
     1
102
RTVSPost2010Prop30
280
     1
102
RTVSPost2010PropOp30
 70
     1
102
RTVSPost2010Prop31
280
     0
102
RTVSPost2010PropOp31
 70
     1
102
RTVSPost2010Prop32
280
     0
102
RTVSPost2010PropOp32
 70
     1
102
RTVSPost2010Prop33
280
     0
102
RTVSPost2010PropOp33
 70
     1
102
RTVSPost2010Prop34
280
     0
102
RTVSPost2010PropOp34
 70
     1
102
RTVSPost2010Prop35
280
     0
102
RTVSPost2010PropOp35
 70
     1
102
RTVSPost2010Prop36
280
     0
102
RTVSPost2010PropOp36
 70
     1
102
RTVSPost2010Prop37
 90
       50
102
RTVSPost2010PropOp37
 70
     1
102
RTVSPost2010Prop38
140
0.0
102
RTVSPost2010PropOp38
 70
     1
102
RTVSPost2010Prop39
140
1.0
102
RTVSPost2010PropOp39
 70
     1
102
RTVSPost2010Prop40
 90
        0
102
RTVSPost2010PropOp40
 70
     1
102
RTVSPost2010Prop41ColorIndex
 90
       18
102
RTVSPost2010Prop41ColorRGB
 90
        0
102
RTVSPost2010PropOp41
 70
     1
102
RTVSPost2010Prop42
 90
       50
102
RTVSPost2010PropOp42
 70
     1
102
RTVSPost2010Prop43
 90
        3
102
RTVSPost2010PropOp43
 70
     1
102
RTVSPost2010Prop44ColorIndex
 90
        5
102
RTVSPost2010Prop44ColorRGB
 90
      255
102
RTVSPost2010PropOp44
 70
     1
102
RTVSPost2010Prop45
280
     0
102
RTVSPost2010PropOp45
 70
     1
102
RTVSPost2010Prop46
 90
       50
102
RTVSPost2010PropOp46
 70
     1
102
RTVSPost2010Prop47
 90
       50
102
RTVSPost2010PropOp47
 70
     1
102
RTVSPost2010Prop48
 90
       50
102
RTVSPost2010PropOp48
 70
     1
102
RTVSPost2010Prop49
280
     0
102
RTVSPost2010PropOp49
 70
     1
102
RTVSPost2010Prop50
 90
       50
102
RTVSPost2010PropOp50
 70
     1
102
RTVSPost2010Prop51ColorIndex
 90
      256
102
RTVSPost2010Prop51ColorRGB
 90
-16777216
102
RTVSPost2010PropOp51
 70
     0
102
RTVSPost2010Prop52
140
1.0
102
RTVSPost2010PropOp52
 70
     0
102
RTVSPost2010Prop53
 90
        2
102
RTVSPost2010PropOp53
 70
     1
102
RTVSPost2010Prop54
  1
strokes_ogs.tif
102
RTVSPost2010PropOp54
 70
     1
102
RTVSPost2010Prop55
280
     0
102
RTVSPost2010PropOp55
 70
     1
102
RTVSPost2010Prop56
140
1.0
102
RTVSPost2010PropOp56
 70
     1
102
RTVSPost2010Prop57
140
1.0
102
RTVSPost2010PropOp57
 70
     1
102
RTVSPropertyOp0
 70
     1
102
RTVSPropertyOp1
 70
     1
102
RTVSPropertyOp2
 70
     1
102
RTVSPropertyOp3
 70
     1
102
RTVSPropertyOp4
 70
     1
102
RTVSPropertyOp5
 70
     1
102
RTVSPropertyOp6
 70
     1
102
RTVSPropertyOp7
 70
     1
102
RTVSPropertyOp8
 70
     1
102
RTVSPropertyOp9
 70
     1
102
RTVSPropertyOp10
 70
     1
102
RTVSPropertyOp11
 70
     1
102
RTVSPropertyOp12
 70
     1
102
RTVSPropertyOp13
 70
     1
102
RTVSPropertyOp14
 70
     1
102
RTVSPropertyOp15
 70
     1
102
RTVSPropertyOp16
 70
     1
102
RTVSPropertyOp17
 70
     1
102
RTVSPropertyOp18
 70
     1
102
RTVSPropertyOp19
 70
     1
102
RTVSPropertyOp20
 70
     1
102
RTVSPropertyOp21
 70
     1
102
RTVSPropertyOp22
 70
     1
102
RTVSPropertyOp23
 70
     1
102
RTVSPropertyOp24
 70
     1
102
RTVSPropertyOp25
 70
     1
102
RTVSPropertyOp26
 70
     1
102
RTVSPropertyOp27
 70
     1
102
RTVSPropertyOp28
 70
     1
102
RTVSPropertyOp29
 70
     1
102
RTVSPropertyOp30
 70
     1
102
RTVSPropertyOp31
 70
     1
102
RTVSPropertyOp32
 70
     1
102
RTVSPropertyOp33
 70
     1
102
RTVSPropertyOp34
 70
     1
102
RTVSPropertyOp35
 70
     1
102
RTVSPropertyOp36
 70
     1
102
RTVSPropertyOp37
 70
     1
102
RTVSPropertyOp38
 70
     1
102
RTVSPropertyOp39
 70
     1
102
RTVSPropertyOp40
 70
     1
102
RTVSPropertyOp41
 70
     1
102
RTVSPropertyOp42
 70
     1
102
RTVSPropertyOp43
 70
     1
102
RTVSPropertyOp44
 70
     1
102
RTVSPropertyOp45
 70
     1
102
RTVSPropertyOp46
 70
     1
102
RTVSPropertyOp47
 70
     1
102
RTVSPropertyOp48
 70
     1
102
RTVSPropertyOp49
 70
     1
102
RTVSPropertyOp50
 70
     1
102
RTVSPropertyOp51
 70
     0
102
RTVSPropertyOp52
 70
     0
102
RTVSPropertyOp53
 70
     1
102
RTVSPropertyOp54
 70
     1
102
RTVSPropertyOp55
 70
     1
102
RTVSPropertyOp56
 70
     1
102
RTVSPropertyOp57
 70
     1
102
RTVSPropertyOp58
 70
     1
102
RTVSPropertyOp59
 70
     1
102
RTVSPropertyOp60
 70
     1
102
RTVSPropertyOp61
 70
     1
102
RTVSPropertyOp62
 70
     1
  0
XRECORD
  5
4AD
102
{ACAD_REACTORS
330
4AC
102
}
330
4AC
100
AcDbXrecord
280
     1
102
RTVSPost2010Prop28
280
     0
102
RTVSPost2010PropOp28
 70
     1
102
RTVSPost2010Prop29
280
     1
102
RTVSPost2010PropOp29
 70
     1
102
RTVSPost2010Prop30
280
     1
102
RTVSPost2010PropOp30
 70
     1
102
RTVSPost2010Prop31
280
     0
102
RTVSPost2010PropOp31
 70
     1
102
RTVSPost2010Prop32
280
     0
102
RTVSPost2010PropOp32
 70
     1
102
RTVSPost2010Prop33
280
     0
102
RTVSPost2010PropOp33
 70
     1
102
RTVSPost2010Prop34
280
     0
102
RTVSPost2010PropOp34
 70
     1
102
RTVSPost2010Prop35
280
     0
102
RTVSPost2010PropOp35
 70
     1
102
RTVSPost2010Prop36
280
     0
102
RTVSPost2010PropOp36
 70
     1
102
RTVSPost2010Prop37
 90
       50
102
RTVSPost2010PropOp37
 70
     1
102
RTVSPost2010Prop38
140
0.0
102
RTVSPost2010PropOp38
 70
     1
102
RTVSPost2010Prop39
140
1.0
102
RTVSPost2010PropOp39
 70
     1
102
RTVSPost2010Prop40
 90
        0
102
RTVSPost2010PropOp40
 70
     1
102
RTVSPost2010Prop41ColorIndex
 90
       18
102
RTVSPost2010Prop41ColorRGB
 90
        0
102
RTVSPost2010PropOp41
 70
     1
102
RTVSPost2010Prop42
 90
       50
102
RTVSPost2010PropOp42
 70
     1
102
RTVSPost2010Prop43
 90
        3
102
RTVSPost2010PropOp43
 70
     1
102
RTVSPost2010Prop44ColorIndex
 90
        5
102
RTVSPost2010Prop44ColorRGB
 90
      255
102
RTVSPost2010PropOp44
 70
     1
102
RTVSPost2010Prop45
280
     0
102
RTVSPost2010PropOp45
 70
     1
102
RTVSPost2010Prop46
 90
       50
102
RTVSPost2010PropOp46
 70
     1
102
RTVSPost2010Prop47
 90
       50
102
RTVSPost2010PropOp47
 70
     1
102
RTVSPost2010Prop48
 90
       50
102
RTVSPost2010PropOp48
 70
     1
102
RTVSPost2010Prop49
280
     0
102
RTVSPost2010PropOp49
 70
     1
102
RTVSPost2010Prop50
 90
       50
102
RTVSPost2010PropOp50
 70
     1
102
RTVSPost2010Prop51ColorIndex
 90
      256
102
RTVSPost2010Prop51ColorRGB
 90
-16777216
102
RTVSPost2010PropOp51
 70
     0
102
RTVSPost2010Prop52
140
1.0
102
RTVSPost2010PropOp52
 70
     0
102
RTVSPost2010Prop53
 90
        2
102
RTVSPost2010PropOp53
 70
     1
102
RTVSPost2010Prop54
  1
strokes_ogs.tif
102
RTVSPost2010PropOp54
 70
     1
102
RTVSPost2010Prop55
280
     0
102
RTVSPost2010PropOp55
 70
     1
102
RTVSPost2010Prop56
140
1.0
102
RTVSPost2010PropOp56
 70
     1
102
RTVSPost2010Prop57
140
1.0
102
RTVSPost2010PropOp57
 70
     1
102
RTVSPropertyOp0
 70
     1
102
RTVSPropertyOp1
 70
     1
102
RTVSPropertyOp2
 70
     1
102
RTVSPropertyOp3
 70
     1
102
RTVSPropertyOp4
 70
     1
102
RTVSPropertyOp5
 70
     1
102
RTVSPropertyOp6
 70
     1
102
RTVSPropertyOp7
 70
     1
102
RTVSPropertyOp8
 70
     1
102
RTVSPropertyOp9
 70
     1
102
RTVSPropertyOp10
 70
     1
102
RTVSPropertyOp11
 70
     1
102
RTVSPropertyOp12
 70
     1
102
RTVSPropertyOp13
 70
     1
102
RTVSPropertyOp14
 70
     1
102
RTVSPropertyOp15
 70
     1
102
RTVSPropertyOp16
 70
     1
102
RTVSPropertyOp17
 70
     1
102
RTVSPropertyOp18
 70
     1
102
RTVSPropertyOp19
 70
     1
102
RTVSPropertyOp20
 70
     1
102
RTVSPropertyOp21
 70
     1
102
RTVSPropertyOp22
 70
     1
102
RTVSPropertyOp23
 70
     1
102
RTVSPropertyOp24
 70
     1
102
RTVSPropertyOp25
 70
     1
102
RTVSPropertyOp26
 70
     1
102
RTVSPropertyOp27
 70
     1
102
RTVSPropertyOp28
 70
     1
102
RTVSPropertyOp29
 70
     1
102
RTVSPropertyOp30
 70
     1
102
RTVSPropertyOp31
 70
     1
102
RTVSPropertyOp32
 70
     1
102
RTVSPropertyOp33
 70
     1
102
RTVSPropertyOp34
 70
     1
102
RTVSPropertyOp35
 70
     1
102
RTVSPropertyOp36
 70
     1
102
RTVSPropertyOp37
 70
     1
102
RTVSPropertyOp38
 70
     1
102
RTVSPropertyOp39
 70
     1
102
RTVSPropertyOp40
 70
     1
102
RTVSPropertyOp41
 70
     1
102
RTVSPropertyOp42
 70
     1
102
RTVSPropertyOp43
 70
     1
102
RTVSPropertyOp44
 70
     1
102
RTVSPropertyOp45
 70
     1
102
RTVSPropertyOp46
 70
     1
102
RTVSPropertyOp47
 70
     1
102
RTVSPropertyOp48
 70
     1
102
RTVSPropertyOp49
 70
     1
102
RTVSPropertyOp50
 70
     1
102
RTVSPropertyOp51
 70
     0
102
RTVSPropertyOp52
 70
     0
102
RTVSPropertyOp53
 70
     1
102
RTVSPropertyOp54
 70
     1
102
RTVSPropertyOp55
 70
     1
102
RTVSPropertyOp56
 70
     1
102
RTVSPropertyOp57
 70
     1
102
RTVSPropertyOp58
 70
     1
102
RTVSPropertyOp59
 70
     1
102
RTVSPropertyOp60
 70
     1
102
RTVSPropertyOp61
 70
     1
102
RTVSPropertyOp62
 70
     1
  0
XRECORD
  5
4AF
102
{ACAD_REACTORS
330
4AE
102
}
330
4AE
100
AcDbXrecord
280
     1
102
RTVSPost2010Prop28
280
     0
102
RTVSPost2010PropOp28
 70
     1
102
RTVSPost2010Prop29
280
     1
102
RTVSPost2010PropOp29
 70
     1
102
RTVSPost2010Prop30
280
     1
102
RTVSPost2010PropOp30
 70
     1
102
RTVSPost2010Prop31
280
     0
102
RTVSPost2010PropOp31
 70
     1
102
RTVSPost2010Prop32
280
     0
102
RTVSPost2010PropOp32
 70
     1
102
RTVSPost2010Prop33
280
     0
102
RTVSPost2010PropOp33
 70
     1
102
RTVSPost2010Prop34
280
     0
102
RTVSPost2010PropOp34
 70
     1
102
RTVSPost2010Prop35
280
     0
102
RTVSPost2010PropOp35
 70
     1
102
RTVSPost2010Prop36
280
     0
102
RTVSPost2010PropOp36
 70
     1
102
RTVSPost2010Prop37
 90
       50
102
RTVSPost2010PropOp37
 70
     1
102
RTVSPost2010Prop38
140
0.0
102
RTVSPost2010PropOp38
 70
     1
102
RTVSPost2010Prop39
140
1.0
102
RTVSPost2010PropOp39
 70
     1
102
RTVSPost2010Prop40
 90
        0
102
RTVSPost2010PropOp40
 70
     1
102
RTVSPost2010Prop41ColorIndex
 90
       18
102
RTVSPost2010Prop41ColorRGB
 90
        0
102
RTVSPost2010PropOp41
 70
     1
102
RTVSPost2010Prop42
 90
       50
102
RTVSPost2010PropOp42
 70
     1
102
RTVSPost2010Prop43
 90
        3
102
RTVSPost2010PropOp43
 70
     1
102
RTVSPost2010Prop44ColorIndex
 90
        5
102
RTVSPost2010Prop44ColorRGB
 90
      255
102
RTVSPost2010PropOp44
 70
     1
102
RTVSPost2010Prop45
280
     0
102
RTVSPost2010PropOp45
 70
     1
102
RTVSPost2010Prop46
 90
       50
102
RTVSPost2010PropOp46
 70
     1
102
RTVSPost2010Prop47
 90
       50
102
RTVSPost2010PropOp47
 70
     1
102
RTVSPost2010Prop48
 90
       50
102
RTVSPost2010PropOp48
 70
     1
102
RTVSPost2010Prop49
280
     0
102
RTVSPost2010PropOp49
 70
     1
102
RTVSPost2010Prop50
 90
       50
102
RTVSPost2010PropOp50
 70
     1
102
RTVSPost2010Prop51ColorIndex
 90
      256
102
RTVSPost2010Prop51ColorRGB
 90
-16777216
102
RTVSPost2010PropOp51
 70
     0
102
RTVSPost2010Prop52
140
1.0
102
RTVSPost2010PropOp52
 70
     0
102
RTVSPost2010Prop53
 90
        2
102
RTVSPost2010PropOp53
 70
     1
102
RTVSPost2010Prop54
  1
strokes_ogs.tif
102
RTVSPost2010PropOp54
 70
     1
102
RTVSPost2010Prop55
280
     0
102
RTVSPost2010PropOp55
 70
     1
102
RTVSPost2010Prop56
140
1.0
102
RTVSPost2010PropOp56
 70
     1
102
RTVSPost2010Prop57
140
1.0
102
RTVSPost2010PropOp57
 70
     1
102
RTVSPropertyOp0
 70
     1
102
RTVSPropertyOp1
 70
     1
102
RTVSPropertyOp2
 70
     1
102
RTVSPropertyOp3
 70
     1
102
RTVSPropertyOp4
 70
     1
102
RTVSPropertyOp5
 70
     1
102
RTVSPropertyOp6
 70
     1
102
RTVSPropertyOp7
 70
     1
102
RTVSPropertyOp8
 70
     1
102
RTVSPropertyOp9
 70
     1
102
RTVSPropertyOp10
 70
     1
102
RTVSPropertyOp11
 70
     1
102
RTVSPropertyOp12
 70
     1
102
RTVSPropertyOp13
 70
     1
102
RTVSPropertyOp14
 70
     1
102
RTVSPropertyOp15
 70
     1
102
RTVSPropertyOp16
 70
     1
102
RTVSPropertyOp17
 70
     1
102
RTVSPropertyOp18
 70
     1
102
RTVSPropertyOp19
 70
     1
102
RTVSPropertyOp20
 70
     1
102
RTVSPropertyOp21
 70
     1
102
RTVSPropertyOp22
 70
     1
102
RTVSPropertyOp23
 70
     1
102
RTVSPropertyOp24
 70
     1
102
RTVSPropertyOp25
 70
     1
102
RTVSPropertyOp26
 70
     1
102
RTVSPropertyOp27
 70
     1
102
RTVSPropertyOp28
 70
     1
102
RTVSPropertyOp29
 70
     1
102
RTVSPropertyOp30
 70
     1
102
RTVSPropertyOp31
 70
     1
102
RTVSPropertyOp32
 70
     1
102
RTVSPropertyOp33
 70
     1
102
RTVSPropertyOp34
 70
     1
102
RTVSPropertyOp35
 70
     1
102
RTVSPropertyOp36
 70
     1
102
RTVSPropertyOp37
 70
     1
102
RTVSPropertyOp38
 70
     1
102
RTVSPropertyOp39
 70
     1
102
RTVSPropertyOp40
 70
     1
102
RTVSPropertyOp41
 70
     1
102
RTVSPropertyOp42
 70
     1
102
RTVSPropertyOp43
 70
     1
102
RTVSPropertyOp44
 70
     1
102
RTVSPropertyOp45
 70
     1
102
RTVSPropertyOp46
 70
     1
102
RTVSPropertyOp47
 70
     1
102
RTVSPropertyOp48
 70
     1
102
RTVSPropertyOp49
 70
     1
102
RTVSPropertyOp50
 70
     1
102
RTVSPropertyOp51
 70
     0
102
RTVSPropertyOp52
 70
     0
102
RTVSPropertyOp53
 70
     1
102
RTVSPropertyOp54
 70
     1
102
RTVSPropertyOp55
 70
     1
102
RTVSPropertyOp56
 70
     1
102
RTVSPropertyOp57
 70
     1
102
RTVSPropertyOp58
 70
     1
102
RTVSPropertyOp59
 70
     1
102
RTVSPropertyOp60
 70
     1
102
RTVSPropertyOp61
 70
     1
102
RTVSPropertyOp62
 70
     1
  0
XRECORD
  5
4B7
102
{ACAD_REACTORS
330
4B6
102
}
330
4B6
100
AcDbXrecord
280
     1
102
RTVSPost2010Prop28
280
     0
102
RTVSPost2010PropOp28
 70
     1
102
RTVSPost2010Prop29
280
     1
102
RTVSPost2010PropOp29
 70
     1
102
RTVSPost2010Prop30
280
     1
102
RTVSPost2010PropOp30
 70
     1
102
RTVSPost2010Prop31
280
     0
102
RTVSPost2010PropOp31
 70
     1
102
RTVSPost2010Prop32
280
     0
102
RTVSPost2010PropOp32
 70
     1
102
RTVSPost2010Prop33
280
     0
102
RTVSPost2010PropOp33
 70
     1
102
RTVSPost2010Prop34
280
     0
102
RTVSPost2010PropOp34
 70
     1
102
RTVSPost2010Prop35
280
     0
102
RTVSPost2010PropOp35
 70
     1
102
RTVSPost2010Prop36
280
     0
102
RTVSPost2010PropOp36
 70
     1
102
RTVSPost2010Prop37
 90
       50
102
RTVSPost2010PropOp37
 70
     1
102
RTVSPost2010Prop38
140
0.0
102
RTVSPost2010PropOp38
 70
     1
102
RTVSPost2010Prop39
140
1.0
102
RTVSPost2010PropOp39
 70
     1
102
RTVSPost2010Prop40
 90
        0
102
RTVSPost2010PropOp40
 70
     1
102
RTVSPost2010Prop41ColorIndex
 90
       18
102
RTVSPost2010Prop41ColorRGB
 90
        0
102
RTVSPost2010PropOp41
 70
     1
102
RTVSPost2010Prop42
 90
       50
102
RTVSPost2010PropOp42
 70
     1
102
RTVSPost2010Prop43
 90
        3
102
RTVSPost2010PropOp43
 70
     1
102
RTVSPost2010Prop44ColorIndex
 90
        5
102
RTVSPost2010Prop44ColorRGB
 90
      255
102
RTVSPost2010PropOp44
 70
     1
102
RTVSPost2010Prop45
280
     0
102
RTVSPost2010PropOp45
 70
     1
102
RTVSPost2010Prop46
 90
       50
102
RTVSPost2010PropOp46
 70
     1
102
RTVSPost2010Prop47
 90
       50
102
RTVSPost2010PropOp47
 70
     1
102
RTVSPost2010Prop48
 90
       50
102
RTVSPost2010PropOp48
 70
     1
102
RTVSPost2010Prop49
280
     0
102
RTVSPost2010PropOp49
 70
     1
102
RTVSPost2010Prop50
 90
       50
102
RTVSPost2010PropOp50
 70
     1
102
RTVSPost2010Prop51ColorIndex
 90
      256
102
RTVSPost2010Prop51ColorRGB
 90
-16777216
102
RTVSPost2010PropOp51
 70
     0
102
RTVSPost2010Prop52
140
1.0
102
RTVSPost2010PropOp52
 70
     0
102
RTVSPost2010Prop53
 90
        2
102
RTVSPost2010PropOp53
 70
     1
102
RTVSPost2010Prop54
  1
strokes_ogs.tif
102
RTVSPost2010PropOp54
 70
     1
102
RTVSPost2010Prop55
280
     0
102
RTVSPost2010PropOp55
 70
     1
102
RTVSPost2010Prop56
140
1.0
102
RTVSPost2010PropOp56
 70
     1
102
RTVSPost2010Prop57
140
1.0
102
RTVSPost2010PropOp57
 70
     1
102
RTVSPropertyOp0
 70
     1
102
RTVSPropertyOp1
 70
     1
102
RTVSPropertyOp2
 70
     1
102
RTVSPropertyOp3
 70
     1
102
RTVSPropertyOp4
 70
     1
102
RTVSPropertyOp5
 70
     1
102
RTVSPropertyOp6
 70
     1
102
RTVSPropertyOp7
 70
     1
102
RTVSPropertyOp8
 70
     1
102
RTVSPropertyOp9
 70
     1
102
RTVSPropertyOp10
 70
     1
102
RTVSPropertyOp11
 70
     1
102
RTVSPropertyOp12
 70
     1
102
RTVSPropertyOp13
 70
     1
102
RTVSPropertyOp14
 70
     1
102
RTVSPropertyOp15
 70
     1
102
RTVSPropertyOp16
 70
     1
102
RTVSPropertyOp17
 70
     1
102
RTVSPropertyOp18
 70
     1
102
RTVSPropertyOp19
 70
     1
102
RTVSPropertyOp20
 70
     1
102
RTVSPropertyOp21
 70
     1
102
RTVSPropertyOp22
 70
     1
102
RTVSPropertyOp23
 70
     1
102
RTVSPropertyOp24
 70
     1
102
RTVSPropertyOp25
 70
     1
102
RTVSPropertyOp26
 70
     1
102
RTVSPropertyOp27
 70
     1
102
RTVSPropertyOp28
 70
     1
102
RTVSPropertyOp29
 70
     1
102
RTVSPropertyOp30
 70
     1
102
RTVSPropertyOp31
 70
     1
102
RTVSPropertyOp32
 70
     1
102
RTVSPropertyOp33
 70
     1
102
RTVSPropertyOp34
 70
     1
102
RTVSPropertyOp35
 70
     1
102
RTVSPropertyOp36
 70
     1
102
RTVSPropertyOp37
 70
     1
102
RTVSPropertyOp38
 70
     1
102
RTVSPropertyOp39
 70
     1
102
RTVSPropertyOp40
 70
     1
102
RTVSPropertyOp41
 70
     1
102
RTVSPropertyOp42
 70
     1
102
RTVSPropertyOp43
 70
     1
102
RTVSPropertyOp44
 70
     1
102
RTVSPropertyOp45
 70
     1
102
RTVSPropertyOp46
 70
     1
102
RTVSPropertyOp47
 70
     1
102
RTVSPropertyOp48
 70
     1
102
RTVSPropertyOp49
 70
     1
102
RTVSPropertyOp50
 70
     1
102
RTVSPropertyOp51
 70
     0
102
RTVSPropertyOp52
 70
     0
102
RTVSPropertyOp53
 70
     1
102
RTVSPropertyOp54
 70
     1
102
RTVSPropertyOp55
 70
     1
102
RTVSPropertyOp56
 70
     1
102
RTVSPropertyOp57
 70
     1
102
RTVSPropertyOp58
 70
     1
102
RTVSPropertyOp59
 70
     1
102
RTVSPropertyOp60
 70
     1
102
RTVSPropertyOp61
 70
     1
102
RTVSPropertyOp62
 70
     1
  0
XRECORD
  5
4D3
102
{ACAD_REACTORS
330
4D2
102
}
330
4D2
100
AcDbXrecord
280
     1
102
RTVSPost2010Prop28
280
     0
102
RTVSPost2010PropOp28
 70
     0
102
RTVSPost2010Prop29
280
     1
102
RTVSPost2010PropOp29
 70
     0
102
RTVSPost2010Prop30
280
     1
102
RTVSPost2010PropOp30
 70
     0
102
RTVSPost2010Prop31
280
     0
102
RTVSPost2010PropOp31
 70
     0
102
RTVSPost2010Prop32
280
     0
102
RTVSPost2010PropOp32
 70
     0
102
RTVSPost2010Prop33
280
     0
102
RTVSPost2010PropOp33
 70
     0
102
RTVSPost2010Prop34
280
     0
102
RTVSPost2010PropOp34
 70
     0
102
RTVSPost2010Prop35
280
     0
102
RTVSPost2010PropOp35
 70
     0
102
RTVSPost2010Prop36
280
     0
102
RTVSPost2010PropOp36
 70
     0
102
RTVSPost2010Prop37
 90
       50
102
RTVSPost2010PropOp37
 70
     0
102
RTVSPost2010Prop38
140
0.0
102
RTVSPost2010PropOp38
 70
     0
102
RTVSPost2010Prop39
140
1.0
102
RTVSPost2010PropOp39
 70
     0
102
RTVSPost2010Prop40
 90
        0
102
RTVSPost2010PropOp40
 70
     0
102
RTVSPost2010Prop41ColorIndex
 90
       18
102
RTVSPost2010Prop41ColorRGB
 90
        0
102
RTVSPost2010PropOp41
 70
     0
102
RTVSPost2010Prop42
 90
       50
102
RTVSPost2010PropOp42
 70
     0
102
RTVSPost2010Prop43
 90
        3
102
RTVSPost2010PropOp43
 70
     0
102
RTVSPost2010Prop44ColorIndex
 90
        5
102
RTVSPost2010Prop44ColorRGB
 90
      255
102
RTVSPost2010PropOp44
 70
     0
102
RTVSPost2010Prop45
280
     0
102
RTVSPost2010PropOp45
 70
     0
102
RTVSPost2010Prop46
 90
       50
102
RTVSPost2010PropOp46
 70
     0
102
RTVSPost2010Prop47
 90
       50
102
RTVSPost2010PropOp47
 70
     0
102
RTVSPost2010Prop48
 90
       50
102
RTVSPost2010PropOp48
 70
     0
102
RTVSPost2010Prop49
280
     0
102
RTVSPost2010PropOp49
 70
     0
102
RTVSPost2010Prop50
 90
       50
102
RTVSPost2010PropOp50
 70
     0
102
RTVSPost2010Prop51ColorIndex
 90
      256
102
RTVSPost2010Prop51ColorRGB
 90
-16777216
102
RTVSPost2010PropOp51
 70
     0
102
RTVSPost2010Prop52
140
1.0
102
RTVSPost2010PropOp52
 70
     0
102
RTVSPost2010Prop53
 90
        2
102
RTVSPost2010PropOp53
 70
     0
102
RTVSPost2010Prop54
  1
strokes_ogs.tif
102
RTVSPost2010PropOp54
 70
     0
102
RTVSPost2010Prop55
280
     0
102
RTVSPost2010PropOp55
 70
     0
102
RTVSPost2010Prop56
140
1.0
102
RTVSPost2010PropOp56
 70
     0
102
RTVSPost2010Prop57
140
1.0
102
RTVSPost2010PropOp57
 70
     0
102
RTVSPropertyOp0
 70
     0
102
RTVSPropertyOp1
 70
     0
102
RTVSPropertyOp2
 70
     0
102
RTVSPropertyOp3
 70
     0
102
RTVSPropertyOp4
 70
     0
102
RTVSPropertyOp5
 70
     0
102
RTVSPropertyOp6
 70
     0
102
RTVSPropertyOp7
 70
     0
102
RTVSPropertyOp8
 70
     0
102
RTVSPropertyOp9
 70
     0
102
RTVSPropertyOp10
 70
     0
102
RTVSPropertyOp11
 70
     0
102
RTVSPropertyOp12
 70
     0
102
RTVSPropertyOp13
 70
     0
102
RTVSPropertyOp14
 70
     2
102
RTVSPropertyOp15
 70
     0
102
RTVSPropertyOp16
 70
     0
102
RTVSPropertyOp17
 70
     0
102
RTVSPropertyOp18
 70
     0
102
RTVSPropertyOp19
 70
     0
102
RTVSPropertyOp20
 70
     0
102
RTVSPropertyOp21
 70
     0
102
RTVSPropertyOp22
 70
     0
102
RTVSPropertyOp23
 70
     0
102
RTVSPropertyOp24
 70
     0
102
RTVSPropertyOp25
 70
     0
102
RTVSPropertyOp26
 70
     0
102
RTVSPropertyOp27
 70
     0
102
RTVSPropertyOp28
 70
     0
102
RTVSPropertyOp29
 70
     0
102
RTVSPropertyOp30
 70
     0
102
RTVSPropertyOp31
 70
     0
102
RTVSPropertyOp32
 70
     0
102
RTVSPropertyOp33
 70
     0
102
RTVSPropertyOp34
 70
     0
102
RTVSPropertyOp35
 70
     0
102
RTVSPropertyOp36
 70
     0
102
RTVSPropertyOp37
 70
     0
102
RTVSPropertyOp38
 70
     0
102
RTVSPropertyOp39
 70
     0
102
RTVSPropertyOp40
 70
     0
102
RTVSPropertyOp41
 70
     0
102
RTVSPropertyOp42
 70
     0
102
RTVSPropertyOp43
 70
     0
102
RTVSPropertyOp44
 70
     0
102
RTVSPropertyOp45
 70
     0
102
RTVSPropertyOp46
 70
     0
102
RTVSPropertyOp47
 70
     0
102
RTVSPropertyOp48
 70
     0
102
RTVSPropertyOp49
 70
     0
102
RTVSPropertyOp50
 70
     0
102
RTVSPropertyOp51
 70
     0
102
RTVSPropertyOp52
 70
     0
102
RTVSPropertyOp53
 70
     0
102
RTVSPropertyOp54
 70
     0
102
RTVSPropertyOp55
 70
     0
102
RTVSPropertyOp56
 70
     0
102
RTVSPropertyOp57
 70
     0
102
RTVSPropertyOp58
 70
     1
102
RTVSPropertyOp59
 70
     1
102
RTVSPropertyOp60
 70
     1
102
RTVSPropertyOp61
 70
     1
102
RTVSPropertyOp62
 70
     1
  0
XRECORD
  5
4C3
102
{ACAD_REACTORS
330
4C2
102
}
330
4C2
100
AcDbXrecord
280
     1
102
RTVSPost2010Prop28
280
     0
102
RTVSPost2010PropOp28
 70
     1
102
RTVSPost2010Prop29
280
     1
102
RTVSPost2010PropOp29
 70
     1
102
RTVSPost2010Prop30
280
     1
102
RTVSPost2010PropOp30
 70
     1
102
RTVSPost2010Prop31
280
     0
102
RTVSPost2010PropOp31
 70
     1
102
RTVSPost2010Prop32
280
     0
102
RTVSPost2010PropOp32
 70
     1
102
RTVSPost2010Prop33
280
     0
102
RTVSPost2010PropOp33
 70
     1
102
RTVSPost2010Prop34
280
     0
102
RTVSPost2010PropOp34
 70
     1
102
RTVSPost2010Prop35
280
     0
102
RTVSPost2010PropOp35
 70
     1
102
RTVSPost2010Prop36
280
     0
102
RTVSPost2010PropOp36
 70
     1
102
RTVSPost2010Prop37
 90
       50
102
RTVSPost2010PropOp37
 70
     1
102
RTVSPost2010Prop38
140
0.0
102
RTVSPost2010PropOp38
 70
     1
102
RTVSPost2010Prop39
140
1.0
102
RTVSPost2010PropOp39
 70
     1
102
RTVSPost2010Prop40
 90
        0
102
RTVSPost2010PropOp40
 70
     1
102
RTVSPost2010Prop41ColorIndex
 90
       18
102
RTVSPost2010Prop41ColorRGB
 90
        0
102
RTVSPost2010PropOp41
 70
     1
102
RTVSPost2010Prop42
 90
       50
102
RTVSPost2010PropOp42
 70
     1
102
RTVSPost2010Prop43
 90
        3
102
RTVSPost2010PropOp43
 70
     1
102
RTVSPost2010Prop44ColorIndex
 90
        5
102
RTVSPost2010Prop44ColorRGB
 90
      255
102
RTVSPost2010PropOp44
 70
     1
102
RTVSPost2010Prop45
280
     0
102
RTVSPost2010PropOp45
 70
     1
102
RTVSPost2010Prop46
 90
       50
102
RTVSPost2010PropOp46
 70
     1
102
RTVSPost2010Prop47
 90
       50
102
RTVSPost2010PropOp47
 70
     1
102
RTVSPost2010Prop48
 90
       50
102
RTVSPost2010PropOp48
 70
     1
102
RTVSPost2010Prop49
280
     0
102
RTVSPost2010PropOp49
 70
     1
102
RTVSPost2010Prop50
 90
       50
102
RTVSPost2010PropOp50
 70
     1
102
RTVSPost2010Prop51ColorIndex
 90
      256
102
RTVSPost2010Prop51ColorRGB
 90
-16777216
102
RTVSPost2010PropOp51
 70
     0
102
RTVSPost2010Prop52
140
1.0
102
RTVSPost2010PropOp52
 70
     0
102
RTVSPost2010Prop53
 90
        2
102
RTVSPost2010PropOp53
 70
     1
102
RTVSPost2010Prop54
  1
strokes_ogs.tif
102
RTVSPost2010PropOp54
 70
     1
102
RTVSPost2010Prop55
280
     0
102
RTVSPost2010PropOp55
 70
     1
102
RTVSPost2010Prop56
140
1.0
102
RTVSPost2010PropOp56
 70
     1
102
RTVSPost2010Prop57
140
1.0
102
RTVSPost2010PropOp57
 70
     1
102
RTVSPropertyOp0
 70
     1
102
RTVSPropertyOp1
 70
     1
102
RTVSPropertyOp2
 70
     1
102
RTVSPropertyOp3
 70
     1
102
RTVSPropertyOp4
 70
     1
102
RTVSPropertyOp5
 70
     1
102
RTVSPropertyOp6
 70
     1
102
RTVSPropertyOp7
 70
     1
102
RTVSPropertyOp8
 70
     1
102
RTVSPropertyOp9
 70
     1
102
RTVSPropertyOp10
 70
     1
102
RTVSPropertyOp11
 70
     1
102
RTVSPropertyOp12
 70
     1
102
RTVSPropertyOp13
 70
     1
102
RTVSPropertyOp14
 70
     1
102
RTVSPropertyOp15
 70
     1
102
RTVSPropertyOp16
 70
     1
102
RTVSPropertyOp17
 70
     1
102
RTVSPropertyOp18
 70
     1
102
RTVSPropertyOp19
 70
     1
102
RTVSPropertyOp20
 70
     1
102
RTVSPropertyOp21
 70
     1
102
RTVSPropertyOp22
 70
     1
102
RTVSPropertyOp23
 70
     1
102
RTVSPropertyOp24
 70
     1
102
RTVSPropertyOp25
 70
     1
102
RTVSPropertyOp26
 70
     1
102
RTVSPropertyOp27
 70
     1
102
RTVSPropertyOp28
 70
     1
102
RTVSPropertyOp29
 70
     1
102
RTVSPropertyOp30
 70
     1
102
RTVSPropertyOp31
 70
     1
102
RTVSPropertyOp32
 70
     1
102
RTVSPropertyOp33
 70
     1
102
RTVSPropertyOp34
 70
     1
102
RTVSPropertyOp35
 70
     1
102
RTVSPropertyOp36
 70
     1
102
RTVSPropertyOp37
 70
     1
102
RTVSPropertyOp38
 70
     1
102
RTVSPropertyOp39
 70
     1
102
RTVSPropertyOp40
 70
     1
102
RTVSPropertyOp41
 70
     1
102
RTVSPropertyOp42
 70
     1
102
RTVSPropertyOp43
 70
     1
102
RTVSPropertyOp44
 70
     1
102
RTVSPropertyOp45
 70
     1
102
RTVSPropertyOp46
 70
     1
102
RTVSPropertyOp47
 70
     1
102
RTVSPropertyOp48
 70
     1
102
RTVSPropertyOp49
 70
     1
102
RTVSPropertyOp50
 70
     1
102
RTVSPropertyOp51
 70
     0
102
RTVSPropertyOp52
 70
     0
102
RTVSPropertyOp53
 70
     1
102
RTVSPropertyOp54
 70
     1
102
RTVSPropertyOp55
 70
     1
102
RTVSPropertyOp56
 70
     1
102
RTVSPropertyOp57
 70
     1
102
RTVSPropertyOp58
 70
     1
102
RTVSPropertyOp59
 70
     1
102
RTVSPropertyOp60
 70
     1
102
RTVSPropertyOp61
 70
     1
102
RTVSPropertyOp62
 70
     1
  0
XRECORD
  5
4D5
102
{ACAD_REACTORS
330
4D4
102
}
330
4D4
100
AcDbXrecord
280
     1
102
RTVSPost2010Prop28
280
     0
102
RTVSPost2010PropOp28
 70
     0
102
RTVSPost2010Prop29
280
     1
102
RTVSPost2010PropOp29
 70
     0
102
RTVSPost2010Prop30
280
     1
102
RTVSPost2010PropOp30
 70
     0
102
RTVSPost2010Prop31
280
     0
102
RTVSPost2010PropOp31
 70
     0
102
RTVSPost2010Prop32
280
     0
102
RTVSPost2010PropOp32
 70
     0
102
RTVSPost2010Prop33
280
     0
102
RTVSPost2010PropOp33
 70
     0
102
RTVSPost2010Prop34
280
     0
102
RTVSPost2010PropOp34
 70
     0
102
RTVSPost2010Prop35
280
     0
102
RTVSPost2010PropOp35
 70
     0
102
RTVSPost2010Prop36
280
     0
102
RTVSPost2010PropOp36
 70
     0
102
RTVSPost2010Prop37
 90
       50
102
RTVSPost2010PropOp37
 70
     0
102
RTVSPost2010Prop38
140
0.0
102
RTVSPost2010PropOp38
 70
     0
102
RTVSPost2010Prop39
140
1.0
102
RTVSPost2010PropOp39
 70
     0
102
RTVSPost2010Prop40
 90
        0
102
RTVSPost2010PropOp40
 70
     0
102
RTVSPost2010Prop41ColorIndex
 90
       18
102
RTVSPost2010Prop41ColorRGB
 90
        0
102
RTVSPost2010PropOp41
 70
     0
102
RTVSPost2010Prop42
 90
       50
102
RTVSPost2010PropOp42
 70
     0
102
RTVSPost2010Prop43
 90
        3
102
RTVSPost2010PropOp43
 70
     0
102
RTVSPost2010Prop44ColorIndex
 90
        5
102
RTVSPost2010Prop44ColorRGB
 90
      255
102
RTVSPost2010PropOp44
 70
     0
102
RTVSPost2010Prop45
280
     0
102
RTVSPost2010PropOp45
 70
     0
102
RTVSPost2010Prop46
 90
       50
102
RTVSPost2010PropOp46
 70
     0
102
RTVSPost2010Prop47
 90
       50
102
RTVSPost2010PropOp47
 70
     0
102
RTVSPost2010Prop48
 90
       50
102
RTVSPost2010PropOp48
 70
     0
102
RTVSPost2010Prop49
280
     0
102
RTVSPost2010PropOp49
 70
     0
102
RTVSPost2010Prop50
 90
       50
102
RTVSPost2010PropOp50
 70
     0
102
RTVSPost2010Prop51ColorIndex
 90
      256
102
RTVSPost2010Prop51ColorRGB
 90
-16777216
102
RTVSPost2010PropOp51
 70
     0
102
RTVSPost2010Prop52
140
1.0
102
RTVSPost2010PropOp52
 70
     0
102
RTVSPost2010Prop53
 90
        2
102
RTVSPost2010PropOp53
 70
     0
102
RTVSPost2010Prop54
  1
strokes_ogs.tif
102
RTVSPost2010PropOp54
 70
     0
102
RTVSPost2010Prop55
280
     0
102
RTVSPost2010PropOp55
 70
     0
102
RTVSPost2010Prop56
140
1.0
102
RTVSPost2010PropOp56
 70
     0
102
RTVSPost2010Prop57
140
1.0
102
RTVSPost2010PropOp57
 70
     0
102
RTVSPropertyOp0
 70
     0
102
RTVSPropertyOp1
 70
     0
102
RTVSPropertyOp2
 70
     0
102
RTVSPropertyOp3
 70
     0
102
RTVSPropertyOp4
 70
     0
102
RTVSPropertyOp5
 70
     0
102
RTVSPropertyOp6
 70
     0
102
RTVSPropertyOp7
 70
     0
102
RTVSPropertyOp8
 70
     0
102
RTVSPropertyOp9
 70
     0
102
RTVSPropertyOp10
 70
     0
102
RTVSPropertyOp11
 70
     0
102
RTVSPropertyOp12
 70
     0
102
RTVSPropertyOp13
 70
     0
102
RTVSPropertyOp14
 70
     2
102
RTVSPropertyOp15
 70
     0
102
RTVSPropertyOp16
 70
     0
102
RTVSPropertyOp17
 70
     0
102
RTVSPropertyOp18
 70
     0
102
RTVSPropertyOp19
 70
     0
102
RTVSPropertyOp20
 70
     0
102
RTVSPropertyOp21
 70
     0
102
RTVSPropertyOp22
 70
     0
102
RTVSPropertyOp23
 70
     0
102
RTVSPropertyOp24
 70
     0
102
RTVSPropertyOp25
 70
     0
102
RTVSPropertyOp26
 70
     0
102
RTVSPropertyOp27
 70
     0
102
RTVSPropertyOp28
 70
     0
102
RTVSPropertyOp29
 70
     0
102
RTVSPropertyOp30
 70
     0
102
RTVSPropertyOp31
 70
     0
102
RTVSPropertyOp32
 70
     0
102
RTVSPropertyOp33
 70
     0
102
RTVSPropertyOp34
 70
     0
102
RTVSPropertyOp35
 70
     0
102
RTVSPropertyOp36
 70
     0
102
RTVSPropertyOp37
 70
     0
102
RTVSPropertyOp38
 70
     0
102
RTVSPropertyOp39
 70
     0
102
RTVSPropertyOp40
 70
     0
102
RTVSPropertyOp41
 70
     0
102
RTVSPropertyOp42
 70
     0
102
RTVSPropertyOp43
 70
     0
102
RTVSPropertyOp44
 70
     0
102
RTVSPropertyOp45
 70
     0
102
RTVSPropertyOp46
 70
     0
102
RTVSPropertyOp47
 70
     0
102
RTVSPropertyOp48
 70
     0
102
RTVSPropertyOp49
 70
     0
102
RTVSPropertyOp50
 70
     0
102
RTVSPropertyOp51
 70
     0
102
RTVSPropertyOp52
 70
     0
102
RTVSPropertyOp53
 70
     0
102
RTVSPropertyOp54
 70
     0
102
RTVSPropertyOp55
 70
     0
102
RTVSPropertyOp56
 70
     0
102
RTVSPropertyOp57
 70
     0
102
RTVSPropertyOp58
 70
     1
102
RTVSPropertyOp59
 70
     1
102
RTVSPropertyOp60
 70
     1
102
RTVSPropertyOp61
 70
     1
102
RTVSPropertyOp62
 70
     1
  0
XRECORD
  5
4BB
102
{ACAD_REACTORS
330
4BA
102
}
330
4BA
100
AcDbXrecord
280
     1
102
RTVSPost2010Prop28
280
     0
102
RTVSPost2010PropOp28
 70
     1
102
RTVSPost2010Prop29
280
     1
102
RTVSPost2010PropOp29
 70
     1
102
RTVSPost2010Prop30
280
     1
102
RTVSPost2010PropOp30
 70
     1
102
RTVSPost2010Prop31
280
     0
102
RTVSPost2010PropOp31
 70
     1
102
RTVSPost2010Prop32
280
     0
102
RTVSPost2010PropOp32
 70
     1
102
RTVSPost2010Prop33
280
     0
102
RTVSPost2010PropOp33
 70
     1
102
RTVSPost2010Prop34
280
     0
102
RTVSPost2010PropOp34
 70
     1
102
RTVSPost2010Prop35
280
     0
102
RTVSPost2010PropOp35
 70
     1
102
RTVSPost2010Prop36
280
     0
102
RTVSPost2010PropOp36
 70
     1
102
RTVSPost2010Prop37
 90
       50
102
RTVSPost2010PropOp37
 70
     1
102
RTVSPost2010Prop38
140
0.0
102
RTVSPost2010PropOp38
 70
     1
102
RTVSPost2010Prop39
140
1.0
102
RTVSPost2010PropOp39
 70
     1
102
RTVSPost2010Prop40
 90
        0
102
RTVSPost2010PropOp40
 70
     1
102
RTVSPost2010Prop41ColorIndex
 90
       18
102
RTVSPost2010Prop41ColorRGB
 90
        0
102
RTVSPost2010PropOp41
 70
     1
102
RTVSPost2010Prop42
 90
       50
102
RTVSPost2010PropOp42
 70
     1
102
RTVSPost2010Prop43
 90
        3
102
RTVSPost2010PropOp43
 70
     1
102
RTVSPost2010Prop44ColorIndex
 90
        5
102
RTVSPost2010Prop44ColorRGB
 90
      255
102
RTVSPost2010PropOp44
 70
     1
102
RTVSPost2010Prop45
280
     0
102
RTVSPost2010PropOp45
 70
     1
102
RTVSPost2010Prop46
 90
       50
102
RTVSPost2010PropOp46
 70
     1
102
RTVSPost2010Prop47
 90
       50
102
RTVSPost2010PropOp47
 70
     1
102
RTVSPost2010Prop48
 90
       50
102
RTVSPost2010PropOp48
 70
     1
102
RTVSPost2010Prop49
280
     0
102
RTVSPost2010PropOp49
 70
     1
102
RTVSPost2010Prop50
 90
       50
102
RTVSPost2010PropOp50
 70
     1
102
RTVSPost2010Prop51ColorIndex
 90
      256
102
RTVSPost2010Prop51ColorRGB
 90
-16777216
102
RTVSPost2010PropOp51
 70
     0
102
RTVSPost2010Prop52
140
1.0
102
RTVSPost2010PropOp52
 70
     0
102
RTVSPost2010Prop53
 90
        2
102
RTVSPost2010PropOp53
 70
     1
102
RTVSPost2010Prop54
  1
strokes_ogs.tif
102
RTVSPost2010PropOp54
 70
     1
102
RTVSPost2010Prop55
280
     0
102
RTVSPost2010PropOp55
 70
     1
102
RTVSPost2010Prop56
140
1.0
102
RTVSPost2010PropOp56
 70
     1
102
RTVSPost2010Prop57
140
1.0
102
RTVSPost2010PropOp57
 70
     1
102
RTVSPropertyOp0
 70
     1
102
RTVSPropertyOp1
 70
     1
102
RTVSPropertyOp2
 70
     1
102
RTVSPropertyOp3
 70
     1
102
RTVSPropertyOp4
 70
     1
102
RTVSPropertyOp5
 70
     1
102
RTVSPropertyOp6
 70
     1
102
RTVSPropertyOp7
 70
     1
102
RTVSPropertyOp8
 70
     1
102
RTVSPropertyOp9
 70
     1
102
RTVSPropertyOp10
 70
     1
102
RTVSPropertyOp11
 70
     1
102
RTVSPropertyOp12
 70
     1
102
RTVSPropertyOp13
 70
     1
102
RTVSPropertyOp14
 70
     1
102
RTVSPropertyOp15
 70
     1
102
RTVSPropertyOp16
 70
     1
102
RTVSPropertyOp17
 70
     1
102
RTVSPropertyOp18
 70
     1
102
RTVSPropertyOp19
 70
     1
102
RTVSPropertyOp20
 70
     1
102
RTVSPropertyOp21
 70
     1
102
RTVSPropertyOp22
 70
     1
102
RTVSPropertyOp23
 70
     1
102
RTVSPropertyOp24
 70
     1
102
RTVSPropertyOp25
 70
     1
102
RTVSPropertyOp26
 70
     1
102
RTVSPropertyOp27
 70
     1
102
RTVSPropertyOp28
 70
     1
102
RTVSPropertyOp29
 70
     1
102
RTVSPropertyOp30
 70
     1
102
RTVSPropertyOp31
 70
     1
102
RTVSPropertyOp32
 70
     1
102
RTVSPropertyOp33
 70
     1
102
RTVSPropertyOp34
 70
     1
102
RTVSPropertyOp35
 70
     1
102
RTVSPropertyOp36
 70
     1
102
RTVSPropertyOp37
 70
     1
102
RTVSPropertyOp38
 70
     1
102
RTVSPropertyOp39
 70
     1
102
RTVSPropertyOp40
 70
     1
102
RTVSPropertyOp41
 70
     1
102
RTVSPropertyOp42
 70
     1
102
RTVSPropertyOp43
 70
     1
102
RTVSPropertyOp44
 70
     1
102
RTVSPropertyOp45
 70
     1
102
RTVSPropertyOp46
 70
     1
102
RTVSPropertyOp47
 70
     1
102
RTVSPropertyOp48
 70
     1
102
RTVSPropertyOp49
 70
     1
102
RTVSPropertyOp50
 70
     1
102
RTVSPropertyOp51
 70
     0
102
RTVSPropertyOp52
 70
     0
102
RTVSPropertyOp53
 70
     1
102
RTVSPropertyOp54
 70
     1
102
RTVSPropertyOp55
 70
     1
102
RTVSPropertyOp56
 70
     1
102
RTVSPropertyOp57
 70
     1
102
RTVSPropertyOp58
 70
     1
102
RTVSPropertyOp59
 70
     1
102
RTVSPropertyOp60
 70
     1
102
RTVSPropertyOp61
 70
     1
102
RTVSPropertyOp62
 70
     1
  0
XRECORD
  5
4D1
102
{ACAD_REACTORS
330
4D0
102
}
330
4D0
100
AcDbXrecord
280
     1
102
RTVSPost2010Prop28
280
     0
102
RTVSPost2010PropOp28
 70
     1
102
RTVSPost2010Prop29
280
     1
102
RTVSPost2010PropOp29
 70
     1
102
RTVSPost2010Prop30
280
     1
102
RTVSPost2010PropOp30
 70
     1
102
RTVSPost2010Prop31
280
     0
102
RTVSPost2010PropOp31
 70
     1
102
RTVSPost2010Prop32
280
     0
102
RTVSPost2010PropOp32
 70
     1
102
RTVSPost2010Prop33
280
     0
102
RTVSPost2010PropOp33
 70
     1
102
RTVSPost2010Prop34
280
     0
102
RTVSPost2010PropOp34
 70
     1
102
RTVSPost2010Prop35
280
     0
102
RTVSPost2010PropOp35
 70
     1
102
RTVSPost2010Prop36
280
     0
102
RTVSPost2010PropOp36
 70
     1
102
RTVSPost2010Prop37
 90
       50
102
RTVSPost2010PropOp37
 70
     1
102
RTVSPost2010Prop38
140
0.0
102
RTVSPost2010PropOp38
 70
     1
102
RTVSPost2010Prop39
140
1.0
102
RTVSPost2010PropOp39
 70
     1
102
RTVSPost2010Prop40
 90
        0
102
RTVSPost2010PropOp40
 70
     1
102
RTVSPost2010Prop41ColorIndex
 90
       18
102
RTVSPost2010Prop41ColorRGB
 90
        0
102
RTVSPost2010PropOp41
 70
     1
102
RTVSPost2010Prop42
 90
       50
102
RTVSPost2010PropOp42
 70
     1
102
RTVSPost2010Prop43
 90
        3
102
RTVSPost2010PropOp43
 70
     1
102
RTVSPost2010Prop44ColorIndex
 90
        5
102
RTVSPost2010Prop44ColorRGB
 90
      255
102
RTVSPost2010PropOp44
 70
     1
102
RTVSPost2010Prop45
280
     0
102
RTVSPost2010PropOp45
 70
     1
102
RTVSPost2010Prop46
 90
       50
102
RTVSPost2010PropOp46
 70
     1
102
RTVSPost2010Prop47
 90
       50
102
RTVSPost2010PropOp47
 70
     1
102
RTVSPost2010Prop48
 90
       50
102
RTVSPost2010PropOp48
 70
     1
102
RTVSPost2010Prop49
280
     0
102
RTVSPost2010PropOp49
 70
     1
102
RTVSPost2010Prop50
 90
       50
102
RTVSPost2010PropOp50
 70
     1
102
RTVSPost2010Prop51ColorIndex
 90
      256
102
RTVSPost2010Prop51ColorRGB
 90
-16777216
102
RTVSPost2010PropOp51
 70
     0
102
RTVSPost2010Prop52
140
1.0
102
RTVSPost2010PropOp52
 70
     0
102
RTVSPost2010Prop53
 90
        2
102
RTVSPost2010PropOp53
 70
     1
102
RTVSPost2010Prop54
  1
strokes_ogs.tif
102
RTVSPost2010PropOp54
 70
     1
102
RTVSPost2010Prop55
280
     0
102
RTVSPost2010PropOp55
 70
     1
102
RTVSPost2010Prop56
140
1.0
102
RTVSPost2010PropOp56
 70
     1
102
RTVSPost2010Prop57
140
1.0
102
RTVSPost2010PropOp57
 70
     1
102
RTVSPropertyOp0
 70
     1
102
RTVSPropertyOp1
 70
     1
102
RTVSPropertyOp2
 70
     1
102
RTVSPropertyOp3
 70
     1
102
RTVSPropertyOp4
 70
     1
102
RTVSPropertyOp5
 70
     1
102
RTVSPropertyOp6
 70
     1
102
RTVSPropertyOp7
 70
     1
102
RTVSPropertyOp8
 70
     1
102
RTVSPropertyOp9
 70
     1
102
RTVSPropertyOp10
 70
     1
102
RTVSPropertyOp11
 70
     1
102
RTVSPropertyOp12
 70
     1
102
RTVSPropertyOp13
 70
     1
102
RTVSPropertyOp14
 70
     1
102
RTVSPropertyOp15
 70
     1
102
RTVSPropertyOp16
 70
     1
102
RTVSPropertyOp17
 70
     1
102
RTVSPropertyOp18
 70
     1
102
RTVSPropertyOp19
 70
     1
102
RTVSPropertyOp20
 70
     1
102
RTVSPropertyOp21
 70
     1
102
RTVSPropertyOp22
 70
     1
102
RTVSPropertyOp23
 70
     1
102
RTVSPropertyOp24
 70
     1
102
RTVSPropertyOp25
 70
     1
102
RTVSPropertyOp26
 70
     1
102
RTVSPropertyOp27
 70
     1
102
RTVSPropertyOp28
 70
     1
102
RTVSPropertyOp29
 70
     1
102
RTVSPropertyOp30
 70
     1
102
RTVSPropertyOp31
 70
     1
102
RTVSPropertyOp32
 70
     1
102
RTVSPropertyOp33
 70
     1
102
RTVSPropertyOp34
 70
     1
102
RTVSPropertyOp35
 70
     1
102
RTVSPropertyOp36
 70
     1
102
RTVSPropertyOp37
 70
     1
102
RTVSPropertyOp38
 70
     1
102
RTVSPropertyOp39
 70
     1
102
RTVSPropertyOp40
 70
     1
102
RTVSPropertyOp41
 70
     1
102
RTVSPropertyOp42
 70
     1
102
RTVSPropertyOp43
 70
     1
102
RTVSPropertyOp44
 70
     1
102
RTVSPropertyOp45
 70
     1
102
RTVSPropertyOp46
 70
     1
102
RTVSPropertyOp47
 70
     1
102
RTVSPropertyOp48
 70
     1
102
RTVSPropertyOp49
 70
     1
102
RTVSPropertyOp50
 70
     1
102
RTVSPropertyOp51
 70
     0
102
RTVSPropertyOp52
 70
     0
102
RTVSPropertyOp53
 70
     1
102
RTVSPropertyOp54
 70
     1
102
RTVSPropertyOp55
 70
     1
102
RTVSPropertyOp56
 70
     1
102
RTVSPropertyOp57
 70
     1
102
RTVSPropertyOp58
 70
     1
102
RTVSPropertyOp59
 70
     1
102
RTVSPropertyOp60
 70
     1
102
RTVSPropertyOp61
 70
     1
102
RTVSPropertyOp62
 70
     1
  0
XRECORD
  5
4CF
102
{ACAD_REACTORS
330
4CE
102
}
330
4CE
100
AcDbXrecord
280
     1
102
RTVSPost2010Prop28
280
     0
102
RTVSPost2010PropOp28
 70
     1
102
RTVSPost2010Prop29
280
     1
102
RTVSPost2010PropOp29
 70
     1
102
RTVSPost2010Prop30
280
     1
102
RTVSPost2010PropOp30
 70
     1
102
RTVSPost2010Prop31
280
     0
102
RTVSPost2010PropOp31
 70
     1
102
RTVSPost2010Prop32
280
     0
102
RTVSPost2010PropOp32
 70
     1
102
RTVSPost2010Prop33
280
     0
102
RTVSPost2010PropOp33
 70
     1
102
RTVSPost2010Prop34
280
     0
102
RTVSPost2010PropOp34
 70
     1
102
RTVSPost2010Prop35
280
     0
102
RTVSPost2010PropOp35
 70
     1
102
RTVSPost2010Prop36
280
     0
102
RTVSPost2010PropOp36
 70
     1
102
RTVSPost2010Prop37
 90
       50
102
RTVSPost2010PropOp37
 70
     1
102
RTVSPost2010Prop38
140
0.0
102
RTVSPost2010PropOp38
 70
     1
102
RTVSPost2010Prop39
140
1.0
102
RTVSPost2010PropOp39
 70
     1
102
RTVSPost2010Prop40
 90
        0
102
RTVSPost2010PropOp40
 70
     1
102
RTVSPost2010Prop41ColorIndex
 90
       18
102
RTVSPost2010Prop41ColorRGB
 90
        0
102
RTVSPost2010PropOp41
 70
     1
102
RTVSPost2010Prop42
 90
       50
102
RTVSPost2010PropOp42
 70
     1
102
RTVSPost2010Prop43
 90
        3
102
RTVSPost2010PropOp43
 70
     1
102
RTVSPost2010Prop44ColorIndex
 90
        5
102
RTVSPost2010Prop44ColorRGB
 90
      255
102
RTVSPost2010PropOp44
 70
     1
102
RTVSPost2010Prop45
280
     0
102
RTVSPost2010PropOp45
 70
     1
102
RTVSPost2010Prop46
 90
       50
102
RTVSPost2010PropOp46
 70
     1
102
RTVSPost2010Prop47
 90
       50
102
RTVSPost2010PropOp47
 70
     1
102
RTVSPost2010Prop48
 90
       50
102
RTVSPost2010PropOp48
 70
     1
102
RTVSPost2010Prop49
280
     0
102
RTVSPost2010PropOp49
 70
     1
102
RTVSPost2010Prop50
 90
       50
102
RTVSPost2010PropOp50
 70
     1
102
RTVSPost2010Prop51ColorIndex
 90
      256
102
RTVSPost2010Prop51ColorRGB
 90
-16777216
102
RTVSPost2010PropOp51
 70
     0
102
RTVSPost2010Prop52
140
1.0
102
RTVSPost2010PropOp52
 70
     0
102
RTVSPost2010Prop53
 90
        2
102
RTVSPost2010PropOp53
 70
     1
102
RTVSPost2010Prop54
  1
strokes_ogs.tif
102
RTVSPost2010PropOp54
 70
     1
102
RTVSPost2010Prop55
280
     0
102
RTVSPost2010PropOp55
 70
     1
102
RTVSPost2010Prop56
140
1.0
102
RTVSPost2010PropOp56
 70
     1
102
RTVSPost2010Prop57
140
1.0
102
RTVSPost2010PropOp57
 70
     1
102
RTVSPropertyOp0
 70
     1
102
RTVSPropertyOp1
 70
     1
102
RTVSPropertyOp2
 70
     1
102
RTVSPropertyOp3
 70
     1
102
RTVSPropertyOp4
 70
     1
102
RTVSPropertyOp5
 70
     1
102
RTVSPropertyOp6
 70
     1
102
RTVSPropertyOp7
 70
     1
102
RTVSPropertyOp8
 70
     1
102
RTVSPropertyOp9
 70
     1
102
RTVSPropertyOp10
 70
     1
102
RTVSPropertyOp11
 70
     1
102
RTVSPropertyOp12
 70
     1
102
RTVSPropertyOp13
 70
     1
102
RTVSPropertyOp14
 70
     1
102
RTVSPropertyOp15
 70
     1
102
RTVSPropertyOp16
 70
     1
102
RTVSPropertyOp17
 70
     1
102
RTVSPropertyOp18
 70
     1
102
RTVSPropertyOp19
 70
     1
102
RTVSPropertyOp20
 70
     1
102
RTVSPropertyOp21
 70
     1
102
RTVSPropertyOp22
 70
     1
102
RTVSPropertyOp23
 70
     1
102
RTVSPropertyOp24
 70
     1
102
RTVSPropertyOp25
 70
     1
102
RTVSPropertyOp26
 70
     1
102
RTVSPropertyOp27
 70
     1
102
RTVSPropertyOp28
 70
     1
102
RTVSPropertyOp29
 70
     1
102
RTVSPropertyOp30
 70
     1
102
RTVSPropertyOp31
 70
     1
102
RTVSPropertyOp32
 70
     1
102
RTVSPropertyOp33
 70
     1
102
RTVSPropertyOp34
 70
     1
102
RTVSPropertyOp35
 70
     1
102
RTVSPropertyOp36
 70
     1
102
RTVSPropertyOp37
 70
     1
102
RTVSPropertyOp38
 70
     1
102
RTVSPropertyOp39
 70
     1
102
RTVSPropertyOp40
 70
     1
102
RTVSPropertyOp41
 70
     1
102
RTVSPropertyOp42
 70
     1
102
RTVSPropertyOp43
 70
     1
102
RTVSPropertyOp44
 70
     1
102
RTVSPropertyOp45
 70
     1
102
RTVSPropertyOp46
 70
     1
102
RTVSPropertyOp47
 70
     1
102
RTVSPropertyOp48
 70
     1
102
RTVSPropertyOp49
 70
     1
102
RTVSPropertyOp50
 70
     1
102
RTVSPropertyOp51
 70
     0
102
RTVSPropertyOp52
 70
     0
102
RTVSPropertyOp53
 70
     1
102
RTVSPropertyOp54
 70
     1
102
RTVSPropertyOp55
 70
     1
102
RTVSPropertyOp56
 70
     1
102
RTVSPropertyOp57
 70
     1
102
RTVSPropertyOp58
 70
     1
102
RTVSPropertyOp59
 70
     1
102
RTVSPropertyOp60
 70
     1
102
RTVSPropertyOp61
 70
     1
102
RTVSPropertyOp62
 70
     1
  0
XRECORD
  5
4C9
102
{ACAD_REACTORS
330
4C8
102
}
330
4C8
100
AcDbXrecord
280
     1
102
RTVSPost2010Prop28
280
     0
102
RTVSPost2010PropOp28
 70
     1
102
RTVSPost2010Prop29
280
     1
102
RTVSPost2010PropOp29
 70
     1
102
RTVSPost2010Prop30
280
     1
102
RTVSPost2010PropOp30
 70
     1
102
RTVSPost2010Prop31
280
     0
102
RTVSPost2010PropOp31
 70
     1
102
RTVSPost2010Prop32
280
     0
102
RTVSPost2010PropOp32
 70
     1
102
RTVSPost2010Prop33
280
     0
102
RTVSPost2010PropOp33
 70
     1
102
RTVSPost2010Prop34
280
     0
102
RTVSPost2010PropOp34
 70
     1
102
RTVSPost2010Prop35
280
     0
102
RTVSPost2010PropOp35
 70
     1
102
RTVSPost2010Prop36
280
     0
102
RTVSPost2010PropOp36
 70
     1
102
RTVSPost2010Prop37
 90
       50
102
RTVSPost2010PropOp37
 70
     1
102
RTVSPost2010Prop38
140
0.0
102
RTVSPost2010PropOp38
 70
     1
102
RTVSPost2010Prop39
140
1.0
102
RTVSPost2010PropOp39
 70
     1
102
RTVSPost2010Prop40
 90
        0
102
RTVSPost2010PropOp40
 70
     1
102
RTVSPost2010Prop41ColorIndex
 90
       18
102
RTVSPost2010Prop41ColorRGB
 90
        0
102
RTVSPost2010PropOp41
 70
     1
102
RTVSPost2010Prop42
 90
       50
102
RTVSPost2010PropOp42
 70
     1
102
RTVSPost2010Prop43
 90
        3
102
RTVSPost2010PropOp43
 70
     1
102
RTVSPost2010Prop44ColorIndex
 90
        5
102
RTVSPost2010Prop44ColorRGB
 90
      255
102
RTVSPost2010PropOp44
 70
     1
102
RTVSPost2010Prop45
280
     0
102
RTVSPost2010PropOp45
 70
     1
102
RTVSPost2010Prop46
 90
       50
102
RTVSPost2010PropOp46
 70
     1
102
RTVSPost2010Prop47
 90
       50
102
RTVSPost2010PropOp47
 70
     1
102
RTVSPost2010Prop48
 90
       50
102
RTVSPost2010PropOp48
 70
     1
102
RTVSPost2010Prop49
280
     0
102
RTVSPost2010PropOp49
 70
     1
102
RTVSPost2010Prop50
 90
       50
102
RTVSPost2010PropOp50
 70
     1
102
RTVSPost2010Prop51ColorIndex
 90
      256
102
RTVSPost2010Prop51ColorRGB
 90
-16777216
102
RTVSPost2010PropOp51
 70
     0
102
RTVSPost2010Prop52
140
1.0
102
RTVSPost2010PropOp52
 70
     0
102
RTVSPost2010Prop53
 90
        2
102
RTVSPost2010PropOp53
 70
     1
102
RTVSPost2010Prop54
  1
strokes_ogs.tif
102
RTVSPost2010PropOp54
 70
     1
102
RTVSPost2010Prop55
280
     0
102
RTVSPost2010PropOp55
 70
     1
102
RTVSPost2010Prop56
140
1.0
102
RTVSPost2010PropOp56
 70
     1
102
RTVSPost2010Prop57
140
1.0
102
RTVSPost2010PropOp57
 70
     1
102
RTVSPropertyOp0
 70
     1
102
RTVSPropertyOp1
 70
     1
102
RTVSPropertyOp2
 70
     1
102
RTVSPropertyOp3
 70
     1
102
RTVSPropertyOp4
 70
     1
102
RTVSPropertyOp5
 70
     1
102
RTVSPropertyOp6
 70
     1
102
RTVSPropertyOp7
 70
     1
102
RTVSPropertyOp8
 70
     1
102
RTVSPropertyOp9
 70
     1
102
RTVSPropertyOp10
 70
     1
102
RTVSPropertyOp11
 70
     1
102
RTVSPropertyOp12
 70
     1
102
RTVSPropertyOp13
 70
     1
102
RTVSPropertyOp14
 70
     1
102
RTVSPropertyOp15
 70
     1
102
RTVSPropertyOp16
 70
     1
102
RTVSPropertyOp17
 70
     1
102
RTVSPropertyOp18
 70
     1
102
RTVSPropertyOp19
 70
     1
102
RTVSPropertyOp20
 70
     1
102
RTVSPropertyOp21
 70
     1
102
RTVSPropertyOp22
 70
     1
102
RTVSPropertyOp23
 70
     1
102
RTVSPropertyOp24
 70
     1
102
RTVSPropertyOp25
 70
     1
102
RTVSPropertyOp26
 70
     1
102
RTVSPropertyOp27
 70
     1
102
RTVSPropertyOp28
 70
     1
102
RTVSPropertyOp29
 70
     1
102
RTVSPropertyOp30
 70
     1
102
RTVSPropertyOp31
 70
     1
102
RTVSPropertyOp32
 70
     1
102
RTVSPropertyOp33
 70
     1
102
RTVSPropertyOp34
 70
     1
102
RTVSPropertyOp35
 70
     1
102
RTVSPropertyOp36
 70
     1
102
RTVSPropertyOp37
 70
     1
102
RTVSPropertyOp38
 70
     1
102
RTVSPropertyOp39
 70
     1
102
RTVSPropertyOp40
 70
     1
102
RTVSPropertyOp41
 70
     1
102
RTVSPropertyOp42
 70
     1
102
RTVSPropertyOp43
 70
     1
102
RTVSPropertyOp44
 70
     1
102
RTVSPropertyOp45
 70
     1
102
RTVSPropertyOp46
 70
     1
102
RTVSPropertyOp47
 70
     1
102
RTVSPropertyOp48
 70
     1
102
RTVSPropertyOp49
 70
     1
102
RTVSPropertyOp50
 70
     1
102
RTVSPropertyOp51
 70
     0
102
RTVSPropertyOp52
 70
     0
102
RTVSPropertyOp53
 70
     1
102
RTVSPropertyOp54
 70
     1
102
RTVSPropertyOp55
 70
     1
102
RTVSPropertyOp56
 70
     1
102
RTVSPropertyOp57
 70
     1
102
RTVSPropertyOp58
 70
     1
102
RTVSPropertyOp59
 70
     1
102
RTVSPropertyOp60
 70
     1
102
RTVSPropertyOp61
 70
     1
102
RTVSPropertyOp62
 70
     1
  0
XRECORD
  5
4CB
102
{ACAD_REACTORS
330
4CA
102
}
330
4CA
100
AcDbXrecord
280
     1
102
RTVSPost2010Prop28
280
     0
102
RTVSPost2010PropOp28
 70
     1
102
RTVSPost2010Prop29
280
     1
102
RTVSPost2010PropOp29
 70
     1
102
RTVSPost2010Prop30
280
     1
102
RTVSPost2010PropOp30
 70
     1
102
RTVSPost2010Prop31
280
     0
102
RTVSPost2010PropOp31
 70
     1
102
RTVSPost2010Prop32
280
     0
102
RTVSPost2010PropOp32
 70
     1
102
RTVSPost2010Prop33
280
     0
102
RTVSPost2010PropOp33
 70
     1
102
RTVSPost2010Prop34
280
     0
102
RTVSPost2010PropOp34
 70
     1
102
RTVSPost2010Prop35
280
     0
102
RTVSPost2010PropOp35
 70
     1
102
RTVSPost2010Prop36
280
     0
102
RTVSPost2010PropOp36
 70
     1
102
RTVSPost2010Prop37
 90
       50
102
RTVSPost2010PropOp37
 70
     1
102
RTVSPost2010Prop38
140
0.0
102
RTVSPost2010PropOp38
 70
     1
102
RTVSPost2010Prop39
140
1.0
102
RTVSPost2010PropOp39
 70
     1
102
RTVSPost2010Prop40
 90
        0
102
RTVSPost2010PropOp40
 70
     1
102
RTVSPost2010Prop41ColorIndex
 90
       18
102
RTVSPost2010Prop41ColorRGB
 90
        0
102
RTVSPost2010PropOp41
 70
     1
102
RTVSPost2010Prop42
 90
       50
102
RTVSPost2010PropOp42
 70
     1
102
RTVSPost2010Prop43
 90
        3
102
RTVSPost2010PropOp43
 70
     1
102
RTVSPost2010Prop44ColorIndex
 90
        5
102
RTVSPost2010Prop44ColorRGB
 90
      255
102
RTVSPost2010PropOp44
 70
     1
102
RTVSPost2010Prop45
280
     0
102
RTVSPost2010PropOp45
 70
     1
102
RTVSPost2010Prop46
 90
       50
102
RTVSPost2010PropOp46
 70
     1
102
RTVSPost2010Prop47
 90
       50
102
RTVSPost2010PropOp47
 70
     1
102
RTVSPost2010Prop48
 90
       50
102
RTVSPost2010PropOp48
 70
     1
102
RTVSPost2010Prop49
280
     0
102
RTVSPost2010PropOp49
 70
     1
102
RTVSPost2010Prop50
 90
       50
102
RTVSPost2010PropOp50
 70
     1
102
RTVSPost2010Prop51ColorIndex
 90
      256
102
RTVSPost2010Prop51ColorRGB
 90
-16777216
102
RTVSPost2010PropOp51
 70
     0
102
RTVSPost2010Prop52
140
1.0
102
RTVSPost2010PropOp52
 70
     0
102
RTVSPost2010Prop53
 90
        2
102
RTVSPost2010PropOp53
 70
     1
102
RTVSPost2010Prop54
  1
strokes_ogs.tif
102
RTVSPost2010PropOp54
 70
     1
102
RTVSPost2010Prop55
280
     0
102
RTVSPost2010PropOp55
 70
     1
102
RTVSPost2010Prop56
140
1.0
102
RTVSPost2010PropOp56
 70
     1
102
RTVSPost2010Prop57
140
1.0
102
RTVSPost2010PropOp57
 70
     1
102
RTVSPropertyOp0
 70
     1
102
RTVSPropertyOp1
 70
     1
102
RTVSPropertyOp2
 70
     1
102
RTVSPropertyOp3
 70
     1
102
RTVSPropertyOp4
 70
     1
102
RTVSPropertyOp5
 70
     1
102
RTVSPropertyOp6
 70
     1
102
RTVSPropertyOp7
 70
     1
102
RTVSPropertyOp8
 70
     1
102
RTVSPropertyOp9
 70
     1
102
RTVSPropertyOp10
 70
     1
102
RTVSPropertyOp11
 70
     1
102
RTVSPropertyOp12
 70
     1
102
RTVSPropertyOp13
 70
     1
102
RTVSPropertyOp14
 70
     1
102
RTVSPropertyOp15
 70
     1
102
RTVSPropertyOp16
 70
     1
102
RTVSPropertyOp17
 70
     1
102
RTVSPropertyOp18
 70
     1
102
RTVSPropertyOp19
 70
     1
102
RTVSPropertyOp20
 70
     1
102
RTVSPropertyOp21
 70
     1
102
RTVSPropertyOp22
 70
     1
102
RTVSPropertyOp23
 70
     1
102
RTVSPropertyOp24
 70
     1
102
RTVSPropertyOp25
 70
     1
102
RTVSPropertyOp26
 70
     1
102
RTVSPropertyOp27
 70
     1
102
RTVSPropertyOp28
 70
     1
102
RTVSPropertyOp29
 70
     1
102
RTVSPropertyOp30
 70
     1
102
RTVSPropertyOp31
 70
     1
102
RTVSPropertyOp32
 70
     1
102
RTVSPropertyOp33
 70
     1
102
RTVSPropertyOp34
 70
     1
102
RTVSPropertyOp35
 70
     1
102
RTVSPropertyOp36
 70
     1
102
RTVSPropertyOp37
 70
     1
102
RTVSPropertyOp38
 70
     1
102
RTVSPropertyOp39
 70
     1
102
RTVSPropertyOp40
 70
     1
102
RTVSPropertyOp41
 70
     1
102
RTVSPropertyOp42
 70
     1
102
RTVSPropertyOp43
 70
     1
102
RTVSPropertyOp44
 70
     1
102
RTVSPropertyOp45
 70
     1
102
RTVSPropertyOp46
 70
     1
102
RTVSPropertyOp47
 70
     1
102
RTVSPropertyOp48
 70
     1
102
RTVSPropertyOp49
 70
     1
102
RTVSPropertyOp50
 70
     1
102
RTVSPropertyOp51
 70
     0
102
RTVSPropertyOp52
 70
     0
102
RTVSPropertyOp53
 70
     1
102
RTVSPropertyOp54
 70
     1
102
RTVSPropertyOp55
 70
     1
102
RTVSPropertyOp56
 70
     1
102
RTVSPropertyOp57
 70
     1
102
RTVSPropertyOp58
 70
     1
102
RTVSPropertyOp59
 70
     1
102
RTVSPropertyOp60
 70
     1
102
RTVSPropertyOp61
 70
     1
102
RTVSPropertyOp62
 70
     1
  0
XRECORD
  5
4C1
102
{ACAD_REACTORS
330
4C0
102
}
330
4C0
100
AcDbXrecord
280
     1
102
RTVSPost2010Prop28
280
     0
102
RTVSPost2010PropOp28
 70
     1
102
RTVSPost2010Prop29
280
     1
102
RTVSPost2010PropOp29
 70
     1
102
RTVSPost2010Prop30
280
     1
102
RTVSPost2010PropOp30
 70
     1
102
RTVSPost2010Prop31
280
     0
102
RTVSPost2010PropOp31
 70
     1
102
RTVSPost2010Prop32
280
     0
102
RTVSPost2010PropOp32
 70
     1
102
RTVSPost2010Prop33
280
     0
102
RTVSPost2010PropOp33
 70
     1
102
RTVSPost2010Prop34
280
     0
102
RTVSPost2010PropOp34
 70
     1
102
RTVSPost2010Prop35
280
     0
102
RTVSPost2010PropOp35
 70
     1
102
RTVSPost2010Prop36
280
     0
102
RTVSPost2010PropOp36
 70
     1
102
RTVSPost2010Prop37
 90
       50
102
RTVSPost2010PropOp37
 70
     1
102
RTVSPost2010Prop38
140
0.0
102
RTVSPost2010PropOp38
 70
     1
102
RTVSPost2010Prop39
140
1.0
102
RTVSPost2010PropOp39
 70
     1
102
RTVSPost2010Prop40
 90
        0
102
RTVSPost2010PropOp40
 70
     1
102
RTVSPost2010Prop41ColorIndex
 90
       18
102
RTVSPost2010Prop41ColorRGB
 90
        0
102
RTVSPost2010PropOp41
 70
     1
102
RTVSPost2010Prop42
 90
       50
102
RTVSPost2010PropOp42
 70
     1
102
RTVSPost2010Prop43
 90
        3
102
RTVSPost2010PropOp43
 70
     1
102
RTVSPost2010Prop44ColorIndex
 90
        5
102
RTVSPost2010Prop44ColorRGB
 90
      255
102
RTVSPost2010PropOp44
 70
     1
102
RTVSPost2010Prop45
280
     0
102
RTVSPost2010PropOp45
 70
     1
102
RTVSPost2010Prop46
 90
       50
102
RTVSPost2010PropOp46
 70
     1
102
RTVSPost2010Prop47
 90
       50
102
RTVSPost2010PropOp47
 70
     1
102
RTVSPost2010Prop48
 90
       50
102
RTVSPost2010PropOp48
 70
     1
102
RTVSPost2010Prop49
280
     0
102
RTVSPost2010PropOp49
 70
     1
102
RTVSPost2010Prop50
 90
       50
102
RTVSPost2010PropOp50
 70
     1
102
RTVSPost2010Prop51ColorIndex
 90
      256
102
RTVSPost2010Prop51ColorRGB
 90
-16777216
102
RTVSPost2010PropOp51
 70
     0
102
RTVSPost2010Prop52
140
1.0
102
RTVSPost2010PropOp52
 70
     0
102
RTVSPost2010Prop53
 90
        2
102
RTVSPost2010PropOp53
 70
     1
102
RTVSPost2010Prop54
  1
strokes_ogs.tif
102
RTVSPost2010PropOp54
 70
     1
102
RTVSPost2010Prop55
280
     0
102
RTVSPost2010PropOp55
 70
     1
102
RTVSPost2010Prop56
140
1.0
102
RTVSPost2010PropOp56
 70
     1
102
RTVSPost2010Prop57
140
1.0
102
RTVSPost2010PropOp57
 70
     1
102
RTVSPropertyOp0
 70
     1
102
RTVSPropertyOp1
 70
     1
102
RTVSPropertyOp2
 70
     1
102
RTVSPropertyOp3
 70
     1
102
RTVSPropertyOp4
 70
     1
102
RTVSPropertyOp5
 70
     1
102
RTVSPropertyOp6
 70
     1
102
RTVSPropertyOp7
 70
     1
102
RTVSPropertyOp8
 70
     1
102
RTVSPropertyOp9
 70
     1
102
RTVSPropertyOp10
 70
     1
102
RTVSPropertyOp11
 70
     1
102
RTVSPropertyOp12
 70
     1
102
RTVSPropertyOp13
 70
     1
102
RTVSPropertyOp14
 70
     1
102
RTVSPropertyOp15
 70
     1
102
RTVSPropertyOp16
 70
     1
102
RTVSPropertyOp17
 70
     1
102
RTVSPropertyOp18
 70
     1
102
RTVSPropertyOp19
 70
     1
102
RTVSPropertyOp20
 70
     1
102
RTVSPropertyOp21
 70
     1
102
RTVSPropertyOp22
 70
     1
102
RTVSPropertyOp23
 70
     1
102
RTVSPropertyOp24
 70
     1
102
RTVSPropertyOp25
 70
     1
102
RTVSPropertyOp26
 70
     1
102
RTVSPropertyOp27
 70
     1
102
RTVSPropertyOp28
 70
     1
102
RTVSPropertyOp29
 70
     1
102
RTVSPropertyOp30
 70
     1
102
RTVSPropertyOp31
 70
     1
102
RTVSPropertyOp32
 70
     1
102
RTVSPropertyOp33
 70
     1
102
RTVSPropertyOp34
 70
     1
102
RTVSPropertyOp35
 70
     1
102
RTVSPropertyOp36
 70
     1
102
RTVSPropertyOp37
 70
     1
102
RTVSPropertyOp38
 70
     1
102
RTVSPropertyOp39
 70
     1
102
RTVSPropertyOp40
 70
     1
102
RTVSPropertyOp41
 70
     1
102
RTVSPropertyOp42
 70
     1
102
RTVSPropertyOp43
 70
     1
102
RTVSPropertyOp44
 70
     1
102
RTVSPropertyOp45
 70
     1
102
RTVSPropertyOp46
 70
     1
102
RTVSPropertyOp47
 70
     1
102
RTVSPropertyOp48
 70
     1
102
RTVSPropertyOp49
 70
     1
102
RTVSPropertyOp50
 70
     1
102
RTVSPropertyOp51
 70
     0
102
RTVSPropertyOp52
 70
     0
102
RTVSPropertyOp53
 70
     1
102
RTVSPropertyOp54
 70
     1
102
RTVSPropertyOp55
 70
     1
102
RTVSPropertyOp56
 70
     1
102
RTVSPropertyOp57
 70
     1
102
RTVSPropertyOp58
 70
     1
102
RTVSPropertyOp59
 70
     1
102
RTVSPropertyOp60
 70
     1
102
RTVSPropertyOp61
 70
     1
102
RTVSPropertyOp62
 70
     1
  0
XRECORD
  5
4B5
102
{ACAD_REACTORS
330
4B4
102
}
330
4B4
100
AcDbXrecord
280
     1
102
RTVSPost2010Prop28
280
     0
102
RTVSPost2010PropOp28
 70
     1
102
RTVSPost2010Prop29
280
     1
102
RTVSPost2010PropOp29
 70
     1
102
RTVSPost2010Prop30
280
     1
102
RTVSPost2010PropOp30
 70
     1
102
RTVSPost2010Prop31
280
     0
102
RTVSPost2010PropOp31
 70
     1
102
RTVSPost2010Prop32
280
     0
102
RTVSPost2010PropOp32
 70
     1
102
RTVSPost2010Prop33
280
     0
102
RTVSPost2010PropOp33
 70
     1
102
RTVSPost2010Prop34
280
     0
102
RTVSPost2010PropOp34
 70
     1
102
RTVSPost2010Prop35
280
     0
102
RTVSPost2010PropOp35
 70
     1
102
RTVSPost2010Prop36
280
     0
102
RTVSPost2010PropOp36
 70
     1
102
RTVSPost2010Prop37
 90
       50
102
RTVSPost2010PropOp37
 70
     1
102
RTVSPost2010Prop38
140
0.0
102
RTVSPost2010PropOp38
 70
     1
102
RTVSPost2010Prop39
140
1.0
102
RTVSPost2010PropOp39
 70
     1
102
RTVSPost2010Prop40
 90
        0
102
RTVSPost2010PropOp40
 70
     1
102
RTVSPost2010Prop41ColorIndex
 90
       18
102
RTVSPost2010Prop41ColorRGB
 90
        0
102
RTVSPost2010PropOp41
 70
     1
102
RTVSPost2010Prop42
 90
       50
102
RTVSPost2010PropOp42
 70
     1
102
RTVSPost2010Prop43
 90
        3
102
RTVSPost2010PropOp43
 70
     1
102
RTVSPost2010Prop44ColorIndex
 90
        5
102
RTVSPost2010Prop44ColorRGB
 90
      255
102
RTVSPost2010PropOp44
 70
     1
102
RTVSPost2010Prop45
280
     0
102
RTVSPost2010PropOp45
 70
     1
102
RTVSPost2010Prop46
 90
       50
102
RTVSPost2010PropOp46
 70
     1
102
RTVSPost2010Prop47
 90
       50
102
RTVSPost2010PropOp47
 70
     1
102
RTVSPost2010Prop48
 90
       50
102
RTVSPost2010PropOp48
 70
     1
102
RTVSPost2010Prop49
280
     0
102
RTVSPost2010PropOp49
 70
     1
102
RTVSPost2010Prop50
 90
       50
102
RTVSPost2010PropOp50
 70
     1
102
RTVSPost2010Prop51ColorIndex
 90
      256
102
RTVSPost2010Prop51ColorRGB
 90
-16777216
102
RTVSPost2010PropOp51
 70
     0
102
RTVSPost2010Prop52
140
1.0
102
RTVSPost2010PropOp52
 70
     0
102
RTVSPost2010Prop53
 90
        2
102
RTVSPost2010PropOp53
 70
     1
102
RTVSPost2010Prop54
  1
strokes_ogs.tif
102
RTVSPost2010PropOp54
 70
     1
102
RTVSPost2010Prop55
280
     0
102
RTVSPost2010PropOp55
 70
     1
102
RTVSPost2010Prop56
140
1.0
102
RTVSPost2010PropOp56
 70
     1
102
RTVSPost2010Prop57
140
1.0
102
RTVSPost2010PropOp57
 70
     1
102
RTVSPropertyOp0
 70
     1
102
RTVSPropertyOp1
 70
     1
102
RTVSPropertyOp2
 70
     1
102
RTVSPropertyOp3
 70
     1
102
RTVSPropertyOp4
 70
     1
102
RTVSPropertyOp5
 70
     1
102
RTVSPropertyOp6
 70
     1
102
RTVSPropertyOp7
 70
     1
102
RTVSPropertyOp8
 70
     1
102
RTVSPropertyOp9
 70
     1
102
RTVSPropertyOp10
 70
     1
102
RTVSPropertyOp11
 70
     1
102
RTVSPropertyOp12
 70
     1
102
RTVSPropertyOp13
 70
     1
102
RTVSPropertyOp14
 70
     1
102
RTVSPropertyOp15
 70
     1
102
RTVSPropertyOp16
 70
     1
102
RTVSPropertyOp17
 70
     1
102
RTVSPropertyOp18
 70
     1
102
RTVSPropertyOp19
 70
     1
102
RTVSPropertyOp20
 70
     1
102
RTVSPropertyOp21
 70
     1
102
RTVSPropertyOp22
 70
     1
102
RTVSPropertyOp23
 70
     1
102
RTVSPropertyOp24
 70
     1
102
RTVSPropertyOp25
 70
     1
102
RTVSPropertyOp26
 70
     1
102
RTVSPropertyOp27
 70
     1
102
RTVSPropertyOp28
 70
     1
102
RTVSPropertyOp29
 70
     1
102
RTVSPropertyOp30
 70
     1
102
RTVSPropertyOp31
 70
     1
102
RTVSPropertyOp32
 70
     1
102
RTVSPropertyOp33
 70
     1
102
RTVSPropertyOp34
 70
     1
102
RTVSPropertyOp35
 70
     1
102
RTVSPropertyOp36
 70
     1
102
RTVSPropertyOp37
 70
     1
102
RTVSPropertyOp38
 70
     1
102
RTVSPropertyOp39
 70
     1
102
RTVSPropertyOp40
 70
     1
102
RTVSPropertyOp41
 70
     1
102
RTVSPropertyOp42
 70
     1
102
RTVSPropertyOp43
 70
     1
102
RTVSPropertyOp44
 70
     1
102
RTVSPropertyOp45
 70
     1
102
RTVSPropertyOp46
 70
     1
102
RTVSPropertyOp47
 70
     1
102
RTVSPropertyOp48
 70
     1
102
RTVSPropertyOp49
 70
     1
102
RTVSPropertyOp50
 70
     1
102
RTVSPropertyOp51
 70
     0
102
RTVSPropertyOp52
 70
     0
102
RTVSPropertyOp53
 70
     1
102
RTVSPropertyOp54
 70
     1
102
RTVSPropertyOp55
 70
     1
102
RTVSPropertyOp56
 70
     1
102
RTVSPropertyOp57
 70
     1
102
RTVSPropertyOp58
 70
     1
102
RTVSPropertyOp59
 70
     1
102
RTVSPropertyOp60
 70
     1
102
RTVSPropertyOp61
 70
     1
102
RTVSPropertyOp62
 70
     1
  0
XRECORD
  5
4CD
102
{ACAD_REACTORS
330
4CC
102
}
330
4CC
100
AcDbXrecord
280
     1
102
RTVSPost2010Prop28
280
     0
102
RTVSPost2010PropOp28
 70
     1
102
RTVSPost2010Prop29
280
     1
102
RTVSPost2010PropOp29
 70
     1
102
RTVSPost2010Prop30
280
     1
102
RTVSPost2010PropOp30
 70
     1
102
RTVSPost2010Prop31
280
     0
102
RTVSPost2010PropOp31
 70
     1
102
RTVSPost2010Prop32
280
     0
102
RTVSPost2010PropOp32
 70
     1
102
RTVSPost2010Prop33
280
     0
102
RTVSPost2010PropOp33
 70
     1
102
RTVSPost2010Prop34
280
     0
102
RTVSPost2010PropOp34
 70
     1
102
RTVSPost2010Prop35
280
     0
102
RTVSPost2010PropOp35
 70
     1
102
RTVSPost2010Prop36
280
     0
102
RTVSPost2010PropOp36
 70
     1
102
RTVSPost2010Prop37
 90
       50
102
RTVSPost2010PropOp37
 70
     1
102
RTVSPost2010Prop38
140
0.0
102
RTVSPost2010PropOp38
 70
     1
102
RTVSPost2010Prop39
140
1.0
102
RTVSPost2010PropOp39
 70
     1
102
RTVSPost2010Prop40
 90
        0
102
RTVSPost2010PropOp40
 70
     1
102
RTVSPost2010Prop41ColorIndex
 90
       18
102
RTVSPost2010Prop41ColorRGB
 90
        0
102
RTVSPost2010PropOp41
 70
     1
102
RTVSPost2010Prop42
 90
       50
102
RTVSPost2010PropOp42
 70
     1
102
RTVSPost2010Prop43
 90
        3
102
RTVSPost2010PropOp43
 70
     1
102
RTVSPost2010Prop44ColorIndex
 90
        5
102
RTVSPost2010Prop44ColorRGB
 90
      255
102
RTVSPost2010PropOp44
 70
     1
102
RTVSPost2010Prop45
280
     0
102
RTVSPost2010PropOp45
 70
     1
102
RTVSPost2010Prop46
 90
       50
102
RTVSPost2010PropOp46
 70
     1
102
RTVSPost2010Prop47
 90
       50
102
RTVSPost2010PropOp47
 70
     1
102
RTVSPost2010Prop48
 90
       50
102
RTVSPost2010PropOp48
 70
     1
102
RTVSPost2010Prop49
280
     0
102
RTVSPost2010PropOp49
 70
     1
102
RTVSPost2010Prop50
 90
       50
102
RTVSPost2010PropOp50
 70
     1
102
RTVSPost2010Prop51ColorIndex
 90
      256
102
RTVSPost2010Prop51ColorRGB
 90
-16777216
102
RTVSPost2010PropOp51
 70
     0
102
RTVSPost2010Prop52
140
1.0
102
RTVSPost2010PropOp52
 70
     0
102
RTVSPost2010Prop53
 90
        2
102
RTVSPost2010PropOp53
 70
     1
102
RTVSPost2010Prop54
  1
strokes_ogs.tif
102
RTVSPost2010PropOp54
 70
     1
102
RTVSPost2010Prop55
280
     0
102
RTVSPost2010PropOp55
 70
     1
102
RTVSPost2010Prop56
140
1.0
102
RTVSPost2010PropOp56
 70
     1
102
RTVSPost2010Prop57
140
1.0
102
RTVSPost2010PropOp57
 70
     1
102
RTVSPropertyOp0
 70
     1
102
RTVSPropertyOp1
 70
     1
102
RTVSPropertyOp2
 70
     1
102
RTVSPropertyOp3
 70
     1
102
RTVSPropertyOp4
 70
     1
102
RTVSPropertyOp5
 70
     1
102
RTVSPropertyOp6
 70
     1
102
RTVSPropertyOp7
 70
     1
102
RTVSPropertyOp8
 70
     1
102
RTVSPropertyOp9
 70
     1
102
RTVSPropertyOp10
 70
     1
102
RTVSPropertyOp11
 70
     1
102
RTVSPropertyOp12
 70
     1
102
RTVSPropertyOp13
 70
     1
102
RTVSPropertyOp14
 70
     1
102
RTVSPropertyOp15
 70
     1
102
RTVSPropertyOp16
 70
     1
102
RTVSPropertyOp17
 70
     1
102
RTVSPropertyOp18
 70
     1
102
RTVSPropertyOp19
 70
     1
102
RTVSPropertyOp20
 70
     1
102
RTVSPropertyOp21
 70
     1
102
RTVSPropertyOp22
 70
     1
102
RTVSPropertyOp23
 70
     1
102
RTVSPropertyOp24
 70
     1
102
RTVSPropertyOp25
 70
     1
102
RTVSPropertyOp26
 70
     1
102
RTVSPropertyOp27
 70
     1
102
RTVSPropertyOp28
 70
     1
102
RTVSPropertyOp29
 70
     1
102
RTVSPropertyOp30
 70
     1
102
RTVSPropertyOp31
 70
     1
102
RTVSPropertyOp32
 70
     1
102
RTVSPropertyOp33
 70
     1
102
RTVSPropertyOp34
 70
     1
102
RTVSPropertyOp35
 70
     1
102
RTVSPropertyOp36
 70
     1
102
RTVSPropertyOp37
 70
     1
102
RTVSPropertyOp38
 70
     1
102
RTVSPropertyOp39
 70
     1
102
RTVSPropertyOp40
 70
     1
102
RTVSPropertyOp41
 70
     1
102
RTVSPropertyOp42
 70
     1
102
RTVSPropertyOp43
 70
     1
102
RTVSPropertyOp44
 70
     1
102
RTVSPropertyOp45
 70
     1
102
RTVSPropertyOp46
 70
     1
102
RTVSPropertyOp47
 70
     1
102
RTVSPropertyOp48
 70
     1
102
RTVSPropertyOp49
 70
     1
102
RTVSPropertyOp50
 70
     1
102
RTVSPropertyOp51
 70
     0
102
RTVSPropertyOp52
 70
     0
102
RTVSPropertyOp53
 70
     1
102
RTVSPropertyOp54
 70
     1
102
RTVSPropertyOp55
 70
     1
102
RTVSPropertyOp56
 70
     1
102
RTVSPropertyOp57
 70
     1
102
RTVSPropertyOp58
 70
     1
102
RTVSPropertyOp59
 70
     1
102
RTVSPropertyOp60
 70
     1
102
RTVSPropertyOp61
 70
     1
102
RTVSPropertyOp62
 70
     1
  0
ACAD_PROXY_OBJECT
  5
3DB
102
{ACAD_XDICTIONARY
360
3DF
102
}
102
{ACAD_REACTORS
330
3D8
102
}
330
3D8
100
AcDbProxyObject
 90
      499
 91
      546
 95
 16384033
 70
     0
 93
      259
310
4050140902404FFFFFFFFFFFFEF7FA0340501417032712CC8000C2B8032697802C
330
3D8
360
3DE
 94
        0
1001
ACAD
1000
AcRTDxfName
1000
DMBASEELEMENT
  0
ACAD_PROXY_OBJECT
  5
3DC
102
{ACAD_REACTORS
330
3D8
102
}
330
3D8
100
AcDbProxyObject
 90
      499
 91
      547
 95
 16384033
 70
     0
 93
      115
310
405014059240CC2BBE2F04AB0E802C
 94
        0
1001
AcMapDMDisplayStyleRegapp
1070
     2
1071
        1
1000
기본값
1000

1001
ACAD
1000
AcRTDxfName
1000
DMDEFAULTSTYLE
  0
DICTIONARY
  5
3DF
330
3DB
100
AcDbDictionary
280
     1
281
     1
  3
AcMapDMSurrogateStyleSets
360
3E0
  0
ACAD_PROXY_OBJECT
  5
3DE
330
3DB
100
AcDbProxyObject
 90
      499
 91
      548
 95
 16384033
 70
     0
 93
       12
310
404C
340
3DC
330
3D8
 94
        0
1001
ACAD
1000
AcRTDxfName
1000
DMSTYLEREFERENCE
  0
ACAD_PROXY_OBJECT
  5
3E0
102
{ACAD_REACTORS
330
3DF
102
}
330
3DF
100
AcDbProxyObject
 90
      499
 91
      549
 95
 16384033
 70
     0
 93
      217
310
405013FFFFFFFFFFFFBDFE80D01905C0C9C4B3200030AE00C95A00CC
330
3DE
 94
        0
1001
ACAD
1000
AcRTDxfName
1000
DMSURROGATESTYLESETS
  0
ENDSEC
  0
EOF
