  0
SECTION
  2
HEADER
  9
$ACADVER
  1
AC1015
  9
$ACADMAINTVER
 70
    20
  9
$DWGCODEPAGE
  3
ANSI_949
  9
$INSBASE
 10
0.0
 20
0.0
 30
0.0
  9
$EXTMIN
 10
14422.44965562038
 20
61888.9778690869
 30
0.0
  9
$EXTMAX
 10
448760.8994652982
 20
684321.1985889803
 30
0.0
  9
$LIMMIN
 10
-20362.48
 20
-43719.17999999999
  9
$LIMMAX
 10
645235.5
 20
584340.37
  9
$ORTHOMODE
 70
     0
  9
$REGENMODE
 70
     0
  9
$FILLMODE
 70
     1
  9
$QTEXTMODE
 70
     0
  9
$MIRRTEXT
 70
     0
  9
$LTSCALE
 40
1.0
  9
$ATTMODE
 70
     1
  9
$TEXTSIZE
 40
0.2
  9
$TRACEWID
 40
0.05
  9
$TEXTSTYLE
  7
µ¸¿ò
  9
$CLAYER
  8
0
  9
$CELTYPE
  6
BYLAYER
  9
$CECOLOR
 62
   256
  9
$CELTSCALE
 40
1.0
  9
$DISPSILH
 70
     0
  9
$DIMSCALE
 40
1.0
  9
$DIMASZ
 40
0.18
  9
$DIMEXO
 40
0.06
  9
$DIMDLI
 40
0.38
  9
$DIMRND
 40
0.0
  9
$DIMDLE
 40
0.0
  9
$DIMEXE
 40
0.18
  9
$DIMTP
 40
0.0
  9
$DIMTM
 40
0.0
  9
$DIMTXT
 40
0.18
  9
$DIMCEN
 40
0.09
  9
$DIMTSZ
 40
0.0
  9
$DIMTOL
 70
     0
  9
$DIMLIM
 70
     0
  9
$DIMTIH
 70
     1
  9
$DIMTOH
 70
     1
  9
$DIMSE1
 70
     0
  9
$DIMSE2
 70
     0
  9
$DIMTAD
 70
     0
  9
$DIMZIN
 70
     8
  9
$DIMBLK
  1

  9
$DIMASO
 70
     1
  9
$DIMSHO
 70
     1
  9
$DIMPOST
  1

  9
$DIMAPOST
  1

  9
$DIMALT
 70
     0
  9
$DIMALTD
 70
     2
  9
$DIMALTF
 40
25.4
  9
$DIMLFAC
 40
1.0
  9
$DIMTOFL
 70
     0
  9
$DIMTVP
 40
0.0
  9
$DIMTIX
 70
     0
  9
$DIMSOXD
 70
     0
  9
$DIMSAH
 70
     0
  9
$DIMBLK1
  1

  9
$DIMBLK2
  1

  9
$DIMSTYLE
  2
STANDARD
  9
$DIMCLRD
 70
     0
  9
$DIMCLRE
 70
     0
  9
$DIMCLRT
 70
     0
  9
$DIMTFAC
 40
1.0
  9
$DIMGAP
 40
0.09
  9
$DIMJUST
 70
     0
  9
$DIMSD1
 70
     0
  9
$DIMSD2
 70
     0
  9
$DIMTOLJ
 70
     1
  9
$DIMTZIN
 70
     0
  9
$DIMALTZ
 70
     0
  9
$DIMALTTZ
 70
     0
  9
$DIMUPT
 70
     0
  9
$DIMDEC
 70
     4
  9
$DIMTDEC
 70
     4
  9
$DIMALTU
 70
     2
  9
$DIMALTTD
 70
     2
  9
$DIMTXSTY
  7
STANDARD
  9
$DIMAUNIT
 70
     0
  9
$DIMADEC
 70
     0
  9
$DIMALTRND
 40
0.0
  9
$DIMAZIN
 70
     0
  9
$DIMDSEP
 70
    46
  9
$DIMATFIT
 70
     3
  9
$DIMFRAC
 70
     0
  9
$DIMLDRBLK
  1

  9
$DIMLUNIT
 70
     2
  9
$DIMLWD
 70
    -2
  9
$DIMLWE
 70
    -2
  9
$DIMTMOVE
 70
     0
  9
$LUNITS
 70
     2
  9
$LUPREC
 70
     4
  9
$SKETCHINC
 40
0.1
  9
$FILLETRAD
 40
0.0
  9
$AUNITS
 70
     0
  9
$AUPREC
 70
     0
  9
$MENU
  1
.
  9
$ELEVATION
 40
0.0
  9
$PELEVATION
 40
0.0
  9
$THICKNESS
 40
0.0
  9
$LIMCHECK
 70
     0
  9
$CHAMFERA
 40
0.0
  9
$CHAMFERB
 40
0.0
  9
$CHAMFERC
 40
0.0
  9
$CHAMFERD
 40
0.0
  9
$SKPOLY
 70
     0
  9
$TDCREATE
 40
2454179.254745370
  9
$TDUCREATE
 40
2454178.879746991
  9
$TDUPDATE
 40
2461280.559849537
  9
$TDUUPDATE
 40
2461280.184849537
  9
$TDINDWG
 40
2.6633508218
  9
$TDUSRTIMER
 40
2.6633508218
  9
$USRTIMER
 70
     1
  9
$ANGBASE
 50
0.0
  9
$ANGDIR
 70
     0
  9
$PDMODE
 70
     0
  9
$PDSIZE
 40
0.0
  9
$PLINEWID
 40
0.0
  9
$SPLFRAME
 70
     0
  9
$SPLINETYPE
 70
     6
  9
$SPLINESEGS
 70
     8
  9
$HANDSEED
  5
3BF
  9
$SURFTAB1
 70
     6
  9
$SURFTAB2
 70
     6
  9
$SURFTYPE
 70
     6
  9
$SURFU
 70
     6
  9
$SURFV
 70
     6
  9
$UCSBASE
  2

  9
$UCSNAME
  2

  9
$UCSORG
 10
0.0
 20
0.0
 30
0.0
  9
$UCSXDIR
 10
1.0
 20
0.0
 30
0.0
  9
$UCSYDIR
 10
0.0
 20
1.0
 30
0.0
  9
$UCSORTHOREF
  2

  9
$UCSORTHOVIEW
 70
     0
  9
$UCSORGTOP
 10
0.0
 20
0.0
 30
0.0
  9
$UCSORGBOTTOM
 10
0.0
 20
0.0
 30
0.0
  9
$UCSORGLEFT
 10
0.0
 20
0.0
 30
0.0
  9
$UCSORGRIGHT
 10
0.0
 20
0.0
 30
0.0
  9
$UCSORGFRONT
 10
0.0
 20
0.0
 30
0.0
  9
$UCSORGBACK
 10
0.0
 20
0.0
 30
0.0
  9
$PUCSBASE
  2

  9
$PUCSNAME
  2

  9
$PUCSORG
 10
0.0
 20
0.0
 30
0.0
  9
$PUCSXDIR
 10
1.0
 20
0.0
 30
0.0
  9
$PUCSYDIR
 10
0.0
 20
1.0
 30
0.0
  9
$PUCSORTHOREF
  2

  9
$PUCSORTHOVIEW
 70
     0
  9
$PUCSORGTOP
 10
0.0
 20
0.0
 30
0.0
  9
$PUCSORGBOTTOM
 10
0.0
 20
0.0
 30
0.0
  9
$PUCSORGLEFT
 10
0.0
 20
0.0
 30
0.0
  9
$PUCSORGRIGHT
 10
0.0
 20
0.0
 30
0.0
  9
$PUCSORGFRONT
 10
0.0
 20
0.0
 30
0.0
  9
$PUCSORGBACK
 10
0.0
 20
0.0
 30
0.0
  9
$USERI1
 70
     0
  9
$USERI2
 70
     0
  9
$USERI3
 70
     0
  9
$USERI4
 70
     0
  9
$USERI5
 70
     0
  9
$USERR1
 40
0.0
  9
$USERR2
 40
0.0
  9
$USERR3
 40
0.0
  9
$USERR4
 40
0.0
  9
$USERR5
 40
0.0
  9
$WORLDVIEW
 70
     1
  9
$SHADEDGE
 70
     3
  9
$SHADEDIF
 70
    70
  9
$TILEMODE
 70
     1
  9
$MAXACTVP
 70
    48
  9
$PINSBASE
 10
0.0
 20
0.0
 30
0.0
  9
$PLIMCHECK
 70
     0
  9
$PEXTMIN
 10
1.000000000000000E+20
 20
1.000000000000000E+20
 30
1.000000000000000E+20
  9
$PEXTMAX
 10
-1.000000000000000E+20
 20
-1.000000000000000E+20
 30
-1.000000000000000E+20
  9
$PLIMMIN
 10
0.0
 20
0.0
  9
$PLIMMAX
 10
12.0
 20
9.0
  9
$UNITMODE
 70
     0
  9
$VISRETAIN
 70
     1
  9
$PLINEGEN
 70
     0
  9
$PSLTSCALE
 70
     1
  9
$TREEDEPTH
 70
  3020
  9
$CMLSTYLE
  2
STANDARD
  9
$CMLJUST
 70
     0
  9
$CMLSCALE
 40
1.0
  9
$PROXYGRAPHICS
 70
     1
  9
$MEASUREMENT
 70
     0
  9
$CELWEIGHT
370
    -1
  9
$ENDCAPS
280
     0
  9
$JOINSTYLE
280
     0
  9
$LWDISPLAY
290
     0
  9
$INSUNITS
 70
     0
  9
$HYPERLINKBASE
  1

  9
$STYLESHEET
  1

  9
$XEDIT
290
     1
  9
$CEPSNTYPE
380
     0
  9
$PSTYLEMODE
290
     1
  9
$FINGERPRINTGUID
  2
{C0EA2CAC-3E62-4B5A-B971-354934392C33}
  9
$VERSIONGUID
  2
{292F5A39-2548-2846-826F-E7B67626BE82}
  9
$EXTNAMES
290
     1
  9
$PSVPSCALE
 40
0.0
  9
$OLESTARTUP
290
     0
  0
ENDSEC
  0
SECTION
  2
CLASSES
  0
CLASS
  1
ACDBDICTIONARYWDFLT
  2
AcDbDictionaryWithDefault
  3
ObjectDBX Classes
 90
        0
280
     0
281
     0
  0
CLASS
  1
ACDBPLACEHOLDER
  2
AcDbPlaceHolder
  3
ObjectDBX Classes
 90
        0
280
     0
281
     0
  0
CLASS
  1
LAYOUT
  2
AcDbLayout
  3
ObjectDBX Classes
 90
        0
280
     0
281
     0
  0
CLASS
  1
DICTIONARYVAR
  2
AcDbDictionaryVar
  3
ObjectDBX Classes
 90
        0
280
     0
281
     0
  0
CLASS
  1
SORTENTSTABLE
  2
AcDbSortentsTable
  3
ObjectDBX Classes
 90
        0
280
     0
281
     0
  0
CLASS
  1
IMAGE
  2
AcDbRasterImage
  3
ISM
 90
    32895
280
     0
281
     1
  0
CLASS
  1
RASTERVARIABLES
  2
AcDbRasterVariables
  3
ISM
 90
    32768
280
     0
281
     0
  0
CLASS
  1
IMAGEDEF
  2
AcDbRasterImageDef
  3
ISM
 90
    32768
280
     0
281
     0
  0
CLASS
  1
IMAGEDEF_REACTOR
  2
AcDbRasterImageDefReactor
  3
ISM
 90
    32769
280
     0
281
     0
  0
CLASS
  1
IDBUFFER
  2
AcDbIdBuffer
  3
ObjectDBX Classes
 90
    32768
280
     0
281
     0
  0
CLASS
  1
SPATIAL_FILTER
  2
AcDbSpatialFilter
  3
ObjectDBX Classes
 90
    32768
280
     0
281
     0
  0
CLASS
  1
LAYER_INDEX
  2
AcDbLayerIndex
  3
ObjectDBX Classes
 90
    32768
280
     0
281
     0
  0
CLASS
  1
SPATIAL_INDEX
  2
AcDbSpatialIndex
  3
ObjectDBX Classes
 90
    32768
280
     0
281
     0
  0
CLASS
  1
OBJECT_PTR
  2
CAseDLPNTableRecord
  3
ASE-LPNTableRecord
 90
    32769
280
     0
281
     0
  0
CLASS
  1
PLOTSETTINGS
  2
AcDbPlotSettings
  3
ObjectDBX Classes
 90
    32768
280
     0
281
     0
  0
CLASS
  1
VBA_PROJECT
  2
AcDbVbaProject
  3
acad
 90
    32768
280
     0
281
     0
  0
CLASS
  1
WIPEOUT
  2
AcDbWipeout
  3
WipeOut|AutoCAD Express Tool|expresstools@autodesk.com
 90
    32895
280
     1
281
     1
  0
CLASS
  1
WIPEOUTVARIABLES
  2
AcDbWipeoutVariables
  3
WipeOut|AutoCAD Express Tool|expresstools@autodesk.com
 90
    32768
280
     1
281
     0
  0
CLASS
  1
RTEXT
  2
RText
  3
RText|AutoCAD Express Tool|expresstools@autodesk.com
 90
    32768
280
     1
281
     1
  0
CLASS
  1
ARCALIGNEDTEXT
  2
AcDbArcAlignedText
  3
ATEXT|AutoCAD Express Tool|expresstools@autodesk.com
 90
    32768
280
     1
281
     1
  0
CLASS
  1
AECC_TREE_NODE
  2
AeccDbTreeNode
  3
AeccvBase10|Product Desc: Autodesk Civil 3D |Company: Autodesk,Inc. |WEB Address: www.autodesk.com
 90
    33791
280
     1
281
     0
  0
CLASS
  1
AECC_FORMAT_MANAGER_OBJECT
  2
AeccDbFormatManagerObject
  3
AeccLand10|Product Desc: Autodesk Civil 3D |Company: Autodesk,Inc. |WEB Address: www.autodesk.com
 90
    33791
280
     1
281
     0
  0
CLASS
  1
AECC_POINT_DESCRIPTION_KEY_SET_NODE
  2
AeccDbPointDescKeySetsNode
  3
AeccvBase10|Product Desc: Autodesk Civil 3D |Company: Autodesk,Inc. |WEB Address: www.autodesk.com
 90
    33791
280
     1
281
     0
  0
CLASS
  1
AECC_CLASS_NODE
  2
AeccDbClassNode
  3
AeccLand10|Product Desc: Autodesk Civil 3D |Company: Autodesk,Inc. |WEB Address: www.autodesk.com
 90
    33791
280
     1
281
     0
  0
CLASS
  1
AECC_ROOT_SETTINGS_NODE
  2
AeccDbRootSettingsNode
  3
AeccvBase10|Product Desc: Autodesk Civil 3D |Company: Autodesk,Inc. |WEB Address: www.autodesk.com
 90
    33791
280
     1
281
     0
  0
CLASS
  1
AECC_SETTINGS_NODE
  2
AeccDbSettingsNode
  3
AeccvBase10|Product Desc: Autodesk Civil 3D |Company: Autodesk,Inc. |WEB Address: www.autodesk.com
 90
    33791
280
     1
281
     0
  0
CLASS
  1
AECC_PROFILE_LABEL_SET
  2
AeccDbVAlignStnLabelsDlgTemplate
  3
AeccLand10|Product Desc: Autodesk Civil 3D |Company: Autodesk,Inc. |WEB Address: www.autodesk.com
 90
    33791
280
     1
281
     0
  0
CLASS
  1
AECC_SECTION_VIEW_DATA_BAND_STYLE
  2
AeccDbGraphStyleSectionDataBands
  3
AeccLand10|Product Desc: Autodesk Civil 3D |Company: Autodesk,Inc. |WEB Address: www.autodesk.com
 90
    32897
280
     1
281
     0
  0
CLASS
  1
AECC_SECTION_STYLE
  2
AeccDbSectionStyle
  3
AeccLand10|Product Desc: Autodesk Civil 3D |Company: Autodesk,Inc. |WEB Address: www.autodesk.com
 90
    33791
280
     1
281
     0
  0
CLASS
  1
AECC_ALIGNMENT_LABEL_SET
  2
AeccDbAlignStnLabelsDlgTemplate
  3
AeccLand10|Product Desc: Autodesk Civil 3D |Company: Autodesk,Inc. |WEB Address: www.autodesk.com
 90
    33791
280
     1
281
     0
  0
CLASS
  1
AECC_PROFILE_VIEW_BAND_STYLE_SET
  2
AeccDbGraphProfileBandStyleSet
  3
AeccLand10|Product Desc: Autodesk Civil 3D |Company: Autodesk,Inc. |WEB Address: www.autodesk.com
 90
    32897
280
     1
281
     0
  0
CLASS
  1
AECC_PROFILE_VIEW_DATA_BAND_STYLE
  2
AeccDbGraphStyleProfileDataBands
  3
AeccLand10|Product Desc: Autodesk Civil 3D |Company: Autodesk,Inc. |WEB Address: www.autodesk.com
 90
    32897
280
     1
281
     0
  0
CLASS
  1
AECC_PARCEL_STYLE
  2
AeccDbParcelStyle
  3
AeccLand10|Product Desc: Autodesk Civil 3D |Company: Autodesk,Inc. |WEB Address: www.autodesk.com
 90
    32897
280
     1
281
     0
  0
CLASS
  1
AECC_PROFILE_STYLE
  2
AeccDbVAlignmentStyle
  3
AeccLand10|Product Desc: Autodesk Civil 3D |Company: Autodesk,Inc. |WEB Address: www.autodesk.com
 90
    33791
280
     1
281
     0
  0
CLASS
  1
AECC_STATION_FORMAT_STYLE
  2
AeccDbStationFormatStyle
  3
AeccLand10|Product Desc: Autodesk Civil 3D |Company: Autodesk,Inc. |WEB Address: www.autodesk.com
 90
    33791
280
     1
281
     0
  0
CLASS
  1
AECC_LABEL_NODE
  2
AeccDbLabelNode
  3
AeccLand10|Product Desc: Autodesk Civil 3D |Company: Autodesk,Inc. |WEB Address: www.autodesk.com
 90
    33791
280
     1
281
     0
  0
CLASS
  1
AECC_LABEL_COLLECTOR_STYLE
  2
AeccDbLabelStyleCollector
  3
AeccLand10|Product Desc: Autodesk Civil 3D |Company: Autodesk,Inc. |WEB Address: www.autodesk.com
 90
    33791
280
     1
281
     0
  0
CLASS
  1
AECC_LABEL_TEXT_STYLE
  2
AeccDbLabelStyleText
  3
AeccLand10|Product Desc: Autodesk Civil 3D |Company: Autodesk,Inc. |WEB Address: www.autodesk.com
 90
    33791
280
     1
281
     0
  0
CLASS
  1
AECC_LABEL_RADIAL_LINE_STYLE
  2
AeccDbLabelStyleRadialLine
  3
AeccLand10|Product Desc: Autodesk Civil 3D |Company: Autodesk,Inc. |WEB Address: www.autodesk.com
 90
    33791
280
     1
281
     0
  0
CLASS
  1
AECC_LABEL_VECTOR_ARROW_STYLE
  2
AeccDbLabelStyleVectorArrow
  3
AeccLand10|Product Desc: Autodesk Civil 3D |Company: Autodesk,Inc. |WEB Address: www.autodesk.com
 90
    33791
280
     1
281
     0
  0
CLASS
  1
AECC_PROFILE_VIEW_VERTICAL_GEOMETRY_BAND_STYLE
  2
AeccDbGraphStyleVertGeometryBands
  3
AeccLand10|Product Desc: Autodesk Civil 3D |Company: Autodesk,Inc. |WEB Address: www.autodesk.com
 90
    32897
280
     1
281
     0
  0
CLASS
  1
AECC_SECTION_VIEW_STYLE
  2
AeccDbGraphStyleCrossSection
  3
AeccLand10|Product Desc: Autodesk Civil 3D |Company: Autodesk,Inc. |WEB Address: www.autodesk.com
 90
    32897
280
     1
281
     0
  0
CLASS
  1
AECC_GRADING_STYLE
  2
AeccDbGradingStyle
  3
AeccLand10|Product Desc: Autodesk Civil 3D |Company: Autodesk,Inc. |WEB Address: www.autodesk.com
 90
    33791
280
     1
281
     0
  0
CLASS
  1
AECC_PROFILE_VIEW_HORIZONTAL_GEOMETRY_BAND_STYLE
  2
AeccDbGraphStyleHorGeometryBands
  3
AeccLand10|Product Desc: Autodesk Civil 3D |Company: Autodesk,Inc. |WEB Address: www.autodesk.com
 90
    32897
280
     1
281
     0
  0
CLASS
  1
AECC_LEGEND_TABLE_STYLE
  2
AeccDbLegendScheduleTableStyle
  3
AeccLand10|Product Desc: Autodesk Civil 3D |Company: Autodesk,Inc. |WEB Address: www.autodesk.com
 90
    33791
280
     1
281
     0
  0
CLASS
  1
AECC_TABLE_STYLE
  2
AeccDbScheduleTableStyle
  3
AeccLand10|Product Desc: Autodesk Civil 3D |Company: Autodesk,Inc. |WEB Address: www.autodesk.com
 90
    33791
280
     1
281
     0
  0
CLASS
  1
AECC_PROFILE_VIEW_STYLE
  2
AeccDbGraphStyleProfile
  3
AeccLand10|Product Desc: Autodesk Civil 3D |Company: Autodesk,Inc. |WEB Address: www.autodesk.com
 90
    32897
280
     1
281
     0
  0
CLASS
  1
AECC_ALIGNMENT_STYLE
  2
AeccDbAlignmentStyle
  3
AeccLand10|Product Desc: Autodesk Civil 3D |Company: Autodesk,Inc. |WEB Address: www.autodesk.com
 90
    33791
280
     1
281
     0
  0
CLASS
  1
AECC_SURFACE_STYLE
  2
AeccDbSurfaceStyle
  3
AeccLand10|Product Desc: Autodesk Civil 3D |Company: Autodesk,Inc. |WEB Address: www.autodesk.com
 90
    32897
280
     1
281
     0
  0
CLASS
  1
AECC_SAMPLE_LINE_STYLE
  2
AeccDbSampleLineStyle
  3
AeccLand10|Product Desc: Autodesk Civil 3D |Company: Autodesk,Inc. |WEB Address: www.autodesk.com
 90
    33791
280
     1
281
     0
  0
CLASS
  1
AECC_GRADING_CRITERIA_SET
  2
AeccDbGradingCriteriaSet
  3
AeccLand10|Product Desc: Autodesk Civil 3D |Company: Autodesk,Inc. |WEB Address: www.autodesk.com
 90
    33791
280
     1
281
     0
  0
CLASS
  1
AECC_SECTION_VIEW_BAND_STYLE_SET
  2
AeccDbGraphSectionBandStyleSet
  3
AeccLand10|Product Desc: Autodesk Civil 3D |Company: Autodesk,Inc. |WEB Address: www.autodesk.com
 90
    32897
280
     1
281
     0
  0
CLASS
  1
AECC_GRADING_CRITERIA
  2
AeccDbGradingCriteria
  3
AeccLand10|Product Desc: Autodesk Civil 3D |Company: Autodesk,Inc. |WEB Address: www.autodesk.com
 90
    33791
280
     1
281
     0
  0
CLASS
  1
AECC_SAMPLE_LINE_GROUP_STYLE
  2
AeccDbSampleLineGroupStyle
  3
AeccLand10|Product Desc: Autodesk Civil 3D |Company: Autodesk,Inc. |WEB Address: www.autodesk.com
 90
    32897
280
     1
281
     0
  0
CLASS
  1
AECC_SHEET_STYLE
  2
AeccDbSheetStyle
  3
AeccLand10|Product Desc: Autodesk Civil 3D |Company: Autodesk,Inc. |WEB Address: www.autodesk.com
 90
    32897
280
     1
281
     0
  0
CLASS
  1
AECC_SECTION_LABEL_SET
  2
AeccDbSectionLabelsDlgTemplate
  3
AeccLand10|Product Desc: Autodesk Civil 3D |Company: Autodesk,Inc. |WEB Address: www.autodesk.com
 90
    33791
280
     1
281
     0
  0
CLASS
  1
ACAD_PROXY_OBJECT_WRAPPER
  2
AcDbProxyObjectWrapper
  3
ObjectDBX Classes
 90
    32768
280
     0
281
     0
  0
CLASS
  1
IRD_DSC_DICT
  2
CIrdDscDict
  3
"IRD"
 90
    32769
280
     0
281
     0
  0
CLASS
  1
IRD_DSC_RECORD
  2
CIrdDscRecord
  3
"IRD"
 90
    32769
280
     0
281
     0
  0
CLASS
  1
AECC_PARCEL_NODE
  2
AeccDbParcelNode
  3
AeccLand30|Product Desc: Autodesk Civil 3D |Company: Autodesk,Inc. |WEB Address: www.autodesk.com
 90
    33791
280
     1
281
     0
  0
CLASS
  1
AECC_GRADING_GROUP
  2
AeccDbGradingGroup
  3
AeccLand30|Product Desc: Autodesk Civil 3D |Company: Autodesk,Inc. |WEB Address: www.autodesk.com
 90
    33791
280
     1
281
     0
  0
CLASS
  1
AECC_ROADWAY_STYLE_SET
  2
AeccDbRoadwayStyleSet
  3
AeccRoadway30|Product Desc: Autodesk Civil 3D |Company: Autodesk,Inc. |WEB Address: www.autodesk.com
 90
    33791
280
     1
281
     0
  0
CLASS
  1
AECC_ASSEMBLY_STYLE
  2
AeccDbAssemblyStyle
  3
AeccRoadway30|Product Desc: Autodesk Civil 3D |Company: Autodesk,Inc. |WEB Address: www.autodesk.com
 90
    33791
280
     1
281
     0
  0
CLASS
  1
AECC_FEATURELINE_STYLE
  2
AeccDbFeatureLineStyle
  3
AeccLand30|Product Desc: Autodesk Civil 3D |Company: Autodesk,Inc. |WEB Address: www.autodesk.com
 90
    33791
280
     1
281
     0
  0
CLASS
  1
AECC_SECTION_VIEW_ROAD_SURFACE_BAND_STYLE
  2
AeccDbGraphStyleSectionRoadSurfaceBands
  3
AeccLand30|Product Desc: Autodesk Civil 3D |Company: Autodesk,Inc. |WEB Address: www.autodesk.com
 90
    32897
280
     1
281
     0
  0
CLASS
  1
AECC_MATERIAL_STYLE
  2
AeccDbMaterialStyle
  3
AeccLand30|Product Desc: Autodesk Civil 3D |Company: Autodesk,Inc. |WEB Address: www.autodesk.com
 90
    32897
280
     1
281
     0
  0
CLASS
  1
AECC_PIPE_RULES
  2
AeccDbPipeRules
  3
AeccNetwork30|Product Desc: Autodesk Civil 3D |Company: Autodesk,Inc. |WEB Address: www.autodesk.com
 90
    32897
280
     1
281
     0
  0
CLASS
  1
AECC_STRUCTURE_RULES
  2
AeccDbStructureRules
  3
AeccNetwork30|Product Desc: Autodesk Civil 3D |Company: Autodesk,Inc. |WEB Address: www.autodesk.com
 90
    32897
280
     1
281
     0
  0
CLASS
  1
AECC_ROADWAYMARKER_STYLE
  2
AeccDbRoadwayMarkerStyle
  3
AeccLand30|Product Desc: Autodesk Civil 3D |Company: Autodesk,Inc. |WEB Address: www.autodesk.com
 90
    33791
280
     1
281
     0
  0
CLASS
  1
AECC_SLOPE_PATTERN_STYLE
  2
AeccDbSlopePatternStyle
  3
AeccLand30|Product Desc: Autodesk Civil 3D |Company: Autodesk,Inc. |WEB Address: www.autodesk.com
 90
    33791
280
     1
281
     0
  0
CLASS
  1
AECC_ROADWAYLINK_STYLE
  2
AeccDbRoadwayLinkStyle
  3
AeccRoadway30|Product Desc: Autodesk Civil 3D |Company: Autodesk,Inc. |WEB Address: www.autodesk.com
 90
    33791
280
     1
281
     0
  0
CLASS
  1
AECC_PROFILE_VIEW_SUPERELEVATION_DIAGRAM_BAND_STYLE
  2
AeccDbGraphStyleSuperElevationBands
  3
AeccLand30|Product Desc: Autodesk Civil 3D |Company: Autodesk,Inc. |WEB Address: www.autodesk.com
 90
    32897
280
     1
281
     0
  0
CLASS
  1
AECC_ROADWAYSHAPE_STYLE
  2
AeccDbRoadwayShapeStyle
  3
AeccRoadway30|Product Desc: Autodesk Civil 3D |Company: Autodesk,Inc. |WEB Address: www.autodesk.com
 90
    33791
280
     1
281
     0
  0
CLASS
  1
AECC_PIPE_STYLE
  2
AeccDbPipeStyle
  3
AeccNetwork30|Product Desc: Autodesk Civil 3D |Company: Autodesk,Inc. |WEB Address: www.autodesk.com
 90
    32897
280
     1
281
     0
  0
CLASS
  1
AECC_STUCTURE_STYLE
  2
AeccDbStructureStyle
  3
AeccNetwork30|Product Desc: Autodesk Civil 3D |Company: Autodesk,Inc. |WEB Address: www.autodesk.com
 90
    32897
280
     1
281
     0
  0
CLASS
  1
MATERIAL
  2
AcDbMaterial
  3
ObjectDBX Classes
 90
     1153
280
     0
281
     0
  0
CLASS
  1
VISUALSTYLE
  2
AcDbVisualStyle
  3
ObjectDBX Classes
 90
     4095
280
     0
281
     0
  0
CLASS
  1
TABLESTYLE
  2
AcDbTableStyle
  3
ObjectDBX Classes
 90
     4095
280
     0
281
     0
  0
CLASS
  1
SCALE
  2
AcDbScale
  3
ObjectDBX Classes
 90
     1153
280
     0
281
     0
  0
CLASS
  1
MLEADERSTYLE
  2
AcDbMLeaderStyle
  3
ACDB_MLEADERSTYLE_CLASS
 90
     4095
280
     0
281
     0
  0
CLASS
  1
ACDBSECTIONVIEWSTYLE
  2
AcDbSectionViewStyle
  3
ObjectDBX Classes
 90
     1025
280
     0
281
     0
  0
CLASS
  1
ACDBDETAILVIEWSTYLE
  2
AcDbDetailViewStyle
  3
ObjectDBX Classes
 90
     1025
280
     0
281
     0
  0
CLASS
  1
CELLSTYLEMAP
  2
AcDbCellStyleMap
  3
ObjectDBX Classes
 90
     1152
280
     0
281
     0
  0
ENDSEC
  0
SECTION
  2
TABLES
  0
TABLE
  2
VPORT
  5
21
330
0
100
AcDbSymbolTable
 70
     1
  0
VPORT
  5
22
330
21
100
AcDbSymbolTableRecord
100
AcDbViewportTableRecord
  2
*Active
 70
     0
 10
0.0
 20
0.0
 11
1.0
 21
1.0
 12
231591.6745604594
 22
373105.0882290337
 13
0.0
 23
0.0
 14
1.0
 24
1.0
 15
0.0
 25
0.0
 16
0.0
 26
0.0
 36
1.0
 17
0.0
 27
0.0
 37
0.0
 40
626749.6696497426
 41
1.469907407407407
 42
50.0
 43
0.0
 44
0.0
 50
0.0
 51
0.0
 71
     0
 72
   100
 73
     1
 74
     0
 75
     0
 76
     0
 77
     0
 78
     1
281
     0
 65
     1
110
0.0
120
0.0
130
0.0
111
1.0
121
0.0
131
0.0
112
0.0
122
1.0
132
0.0
 79
     0
146
0.0
1001
ACAD_NAV_VCDISPLAY
1070
     3
  0
ENDTAB
  0
TABLE
  2
LTYPE
  5
1C
330
0
100
AcDbSymbolTable
 70
     1
  0
LTYPE
  5
1D
330
1C
100
AcDbSymbolTableRecord
100
AcDbLinetypeTableRecord
  2
BYBLOCK
 70
     0
  3

 72
    65
 73
     0
 40
0.0
  0
LTYPE
  5
1E
330
1C
100
AcDbSymbolTableRecord
100
AcDbLinetypeTableRecord
  2
BYLAYER
 70
     0
  3

 72
    65
 73
     0
 40
0.0
  0
LTYPE
  5
C
330
1C
100
AcDbSymbolTableRecord
100
AcDbLinetypeTableRecord
  2
CONTINUOUS
 70
     0
  3
Solid line
 72
    65
 73
     0
 40
0.0
  0
ENDTAB
  0
TABLE
  2
LAYER
  5
16
102
{ACAD_XDICTIONARY
360
17
102
}
330
0
100
AcDbSymbolTable
 70
     4
  0
LAYER
  5
7
102
{ACAD_XDICTIONARY
360
36B
102
}
330
16
100
AcDbSymbolTableRecord
100
AcDbLayerTableRecord
  2
0
 70
     0
 62
     7
  6
CONTINUOUS
370
    -3
390
8
  0
LAYER
  5
31
102
{ACAD_XDICTIONARY
360
36D
102
}
330
16
100
AcDbSymbolTableRecord
100
AcDbLayerTableRecord
  2
G50
 70
     0
 62
     7
  6
CONTINUOUS
370
    -3
390
8
  0
LAYER
  5
2E
102
{ACAD_XDICTIONARY
360
36F
102
}
330
16
100
AcDbSymbolTableRecord
100
AcDbLayerTableRecord
  2
N50000
 70
     0
 62
     7
  6
CONTINUOUS
370
    -3
390
8
  0
LAYER
  5
128
102
{ACAD_XDICTIONARY
360
371
102
}
330
16
100
AcDbSymbolTableRecord
100
AcDbLayerTableRecord
  2
T50000
 70
     0
 62
   250
  6
CONTINUOUS
370
    -3
390
8
  0
ENDTAB
  0
TABLE
  2
STYLE
  5
19
330
0
100
AcDbSymbolTable
 70
     3
  0
STYLE
  5
1A
330
19
100
AcDbSymbolTableRecord
100
AcDbTextStyleTableRecord
  2
STANDARD
 70
     0
 40
0.0
 41
1.0
 50
0.0
 71
     0
 42
0.2
  3
txt
  4

  0
STYLE
  5
2F
330
19
100
AcDbSymbolTableRecord
100
AcDbTextStyleTableRecord
  2
GHS
 70
     0
 40
0.0
 41
1.0
 50
0.0
 71
     0
 42
0.25
  3
romans.shx
  4
GHS.SHX
  0
STYLE
  5
2A
330
19
100
AcDbSymbolTableRecord
100
AcDbTextStyleTableRecord
  2
µ¸¿ò
 70
     0
 40
0.0
 41
1.0
 50
0.0
 71
     0
 42
0.2
  3

  4

1001
ACAD
1000
Dotum
1071
    33074
  0
ENDTAB
  0
TABLE
  2
VIEW
  5
1F
330
0
100
AcDbSymbolTable
 70
     0
  0
ENDTAB
  0
TABLE
  2
UCS
  5
20
330
0
100
AcDbSymbolTable
 70
     0
  0
ENDTAB
  0
TABLE
  2
APPID
  5
23
330
0
100
AcDbSymbolTable
 70
     4
  0
APPID
  5
24
330
23
100
AcDbSymbolTableRecord
100
AcDbRegAppTableRecord
  2
ACAD
 70
     0
  0
APPID
  5
B
330
23
100
AcDbSymbolTableRecord
100
AcDbRegAppTableRecord
  2
ADE
 70
     0
  0
APPID
  5
37B
330
23
100
AcDbSymbolTableRecord
100
AcDbRegAppTableRecord
  2
ACAD_NAV_VCDISPLAY
 70
     0
  0
APPID
  5
3B8
330
23
100
AcDbSymbolTableRecord
100
AcDbRegAppTableRecord
  2
ACAD_MLEADERVER
 70
     0
  0
ENDTAB
  0
TABLE
  2
DIMSTYLE
  5
25
330
0
100
AcDbSymbolTable
 70
     1
100
AcDbDimStyleTable
 71
     0
  0
DIMSTYLE
105
2C
330
25
100
AcDbSymbolTableRecord
100
AcDbDimStyleTableRecord
  2
STANDARD
 70
     0
 42
0.06
340
1A
  0
ENDTAB
  0
TABLE
  2
BLOCK_RECORD
  5
1
330
0
100
AcDbSymbolTable
 70
     0
  0
BLOCK_RECORD
  5
2
102
{ACAD_XDICTIONARY
360
3
102
}
330
1
100
AcDbSymbolTableRecord
100
AcDbBlockTableRecord
  2
*MODEL_SPACE
340
E
  0
BLOCK_RECORD
  5
10
102
{ACAD_XDICTIONARY
360
11
102
}
330
1
100
AcDbSymbolTableRecord
100
AcDbBlockTableRecord
  2
*PAPER_SPACE
340
15
  0
ENDTAB
  0
ENDSEC
  0
SECTION
  2
BLOCKS
  0
BLOCK
  5
6
330
2
100
AcDbEntity
  8
0
100
AcDbBlockBegin
  2
*MODEL_SPACE
 70
     0
 10
0.0
 20
0.0
 30
0.0
  3
*MODEL_SPACE
  1

  0
ENDBLK
  5
D
330
2
100
AcDbEntity
  8
0
100
AcDbBlockEnd
  0
BLOCK
  5
13
330
10
100
AcDbEntity
 67
     1
  8
0
100
AcDbBlockBegin
  2
*PAPER_SPACE
 70
     0
 10
0.0
 20
0.0
 30
0.0
  3
*PAPER_SPACE
  1

  0
ENDBLK
  5
14
330
10
100
AcDbEntity
 67
     1
  8
0
100
AcDbBlockEnd
  0
ENDSEC
  0
SECTION
  2
ENTITIES
  0
TEXT
  5
2D
330
2
100
AcDbEntity
  8
N50000
 62
     7
100
AcDbText
 10
207936.17
 20
247811.54
 30
0.0
 40
1528.44
  1
34701
  7
GHS
100
AcDbText
  0
LWPOLYLINE
  5
30
330
2
100
AcDbEntity
  8
G50
  6
Continuous
100
AcDbPolyline
 90
       40
 70
     1
 43
0.0
 10
291566.59
 20
239815.8
 10
293855.8400000001
 20
239838.87
 10
296145.1
 20
239862.5
 10
298434.35
 20
239886.71
 10
300723.6300000001
 20
239911.48
 10
303012.91
 20
239936.81
 10
305302.18
 20
239962.73
 10
307591.48
 20
239989.19
 10
309880.7800000001
 20
240016.24
 10
312170.0800000001
 20
240043.86
 10
314459.39
 20
240072.05
 10
314493.88
 20
237298.43
 10
314528.35
 20
234524.8
 10
314562.7800000001
 20
231751.21
 10
314597.2100000001
 20
228977.61
 10
314631.62
 20
226204.03
 10
314665.97
 20
223430.45
 10
314700.3300000001
 20
220656.88
 10
314734.67
 20
217883.33
 10
314768.98
 20
215109.79
 10
314803.26
 20
212336.27
 10
312507.07
 20
212308.17
 10
310210.8900000001
 20
212280.64
 10
307914.7100000001
 20
212253.68
 10
305618.54
 20
212227.3
 10
303322.38
 20
212201.46
 10
301026.22
 20
212176.2100000001
 10
298730.07
 20
212151.53
 10
296433.93
 20
212127.41
 10
294137.8
 20
212103.86
 10
291841.66
 20
212080.86
 10
291814.23
 20
214854.31
 10
291786.79
 20
217627.76
 10
291759.33
 20
220401.23
 10
291731.84
 20
223174.7100000001
 10
291704.3400000001
 20
225948.2
 10
291676.8300000001
 20
228721.7
 10
291649.3
 20
231495.2
 10
291621.74
 20
234268.73
 10
291594.17
 20
237042.27
  0
LWPOLYLINE
  5
32
330
2
100
AcDbEntity
  8
G50
  6
Continuous
100
AcDbPolyline
 90
       40
 70
     1
 43
0.0
 10
291289.76
 20
267551.84
 10
293572.0900000001
 20
267575.0
 10
295854.43
 20
267598.7000000001
 10
298136.77
 20
267622.98
 10
300419.11
 20
267647.82
 10
302701.47
 20
267673.2400000001
 10
304983.82
 20
267699.25
 10
307266.19
 20
267725.81
 10
309548.57
 20
267752.93
 10
311830.94
 20
267780.6500000001
 10
314113.3400000001
 20
267808.93
 10
314148.04
 20
265035.19
 10
314182.71
 20
262261.47
 10
314217.38
 20
259487.76
 10
314252.02
 20
256714.05
 10
314286.64
 20
253940.3500000001
 10
314321.24
 20
251166.68
 10
314355.8
 20
248393.0
 10
314390.36
 20
245619.35
 10
314424.89
 20
242845.7
 10
314459.39
 20
240072.05
 10
312170.0800000001
 20
240043.86
 10
309880.7800000001
 20
240016.24
 10
307591.48
 20
239989.19
 10
305302.18
 20
239962.73
 10
303012.91
 20
239936.81
 10
300723.6300000001
 20
239911.48
 10
298434.35
 20
239886.71
 10
296145.1
 20
239862.5
 10
293855.8400000001
 20
239838.87
 10
291566.59
 20
239815.8
 10
291538.98
 20
242589.36
 10
291511.36
 20
245362.94
 10
291483.73
 20
248136.5
 10
291456.07
 20
250910.09
 10
291428.4
 20
253683.69
 10
291400.7
 20
256457.3
 10
291373.0
 20
259230.9200000001
 10
291345.27
 20
262004.55
 10
291317.5300000001
 20
264778.2
  0
LWPOLYLINE
  5
33
330
2
100
AcDbEntity
  8
G50
  6
Continuous
100
AcDbPolyline
 90
       40
 70
     1
 43
0.0
 10
291011.21
 20
295289.02
 10
293286.56
 20
295312.22
 10
295561.93
 20
295336.0
 10
297837.31
 20
295360.35
 10
300112.68
 20
295385.28
 10
302388.06
 20
295410.79
 10
304663.4600000001
 20
295436.86
 10
306938.87
 20
295463.51
 10
309214.2600000001
 20
295490.73
 10
311489.68
 20
295518.5300000001
 10
313765.1
 20
295546.9000000001
 10
313800.02
 20
292773.0400000001
 10
313834.92
 20
289999.21
 10
313869.8
 20
287225.4
 10
313904.66
 20
284451.58
 10
313939.48
 20
281677.78
 10
313974.31
 20
278903.98
 10
314009.0900000001
 20
276130.21
 10
314043.86
 20
273356.4200000001
 10
314078.61
 20
270582.6700000001
 10
314113.3400000001
 20
267808.93
 10
311830.94
 20
267780.6500000001
 10
309548.57
 20
267752.93
 10
307266.19
 20
267725.81
 10
304983.82
 20
267699.25
 10
302701.47
 20
267673.2400000001
 10
300419.11
 20
267647.82
 10
298136.77
 20
267622.98
 10
295854.43
 20
267598.7000000001
 10
293572.0900000001
 20
267575.0
 10
291289.76
 20
267551.84
 10
291261.99
 20
270325.52
 10
291234.19
 20
273099.19
 10
291206.38
 20
275872.87
 10
291178.56
 20
278646.58
 10
291150.7100000001
 20
281420.3
 10
291122.83
 20
284194.02
 10
291094.95
 20
286967.73
 10
291067.05
 20
289741.48
 10
291039.14
 20
292515.23
  0
LWPOLYLINE
  5
34
330
2
100
AcDbEntity
  8
G50
  6
Continuous
100
AcDbPolyline
 90
       40
 70
     1
 43
0.0
 10
290730.91
 20
323027.28
 10
292999.25
 20
323050.55
 10
295267.61
 20
323074.4100000001
 10
297535.98
 20
323098.85
 10
299804.34
 20
323123.85
 10
302072.72
 20
323149.43
 10
304341.11
 20
323175.58
 10
306609.49
 20
323202.32
 10
308877.88
 20
323229.62
 10
311146.29
 20
323257.49
 10
313414.69
 20
323285.95
 10
313449.8300000001
 20
320512.0
 10
313484.95
 20
317738.06
 10
313520.05
 20
314964.12
 10
313555.12
 20
312190.2
 10
313590.17
 20
309416.2800000001
 10
313625.21
 20
306642.39
 10
313660.2
 20
303868.5
 10
313695.19
 20
301094.62
 10
313730.15
 20
298320.75
 10
313765.1
 20
295546.9000000001
 10
311489.68
 20
295518.5300000001
 10
309214.2600000001
 20
295490.73
 10
306938.87
 20
295463.51
 10
304663.4600000001
 20
295436.86
 10
302388.06
 20
295410.79
 10
300112.68
 20
295385.28
 10
297837.31
 20
295360.35
 10
295561.93
 20
295336.0
 10
293286.56
 20
295312.22
 10
291011.21
 20
295289.02
 10
290983.2600000001
 20
298062.78
 10
290955.29
 20
300836.56
 10
290927.3
 20
303610.37
 10
290899.3
 20
306384.19
 10
290871.27
 20
309158.0
 10
290843.24
 20
311931.84
 10
290815.17
 20
314705.69
 10
290787.11
 20
317479.5300000001
 10
290759.02
 20
320253.4100000001
  0
LWPOLYLINE
  5
35
330
2
100
AcDbEntity
  8
G50
  6
Continuous
100
AcDbPolyline
 90
       40
 70
     1
 43
0.0
 10
290448.88
 20
350766.66
 10
292710.17
 20
350790.01
 10
294971.48
 20
350813.95
 10
297232.79
 20
350838.44
 10
299494.11
 20
350863.52
 10
301755.42
 20
350889.1700000001
 10
304016.74
 20
350915.4200000001
 10
306278.09
 20
350942.23
 10
308539.42
 20
350969.6
 10
310800.77
 20
350997.57
 10
313062.13
 20
351026.1100000001
 10
313097.49
 20
348252.0400000001
 10
313132.81
 20
345478.0
 10
313168.12
 20
342703.94
 10
313203.41
 20
339929.91
 10
313238.68
 20
337155.89
 10
313273.93
 20
334381.89
 10
313309.14
 20
331607.89
 10
313344.35
 20
328833.9000000001
 10
313379.5300000001
 20
326059.93
 10
313414.69
 20
323285.95
 10
311146.29
 20
323257.49
 10
308877.88
 20
323229.62
 10
306609.49
 20
323202.32
 10
304341.11
 20
323175.58
 10
302072.72
 20
323149.43
 10
299804.34
 20
323123.85
 10
297535.98
 20
323098.85
 10
295267.61
 20
323074.4100000001
 10
292999.25
 20
323050.55
 10
290730.91
 20
323027.28
 10
290702.7800000001
 20
325801.1700000001
 10
290674.63
 20
328575.06
 10
290646.48
 20
331348.98
 10
290618.3
 20
334122.91
 10
290590.11
 20
336896.83
 10
290561.9000000001
 20
339670.7800000001
 10
290533.67
 20
342444.73
 10
290505.41
 20
345218.7
 10
290477.16
 20
347992.6900000001
  0
LWPOLYLINE
  5
36
330
2
100
AcDbEntity
  8
G50
  6
Continuous
100
AcDbPolyline
 90
       40
 70
     1
 43
0.0
 10
290165.11
 20
378507.16
 10
292419.31
 20
378530.6
 10
294673.53
 20
378554.57
 10
296927.74
 20
378579.14
 10
299181.96
 20
378604.3
 10
301436.19
 20
378630.0300000001
 10
303690.42
 20
378656.35
 10
305944.65
 20
378683.23
 10
308198.8900000001
 20
378710.7000000001
 10
310453.14
 20
378738.74
 10
312707.39
 20
378767.37
 10
312742.97
 20
375993.21
 10
312778.52
 20
373219.01
 10
312814.04
 20
370444.88
 10
312849.55
 20
367670.72
 10
312885.02
 20
364896.61
 10
312920.5000000001
 20
362122.48
 10
312955.93
 20
359348.36
 10
312991.36
 20
356574.2800000001
 10
313026.75
 20
353800.1900000001
 10
313062.13
 20
351026.1100000001
 10
310800.77
 20
350997.57
 10
308539.42
 20
350969.6
 10
306278.09
 20
350942.23
 10
304016.74
 20
350915.4200000001
 10
301755.42
 20
350889.1700000001
 10
299494.11
 20
350863.52
 10
297232.79
 20
350838.44
 10
294971.48
 20
350813.95
 10
292710.17
 20
350790.01
 10
290448.88
 20
350766.66
 10
290420.5800000001
 20
353540.66
 10
290392.26
 20
356314.69
 10
290363.92
 20
359088.7
 10
290335.58
 20
361862.73
 10
290307.2100000001
 20
364636.78
 10
290278.82
 20
367410.8400000001
 10
290250.43
 20
370184.91
 10
290222.01
 20
372958.97
 10
290193.5700000001
 20
375733.06
  0
LWPOLYLINE
  5
37
330
2
100
AcDbEntity
  8
G50
  6
Continuous
100
AcDbPolyline
 90
       40
 70
     1
 43
0.0
 10
289879.63
 20
406248.81
 10
292126.7
 20
406272.2899999999
 10
294373.76
 20
406296.3599999999
 10
296620.8400000001
 20
406321.0
 10
298867.92
 20
406346.2
 10
301115.01
 20
406372.02
 10
303362.1
 20
406398.4099999999
 10
305609.18
 20
406425.3599999999
 10
307856.29
 20
406452.9
 10
310103.41
 20
406481.03
 10
312350.5300000001
 20
406509.73
 10
312386.31
 20
403735.45
 10
312422.0600000001
 20
400961.16
 10
312457.81
 20
398186.91
 10
312493.5300000001
 20
395412.66
 10
312529.23
 20
392638.4
 10
312564.91
 20
389864.18
 10
312600.55
 20
387089.95
 10
312636.19
 20
384315.76
 10
312671.81
 20
381541.5700000001
 10
312707.39
 20
378767.37
 10
310453.14
 20
378738.74
 10
308198.8900000001
 20
378710.7000000001
 10
305944.65
 20
378683.23
 10
303690.42
 20
378656.35
 10
301436.19
 20
378630.0300000001
 10
299181.96
 20
378604.3
 10
296927.74
 20
378579.14
 10
294673.53
 20
378554.57
 10
292419.31
 20
378530.6
 10
290165.11
 20
378507.16
 10
290136.65
 20
381281.2800000001
 10
290108.16
 20
384055.41
 10
290079.66
 20
386829.5300000001
 10
290051.13
 20
389603.69
 10
290022.59
 20
392377.8400000001
 10
289994.04
 20
395152.0
 10
289965.46
 20
397926.19
 10
289936.87
 20
400700.38
 10
289908.2700000001
 20
403474.59
  0
LWPOLYLINE
  5
38
330
2
100
AcDbEntity
  8
G50
  6
Continuous
100
AcDbPolyline
 90
       40
 70
     1
 43
0.0
 10
289592.45
 20
433991.56
 10
291832.3200000001
 20
434015.1099999999
 10
294072.2
 20
434039.24
 10
296312.1
 20
434063.9399999999
 10
298552.0
 20
434089.24
 10
300791.9000000001
 20
434115.12
 10
303031.8100000001
 20
434141.57
 10
305271.73
 20
434168.58
 10
307511.6400000001
 20
434196.22
 10
309751.5700000001
 20
434224.42
 10
311991.5000000001
 20
434253.19
 10
312027.5
 20
431478.81
 10
312063.48
 20
428704.4
 10
312099.43
 20
425930.03
 10
312135.36
 20
423155.6799999999
 10
312171.2800000001
 20
420381.34
 10
312207.18
 20
417606.99
 10
312243.04
 20
414832.65
 10
312278.89
 20
412058.33
 10
312314.7100000001
 20
409284.02
 10
312350.5300000001
 20
406509.73
 10
310103.41
 20
406481.03
 10
307856.29
 20
406452.9
 10
305609.18
 20
406425.3599999999
 10
303362.1
 20
406398.4099999999
 10
301115.01
 20
406372.02
 10
298867.92
 20
406346.2
 10
296620.8400000001
 20
406321.0
 10
294373.76
 20
406296.3599999999
 10
292126.7
 20
406272.2899999999
 10
289879.63
 20
406248.81
 10
289851.0
 20
409023.03
 10
289822.3300000001
 20
411797.25
 10
289793.66
 20
414571.5
 10
289764.9600000001
 20
417345.78
 10
289736.2600000001
 20
420120.03
 10
289707.5200000001
 20
422894.31
 10
289678.78
 20
425668.6199999999
 10
289650.01
 20
428442.9099999999
 10
289621.24
 20
431217.22
  0
LWPOLYLINE
  5
39
330
2
100
AcDbEntity
  8
G50
  6
Continuous
100
AcDbPolyline
 90
       40
 70
     1
 43
0.0
 10
289303.54
 20
461735.4399999999
 10
291536.19
 20
461759.04
 10
293768.86
 20
461783.24
 10
296001.5200000001
 20
461808.03
 10
298234.19
 20
461833.3800000001
 10
300466.87
 20
461859.33
 10
302699.55
 20
461885.84
 10
304932.24
 20
461912.94
 10
307164.93
 20
461940.64
 10
309397.63
 20
461968.9
 10
311630.33
 20
461997.76
 10
311666.55
 20
459223.26
 10
311702.75
 20
456448.7699999999
 10
311738.91
 20
453674.3
 10
311775.06
 20
450899.8
 10
311811.18
 20
448125.3699999999
 10
311847.29
 20
445350.9
 10
311883.37
 20
442576.4599999999
 10
311919.44
 20
439802.03
 10
311955.48
 20
437027.62
 10
311991.5000000001
 20
434253.19
 10
309751.5700000001
 20
434224.42
 10
307511.6400000001
 20
434196.22
 10
305271.73
 20
434168.58
 10
303031.8100000001
 20
434141.57
 10
300791.9000000001
 20
434115.12
 10
298552.0
 20
434089.24
 10
296312.1
 20
434063.9399999999
 10
294072.2
 20
434039.24
 10
291832.3200000001
 20
434015.1099999999
 10
289592.45
 20
433991.56
 10
289563.6300000001
 20
436765.91
 10
289534.8
 20
439540.25
 10
289505.95
 20
442314.59
 10
289477.08
 20
445088.97
 10
289448.2100000001
 20
447863.3799999999
 10
289419.3
 20
450637.75
 10
289390.39
 20
453412.16
 10
289361.45
 20
456186.59
 10
289332.5
 20
458961.0
  0
LWPOLYLINE
  5
3A
330
2
100
AcDbEntity
  8
G50
  6
Continuous
100
AcDbPolyline
 90
       40
 70
     1
 43
0.0
 10
289012.93
 20
489480.47
 10
291238.3200000001
 20
489504.13
 10
293463.7100000001
 20
489528.38
 10
295689.11
 20
489553.23
 10
297914.51
 20
489578.64
 10
300139.91
 20
489604.65
 10
302365.3400000001
 20
489631.24
 10
304590.75
 20
489658.44
 10
306816.18
 20
489686.1900000001
 10
309041.61
 20
489714.54
 10
311267.05
 20
489743.4500000001
 10
311303.47
 20
486968.83
 10
311339.87
 20
484194.25
 10
311376.26
 20
481419.63
 10
311412.62
 20
478645.04
 10
311448.95
 20
475870.48
 10
311485.2800000001
 20
473095.93
 10
311521.57
 20
470321.37
 10
311557.86
 20
467546.81
 10
311594.11
 20
464772.29
 10
311630.33
 20
461997.76
 10
309397.63
 20
461968.9
 10
307164.93
 20
461940.64
 10
304932.24
 20
461912.94
 10
302699.55
 20
461885.84
 10
300466.87
 20
461859.33
 10
298234.19
 20
461833.3800000001
 10
296001.5200000001
 20
461808.03
 10
293768.86
 20
461783.24
 10
291536.19
 20
461759.04
 10
289303.54
 20
461735.4399999999
 10
289274.56
 20
464509.91
 10
289245.56
 20
467284.38
 10
289216.54
 20
470058.84
 10
289187.5
 20
472833.31
 10
289158.44
 20
475607.8099999999
 10
289129.37
 20
478382.31
 10
289100.29
 20
481156.84
 10
289071.19
 20
483931.38
 10
289042.06
 20
486705.91
  0
LWPOLYLINE
  5
3B
330
2
100
AcDbEntity
  8
G50
  6
Continuous
100
AcDbPolyline
 90
       40
 70
     1
 43
0.0
 10
288720.62
 20
517226.63
 10
290938.7
 20
517250.34
 10
293156.7800000001
 20
517274.65
 10
295374.8800000001
 20
517299.55
 10
297592.96
 20
517325.04
 10
299811.07
 20
517351.1300000001
 10
302029.16
 20
517377.78
 10
304247.28
 20
517405.0300000001
 10
306465.3900000001
 20
517432.84
 10
308683.52
 20
517461.27
 10
310901.64
 20
517490.27
 10
310938.2700000001
 20
514715.5300000001
 10
310974.88
 20
511940.82
 10
311011.48
 20
509166.11
 10
311048.05
 20
506391.4
 10
311084.61
 20
503616.72
 10
311121.13
 20
500842.04
 10
311157.6400000001
 20
498067.4
 10
311194.13
 20
495292.7500000001
 10
311230.6
 20
492518.1
 10
311267.05
 20
489743.4500000001
 10
309041.61
 20
489714.54
 10
306816.18
 20
489686.1900000001
 10
304590.75
 20
489658.44
 10
302365.3400000001
 20
489631.24
 10
300139.91
 20
489604.65
 10
297914.51
 20
489578.64
 10
295689.11
 20
489553.23
 10
293463.7100000001
 20
489528.38
 10
291238.3200000001
 20
489504.13
 10
289012.93
 20
489480.47
 10
288983.7700000001
 20
492255.0300000001
 10
288954.61
 20
495029.59
 10
288925.41
 20
497804.19
 10
288896.21
 20
500578.78
 10
288866.98
 20
503353.41
 10
288837.75
 20
506128.03
 10
288808.49
 20
508902.66
 10
288779.22
 20
511677.31
 10
288749.93
 20
514451.94
  0
LWPOLYLINE
  5
3C
330
2
100
AcDbEntity
  8
G50
  6
Continuous
100
AcDbPolyline
 90
       40
 70
     1
 43
0.0
 10
288426.62
 20
544973.9099999999
 10
290637.3400000001
 20
544997.7
 10
292848.07
 20
545022.0600000001
 10
295058.81
 20
545047.04
 10
297269.55
 20
545072.5900000001
 10
299480.3
 20
545098.72
 10
301691.04
 20
545125.4299999999
 10
303901.8
 20
545152.75
 10
306112.56
 20
545180.64
 10
308323.33
 20
545209.12
 10
310534.1
 20
545238.2
 10
310570.94
 20
542463.3400000001
 10
310607.77
 20
539688.51
 10
310644.58
 20
536913.7099999999
 10
310681.35
 20
534138.88
 10
310718.12
 20
531364.11
 10
310754.88
 20
528589.31
 10
310791.6
 20
525814.54
 10
310828.3
 20
523039.7800000001
 10
310864.97
 20
520265.01
 10
310901.64
 20
517490.27
 10
308683.52
 20
517461.27
 10
306465.3900000001
 20
517432.84
 10
304247.28
 20
517405.0300000001
 10
302029.16
 20
517377.78
 10
299811.07
 20
517351.1300000001
 10
297592.96
 20
517325.04
 10
295374.8800000001
 20
517299.55
 10
293156.7800000001
 20
517274.65
 10
290938.7
 20
517250.34
 10
288720.62
 20
517226.63
 10
288691.3
 20
520001.31
 10
288661.95
 20
522776.0
 10
288632.59
 20
525550.69
 10
288603.23
 20
528325.4099999999
 10
288573.83
 20
531100.13
 10
288544.42
 20
533874.87
 10
288514.99
 20
536649.5900000001
 10
288485.56
 20
539424.38
 10
288456.09
 20
542199.1300000001
  0
LWPOLYLINE
  5
3D
330
2
100
AcDbEntity
  8
G50
  6
Continuous
100
AcDbPolyline
 90
       40
 70
     1
 43
0.0
 10
288130.92
 20
572722.3400000001
 10
290334.26
 20
572746.18
 10
292537.59
 20
572770.62
 10
294740.93
 20
572795.6500000001
 10
296944.2800000001
 20
572821.24
 10
299147.63
 20
572847.4199999999
 10
301350.98
 20
572874.2
 10
303554.34
 20
572901.5800000001
 10
305757.7
 20
572929.5400000001
 10
307961.07
 20
572958.1
 10
310164.46
 20
572987.26
 10
310201.51
 20
570212.27
 10
310238.54
 20
567437.35
 10
310275.57
 20
564662.4
 10
310312.55
 20
561887.48
 10
310349.54
 20
559112.5900000001
 10
310386.49
 20
556337.6699999999
 10
310423.42
 20
553562.78
 10
310460.34
 20
550787.9199999999
 10
310497.23
 20
548013.0600000001
 10
310534.1
 20
545238.2
 10
308323.33
 20
545209.12
 10
306112.56
 20
545180.64
 10
303901.8
 20
545152.75
 10
301691.04
 20
545125.4299999999
 10
299480.3
 20
545098.72
 10
297269.55
 20
545072.5900000001
 10
295058.81
 20
545047.04
 10
292848.07
 20
545022.0600000001
 10
290637.3400000001
 20
544997.7
 10
288426.62
 20
544973.9099999999
 10
288397.1300000001
 20
547748.6899999999
 10
288367.62
 20
550523.5
 10
288338.0800000001
 20
553298.31
 10
288308.55
 20
556073.16
 10
288278.99
 20
558848.0
 10
288249.4000000001
 20
561622.8400000001
 10
288219.81
 20
564397.69
 10
288190.2
 20
567172.5600000001
 10
288160.57
 20
569947.4399999999
  0
LWPOLYLINE
  5
3E
330
2
100
AcDbEntity
  8
G50
  6
Continuous
100
AcDbPolyline
 90
       40
 70
     1
 43
0.0
 10
287833.56
 20
600471.9399999999
 10
290029.4500000001
 20
600495.82
 10
292225.35
 20
600520.3000000001
 10
294421.25
 20
600545.37
 10
296617.16
 20
600571.03
 10
298813.0700000001
 20
600597.29
 10
301008.99
 20
600624.1500000001
 10
303204.91
 20
600651.5600000001
 10
305400.83
 20
600679.6
 10
307596.7800000001
 20
600708.2
 10
309792.7
 20
600737.4000000001
 10
309829.98
 20
597962.36
 10
309867.22
 20
595187.2900000001
 10
309904.45
 20
592412.25
 10
309941.66
 20
589637.1999999999
 10
309978.85
 20
586862.1899999999
 10
310016.01
 20
584087.1799999999
 10
310053.1500000001
 20
581312.1699999999
 10
310090.28
 20
578537.19
 10
310127.37
 20
575762.2099999999
 10
310164.46
 20
572987.26
 10
307961.07
 20
572958.1
 10
305757.7
 20
572929.5400000001
 10
303554.34
 20
572901.5800000001
 10
301350.98
 20
572874.2
 10
299147.63
 20
572847.4199999999
 10
296944.2800000001
 20
572821.24
 10
294740.93
 20
572795.6500000001
 10
292537.59
 20
572770.62
 10
290334.26
 20
572746.18
 10
288130.92
 20
572722.3400000001
 10
288101.2700000001
 20
575497.25
 10
288071.5800000001
 20
578272.1599999999
 10
288041.89
 20
581047.0900000002
 10
288012.18
 20
583822.03
 10
287982.44
 20
586597.0
 10
287952.7
 20
589371.97
 10
287922.94
 20
592146.9399999999
 10
287893.17
 20
594921.9099999999
 10
287863.37
 20
597696.9099999999
  0
LWPOLYLINE
  5
3F
330
2
100
AcDbEntity
  8
G50
  6
Continuous
100
AcDbPolyline
 90
       40
 70
     1
 43
0.0
 10
287534.5
 20
628222.62
 10
289722.91
 20
628246.61
 10
291911.3300000001
 20
628271.16
 10
294099.7600000001
 20
628296.27
 10
296288.19
 20
628322.0
 10
298476.63
 20
628348.3000000001
 10
300665.06
 20
628375.22
 10
302853.51
 20
628402.71
 10
305041.95
 20
628430.76
 10
307230.41
 20
628459.4300000001
 10
309418.86
 20
628488.7300000001
 10
309456.3400000001
 20
625713.5
 10
309493.8
 20
622938.37
 10
309531.24
 20
620163.21
 10
309568.6500000001
 20
617388.05
 10
309606.06
 20
614612.9099999999
 10
309643.42
 20
611837.7800000001
 10
309680.7700000001
 20
609062.6799999999
 10
309718.11
 20
606287.5800000001
 10
309755.41
 20
603512.5
 10
309792.7
 20
600737.4000000001
 10
307596.7800000001
 20
600708.2
 10
305400.83
 20
600679.6
 10
303204.91
 20
600651.5600000001
 10
301008.99
 20
600624.1500000001
 10
298813.0700000001
 20
600597.29
 10
296617.16
 20
600571.03
 10
294421.25
 20
600545.37
 10
292225.35
 20
600520.3000000001
 10
290029.4500000001
 20
600495.82
 10
287833.56
 20
600471.9399999999
 10
287803.72
 20
603246.94
 10
287773.88
 20
606021.97
 10
287744.01
 20
608797.0300000001
 10
287714.13
 20
611572.0900000001
 10
287684.24
 20
614347.1599999999
 10
287654.32
 20
617122.2199999999
 10
287624.39
 20
619897.31
 10
287594.4500000001
 20
622672.4099999999
 10
287564.48
 20
625447.5
  0
LWPOLYLINE
  5
40
330
2
100
AcDbEntity
  8
G50
  6
Continuous
100
AcDbPolyline
 90
       40
 70
     1
 43
0.0
 10
287233.77
 20
655974.5000000001
 10
289414.67
 20
655998.5199999999
 10
291595.5700000001
 20
656023.1
 10
293776.47
 20
656048.31
 10
295957.39
 20
656074.0799999999
 10
298138.29
 20
656100.4100000001
 10
300319.2100000001
 20
656127.37
 10
302500.13
 20
656154.9599999999
 10
304681.0600000001
 20
656183.0999999999
 10
306861.99
 20
656211.8100000001
 10
309042.92
 20
656241.15
 10
309080.61
 20
653465.86
 10
309118.28
 20
650690.58
 10
309155.92
 20
647915.2900000001
 10
309193.55
 20
645140.01
 10
309231.15
 20
642364.79
 10
309268.74
 20
639589.5600000001
 10
309306.3
 20
636814.3400000001
 10
309343.85
 20
634039.12
 10
309381.36
 20
631263.89
 10
309418.86
 20
628488.7300000001
 10
307230.41
 20
628459.4300000001
 10
305041.95
 20
628430.76
 10
302853.51
 20
628402.71
 10
300665.06
 20
628375.22
 10
298476.63
 20
628348.3000000001
 10
296288.19
 20
628322.0
 10
294099.7600000001
 20
628296.27
 10
291911.3300000001
 20
628271.16
 10
289722.91
 20
628246.61
 10
287534.5
 20
628222.62
 10
287504.5
 20
630997.8100000001
 10
287474.48
 20
633772.94
 10
287444.45
 20
636548.0600000001
 10
287414.41
 20
639323.25
 10
287384.35
 20
642098.44
 10
287354.2700000001
 20
644873.63
 10
287324.16
 20
647648.87
 10
287294.06
 20
650424.0600000001
 10
287263.92
 20
653199.3100000001
  0
LWPOLYLINE
  5
41
330
2
100
AcDbEntity
  8
G50
  6
Continuous
100
AcDbPolyline
 90
       40
 70
     1
 43
0.0
 10
267409.27
 20
406045.87
 10
269656.29
 20
406063.55
 10
271903.31
 20
406081.8199999999
 10
274150.34
 20
406100.6599999999
 10
276397.36
 20
406120.08
 10
278644.4000000001
 20
406140.09
 10
280891.44
 20
406160.67
 10
283138.48
 20
406181.83
 10
285385.5300000001
 20
406203.58
 10
287632.58
 20
406225.9
 10
289879.64
 20
406248.8
 10
289908.26
 20
403474.59
 10
289936.87
 20
400700.38
 10
289965.46
 20
397926.19
 10
289994.0300000001
 20
395152.0100000001
 10
290022.59
 20
392377.85
 10
290051.13
 20
389603.69
 10
290079.65
 20
386829.54
 10
290108.16
 20
384055.41
 10
290136.64
 20
381281.2800000001
 10
290165.12
 20
378507.17
 10
287910.92
 20
378484.33
 10
285656.73
 20
378462.07
 10
283402.54
 20
378440.39
 10
281148.36
 20
378419.29
 10
278894.18
 20
378398.7600000001
 10
276640.01
 20
378378.8100000001
 10
274385.8400000001
 20
378359.45
 10
272131.68
 20
378340.66
 10
269877.52
 20
378322.44
 10
267623.37
 20
378304.81
 10
267602.02
 20
381078.86
 10
267580.65
 20
383852.9300000001
 10
267559.28
 20
386627.0100000001
 10
267537.88
 20
389401.1
 10
267516.48
 20
392175.2
 10
267495.07
 20
394949.31
 10
267473.64
 20
397723.43
 10
267452.2
 20
400497.57
 10
267430.74
 20
403271.7100000001
  0
LWPOLYLINE
  5
42
330
2
100
AcDbEntity
  8
G50
  6
Continuous
100
AcDbPolyline
 90
       40
 70
     1
 43
0.0
 10
244939.3
 20
405900.93
 10
247186.28
 20
405912.81
 10
249433.27
 20
405925.28
 10
251680.26
 20
405938.32
 10
253927.25
 20
405951.95
 10
256174.25
 20
405966.15
 10
258421.24
 20
405980.94
 10
260668.25
 20
405996.2999999999
 10
262915.25
 20
406012.24
 10
265162.26
 20
406028.77
 10
267409.27
 20
406045.87
 10
267430.74
 20
403271.7100000001
 10
267452.2
 20
400497.57
 10
267473.64
 20
397723.43
 10
267495.07
 20
394949.31
 10
267516.48
 20
392175.2
 10
267537.88
 20
389401.1
 10
267559.28
 20
386627.0100000001
 10
267580.65
 20
383852.9300000001
 10
267602.02
 20
381078.86
 10
267623.37
 20
378304.81
 10
265369.22
 20
378287.75
 10
263115.07
 20
378271.28
 10
260860.93
 20
378255.38
 10
258606.79
 20
378240.0600000001
 10
256352.65
 20
378225.3100000001
 10
254098.52
 20
378211.1500000001
 10
251844.39
 20
378197.56
 10
249590.27
 20
378184.56
 10
247336.14
 20
378172.13
 10
245082.02
 20
378160.27
 10
245067.79
 20
380934.29
 10
245053.55
 20
383708.31
 10
245039.3
 20
386482.35
 10
245025.04
 20
389256.4
 10
245010.77
 20
392030.46
 10
244996.49
 20
394804.53
 10
244982.21
 20
397578.61
 10
244967.91
 20
400352.71
 10
244953.61
 20
403126.8100000001
  0
LWPOLYLINE
  5
43
330
2
100
AcDbEntity
  8
G50
  6
Continuous
100
AcDbPolyline
 90
       40
 70
     1
 43
0.0
 10
222469.58
 20
405813.97
 10
224716.55
 20
405820.06
 10
226963.51
 20
405826.72
 10
229210.48
 20
405833.97
 10
231457.45
 20
405841.8
 10
233704.4200000001
 20
405850.1999999999
 10
235951.39
 20
405859.19
 10
238198.36
 20
405868.75
 10
240445.34
 20
405878.8999999999
 10
242692.32
 20
405889.62
 10
244939.3
 20
405900.93
 10
244953.61
 20
403126.8100000001
 10
244967.91
 20
400352.71
 10
244982.21
 20
397578.61
 10
244996.49
 20
394804.53
 10
245010.77
 20
392030.46
 10
245025.04
 20
389256.4
 10
245039.3
 20
386482.35
 10
245053.55
 20
383708.31
 10
245067.79
 20
380934.29
 10
245082.02
 20
378160.27
 10
242827.9
 20
378149.0
 10
240573.79
 20
378138.31
 10
238319.68
 20
378128.1900000001
 10
236065.57
 20
378118.65
 10
233811.46
 20
378109.69
 10
231557.35
 20
378101.31
 10
229303.25
 20
378093.5
 10
227049.14
 20
378086.2800000001
 10
224795.04
 20
378079.63
 10
222540.94
 20
378073.56
 10
222533.83
 20
380847.55
 10
222526.71
 20
383621.55
 10
222519.58
 20
386395.56
 10
222512.45
 20
389169.58
 10
222505.32
 20
391943.62
 10
222498.18
 20
394717.66
 10
222491.04
 20
397491.72
 10
222483.89
 20
400265.7899999999
 10
222476.74
 20
403039.87
  0
LWPOLYLINE
  5
44
330
2
100
AcDbEntity
  8
G50
  6
Continuous
100
AcDbPolyline
 90
       40
 70
     1
 43
0.0
 10
200000.0
 20
405784.98
 10
202246.96
 20
405785.27
 10
204493.91
 20
405786.14
 10
206740.87
 20
405787.59
 10
208987.83
 20
405789.62
 10
211234.78
 20
405792.23
 10
213481.74
 20
405795.42
 10
215728.7
 20
405799.1799999999
 10
217975.66
 20
405803.53
 10
220222.62
 20
405808.4599999999
 10
222469.58
 20
405813.97
 10
222476.74
 20
403039.87
 10
222483.89
 20
400265.7899999999
 10
222491.04
 20
397491.72
 10
222498.18
 20
394717.66
 10
222505.32
 20
391943.62
 10
222512.45
 20
389169.58
 10
222519.58
 20
386395.56
 10
222526.71
 20
383621.55
 10
222533.83
 20
380847.55
 10
222540.94
 20
378073.56
 10
220286.8500000001
 20
378068.06
 10
218032.75
 20
378063.1500000001
 10
215778.65
 20
378058.81
 10
213524.56
 20
378055.06
 10
211270.46
 20
378051.88
 10
209016.37
 20
378049.2800000001
 10
206762.28
 20
378047.2500000001
 10
204508.18
 20
378045.81
 10
202254.09
 20
378044.9400000001
 10
200000.0
 20
378044.6500000001
 10
200000.0
 20
380818.6300000001
 10
200000.0
 20
383592.62
 10
200000.0
 20
386366.6300000001
 10
200000.0
 20
389140.6400000001
 10
200000.0
 20
391914.6700000001
 10
200000.0
 20
394688.7100000001
 10
200000.0
 20
397462.76
 10
200000.0
 20
400236.82
 10
200000.0
 20
403010.9
  0
LWPOLYLINE
  5
45
330
2
100
AcDbEntity
  8
G50
  6
Continuous
100
AcDbPolyline
 90
       40
 70
     1
 43
0.0
 10
177530.42
 20
405813.97
 10
179777.38
 20
405808.4599999999
 10
182024.34
 20
405803.53
 10
184271.3
 20
405799.1799999999
 10
186518.26
 20
405795.42
 10
188765.22
 20
405792.23
 10
191012.17
 20
405789.62
 10
193259.13
 20
405787.59
 10
195506.09
 20
405786.14
 10
197753.04
 20
405785.27
 10
200000.0
 20
405784.98
 10
200000.0
 20
403010.9
 10
200000.0
 20
400236.82
 10
200000.0
 20
397462.76
 10
200000.0
 20
394688.7100000001
 10
200000.0
 20
391914.6700000001
 10
200000.0
 20
389140.6400000001
 10
200000.0
 20
386366.6300000001
 10
200000.0
 20
383592.62
 10
200000.0
 20
380818.6300000001
 10
200000.0
 20
378044.6500000001
 10
197745.91
 20
378044.9400000001
 10
195491.82
 20
378045.81
 10
193237.72
 20
378047.2500000001
 10
190983.63
 20
378049.2800000001
 10
188729.54
 20
378051.88
 10
186475.44
 20
378055.06
 10
184221.35
 20
378058.81
 10
181967.25
 20
378063.1500000001
 10
179713.15
 20
378068.06
 10
177459.06
 20
378073.56
 10
177466.17
 20
380847.55
 10
177473.29
 20
383621.55
 10
177480.42
 20
386395.56
 10
177487.55
 20
389169.58
 10
177494.68
 20
391943.62
 10
177501.82
 20
394717.66
 10
177508.96
 20
397491.72
 10
177516.11
 20
400265.7899999999
 10
177523.26
 20
403039.87
  0
LWPOLYLINE
  5
46
330
2
100
AcDbEntity
  8
G50
  6
Continuous
100
AcDbPolyline
 90
       40
 70
     1
 43
0.0
 10
155060.7
 20
405900.93
 10
157307.68
 20
405889.62
 10
159554.66
 20
405878.8999999999
 10
161801.64
 20
405868.75
 10
164048.61
 20
405859.19
 10
166295.58
 20
405850.1999999999
 10
168542.55
 20
405841.8
 10
170789.52
 20
405833.97
 10
173036.49
 20
405826.72
 10
175283.45
 20
405820.06
 10
177530.42
 20
405813.97
 10
177523.26
 20
403039.87
 10
177516.11
 20
400265.7899999999
 10
177508.96
 20
397491.72
 10
177501.82
 20
394717.66
 10
177494.68
 20
391943.62
 10
177487.55
 20
389169.58
 10
177480.42
 20
386395.56
 10
177473.29
 20
383621.55
 10
177466.17
 20
380847.55
 10
177459.06
 20
378073.56
 10
175204.96
 20
378079.63
 10
172950.86
 20
378086.2800000001
 10
170696.75
 20
378093.5
 10
168442.65
 20
378101.31
 10
166188.54
 20
378109.69
 10
163934.43
 20
378118.65
 10
161680.32
 20
378128.1900000001
 10
159426.21
 20
378138.31
 10
157172.1
 20
378149.0
 10
154917.98
 20
378160.27
 10
154932.21
 20
380934.29
 10
154946.45
 20
383708.31
 10
154960.7
 20
386482.35
 10
154974.96
 20
389256.4
 10
154989.23
 20
392030.46
 10
155003.51
 20
394804.53
 10
155017.79
 20
397578.61
 10
155032.09
 20
400352.71
 10
155046.39
 20
403126.8100000001
  0
LWPOLYLINE
  5
47
330
2
100
AcDbEntity
  8
G50
  6
Continuous
100
AcDbPolyline
 90
       40
 70
     1
 43
0.0
 10
132590.73
 20
406045.87
 10
134837.74
 20
406028.77
 10
137084.75
 20
406012.24
 10
139331.75
 20
405996.2999999999
 10
141578.76
 20
405980.94
 10
143825.75
 20
405966.15
 10
146072.75
 20
405951.95
 10
148319.74
 20
405938.32
 10
150566.73
 20
405925.28
 10
152813.72
 20
405912.81
 10
155060.7
 20
405900.93
 10
155046.39
 20
403126.8100000001
 10
155032.09
 20
400352.71
 10
155017.79
 20
397578.61
 10
155003.51
 20
394804.53
 10
154989.23
 20
392030.46
 10
154974.96
 20
389256.4
 10
154960.7
 20
386482.35
 10
154946.45
 20
383708.31
 10
154932.21
 20
380934.29
 10
154917.98
 20
378160.27
 10
152663.86
 20
378172.13
 10
150409.73
 20
378184.56
 10
148155.61
 20
378197.56
 10
145901.48
 20
378211.1500000001
 10
143647.35
 20
378225.3100000001
 10
141393.21
 20
378240.0600000001
 10
139139.07
 20
378255.38
 10
136884.93
 20
378271.28
 10
134630.78
 20
378287.75
 10
132376.63
 20
378304.81
 10
132397.98
 20
381078.86
 10
132419.35
 20
383852.9300000001
 10
132440.72
 20
386627.0100000001
 10
132462.12
 20
389401.1
 10
132483.52
 20
392175.2
 10
132504.93
 20
394949.31
 10
132526.36
 20
397723.43
 10
132547.8
 20
400497.57
 10
132569.26
 20
403271.7100000001
  0
LWPOLYLINE
  5
48
330
2
100
AcDbEntity
  8
G50
  6
Continuous
100
AcDbPolyline
 90
       40
 70
     1
 43
0.0
 10
110120.36
 20
406248.8
 10
112367.42
 20
406225.9
 10
114614.47
 20
406203.58
 10
116861.52
 20
406181.83
 10
119108.56
 20
406160.67
 10
121355.6
 20
406140.09
 10
123602.64
 20
406120.08
 10
125849.66
 20
406100.6599999999
 10
128096.69
 20
406081.8199999999
 10
130343.71
 20
406063.55
 10
132590.73
 20
406045.87
 10
132569.26
 20
403271.7100000001
 10
132547.8
 20
400497.57
 10
132526.36
 20
397723.43
 10
132504.93
 20
394949.31
 10
132483.52
 20
392175.2
 10
132462.12
 20
389401.1
 10
132440.72
 20
386627.0100000001
 10
132419.35
 20
383852.9300000001
 10
132397.98
 20
381078.86
 10
132376.63
 20
378304.81
 10
130122.48
 20
378322.44
 10
127868.32
 20
378340.66
 10
125614.16
 20
378359.45
 10
123359.99
 20
378378.8100000001
 10
121105.82
 20
378398.7600000001
 10
118851.64
 20
378419.29
 10
116597.46
 20
378440.39
 10
114343.27
 20
378462.07
 10
112089.08
 20
378484.33
 10
109834.88
 20
378507.17
 10
109863.36
 20
381281.2800000001
 10
109891.84
 20
384055.41
 10
109920.35
 20
386829.54
 10
109948.87
 20
389603.69
 10
109977.41
 20
392377.85
 10
110005.97
 20
395152.0100000001
 10
110034.54
 20
397926.19
 10
110063.13
 20
400700.38
 10
110091.74
 20
403474.59
  0
LWPOLYLINE
  5
49
330
2
100
AcDbEntity
  8
G50
  6
Continuous
100
AcDbPolyline
 90
       40
 70
     1
 43
0.0
 10
87649.49000000001
 20
406509.73
 10
89896.58999999999
 20
406481.03
 10
92143.71000000001
 20
406452.9
 10
94390.82
 20
406425.3599999999
 10
96637.91000000001
 20
406398.4099999999
 10
98885.0
 20
406372.02
 10
101132.08
 20
406346.2
 10
103379.15
 20
406321.0
 10
105626.24
 20
406296.3599999999
 10
107873.31
 20
406272.2899999999
 10
110120.35
 20
406248.81
 10
110091.73
 20
403474.59
 10
110063.13
 20
400700.37
 10
110034.55
 20
397926.19
 10
110005.96
 20
395152.0
 10
109977.41
 20
392377.8400000001
 10
109948.86
 20
389603.69
 10
109920.35
 20
386829.5300000001
 10
109891.84
 20
384055.41
 10
109863.34
 20
381281.2800000001
 10
109834.89
 20
378507.16
 10
107580.67
 20
378530.6
 10
105326.47
 20
378554.57
 10
103072.25
 20
378579.14
 10
100818.06
 20
378604.3
 10
98563.82000000001
 20
378630.0300000001
 10
96309.58000000001
 20
378656.35
 10
94055.35
 20
378683.23
 10
91801.11
 20
378710.7000000001
 10
89546.86999999999
 20
378738.74
 10
87292.61000000001
 20
378767.37
 10
87328.21000000001
 20
381541.5700000001
 10
87363.80999999999
 20
384315.76
 10
87399.45
 20
387089.95
 10
87435.08999999999
 20
389864.18
 10
87470.75999999999
 20
392638.4
 10
87506.47
 20
395412.66
 10
87542.17999999999
 20
398186.91
 10
87577.92
 20
400961.16
 10
87613.69999999999
 20
403735.45
  0
LWPOLYLINE
  5
4A
330
2
100
AcDbEntity
  8
G50
  6
Continuous
100
AcDbPolyline
 90
       40
 70
     1
 43
0.0
 10
84855.06
 20
184601.55
 10
87158.09
 20
184573.55
 10
89461.1
 20
184546.12
 10
91764.10999999999
 20
184519.26
 10
94067.13000000001
 20
184492.96
 10
96370.11000000001
 20
184467.22
 10
98673.10000000001
 20
184442.05
 10
100976.09
 20
184417.45
 10
103279.09
 20
184393.4
 10
105582.04
 20
184369.93
 10
107885.02
 20
184347.03
 10
107857.77
 20
181573.7
 10
107830.55
 20
178800.39
 10
107803.37
 20
176027.09
 10
107776.19
 20
173253.8
 10
107749.01
 20
170480.52
 10
107721.84
 20
167707.25
 10
107694.74
 20
164933.99
 10
107667.6
 20
162160.75
 10
107640.51
 20
159387.51
 10
107613.45
 20
156614.29
 10
105303.69
 20
156637.11
 10
102993.92
 20
156660.5
 10
100684.17
 20
156684.46
 10
98374.36999999999
 20
156708.98
 10
96064.59
 20
156734.06
 10
93754.80000000001
 20
156759.7
 10
91445.0
 20
156785.91
 10
89135.21000000001
 20
156812.69
 10
86825.38
 20
156840.02
 10
84515.56
 20
156867.92
 10
84549.41000000001
 20
159641.24
 10
84583.28999999999
 20
162414.57
 10
84617.17
 20
165187.9
 10
84651.08999999999
 20
167961.25
 10
84685.00999999999
 20
170734.6
 10
84719.0
 20
173507.97
 10
84752.96
 20
176281.36
 10
84786.96000000001
 20
179054.74
 10
84820.99000000001
 20
181828.15
  0
LWPOLYLINE
  5
4B
330
2
100
AcDbEntity
  8
G50
  6
Continuous
100
AcDbPolyline
 90
       40
 70
     1
 43
0.0
 10
85196.71999999999
 20
212336.27
 10
87492.94
 20
212308.17
 10
89789.11
 20
212280.64
 10
92085.29
 20
212253.68
 10
94381.47
 20
212227.3
 10
96677.63
 20
212201.46
 10
98973.77999999999
 20
212176.2100000001
 10
101269.92
 20
212151.53
 10
103566.08
 20
212127.41
 10
105862.19
 20
212103.86
 10
108158.32
 20
212080.86
 10
108130.94
 20
209307.43
 10
108103.53
 20
206534.01
 10
108076.15
 20
203760.6
 10
108048.81
 20
200987.2
 10
108021.47
 20
198213.81
 10
107994.13
 20
195440.43
 10
107966.83
 20
192667.06
 10
107939.54
 20
189893.71
 10
107912.28
 20
187120.36
 10
107885.02
 20
184347.03
 10
105582.04
 20
184369.93
 10
103279.09
 20
184393.4
 10
100976.09
 20
184417.45
 10
98673.10000000001
 20
184442.05
 10
96370.11000000001
 20
184467.22
 10
94067.13000000001
 20
184492.96
 10
91764.10999999999
 20
184519.26
 10
89461.1
 20
184546.12
 10
87158.09
 20
184573.55
 10
84855.06
 20
184601.55
 10
84889.13
 20
187374.98
 10
84923.19999999999
 20
190148.41
 10
84957.31000000001
 20
192921.85
 10
84991.46000000001
 20
195695.31
 10
85025.61
 20
198468.78
 10
85059.78999999999
 20
201242.26
 10
85094.01
 20
204015.74
 10
85128.22999999999
 20
206789.23
 10
85162.46
 20
209562.74
  0
LWPOLYLINE
  5
4C
330
2
100
AcDbEntity
  8
G50
  6
Continuous
100
AcDbPolyline
 90
       40
 70
     1
 43
0.0
 10
85540.61
 20
240072.05
 10
87829.91
 20
240043.86
 10
90119.24
 20
240016.24
 10
92408.52
 20
239989.19
 10
94697.82
 20
239962.73
 10
96987.1
 20
239936.81
 10
99276.38000000001
 20
239911.48
 10
101565.64
 20
239886.71
 10
103854.92
 20
239862.5
 10
106144.16
 20
239838.87
 10
108433.41
 20
239815.8
 10
108405.83
 20
237042.27
 10
108378.26
 20
234268.73
 10
108350.72
 20
231495.2
 10
108323.18
 20
228721.7
 10
108295.65
 20
225948.2
 10
108268.15
 20
223174.7100000001
 10
108240.69
 20
220401.23
 10
108213.2
 20
217627.76
 10
108185.77
 20
214854.31
 10
108158.32
 20
212080.86
 10
105862.19
 20
212103.86
 10
103566.08
 20
212127.41
 10
101269.92
 20
212151.53
 10
98973.77999999999
 20
212176.2100000001
 10
96677.63
 20
212201.46
 10
94381.47
 20
212227.3
 10
92085.29
 20
212253.68
 10
89789.11
 20
212280.64
 10
87492.94
 20
212308.17
 10
85196.71999999999
 20
212336.27
 10
85231.02000000001
 20
215109.79
 10
85265.32000000001
 20
217883.33
 10
85299.65
 20
220656.88
 10
85334.02999999999
 20
223430.45
 10
85368.39999999999
 20
226204.03
 10
85402.81
 20
228977.61
 10
85437.22
 20
231751.21
 10
85471.66999999999
 20
234524.8
 10
85506.11999999999
 20
237298.43
  0
LWPOLYLINE
  5
4D
330
2
100
AcDbEntity
  8
G50
  6
Continuous
100
AcDbPolyline
 90
       40
 70
     1
 43
0.0
 10
85886.68
 20
267808.93
 10
88169.07
 20
267780.6500000001
 10
90451.42
 20
267752.93
 10
92733.79
 20
267725.81
 10
95016.18
 20
267699.25
 10
97298.53
 20
267673.2400000001
 10
99580.9
 20
267647.82
 10
101863.22
 20
267622.98
 10
104145.56
 20
267598.7000000001
 10
106427.89
 20
267575.0
 10
108710.24
 20
267551.84
 10
108682.47
 20
264778.2
 10
108654.74
 20
262004.55
 10
108627.0
 20
259230.9200000001
 10
108599.3
 20
256457.3
 10
108571.61
 20
253683.69
 10
108543.92
 20
250910.09
 10
108516.26
 20
248136.5
 10
108488.64
 20
245362.94
 10
108461.03
 20
242589.36
 10
108433.41
 20
239815.8
 10
106144.16
 20
239838.87
 10
103854.92
 20
239862.5
 10
101565.64
 20
239886.71
 10
99276.38000000001
 20
239911.48
 10
96987.1
 20
239936.81
 10
94697.82
 20
239962.73
 10
92408.52
 20
239989.19
 10
90119.24
 20
240016.24
 10
87829.91
 20
240043.86
 10
85540.61
 20
240072.05
 10
85575.1
 20
242845.7
 10
85609.66
 20
245619.35
 10
85644.17999999999
 20
248393.0
 10
85678.78
 20
251166.68
 10
85713.38
 20
253940.3500000001
 10
85747.97999999999
 20
256714.05
 10
85782.62
 20
259487.76
 10
85817.28999999999
 20
262261.47
 10
85851.96000000001
 20
265035.19
  0
LWPOLYLINE
  5
4E
330
2
100
AcDbEntity
  8
G50
  6
Continuous
100
AcDbPolyline
 90
       40
 70
     1
 43
0.0
 10
86234.88
 20
295546.9000000001
 10
88510.31
 20
295518.5300000001
 10
90785.75
 20
295490.73
 10
93061.15
 20
295463.51
 10
95336.54
 20
295436.86
 10
97611.94000000001
 20
295410.7800000001
 10
99887.30999999999
 20
295385.28
 10
102162.69
 20
295360.35
 10
104438.07
 20
295336.0
 10
106713.43
 20
295312.22
 10
108988.78
 20
295289.02
 10
108960.85
 20
292515.23
 10
108932.95
 20
289741.48
 10
108905.06
 20
286967.73
 10
108877.17
 20
284194.02
 10
108849.28
 20
281420.3
 10
108821.46
 20
278646.58
 10
108793.61
 20
275872.88
 10
108765.8
 20
273099.19
 10
108738.02
 20
270325.52
 10
108710.24
 20
267551.84
 10
106427.89
 20
267575.0
 10
104145.56
 20
267598.7000000001
 10
101863.22
 20
267622.98
 10
99580.9
 20
267647.82
 10
97298.53
 20
267673.2400000001
 10
95016.18
 20
267699.25
 10
92733.79
 20
267725.81
 10
90451.42
 20
267752.93
 10
88169.07
 20
267780.6500000001
 10
85886.68
 20
267808.93
 10
85921.38999999999
 20
270582.6700000001
 10
85956.14000000001
 20
273356.4200000001
 10
85990.92
 20
276130.21
 10
86025.67999999999
 20
278903.98
 10
86060.49999999999
 20
281677.78
 10
86095.36
 20
284451.58
 10
86130.19000000001
 20
287225.4
 10
86165.08000000001
 20
289999.21
 10
86199.98
 20
292773.0400000001
  0
LWPOLYLINE
  5
4F
330
2
100
AcDbEntity
  8
G50
  6
Continuous
100
AcDbPolyline
 90
       40
 70
     1
 43
0.0
 10
86585.30999999999
 20
323285.95
 10
88853.69999999999
 20
323257.49
 10
91122.11
 20
323229.62
 10
93390.50999999999
 20
323202.32
 10
95658.89
 20
323175.58
 10
97927.27000000001
 20
323149.43
 10
100195.66
 20
323123.85
 10
102464.01
 20
323098.85
 10
104732.39
 20
323074.4100000001
 10
107000.75
 20
323050.55
 10
109269.1
 20
323027.28
 10
109240.97
 20
320253.4100000001
 10
109212.89
 20
317479.5300000001
 10
109184.83
 20
314705.69
 10
109156.75
 20
311931.84
 10
109128.74
 20
309158.0
 10
109100.7
 20
306384.19
 10
109072.72
 20
303610.37
 10
109044.71
 20
300836.56
 10
109016.74
 20
298062.78
 10
108988.78
 20
295289.02
 10
106713.43
 20
295312.22
 10
104438.07
 20
295336.0
 10
102162.69
 20
295360.35
 10
99887.30999999999
 20
295385.28
 10
97611.94000000001
 20
295410.7800000001
 10
95336.54
 20
295436.86
 10
93061.15
 20
295463.51
 10
90785.75
 20
295490.73
 10
88510.31
 20
295518.5300000001
 10
86234.88
 20
295546.9000000001
 10
86269.85000000001
 20
298320.75
 10
86304.78999999999
 20
301094.62
 10
86339.80000000001
 20
303868.5
 10
86374.80999999999
 20
306642.39
 10
86409.82000000001
 20
309416.2800000001
 10
86444.86999999999
 20
312190.2
 10
86479.94999999999
 20
314964.12
 10
86515.07
 20
317738.06
 10
86550.16000000001
 20
320512.0
  0
LWPOLYLINE
  5
50
330
2
100
AcDbEntity
  8
G50
  6
Continuous
100
AcDbPolyline
 90
       40
 70
     1
 43
0.0
 10
15759.65
 20
185704.77
 10
18062.99
 20
185659.79
 10
20366.32
 20
185615.38
 10
22669.65
 20
185571.52
 10
24972.95
 20
185528.24
 10
27276.24
 20
185485.51
 10
29579.53
 20
185443.36
 10
31882.79
 20
185401.77
 10
34186.05
 20
185360.75
 10
36489.29
 20
185320.3
 10
38792.53
 20
185280.41
 10
38744.86
 20
182506.76
 10
38697.2
 20
179733.14
 10
38649.58000000001
 20
176959.5
 10
38602.0
 20
174185.89
 10
38554.45
 20
171412.29
 10
38506.92
 20
168638.69
 10
38459.43
 20
165865.11
 10
38411.97
 20
163091.53
 10
38364.53
 20
160317.98
 10
38317.12
 20
157544.42
 10
36007.09
 20
157584.17
 10
33697.05000000001
 20
157624.48
 10
31386.99
 20
157665.36
 10
29076.92
 20
157706.8
 10
26766.84
 20
157748.81
 10
24456.76
 20
157791.38
 10
22146.65
 20
157834.51
 10
19836.53
 20
157878.21
 10
17526.41
 20
157922.47
 10
15216.26
 20
157967.31
 10
15270.44
 20
160741.01
 10
15324.65
 20
163514.72
 10
15378.9
 20
166288.44
 10
15433.19
 20
169062.17
 10
15487.51
 20
171835.92
 10
15541.87
 20
174609.66
 10
15596.26
 20
177383.43
 10
15650.69
 20
180157.2
 10
15705.15
 20
182930.99
  0
LWPOLYLINE
  5
51
330
2
100
AcDbEntity
  8
G50
  6
Continuous
100
AcDbPolyline
 90
       39
 70
     1
 43
0.0
 10
40237.12999999999
 20
268494.57
 10
42519.7
 20
268454.86
 10
44802.24999999999
 20
268415.73
 10
47084.8
 20
268377.16
 10
49367.34999999999
 20
268339.1500000001
 10
51649.87
 20
268301.72
 10
53932.38
 20
268264.86
 10
56214.88
 20
268228.59
 10
58497.37
 20
268192.86
 10
60779.87
 20
268157.73
 10
63062.35
 20
268123.17
 10
63020.69
 20
265349.32
 10
62979.07
 20
262575.5100000001
 10
62937.48
 20
259801.68
 10
62895.91
 20
257027.89
 10
62854.37
 20
254254.09
 10
62812.86
 20
251480.3
 10
62771.35
 20
248706.53
 10
62729.87999999999
 20
245932.75
 10
62688.44
 20
243159.02
 10
62688.44
 20
240384.66
 10
60357.63
 20
240419.73
 10
58068.21
 20
240454.76
 10
55778.8
 20
240490.35
 10
53489.34999999999
 20
240526.52
 10
48910.45
 20
240600.55
 10
46620.99
 20
240638.44
 10
44331.51999999999
 20
240676.88
 10
42042.05
 20
240715.9
 10
39752.54
 20
240755.49
 10
39800.86
 20
243529.34
 10
39849.21
 20
246303.23
 10
39897.59
 20
249077.11
 10
39946.02
 20
251851.01
 10
39994.45
 20
254624.9
 10
40042.93
 20
257398.81
 10
40091.44
 20
260172.74
 10
40139.97
 20
262946.68
 10
40188.55
 20
265720.62
  0
LWPOLYLINE
  5
52
330
2
100
AcDbEntity
  8
G50
  6
Continuous
100
AcDbPolyline
 90
       40
 70
     1
 43
0.0
 10
39271.0
 20
213017.43
 10
41567.37999999999
 20
212977.98
 10
43863.76
 20
212939.08
 10
46160.11
 20
212900.77
 10
48456.46
 20
212863.02
 10
50752.8
 20
212825.84
 10
53049.12
 20
212789.22
 10
55345.44999999999
 20
212753.17
 10
57641.76
 20
212717.71
 10
59938.05
 20
212682.78
 10
62234.34
 20
212648.44
 10
62193.22
 20
209874.82
 10
62152.11
 20
207101.21
 10
62111.05
 20
204327.61
 10
62069.98999999999
 20
201554.01
 10
62028.97
 20
198780.43
 10
61987.99
 20
196006.87
 10
61947.02
 20
193233.29
 10
61906.08
 20
190459.75
 10
61865.16000000001
 20
187686.21
 10
61824.26999999999
 20
184912.68
 10
59521.13999999999
 20
184946.9
 10
57218.01
 20
184981.7
 10
54914.86
 20
185017.05
 10
52611.71
 20
185052.98
 10
50308.53
 20
185089.47
 10
48005.36
 20
185126.52
 10
45702.17
 20
185164.14
 10
43398.97
 20
185202.33
 10
41095.76
 20
185241.09
 10
38792.53
 20
185280.41
 10
38840.24
 20
188054.07
 10
38887.97
 20
190827.74
 10
38935.75
 20
193601.41
 10
38983.54
 20
196375.1
 10
39031.38
 20
199148.79
 10
39079.25
 20
201922.5
 10
39127.14
 20
204696.21
 10
39175.06
 20
207469.94
 10
39223.02
 20
210243.69
  0
LWPOLYLINE
  5
53
330
2
100
AcDbEntity
  8
G50
  6
Continuous
100
AcDbPolyline
 90
       40
 70
     1
 43
0.0
 10
39752.54
 20
240755.49
 10
42042.05
 20
240715.9
 10
44331.51999999999
 20
240676.88
 10
46620.99
 20
240638.44
 10
48910.45
 20
240600.55
 10
51199.91
 20
240563.25
 10
53489.34999999999
 20
240526.52
 10
55778.8
 20
240490.35
 10
58068.21
 20
240454.76
 10
60357.63
 20
240419.73
 10
62647.04
 20
240385.28
 10
62605.64
 20
237611.55
 10
62564.28
 20
234837.83
 10
62522.95
 20
232064.12
 10
62481.65
 20
229290.42
 10
62440.36
 20
226516.73
 10
62399.1
 20
223743.05
 10
62357.88
 20
220969.38
 10
62316.66999999999
 20
218195.73
 10
62275.48999999999
 20
215422.09
 10
62234.34
 20
212648.44
 10
59938.05
 20
212682.78
 10
57641.76
 20
212717.71
 10
55345.44999999999
 20
212753.17
 10
53049.12
 20
212789.22
 10
50752.8
 20
212825.84
 10
48456.46
 20
212863.02
 10
46160.11
 20
212900.77
 10
43863.76
 20
212939.08
 10
41567.37999999999
 20
212977.98
 10
39271.0
 20
213017.43
 10
39319.02
 20
215791.19
 10
39367.06
 20
218564.96
 10
39415.14
 20
221338.74
 10
39463.24
 20
224112.54
 10
39511.39
 20
226886.33
 10
39559.55
 20
229660.14
 10
39607.76
 20
232433.96
 10
39655.98
 20
235207.8
 10
39704.25
 20
237981.6400000001
  0
LWPOLYLINE
  5
54
330
2
100
AcDbEntity
  8
G50
  6
Continuous
100
AcDbPolyline
 90
       40
 70
     1
 43
0.0
 10
16856.97
 20
241182.72
 10
19146.58
 20
241137.42
 10
21436.18
 20
241092.71
 10
23725.76
 20
241048.56
 10
26015.34
 20
241004.99
 10
28304.9
 20
240961.98
 10
30594.45
 20
240919.54
 10
32883.99
 20
240877.6700000001
 10
35173.51000000001
 20
240836.37
 10
37463.03
 20
240795.65
 10
39752.54
 20
240755.49
 10
39704.25
 20
237981.6400000001
 10
39655.98
 20
235207.8
 10
39607.76
 20
232433.96
 10
39559.55
 20
229660.14
 10
39511.39
 20
226886.33
 10
39463.24
 20
224112.54
 10
39415.14
 20
221338.74
 10
39367.06
 20
218564.96
 10
39319.02
 20
215791.19
 10
39271.0
 20
213017.43
 10
36974.61
 20
213057.46
 10
34678.21
 20
213098.05
 10
32381.8
 20
213139.2100000001
 10
30085.36
 20
213180.94
 10
27788.93
 20
213223.23
 10
25492.48
 20
213266.1
 10
23196.02
 20
213309.53
 10
20899.54
 20
213353.53
 10
18603.06
 20
213398.1
 10
16306.56
 20
213443.25
 10
16361.44
 20
216217.15
 10
16416.36
 20
218991.06
 10
16471.31
 20
221764.98
 10
16526.3
 20
224538.92
 10
16581.33
 20
227312.86
 10
16636.38
 20
230086.8
 10
16691.48
 20
232860.76
 10
16746.61
 20
235634.74
 10
16801.77
 20
238408.73
  0
LWPOLYLINE
  5
55
330
2
100
AcDbEntity
  8
G50
  6
Continuous
100
AcDbPolyline
 90
       40
 70
     1
 43
0.0
 10
223028.34
 20
183922.86
 10
225331.18
 20
183928.7999999999
 10
227634.03
 20
183935.3
 10
229936.87
 20
183942.37
 10
232239.72
 20
183950.0
 10
234542.56
 20
183958.2
 10
236845.42
 20
183966.97
 10
239148.27
 20
183976.3
 10
241451.13
 20
183986.2
 10
243753.98
 20
183996.66
 10
246056.85
 20
184007.69
 10
246070.46
 20
181234.48
 10
246084.07
 20
178461.29
 10
246097.67
 20
175688.1
 10
246111.26
 20
172914.93
 10
246124.8400000001
 20
170141.77
 10
246138.41
 20
167368.62
 10
246151.98
 20
164595.48
 10
246165.53
 20
161822.35
 10
246179.08
 20
159049.24
 10
246192.61
 20
156276.13
 10
243882.96
 20
156265.14
 10
241573.32
 20
156254.72
 10
239263.67
 20
156244.85
 10
236954.03
 20
156235.56
 10
234644.39
 20
156226.82
 10
232334.75
 20
156218.65
 10
230025.12
 20
156211.04
 10
227715.48
 20
156204.0
 10
225405.85
 20
156197.52
 10
223096.22
 20
156191.6
 10
223089.46
 20
158964.68
 10
223082.68
 20
161737.76
 10
223075.91
 20
164510.86
 10
223069.12
 20
167283.97
 10
223062.34
 20
170057.09
 10
223055.55
 20
172830.22
 10
223048.75
 20
175603.36
 10
223041.95
 20
178376.52
 10
223035.15
 20
181149.68
  0
LWPOLYLINE
  5
56
330
2
100
AcDbEntity
  8
G50
  6
Continuous
100
AcDbPolyline
 90
       40
 70
     1
 43
0.0
 10
200000.0
 20
183894.58
 10
202302.83
 20
183894.87
 10
204605.66
 20
183895.72
 10
206908.5
 20
183897.13
 10
209211.33
 20
183899.11
 10
211514.16
 20
183901.65
 10
213817.0
 20
183904.76
 10
216119.83
 20
183908.44
 10
218422.67
 20
183912.68
 10
220725.5
 20
183917.49
 10
223028.34
 20
183922.86
 10
223035.15
 20
181149.68
 10
223041.95
 20
178376.52
 10
223048.75
 20
175603.36
 10
223055.55
 20
172830.22
 10
223062.34
 20
170057.09
 10
223069.12
 20
167283.97
 10
223075.91
 20
164510.86
 10
223082.68
 20
161737.76
 10
223089.46
 20
158964.68
 10
223096.22
 20
156191.6
 10
220786.6
 20
156186.25
 10
218476.97
 20
156181.46
 10
216167.35
 20
156177.23
 10
213857.72
 20
156173.57
 10
211548.1
 20
156170.47
 10
209238.48
 20
156167.93
 10
206928.86
 20
156165.96
 10
204619.24
 20
156164.55
 10
202309.62
 20
156163.7
 10
200000.0
 20
156163.42
 10
200000.0
 20
158936.49
 10
200000.0
 20
161709.56
 10
200000.0
 20
164482.65
 10
200000.0
 20
167255.75
 10
200000.0
 20
170028.86
 10
200000.0
 20
172801.98
 10
200000.0
 20
175575.12
 10
200000.0
 20
178348.26
 10
200000.0
 20
181121.42
  0
LWPOLYLINE
  5
57
330
2
100
AcDbEntity
  8
G50
  6
Continuous
100
AcDbPolyline
 90
       40
 70
     1
 43
0.0
 10
176971.66
 20
183922.86
 10
179274.5
 20
183917.49
 10
181577.33
 20
183912.68
 10
183880.17
 20
183908.44
 10
186183.0
 20
183904.76
 10
188485.84
 20
183901.65
 10
190788.67
 20
183899.11
 10
193091.5
 20
183897.13
 10
195394.34
 20
183895.72
 10
197697.17
 20
183894.87
 10
200000.0
 20
183894.58
 10
200000.0
 20
181121.42
 10
200000.0
 20
178348.26
 10
200000.0
 20
175575.12
 10
200000.0
 20
172801.98
 10
200000.0
 20
170028.86
 10
200000.0
 20
167255.75
 10
200000.0
 20
164482.65
 10
200000.0
 20
161709.56
 10
200000.0
 20
158936.49
 10
200000.0
 20
156163.42
 10
197690.38
 20
156163.7
 10
195380.76
 20
156164.55
 10
193071.14
 20
156165.96
 10
190761.52
 20
156167.93
 10
188451.9
 20
156170.47
 10
186142.28
 20
156173.57
 10
183832.65
 20
156177.23
 10
181523.03
 20
156181.46
 10
179213.4
 20
156186.25
 10
176903.78
 20
156191.6
 10
176910.54
 20
158964.68
 10
176917.32
 20
161737.76
 10
176924.09
 20
164510.86
 10
176930.88
 20
167283.97
 10
176937.66
 20
170057.09
 10
176944.45
 20
172830.22
 10
176951.25
 20
175603.36
 10
176958.05
 20
178376.52
 10
176964.85
 20
181149.68
  0
LWPOLYLINE
  5
58
330
2
100
AcDbEntity
  8
G50
  6
Continuous
100
AcDbPolyline
 90
       40
 70
     1
 43
0.0
 10
153943.15
 20
184007.69
 10
156246.02
 20
183996.66
 10
158548.87
 20
183986.2
 10
160851.73
 20
183976.3
 10
163154.58
 20
183966.97
 10
165457.44
 20
183958.2
 10
167760.28
 20
183950.0
 10
170063.13
 20
183942.37
 10
172365.97
 20
183935.3
 10
174668.82
 20
183928.7999999999
 10
176971.66
 20
183922.86
 10
176964.85
 20
181149.68
 10
176958.05
 20
178376.52
 10
176951.25
 20
175603.36
 10
176944.45
 20
172830.22
 10
176937.66
 20
170057.09
 10
176930.88
 20
167283.97
 10
176924.09
 20
164510.86
 10
176917.32
 20
161737.76
 10
176910.54
 20
158964.68
 10
176903.78
 20
156191.6
 10
174594.15
 20
156197.52
 10
172284.52
 20
156204.0
 10
169974.88
 20
156211.04
 10
167665.25
 20
156218.65
 10
165355.61
 20
156226.82
 10
163045.97
 20
156235.56
 10
160736.33
 20
156244.85
 10
158426.68
 20
156254.72
 10
156117.04
 20
156265.14
 10
153807.39
 20
156276.13
 10
153820.92
 20
159049.24
 10
153834.47
 20
161822.35
 10
153848.02
 20
164595.48
 10
153861.59
 20
167368.62
 10
153875.16
 20
170141.77
 10
153888.74
 20
172914.93
 10
153902.33
 20
175688.1
 10
153915.93
 20
178461.29
 10
153929.54
 20
181234.48
  0
LWPOLYLINE
  5
59
330
2
100
AcDbEntity
  8
G50
  6
Continuous
100
AcDbPolyline
 90
       40
 70
     1
 43
0.0
 10
130914.32
 20
184149.07
 10
133217.23
 20
184132.39
 10
135520.12
 20
184116.27
 10
137823.02
 20
184100.72
 10
140125.9
 20
184085.73
 10
142428.79
 20
184071.31
 10
144731.67
 20
184057.46
 10
147034.55
 20
184044.16
 10
149337.42
 20
184031.44
 10
151640.29
 20
184019.28
 10
153943.15
 20
184007.69
 10
153929.54
 20
181234.48
 10
153915.93
 20
178461.29
 10
153902.33
 20
175688.1
 10
153888.74
 20
172914.93
 10
153875.16
 20
170141.77
 10
153861.59
 20
167368.62
 10
153848.02
 20
164595.48
 10
153834.47
 20
161822.35
 10
153820.92
 20
159049.24
 10
153807.39
 20
156276.13
 10
151497.73
 20
156287.68
 10
149188.07
 20
156299.8
 10
146878.41
 20
156312.48
 10
144568.75
 20
156325.73
 10
142259.08
 20
156339.53
 10
139949.4
 20
156353.9
 10
137639.72
 20
156368.84
 10
135330.04
 20
156384.34
 10
133020.35
 20
156400.4
 10
130710.66
 20
156417.02
 10
130730.97
 20
159190.18
 10
130751.29
 20
161963.35
 10
130771.62
 20
164736.52
 10
130791.97
 20
167509.71
 10
130812.33
 20
170282.91
 10
130832.7
 20
173056.12
 10
130853.09
 20
175829.34
 10
130873.49
 20
178602.57
 10
130893.9
 20
181375.82
  0
LWPOLYLINE
  5
5A
330
2
100
AcDbEntity
  8
G50
  6
Continuous
100
AcDbPolyline
 90
       40
 70
     1
 43
0.0
 10
107885.01
 20
184347.03
 10
110187.97
 20
184324.68
 10
112490.92
 20
184302.91
 10
114793.86
 20
184281.7
 10
117096.8
 20
184261.06
 10
119399.74
 20
184240.98
 10
121702.67
 20
184221.47
 10
124005.59
 20
184202.52
 10
126308.51
 20
184184.14
 10
128611.42
 20
184166.32
 10
130914.32
 20
184149.07
 10
130893.9
 20
181375.82
 10
130873.49
 20
178602.57
 10
130853.09
 20
175829.34
 10
130832.7
 20
173056.12
 10
130812.33
 20
170282.91
 10
130791.97
 20
167509.71
 10
130771.62
 20
164736.52
 10
130751.29
 20
161963.35
 10
130730.97
 20
159190.18
 10
130710.66
 20
156417.02
 10
128400.97
 20
156434.21
 10
126091.26
 20
156451.97
 10
123781.56
 20
156470.28
 10
121471.84
 20
156489.16
 10
119162.13
 20
156508.61
 10
116852.4
 20
156528.62
 10
114542.67
 20
156549.19
 10
112232.93
 20
156570.32
 10
109923.19
 20
156592.02
 10
107613.44
 20
156614.29
 10
107640.52
 20
159387.51
 10
107667.61
 20
162160.75
 10
107694.73
 20
164933.99
 10
107721.86
 20
167707.25
 10
107749.01
 20
170480.52
 10
107776.17
 20
173253.8
 10
107803.35
 20
176027.09
 10
107830.56
 20
178800.39
 10
107857.77
 20
181573.7
  0
LWPOLYLINE
  5
5B
330
2
100
AcDbEntity
  8
G50
  6
Continuous
100
AcDbPolyline
 90
       40
 70
     1
 43
0.0
 10
130710.66
 20
156417.02
 10
133020.35
 20
156400.4
 10
135330.04
 20
156384.34
 10
137639.72
 20
156368.84
 10
139949.4
 20
156353.9
 10
142259.08
 20
156339.53
 10
144568.75
 20
156325.73
 10
146878.41
 20
156312.48
 10
149188.07
 20
156299.8
 10
151497.73
 20
156287.68
 10
153807.39
 20
156276.13
 10
153793.86
 20
153503.04
 10
153780.34
 20
150729.96
 10
153766.83
 20
147956.88
 10
153753.33
 20
145183.82
 10
153739.83
 20
142410.77
 10
153726.35
 20
139637.74
 10
153712.87
 20
136864.71
 10
153699.41
 20
134091.69
 10
153685.95
 20
131318.69
 10
153672.5
 20
128545.7
 10
151356.1
 20
128557.21
 10
149039.7
 20
128569.28
 10
146723.29
 20
128581.92
 10
144406.88
 20
128595.11
 10
142090.46
 20
128608.87
 10
139774.05
 20
128623.19
 10
137457.62
 20
128638.07
 10
135141.19
 20
128653.51
 10
132824.76
 20
128669.52
 10
130508.32
 20
128686.08
 10
130528.5
 20
131459.13
 10
130548.69
 20
134232.18
 10
130568.89
 20
137005.25
 10
130589.1
 20
139778.33
 10
130609.33
 20
142551.42
 10
130629.57
 20
145324.52
 10
130649.82
 20
148097.63
 10
130670.09
 20
150870.75
 10
130690.37
 20
153643.88
  0
LWPOLYLINE
  5
5C
330
2
100
AcDbEntity
  8
G50
  6
Continuous
100
AcDbPolyline
 90
       40
 70
     1
 43
0.0
 10
145732.57
 20
89765.30999999999
 10
148058.34
 20
89752.55
 10
150384.12
 20
89740.35
 10
152709.89
 20
89728.72
 10
155035.65
 20
89717.64
 10
157361.41
 20
89707.10999999999
 10
159687.17
 20
89697.14999999998
 10
162012.93
 20
89687.75
 10
164338.68
 20
89678.9
 10
166664.43
 20
89670.62
 10
168990.18
 20
89662.88999999999
 10
168981.3
 20
86890.09
 10
168972.43
 20
84117.29000000001
 10
168963.57
 20
81344.51
 10
168954.71
 20
78571.74
 10
168945.85
 20
75798.99000000001
 10
168937.01
 20
73026.24
 10
168928.17
 20
70253.5
 10
168919.33
 20
67480.78
 10
168910.5
 20
64708.06
 10
168901.68
 20
61935.35999999999
 10
166569.29
 20
61943.06
 10
164236.9
 20
61951.30999999999
 10
161904.51
 20
61960.12999999999
 10
159572.11
 20
61969.49
 10
157239.72
 20
61979.42
 10
154907.32
 20
61989.9
 10
152574.91
 20
62000.94
 10
150242.5
 20
62012.53
 10
147910.09
 20
62024.68
 10
145577.68
 20
62037.39
 10
145593.12
 20
64810.12999999999
 10
145608.57
 20
67582.89
 10
145624.03
 20
70355.65
 10
145639.51
 20
73128.41999999999
 10
145654.99
 20
75901.20999999999
 10
145670.49
 20
78674.01
 10
145685.99
 20
81446.82000000001
 10
145701.51
 20
84219.64
 10
145717.03
 20
86992.46999999999
  0
LWPOLYLINE
  5
5D
330
2
100
AcDbEntity
  8
G50
100
AcDbPolyline
 90
       40
 70
     1
 43
0.0
 10
130427.76
 20
117594.02
 10
132746.88
 20
117577.48
 10
135066.0
 20
117561.5
 10
137385.11
 20
117546.07
 10
139704.22
 20
117531.22
 10
142023.33
 20
117516.92
 10
144342.43
 20
117503.18
 10
146661.53
 20
117490.0
 10
148980.62
 20
117477.38
 10
151299.71
 20
117465.33
 10
153618.79
 20
117453.83
 10
153605.39
 20
114680.9
 10
153591.99
 20
111907.97
 10
153578.6
 20
109135.06
 10
153565.23
 20
106362.15
 10
153551.86
 20
103589.26
 10
153538.5
 20
100816.38
 10
153525.14
 20
98043.51
 10
153511.8
 20
95270.65
 10
153498.47
 20
92497.80000000001
 10
153485.14
 20
89724.95999999999
 10
151159.37
 20
89736.41
 10
148833.6
 20
89748.42
 10
146507.83
 20
89760.99000000001
 10
144182.05
 20
89774.11999999999
 10
141856.26
 20
89787.80999999999
 10
139530.47
 20
89802.05000000001
 10
137204.68
 20
89816.85999999999
 10
134878.88
 20
89832.22000000001
 10
132553.08
 20
89848.14
 10
130227.27
 20
89864.63
 10
130247.26
 20
92637.50999999999
 10
130267.26
 20
95410.42
 10
130287.28
 20
98183.33
 10
130307.31
 20
100956.25
 10
130327.35
 20
103729.18
 10
130347.4
 20
106502.13
 10
130367.47
 20
109275.08
 10
130387.55
 20
112048.05
 10
130407.65
 20
114821.03
  0
LWPOLYLINE
  5
5E
330
2
100
AcDbEntity
  8
G50
  6
Continuous
100
AcDbPolyline
 90
       39
 70
     1
 43
0.0
 10
107236.21
 20
117790.29
 10
109555.39
 20
117768.14
 10
111874.57
 20
117746.55
 10
114193.74
 20
117725.52
 10
116512.9
 20
117705.05
 10
118832.06
 20
117685.14
 10
121151.21
 20
117665.8
 10
123470.36
 20
117647.01
 10
125789.5
 20
117628.79
 10
128108.63
 20
117611.12
 10
130427.76
 20
117594.02
 10
130407.65
 20
114821.03
 10
130387.55
 20
112048.05
 10
130367.47
 20
109275.08
 10
130347.4
 20
106502.13
 10
130327.35
 20
103729.18
 10
130307.31
 20
100956.25
 10
130287.28
 20
98183.33
 10
130267.26
 20
95410.42
 10
130247.26
 20
92637.50999999999
 10
130227.27
 20
89864.63
 10
127901.46
 20
89881.66000000001
 10
125575.64
 20
89899.26
 10
123249.84
 20
89919.48
 10
120923.99
 20
89936.14
 10
118598.15
 20
89955.41000000001
 10
116272.31
 20
89975.24
 10
113946.46
 20
89995.64000000001
 10
111620.61
 20
90016.59
 10
109294.75
 20
90038.10000000001
 10
106968.88
 20
90060.16999999999
 10
106995.53
 20
92833.13000000001
 10
107022.2
 20
95606.1
 10
107048.89
 20
98379.08999999999
 10
107075.6
 20
101152.09
 10
107102.32
 20
103925.09
 10
107155.82
 20
109471.14
 10
107182.6
 20
112244.18
 10
107209.4
 20
115017.23
  0
LWPOLYLINE
  5
5F
330
2
100
AcDbEntity
  8
G50
  6
Continuous
100
AcDbPolyline
 90
       40
 70
     1
 43
0.0
 10
122474.54
 20
89926.6
 10
124800.37
 20
89905.24999999999
 10
127126.19
 20
89887.47
 10
129452.0
 20
89870.24000000001
 10
131777.81
 20
89853.57999999999
 10
134103.62
 20
89837.47000000001
 10
136429.42
 20
89821.91999999999
 10
138755.21
 20
89806.93
 10
141081.0
 20
89792.49000000001
 10
143406.79
 20
89778.62
 10
145732.57
 20
89765.30999999999
 10
145717.03
 20
86992.46999999999
 10
145701.51
 20
84219.64
 10
145685.99
 20
81446.82000000001
 10
145670.49
 20
78674.01
 10
145654.99
 20
75901.20999999999
 10
145639.51
 20
73128.41999999999
 10
145624.03
 20
70355.65
 10
145608.57
 20
67582.89
 10
145593.12
 20
64810.12999999999
 10
145577.68
 20
62037.39
 10
143245.26
 20
62050.65
 10
140912.83
 20
62064.48
 10
138580.4
 20
62078.85
 10
136247.97
 20
62093.79
 10
133915.53
 20
62109.28
 10
131583.09
 20
62125.32
 10
129250.64
 20
62141.93
 10
126918.18
 20
62159.08999999999
 10
124585.72
 20
62176.80999999999
 10
122253.26
 20
62195.08
 10
122275.32
 20
64967.88
 10
122297.39
 20
67740.7
 10
122319.49
 20
70513.52
 10
122341.59
 20
73286.36
 10
122363.71
 20
76059.2
 10
122385.85
 20
78832.06
 10
122408.0
 20
81604.92999999998
 10
122430.17
 20
84377.80999999999
 10
122452.35
 20
87150.7
  0
LWPOLYLINE
  5
60
330
2
100
AcDbEntity
  8
G50
  6
Continuous
100
AcDbPolyline
 90
       40
 70
     1
 43
0.0
 10
99215.92999999999
 20
90137.77000000001
 10
101541.82
 20
90113.83999999999
 10
103867.71
 20
90090.45999999999
 10
106193.59
 20
90067.64999999999
 10
108519.46
 20
90045.39000000001
 10
110845.32
 20
90023.7
 10
113171.18
 20
90002.56
 10
115497.03
 20
89981.98
 10
117822.87
 20
89961.95999999999
 10
120148.71
 20
89942.5
 10
122474.54
 20
89926.6
 10
122452.35
 20
87150.7
 10
122430.17
 20
84377.80999999999
 10
122408.0
 20
81604.92999999998
 10
122385.85
 20
78832.06
 10
122363.71
 20
76059.2
 10
122341.59
 20
73286.36
 10
122319.49
 20
70513.52
 10
122297.39
 20
67740.7
 10
122275.32
 20
64967.88
 10
122253.26
 20
62195.08
 10
119920.78
 20
62213.91
 10
117588.31
 20
62233.3
 10
115255.82
 20
62253.24
 10
112923.33
 20
62273.74
 10
110590.83
 20
62294.8
 10
108258.33
 20
62316.41
 10
105925.82
 20
62338.58999999999
 10
103593.3
 20
62361.31
 10
101260.77
 20
62384.59999999999
 10
98928.24
 20
62408.44
 10
98956.92
 20
65181.32
 10
98985.62
 20
67954.22
 10
99014.34
 20
70727.13000000001
 10
99043.08
 20
73500.04000000001
 10
99071.84
 20
76272.97
 10
99100.61999999999
 20
79045.91
 10
99129.42000000001
 20
81818.86
 10
99158.24
 20
84591.82000000001
 10
99187.08
 20
87364.79
  0
LWPOLYLINE
  5
61
330
2
100
AcDbEntity
  8
G50
  6
Continuous
100
AcDbPolyline
 90
       40
 70
     1
 43
0.0
 10
107613.44
 20
156614.29
 10
109923.19
 20
156592.02
 10
112232.93
 20
156570.32
 10
114542.67
 20
156549.19
 10
116852.4
 20
156528.62
 10
119162.13
 20
156508.61
 10
121471.84
 20
156489.16
 10
123781.56
 20
156470.28
 10
126091.26
 20
156451.97
 10
128400.97
 20
156434.21
 10
130710.66
 20
156417.02
 10
130690.37
 20
153643.88
 10
130670.09
 20
150870.75
 10
130649.82
 20
148097.63
 10
130629.57
 20
145324.52
 10
130609.33
 20
142551.42
 10
130589.1
 20
139778.33
 10
130568.89
 20
137005.25
 10
130548.69
 20
134232.18
 10
130528.5
 20
131459.13
 10
130508.32
 20
128686.08
 10
128191.88
 20
128703.21
 10
125875.43
 20
128720.9
 10
123558.98
 20
128739.15
 10
121242.52
 20
128757.97
 10
118926.05
 20
128777.34
 10
116609.58
 20
128797.28
 10
114293.11
 20
128817.78
 10
111976.62
 20
128838.84
 10
109660.13
 20
128860.46
 10
107343.64
 20
128882.64
 10
107370.54
 20
131655.76
 10
107397.46
 20
134428.88
 10
107424.39
 20
137202.02
 10
107451.35
 20
139975.17
 10
107478.32
 20
142748.33
 10
107505.31
 20
145521.5
 10
107532.32
 20
148294.68
 10
107559.34
 20
151067.87
 10
107586.38
 20
153841.07
  0
LWPOLYLINE
  5
62
330
2
100
AcDbEntity
  8
G50
100
AcDbPolyline
 90
       40
 70
     1
 43
0.0
 10
176809.48
 20
117369.73
 10
179128.54
 20
117364.4
 10
181447.59
 20
117359.63
 10
183766.65
 20
117355.43
 10
186085.7
 20
117351.79
 10
188404.75
 20
117348.7
 10
190723.8
 20
117346.18
 10
193042.85
 20
117344.22
 10
195361.9
 20
117342.81
 10
197680.95
 20
117341.97
 10
200000.0
 20
117341.69
 10
200000.0
 20
114568.8
 10
200000.0
 20
111795.91
 10
200000.0
 20
109023.04
 10
200000.0
 20
106250.17
 10
200000.0
 20
103477.32
 10
200000.0
 20
100704.48
 10
200000.0
 20
97931.65
 10
200000.0
 20
95158.83999999999
 10
200000.0
 20
92386.02999999999
 10
200000.0
 20
89613.23
 10
197674.27
 20
89613.51
 10
195348.54
 20
89614.35000000001
 10
193022.81
 20
89615.74999999999
 10
190697.07
 20
89617.69999999999
 10
188371.34
 20
89620.22000000001
 10
186045.61
 20
89623.29
 10
183719.87
 20
89626.92
 10
181394.14
 20
89631.10999999999
 10
179068.4
 20
89635.86000000001
 10
176742.66
 20
89641.16
 10
176749.32
 20
92413.97
 10
176755.99
 20
95186.79
 10
176762.66
 20
97959.61999999999
 10
176769.34
 20
100732.46
 10
176776.02
 20
103505.31
 10
176782.7
 20
106278.17
 10
176789.39
 20
109051.04
 10
176796.08
 20
111823.93
 10
176802.78
 20
114596.82
  0
LWPOLYLINE
  5
63
330
2
100
AcDbEntity
  8
G50
100
AcDbPolyline
 90
       40
 70
     1
 43
0.0
 10
153618.79
 20
117453.83
 10
155937.87
 20
117442.9
 10
158256.95
 20
117432.53
 10
160576.03
 20
117422.71
 10
162895.1
 20
117413.46
 10
165214.17
 20
117404.77
 10
167533.24
 20
117396.64
 10
169852.3
 20
117389.07
 10
172171.36
 20
117382.06
 10
174490.42
 20
117375.61
 10
176809.48
 20
117369.73
 10
176802.78
 20
114596.82
 10
176796.08
 20
111823.93
 10
176789.39
 20
109051.04
 10
176782.7
 20
106278.17
 10
176776.02
 20
103505.31
 10
176769.34
 20
100732.46
 10
176762.66
 20
97959.61999999999
 10
176755.99
 20
95186.79
 10
176749.32
 20
92413.97
 10
176742.66
 20
89641.16
 10
174416.92
 20
89647.03
 10
172091.18
 20
89653.45000000001
 10
169765.43
 20
89660.44
 10
167439.68
 20
89667.98
 10
165113.93
 20
89676.08
 10
162788.18
 20
89684.74
 10
160462.43
 20
89693.95999999999
 10
158136.67
 20
89703.73
 10
155810.91
 20
89714.07000000001
 10
153485.14
 20
89724.95999999999
 10
153498.47
 20
92497.80000000001
 10
153511.8
 20
95270.65
 10
153525.14
 20
98043.51
 10
153538.5
 20
100816.38
 10
153551.86
 20
103589.26
 10
153565.23
 20
106362.15
 10
153578.6
 20
109135.06
 10
153591.99
 20
111907.97
 10
153605.39
 20
114680.9
  0
LWPOLYLINE
  5
64
330
2
100
AcDbEntity
  8
G50
  6
Continuous
100
AcDbPolyline
 90
       40
 70
     1
 43
0.0
 10
168990.18
 20
89662.88999999999
 10
171315.93
 20
89655.71999999999
 10
173641.67
 20
89649.11
 10
175967.41
 20
89643.06
 10
178293.15
 20
89637.56
 10
180618.89
 20
89632.63000000001
 10
182944.63
 20
89628.25
 10
185270.36
 20
89624.44000000001
 10
187596.1
 20
89621.18
 10
189921.83
 20
89618.47999999999
 10
192247.56
 20
89616.34
 10
192245.34
 20
86843.55
 10
192243.12
 20
84070.78
 10
192240.91
 20
81298.01
 10
192238.69
 20
78525.26
 10
192236.48
 20
75752.52
 10
192234.27
 20
72979.79000000001
 10
192232.06
 20
70207.07
 10
192229.85
 20
67434.37
 10
192227.64
 20
64661.67
 10
192225.44
 20
61888.98
 10
189893.07
 20
61891.12
 10
187560.69
 20
61893.81
 10
185228.32
 20
61897.05
 10
182895.95
 20
61900.85999999999
 10
180563.57
 20
61905.22
 10
178231.2
 20
61910.12999999999
 10
175898.82
 20
61915.59999999999
 10
173566.44
 20
61921.62999999999
 10
171234.06
 20
61928.22
 10
168901.68
 20
61935.35999999999
 10
168910.5
 20
64708.06
 10
168919.33
 20
67480.78
 10
168928.17
 20
70253.5
 10
168937.01
 20
73026.24
 10
168945.85
 20
75798.99000000001
 10
168954.71
 20
78571.74
 10
168963.57
 20
81344.51
 10
168972.43
 20
84117.29000000001
 10
168981.3
 20
86890.09
  0
LWPOLYLINE
  5
65
330
2
100
AcDbEntity
  8
G50
  6
Continuous
100
AcDbPolyline
 90
       40
 70
     1
 43
0.0
 10
200000.0
 20
350305.4800000001
 10
202261.19
 20
350305.77
 10
204522.37
 20
350306.63
 10
206783.56
 20
350308.07
 10
209044.74
 20
350310.09
 10
211305.93
 20
350312.69
 10
213567.12
 20
350315.86
 10
215828.3
 20
350319.6
 10
218089.49
 20
350323.93
 10
220350.68
 20
350328.83
 10
222611.87
 20
350334.3
 10
222618.94
 20
347560.44
 10
222626.0100000001
 20
344786.59
 10
222633.07
 20
342012.75
 10
222640.12
 20
339238.9200000001
 10
222647.18
 20
336465.11
 10
222654.22
 20
333691.3
 10
222661.27
 20
330917.51
 10
222668.31
 20
328143.73
 10
222675.34
 20
325369.96
 10
222682.37
 20
322596.2000000001
 10
220414.13
 20
322590.74
 10
218145.89
 20
322585.85
 10
215877.65
 20
322581.54
 10
213609.41
 20
322577.81
 10
211341.18
 20
322574.65
 10
209072.94
 20
322572.0600000001
 10
206804.7
 20
322570.05
 10
204536.47
 20
322568.61
 10
202268.23
 20
322567.7500000001
 10
200000.0
 20
322567.46
 10
200000.0
 20
325341.21
 10
200000.0
 20
328114.97
 10
200000.0
 20
330888.75
 10
200000.0
 20
333662.5300000001
 10
200000.0
 20
336436.3299999999
 10
200000.0
 20
339210.13
 10
200000.0
 20
341983.9500000001
 10
200000.0
 20
344757.7800000001
 10
200000.0
 20
347531.63
  0
LWPOLYLINE
  5
66
330
2
100
AcDbEntity
  8
G50
  6
Continuous
100
AcDbPolyline
 90
       40
 70
     1
 43
0.0
 10
200000.0
 20
378044.6500000001
 10
202254.09
 20
378044.9400000001
 10
204508.18
 20
378045.81
 10
206762.28
 20
378047.2500000001
 10
209016.37
 20
378049.2800000001
 10
211270.46
 20
378051.88
 10
213524.56
 20
378055.06
 10
215778.65
 20
378058.81
 10
218032.75
 20
378063.1500000001
 10
220286.8500000001
 20
378068.06
 10
222540.94
 20
378073.56
 10
222548.06
 20
375299.58
 10
222555.16
 20
372525.61
 10
222562.27
 20
369751.66
 10
222569.37
 20
366977.72
 10
222576.46
 20
364203.7800000001
 10
222583.55
 20
361429.87
 10
222590.64
 20
358655.96
 10
222597.72
 20
355882.06
 10
222604.8
 20
353108.18
 10
222611.87
 20
350334.3
 10
220350.68
 20
350328.83
 10
218089.49
 20
350323.93
 10
215828.3
 20
350319.6
 10
213567.12
 20
350315.86
 10
211305.93
 20
350312.69
 10
209044.74
 20
350310.09
 10
206783.56
 20
350308.07
 10
204522.37
 20
350306.63
 10
202261.19
 20
350305.77
 10
200000.0
 20
350305.4800000001
 10
200000.0
 20
353079.34
 10
200000.0
 20
355853.22
 10
200000.0
 20
358627.11
 10
200000.0
 20
361401.01
 10
200000.0
 20
364174.92
 10
200000.0
 20
366948.84
 10
200000.0
 20
369722.78
 10
200000.0
 20
372496.72
 10
200000.0
 20
375270.68
  0
LWPOLYLINE
  5
67
330
2
100
AcDbEntity
  8
G50
  6
Continuous
100
AcDbPolyline
 90
       40
 70
     1
 43
0.0
 10
200000.0
 20
322567.46
 10
202268.23
 20
322567.7500000001
 10
204536.47
 20
322568.61
 10
206804.7
 20
322570.05
 10
209072.94
 20
322572.0600000001
 10
211341.18
 20
322574.65
 10
213609.41
 20
322577.81
 10
215877.65
 20
322581.54
 10
218145.89
 20
322585.85
 10
220414.13
 20
322590.74
 10
222682.37
 20
322596.2000000001
 10
222689.4
 20
319822.45
 10
222696.42
 20
317048.72
 10
222703.44
 20
314274.99
 10
222710.45
 20
311501.2800000001
 10
222717.46
 20
308727.58
 10
222724.46
 20
305953.8900000001
 10
222731.46
 20
303180.21
 10
222738.46
 20
300406.55
 10
222745.45
 20
297632.89
 10
222752.44
 20
294859.25
 10
220477.19
 20
294853.8
 10
218201.94
 20
294848.93
 10
215926.7
 20
294844.64
 10
213651.45
 20
294840.9100000001
 10
211376.21
 20
294837.76
 10
209100.97
 20
294835.18
 10
206825.72
 20
294833.18
 10
204550.48
 20
294831.74
 10
202275.24
 20
294830.8900000001
 10
200000.0
 20
294830.6
 10
200000.0
 20
297604.23
 10
200000.0
 20
300377.88
 10
200000.0
 20
303151.5400000001
 10
200000.0
 20
305925.21
 10
200000.0
 20
308698.8900000001
 10
200000.0
 20
311472.58
 10
200000.0
 20
314246.28
 10
200000.0
 20
317020.0
 10
200000.0
 20
319793.73
  0
LWPOLYLINE
  5
68
330
2
100
AcDbEntity
  8
G50
  6
Continuous
100
AcDbPolyline
 90
       40
 70
     1
 43
0.0
 10
200000.0
 20
294830.6
 10
202275.24
 20
294830.8900000001
 10
204550.48
 20
294831.74
 10
206825.72
 20
294833.18
 10
209100.97
 20
294835.18
 10
211376.21
 20
294837.76
 10
213651.45
 20
294840.9100000001
 10
215926.7
 20
294844.64
 10
218201.94
 20
294848.93
 10
220477.19
 20
294853.8
 10
222752.44
 20
294859.25
 10
222759.42
 20
292085.62
 10
222766.4
 20
289311.99
 10
222773.37
 20
286538.39
 10
222780.34
 20
283764.79
 10
222787.31
 20
280991.2
 10
222794.27
 20
278217.63
 10
222801.22
 20
275444.0600000001
 10
222808.18
 20
272670.51
 10
222815.12
 20
269896.97
 10
222822.07
 20
267123.44
 10
220539.86
 20
267118.01
 10
218257.65
 20
267113.1600000001
 10
215975.44
 20
267108.88
 10
213693.23
 20
267105.1600000001
 10
211411.02
 20
267102.02
 10
209128.8200000001
 20
267099.45
 10
206846.61
 20
267097.45
 10
204564.41
 20
267096.0200000001
 10
202282.2000000001
 20
267095.1700000001
 10
200000.0
 20
267094.88
 10
200000.0
 20
269868.4
 10
200000.0
 20
272641.93
 10
200000.0
 20
275415.48
 10
200000.0
 20
278189.0300000001
 10
200000.0
 20
280962.6
 10
200000.0
 20
283736.1700000001
 10
200000.0
 20
286509.76
 10
200000.0
 20
289283.36
 10
200000.0
 20
292056.98
  0
LWPOLYLINE
  5
69
330
2
100
AcDbEntity
  8
G50
  6
Continuous
100
AcDbPolyline
 90
       40
 70
     1
 43
0.0
 10
200000.0
 20
267094.88
 10
202282.2000000001
 20
267095.1700000001
 10
204564.41
 20
267096.0200000001
 10
206846.61
 20
267097.45
 10
209128.8200000001
 20
267099.45
 10
211411.02
 20
267102.02
 10
213693.23
 20
267105.1600000001
 10
215975.44
 20
267108.88
 10
218257.65
 20
267113.1600000001
 10
220539.86
 20
267118.01
 10
222822.07
 20
267123.44
 10
222829.01
 20
264349.9200000001
 10
222835.94
 20
261576.42
 10
222842.87
 20
258802.9200000001
 10
222849.8
 20
256029.44
 10
222856.72
 20
253255.97
 10
222863.64
 20
250482.51
 10
222870.55
 20
247709.06
 10
222877.46
 20
244935.62
 10
222884.36
 20
242162.19
 10
222891.2600000001
 20
239388.78
 10
220602.13
 20
239383.37
 10
218313.0
 20
239378.53
 10
216023.87
 20
239374.26
 10
213734.75
 20
239370.56
 10
211445.62
 20
239367.43
 10
209156.5
 20
239364.87
 10
206867.37
 20
239362.87
 10
204578.25
 20
239361.45
 10
202289.12
 20
239360.6
 10
200000.0
 20
239360.31
 10
200000.0
 20
242133.72
 10
200000.0
 20
244907.13
 10
200000.0
 20
247680.56
 10
200000.0
 20
250454.0
 10
200000.0
 20
253227.45
 10
200000.0
 20
256000.92
 10
200000.0
 20
258774.39
 10
200000.0
 20
261547.88
 10
200000.0
 20
264321.37
  0
LWPOLYLINE
  5
6A
330
2
100
AcDbEntity
  8
G50
  6
Continuous
100
AcDbPolyline
 90
       40
 70
     1
 43
0.0
 10
200000.0
 20
239360.31
 10
202289.12
 20
239360.6
 10
204578.25
 20
239361.45
 10
206867.37
 20
239362.87
 10
209156.5
 20
239364.87
 10
211445.62
 20
239367.43
 10
213734.75
 20
239370.56
 10
216023.87
 20
239374.26
 10
218313.0
 20
239378.53
 10
220602.13
 20
239383.37
 10
222891.2600000001
 20
239388.78
 10
222898.16
 20
236615.37
 10
222905.05
 20
233841.98
 10
222911.94
 20
231068.6
 10
222918.82
 20
228295.23
 10
222925.7
 20
225521.87
 10
222932.57
 20
222748.53
 10
222939.44
 20
219975.19
 10
222946.3
 20
217201.87
 10
222953.17
 20
214428.55
 10
222960.02
 20
211655.25
 10
220664.02
 20
211649.86
 10
218368.01
 20
211645.04
 10
216072.01
 20
211640.78
 10
213776.0
 20
211637.09
 10
211480.0
 20
211633.97
 10
209184.0
 20
211631.42
 10
206888.0
 20
211629.43
 10
204592.0
 20
211628.01
 10
202296.0
 20
211627.16
 10
200000.0
 20
211626.88
 10
200000.0
 20
214400.17
 10
200000.0
 20
217173.47
 10
200000.0
 20
219946.79
 10
200000.0
 20
222720.12
 10
200000.0
 20
225493.45
 10
200000.0
 20
228266.8
 10
200000.0
 20
231040.16
 10
200000.0
 20
233813.53
 10
200000.0
 20
236586.92
  0
LWPOLYLINE
  5
6B
330
2
100
AcDbEntity
  8
G50
  6
Continuous
100
AcDbPolyline
 90
       40
 70
     1
 43
0.0
 10
200000.0
 20
211626.88
 10
202296.0
 20
211627.16
 10
204592.0
 20
211628.01
 10
206888.0
 20
211629.43
 10
209184.0
 20
211631.42
 10
211480.0
 20
211633.97
 10
213776.0
 20
211637.09
 10
216072.01
 20
211640.78
 10
218368.01
 20
211645.04
 10
220664.02
 20
211649.86
 10
222960.02
 20
211655.25
 10
222966.87
 20
208881.96
 10
222973.72
 20
206108.68
 10
222980.56
 20
203335.41
 10
222987.4
 20
200562.16
 10
222994.24
 20
197788.91
 10
223001.07
 20
195015.68
 10
223007.89
 20
192242.46
 10
223014.71
 20
189469.25
 10
223021.53
 20
186696.05
 10
223028.34
 20
183922.86
 10
220725.5
 20
183917.49
 10
218422.67
 20
183912.68
 10
216119.83
 20
183908.44
 10
213817.0
 20
183904.76
 10
211514.16
 20
183901.65
 10
209211.33
 20
183899.11
 10
206908.5
 20
183897.13
 10
204605.66
 20
183895.72
 10
202302.83
 20
183894.87
 10
200000.0
 20
183894.58
 10
200000.0
 20
186667.76
 10
200000.0
 20
189440.95
 10
200000.0
 20
192214.15
 10
200000.0
 20
194987.37
 10
200000.0
 20
197760.59
 10
200000.0
 20
200533.83
 10
200000.0
 20
203307.07
 10
200000.0
 20
206080.33
 10
200000.0
 20
208853.6
  0
LWPOLYLINE
  5
6C
330
2
100
AcDbEntity
  8
G50
  6
Continuous
 62
     1
100
AcDbPolyline
 90
       40
 70
     1
 43
0.0
 10
177247.56
 20
294859.25
 10
179522.81
 20
294853.8
 10
181798.06
 20
294848.93
 10
184073.3
 20
294844.64
 10
186348.55
 20
294840.9100000001
 10
188623.79
 20
294837.76
 10
190899.03
 20
294835.18
 10
193174.28
 20
294833.18
 10
195449.52
 20
294831.74
 10
197724.76
 20
294830.8900000001
 10
200000.0
 20
294830.6
 10
200000.0
 20
292056.98
 10
200000.0
 20
289283.36
 10
200000.0
 20
286509.76
 10
200000.0
 20
283736.1700000001
 10
200000.0
 20
280962.6
 10
200000.0
 20
278189.0300000001
 10
200000.0
 20
275415.48
 10
200000.0
 20
272641.93
 10
200000.0
 20
269868.4
 10
200000.0
 20
267094.88
 10
197717.8
 20
267095.1700000001
 10
195435.59
 20
267096.0200000001
 10
193153.39
 20
267097.45
 10
190871.18
 20
267099.45
 10
188588.98
 20
267102.02
 10
186306.77
 20
267105.1600000001
 10
184024.56
 20
267108.88
 10
181742.35
 20
267113.1600000001
 10
179460.14
 20
267118.01
 10
177177.93
 20
267123.44
 10
177184.88
 20
269896.97
 10
177191.82
 20
272670.51
 10
177198.78
 20
275444.0600000001
 10
177205.73
 20
278217.63
 10
177212.69
 20
280991.2
 10
177219.66
 20
283764.79
 10
177226.63
 20
286538.39
 10
177233.6
 20
289311.99
 10
177240.58
 20
292085.62
  0
LWPOLYLINE
  5
6D
330
2
100
AcDbEntity
  8
G50
  6
Continuous
100
AcDbPolyline
 90
       40
 70
     1
 43
0.0
 10
154494.98
 20
294945.19
 10
156770.25
 20
294934.02
 10
159045.52
 20
294923.4200000001
 10
161320.78
 20
294913.3900000001
 10
163596.04
 20
294903.94
 10
165871.3
 20
294895.06
 10
168146.56
 20
294886.75
 10
170421.81
 20
294879.02
 10
172697.06
 20
294871.85
 10
174972.31
 20
294865.26
 10
177247.56
 20
294859.25
 10
177240.58
 20
292085.62
 10
177233.6
 20
289311.99
 10
177226.63
 20
286538.39
 10
177219.66
 20
283764.79
 10
177212.69
 20
280991.2
 10
177205.73
 20
278217.63
 10
177198.78
 20
275444.0600000001
 10
177191.82
 20
272670.51
 10
177184.88
 20
269896.97
 10
177177.93
 20
267123.44
 10
174895.72
 20
267129.44
 10
172613.51
 20
267136.01
 10
170331.29
 20
267143.1500000001
 10
168049.07
 20
267150.86
 10
165766.85
 20
267159.14
 10
163484.63
 20
267167.99
 10
161202.41
 20
267177.4200000001
 10
158920.18
 20
267187.4100000001
 10
156637.95
 20
267197.98
 10
154355.72
 20
267209.12
 10
154369.6
 20
269982.6700000001
 10
154383.5
 20
272756.24
 10
154397.4
 20
275529.82
 10
154411.32
 20
278303.41
 10
154425.24
 20
281077.01
 10
154439.17
 20
283850.63
 10
154453.11
 20
286624.25
 10
154467.06
 20
289397.89
 10
154481.02
 20
292171.54
  0
LWPOLYLINE
  5
6E
330
2
100
AcDbEntity
  8
G50
  6
Continuous
100
AcDbPolyline
 90
       40
 70
     1
 43
0.0
 10
131742.11
 20
295088.45
 10
134017.41
 20
295071.54
 10
136292.71
 20
295055.21
 10
138568.01
 20
295039.45
 10
140843.3
 20
295024.27
 10
143118.59
 20
295009.6600000001
 10
145393.87
 20
294995.62
 10
147669.16
 20
294982.15
 10
149944.43
 20
294969.26
 10
152219.71
 20
294956.94
 10
154494.98
 20
294945.19
 10
154481.02
 20
292171.54
 10
154467.06
 20
289397.89
 10
154453.11
 20
286624.25
 10
154439.17
 20
283850.63
 10
154425.24
 20
281077.01
 10
154411.32
 20
278303.41
 10
154397.4
 20
275529.82
 10
154383.5
 20
272756.24
 10
154369.6
 20
269982.6700000001
 10
154355.72
 20
267209.12
 10
152073.48
 20
267220.83
 10
149791.24
 20
267233.11
 10
147509.0
 20
267245.96
 10
145226.75
 20
267259.38
 10
142944.5
 20
267273.38
 10
140662.25
 20
267287.94
 10
138379.99
 20
267303.08
 10
136097.73
 20
267318.7900000001
 10
133815.47
 20
267335.07
 10
131533.2
 20
267351.9200000001
 10
131554.03
 20
270125.52
 10
131574.88
 20
272899.1300000001
 10
131595.73
 20
275672.76
 10
131616.61
 20
278446.39
 10
131637.49
 20
281220.04
 10
131658.39
 20
283993.7
 10
131679.3
 20
286767.37
 10
131700.22
 20
289541.05
 10
131721.16
 20
292314.74
  0
LWPOLYLINE
  5
6F
330
2
100
AcDbEntity
  8
G50
  6
Continuous
100
AcDbPolyline
 90
       40
 70
     1
 43
0.0
 10
108988.8
 20
295289.01
 10
111264.15
 20
295266.37
 10
113539.5
 20
295244.31
 10
115814.84
 20
295222.82
 10
118090.18
 20
295201.9
 10
120365.51
 20
295181.56
 10
122640.84
 20
295161.79
 10
124916.17
 20
295142.6
 10
127191.48
 20
295123.97
 10
129466.8
 20
295105.9200000001
 10
131742.11
 20
295088.45
 10
131721.16
 20
292314.74
 10
131700.22
 20
289541.05
 10
131679.3
 20
286767.37
 10
131658.39
 20
283993.7
 10
131637.49
 20
281220.04
 10
131616.61
 20
278446.39
 10
131595.73
 20
275672.76
 10
131574.88
 20
272899.1300000001
 10
131554.03
 20
270125.52
 10
131533.2
 20
267351.9200000001
 10
129250.92
 20
267369.34
 10
126968.65
 20
267387.33
 10
124686.36
 20
267405.9000000001
 10
122404.07
 20
267425.04
 10
120121.78
 20
267444.74
 10
117839.48
 20
267465.02
 10
115557.18
 20
267485.87
 10
113274.87
 20
267507.29
 10
110992.55
 20
267529.29
 10
108710.23
 20
267551.85
 10
108738.01
 20
270325.52
 10
108765.8
 20
273099.19
 10
108793.62
 20
275872.88
 10
108821.45
 20
278646.58
 10
108849.3
 20
281420.2900000001
 10
108877.16
 20
284194.01
 10
108905.04
 20
286967.74
 10
108932.94
 20
289741.49
 10
108960.86
 20
292515.24
  0
LWPOLYLINE
  5
70
330
2
100
AcDbEntity
  8
G50
  6
Continuous
100
AcDbPolyline
 90
       40
 70
     1
 43
0.0
 10
131533.2
 20
267351.9200000001
 10
133815.47
 20
267335.07
 10
136097.73
 20
267318.7900000001
 10
138379.99
 20
267303.08
 10
140662.25
 20
267287.94
 10
142944.5
 20
267273.38
 10
145226.75
 20
267259.38
 10
147509.0
 20
267245.96
 10
149791.24
 20
267233.11
 10
152073.48
 20
267220.83
 10
154355.72
 20
267209.12
 10
154341.84
 20
264435.57
 10
154327.97
 20
261662.04
 10
154314.11
 20
258888.52
 10
154300.25
 20
256115.01
 10
154286.41
 20
253341.51
 10
154272.57
 20
250568.02
 10
154258.75
 20
247794.54
 10
154244.93
 20
245021.07
 10
154231.12
 20
242247.62
 10
154217.32
 20
239474.18
 10
151928.16
 20
239485.85
 10
149639.0
 20
239498.09
 10
147349.84
 20
239510.9
 10
145060.68
 20
239524.28
 10
142771.51
 20
239538.23
 10
140482.33
 20
239552.75
 10
138193.15
 20
239567.84
 10
135903.97
 20
239583.49
 10
133614.79
 20
239599.72
 10
131325.6
 20
239616.52
 10
131346.3
 20
242390.01
 10
131367.01
 20
245163.5100000001
 10
131387.74
 20
247937.02
 10
131408.48
 20
250710.54
 10
131429.23
 20
253484.08
 10
131450.0
 20
256257.62
 10
131470.78
 20
259031.18
 10
131491.57
 20
261804.75
 10
131512.38
 20
264578.33
  0
LWPOLYLINE
  5
71
330
2
100
AcDbEntity
  8
G50
  6
Continuous
100
AcDbPolyline
 90
       40
 70
     1
 43
0.0
 10
131325.6
 20
239616.52
 10
133614.79
 20
239599.72
 10
135903.97
 20
239583.49
 10
138193.15
 20
239567.84
 10
140482.33
 20
239552.75
 10
142771.51
 20
239538.23
 10
145060.68
 20
239524.28
 10
147349.84
 20
239510.9
 10
149639.0
 20
239498.09
 10
151928.16
 20
239485.85
 10
154217.32
 20
239474.18
 10
154203.53
 20
236700.75
 10
154189.75
 20
233927.33
 10
154175.97
 20
231153.92
 10
154162.21
 20
228380.5200000001
 10
154148.45
 20
225607.13
 10
154134.7
 20
222833.76
 10
154120.96
 20
220060.39
 10
154107.23
 20
217287.04
 10
154093.51
 20
214513.7
 10
154079.8
 20
211740.37
 10
151783.77
 20
211752.0
 10
149487.73
 20
211764.2
 10
147191.69
 20
211776.97
 10
144895.65
 20
211790.31
 10
142599.6
 20
211804.21
 10
140303.55
 20
211818.68
 10
138007.49
 20
211833.72
 10
135711.43
 20
211849.32
 10
133415.37
 20
211865.5
 10
131119.3
 20
211882.24
 10
131139.87
 20
214655.61
 10
131160.46
 20
217429.0
 10
131181.05
 20
220202.4
 10
131201.66
 20
222975.81
 10
131222.29
 20
225749.24
 10
131242.92
 20
228522.67
 10
131263.57
 20
231296.12
 10
131284.23
 20
234069.57
 10
131304.91
 20
236843.04
  0
LWPOLYLINE
  5
72
330
2
100
AcDbEntity
  8
G50
  6
Continuous
100
AcDbPolyline
 90
       40
 70
     1
 43
0.0
 10
131119.3
 20
211882.24
 10
133415.37
 20
211865.5
 10
135711.43
 20
211849.32
 10
138007.49
 20
211833.72
 10
140303.55
 20
211818.68
 10
142599.6
 20
211804.21
 10
144895.65
 20
211790.31
 10
147191.69
 20
211776.97
 10
149487.73
 20
211764.2
 10
151783.77
 20
211752.0
 10
154079.8
 20
211740.37
 10
154066.09
 20
208967.05
 10
154052.4
 20
206193.74
 10
154038.71
 20
203420.45
 10
154025.04
 20
200647.16
 10
154011.37
 20
197873.89
 10
153997.71
 20
195100.63
 10
153984.05
 20
192327.37
 10
153970.41
 20
189554.13
 10
153956.78
 20
186780.91
 10
153943.15
 20
184007.69
 10
151640.29
 20
184019.28
 10
149337.42
 20
184031.44
 10
147034.55
 20
184044.16
 10
144731.67
 20
184057.46
 10
142428.79
 20
184071.31
 10
140125.9
 20
184085.73
 10
137823.02
 20
184100.72
 10
135520.12
 20
184116.27
 10
133217.23
 20
184132.39
 10
130914.32
 20
184149.07
 10
130934.76
 20
186922.34
 10
130955.21
 20
189695.62
 10
130975.68
 20
192468.91
 10
130996.16
 20
195242.21
 10
131016.65
 20
198015.52
 10
131037.15
 20
200788.84
 10
131057.67
 20
203562.17
 10
131078.2
 20
206335.51
 10
131098.75
 20
209108.87
  0
LWPOLYLINE
  5
73
330
2
100
AcDbEntity
  8
G50
  6
Continuous
100
AcDbPolyline
 90
       40
 70
     1
 43
0.0
 10
108433.41
 20
239815.8
 10
110722.65
 20
239793.31
 10
113011.89
 20
239771.39
 10
115301.12
 20
239750.04
 10
117590.35
 20
239729.26
 10
119879.57
 20
239709.04
 10
122168.78
 20
239689.4
 10
124458.0
 20
239670.3200000001
 10
126747.2
 20
239651.82
 10
129036.4
 20
239633.88
 10
131325.6
 20
239616.52
 10
131304.91
 20
236843.04
 10
131284.23
 20
234069.57
 10
131263.57
 20
231296.12
 10
131242.92
 20
228522.67
 10
131222.29
 20
225749.24
 10
131201.66
 20
222975.81
 10
131181.05
 20
220202.4
 10
131160.46
 20
217429.0
 10
131139.87
 20
214655.61
 10
131119.3
 20
211882.24
 10
128823.23
 20
211899.55
 10
126527.15
 20
211917.42
 10
124231.07
 20
211935.86
 10
121934.98
 20
211954.88
 10
119638.89
 20
211974.45
 10
117342.79
 20
211994.6
 10
115046.68
 20
212015.32
 10
112750.57
 20
212036.6
 10
110454.46
 20
212058.45
 10
108158.33
 20
212080.86
 10
108185.76
 20
214854.31
 10
108213.21
 20
217627.76
 10
108240.67
 20
220401.23
 10
108268.15
 20
223174.7100000001
 10
108295.65
 20
225948.2
 10
108323.17
 20
228721.7
 10
108350.7
 20
231495.21
 10
108378.25
 20
234268.73
 10
108405.82
 20
237042.26
  0
LWPOLYLINE
  5
74
330
2
100
AcDbEntity
  8
G50
  6
Continuous
100
AcDbPolyline
 90
       40
 70
     1
 43
0.0
 10
108158.33
 20
212080.86
 10
110454.46
 20
212058.45
 10
112750.57
 20
212036.6
 10
115046.68
 20
212015.32
 10
117342.79
 20
211994.6
 10
119638.89
 20
211974.45
 10
121934.98
 20
211954.88
 10
124231.07
 20
211935.86
 10
126527.15
 20
211917.42
 10
128823.23
 20
211899.55
 10
131119.3
 20
211882.24
 10
131098.75
 20
209108.87
 10
131078.2
 20
206335.51
 10
131057.67
 20
203562.17
 10
131037.15
 20
200788.84
 10
131016.65
 20
198015.52
 10
130996.16
 20
195242.21
 10
130975.68
 20
192468.91
 10
130955.21
 20
189695.62
 10
130934.76
 20
186922.34
 10
130914.32
 20
184149.07
 10
128611.42
 20
184166.32
 10
126308.51
 20
184184.14
 10
124005.59
 20
184202.52
 10
121702.67
 20
184221.47
 10
119399.74
 20
184240.98
 10
117096.8
 20
184261.06
 10
114793.86
 20
184281.7
 10
112490.92
 20
184302.91
 10
110187.97
 20
184324.68
 10
107885.01
 20
184347.03
 10
107912.26
 20
187120.36
 10
107939.53
 20
189893.71
 10
107966.82
 20
192667.06
 10
107994.13
 20
195440.43
 10
108021.45
 20
198213.81
 10
108048.79
 20
200987.2
 10
108076.15
 20
203760.6
 10
108103.53
 20
206534.01
 10
108130.92
 20
209307.43
  0
LWPOLYLINE
  5
75
330
2
100
AcDbEntity
  8
G50
  6
Continuous
100
AcDbPolyline
 90
       40
 70
     1
 43
0.0
 10
108710.23
 20
267551.85
 10
110992.55
 20
267529.29
 10
113274.87
 20
267507.29
 10
115557.18
 20
267485.87
 10
117839.48
 20
267465.02
 10
120121.78
 20
267444.74
 10
122404.07
 20
267425.04
 10
124686.36
 20
267405.9000000001
 10
126968.65
 20
267387.33
 10
129250.92
 20
267369.34
 10
131533.2
 20
267351.9200000001
 10
131512.38
 20
264578.33
 10
131491.57
 20
261804.75
 10
131470.78
 20
259031.18
 10
131450.0
 20
256257.62
 10
131429.23
 20
253484.08
 10
131408.48
 20
250710.54
 10
131387.74
 20
247937.02
 10
131367.01
 20
245163.5100000001
 10
131346.3
 20
242390.01
 10
131325.6
 20
239616.52
 10
129036.4
 20
239633.88
 10
126747.2
 20
239651.82
 10
124458.0
 20
239670.3200000001
 10
122168.78
 20
239689.4
 10
119879.57
 20
239709.04
 10
117590.35
 20
239729.26
 10
115301.12
 20
239750.04
 10
113011.89
 20
239771.39
 10
110722.65
 20
239793.31
 10
108433.41
 20
239815.8
 10
108461.01
 20
242589.36
 10
108488.63
 20
245362.93
 10
108516.27
 20
248136.5
 10
108543.93
 20
250910.09
 10
108571.6
 20
253683.69
 10
108599.29
 20
256457.3
 10
108627.0
 20
259230.9200000001
 10
108654.73
 20
262004.55
 10
108682.47
 20
264778.2
  0
LWPOLYLINE
  5
76
330
2
100
AcDbEntity
  8
G50
  6
Continuous
100
AcDbPolyline
 90
       40
 70
     1
 43
0.0
 10
177108.74
 20
239388.78
 10
179397.87
 20
239383.37
 10
181687.0
 20
239378.53
 10
183976.13
 20
239374.26
 10
186265.25
 20
239370.56
 10
188554.38
 20
239367.43
 10
190843.5
 20
239364.87
 10
193132.63
 20
239362.87
 10
195421.75
 20
239361.45
 10
197710.88
 20
239360.6
 10
200000.0
 20
239360.31
 10
200000.0
 20
236586.92
 10
200000.0
 20
233813.53
 10
200000.0
 20
231040.16
 10
200000.0
 20
228266.8
 10
200000.0
 20
225493.45
 10
200000.0
 20
222720.12
 10
200000.0
 20
219946.79
 10
200000.0
 20
217173.47
 10
200000.0
 20
214400.17
 10
200000.0
 20
211626.88
 10
197704.0
 20
211627.16
 10
195408.0
 20
211628.01
 10
193112.0
 20
211629.43
 10
190816.0
 20
211631.42
 10
188520.0
 20
211633.97
 10
186224.0
 20
211637.09
 10
183927.99
 20
211640.78
 10
181631.99
 20
211645.04
 10
179335.98
 20
211649.86
 10
177039.98
 20
211655.25
 10
177046.83
 20
214428.55
 10
177053.7
 20
217201.87
 10
177060.56
 20
219975.19
 10
177067.43
 20
222748.53
 10
177074.3
 20
225521.87
 10
177081.18
 20
228295.23
 10
177088.06
 20
231068.6
 10
177094.95
 20
233841.98
 10
177101.84
 20
236615.37
  0
LWPOLYLINE
  5
77
330
2
100
AcDbEntity
  8
G50
  6
Continuous
100
AcDbPolyline
 90
       40
 70
     1
 43
0.0
 10
154217.32
 20
239474.18
 10
156506.47
 20
239463.08
 10
158795.62
 20
239452.54
 10
161084.77
 20
239442.58
 10
163373.92
 20
239433.18
 10
165663.06
 20
239424.36
 10
167952.2
 20
239416.1
 10
170241.34
 20
239408.42
 10
172530.47
 20
239401.3
 10
174819.6
 20
239394.75
 10
177108.74
 20
239388.78
 10
177101.84
 20
236615.37
 10
177094.95
 20
233841.98
 10
177088.06
 20
231068.6
 10
177081.18
 20
228295.23
 10
177074.3
 20
225521.87
 10
177067.43
 20
222748.53
 10
177060.56
 20
219975.19
 10
177053.7
 20
217201.87
 10
177046.83
 20
214428.55
 10
177039.98
 20
211655.25
 10
174743.97
 20
211661.2100000001
 10
172447.96
 20
211667.73
 10
170151.95
 20
211674.8300000001
 10
167855.93
 20
211682.49
 10
165559.92
 20
211690.72
 10
163263.9
 20
211699.51
 10
160967.88
 20
211708.87
 10
158671.85
 20
211718.81
 10
156375.83
 20
211729.3
 10
154079.8
 20
211740.37
 10
154093.51
 20
214513.7
 10
154107.23
 20
217287.04
 10
154120.96
 20
220060.39
 10
154134.7
 20
222833.76
 10
154148.45
 20
225607.13
 10
154162.21
 20
228380.5200000001
 10
154175.97
 20
231153.92
 10
154189.75
 20
233927.33
 10
154203.53
 20
236700.75
  0
LWPOLYLINE
  5
78
330
2
100
AcDbEntity
  8
G50
  6
Continuous
100
AcDbPolyline
 90
       40
 70
     1
 43
0.0
 10
154079.8
 20
211740.37
 10
156375.83
 20
211729.3
 10
158671.85
 20
211718.81
 10
160967.88
 20
211708.87
 10
163263.9
 20
211699.51
 10
165559.92
 20
211690.72
 10
167855.93
 20
211682.49
 10
170151.95
 20
211674.8300000001
 10
172447.96
 20
211667.73
 10
174743.97
 20
211661.2100000001
 10
177039.98
 20
211655.25
 10
177033.13
 20
208881.96
 10
177026.28
 20
206108.68
 10
177019.44
 20
203335.41
 10
177012.6
 20
200562.16
 10
177005.76
 20
197788.91
 10
176998.93
 20
195015.68
 10
176992.11
 20
192242.46
 10
176985.29
 20
189469.25
 10
176978.47
 20
186696.05
 10
176971.66
 20
183922.86
 10
174668.82
 20
183928.7999999999
 10
172365.97
 20
183935.3
 10
170063.13
 20
183942.37
 10
167760.28
 20
183950.0
 10
165457.44
 20
183958.2
 10
163154.58
 20
183966.97
 10
160851.73
 20
183976.3
 10
158548.87
 20
183986.2
 10
156246.02
 20
183996.66
 10
153943.15
 20
184007.69
 10
153956.78
 20
186780.91
 10
153970.41
 20
189554.13
 10
153984.05
 20
192327.37
 10
153997.71
 20
195100.63
 10
154011.37
 20
197873.89
 10
154025.04
 20
200647.16
 10
154038.71
 20
203420.45
 10
154052.4
 20
206193.74
 10
154066.09
 20
208967.05
  0
LWPOLYLINE
  5
79
330
2
100
AcDbEntity
  8
G50
  6
Continuous
100
AcDbPolyline
 90
       40
 70
     1
 43
0.0
 10
177039.98
 20
211655.25
 10
179335.98
 20
211649.86
 10
181631.99
 20
211645.04
 10
183927.99
 20
211640.78
 10
186224.0
 20
211637.09
 10
188520.0
 20
211633.97
 10
190816.0
 20
211631.42
 10
193112.0
 20
211629.43
 10
195408.0
 20
211628.01
 10
197704.0
 20
211627.16
 10
200000.0
 20
211626.88
 10
200000.0
 20
208853.6
 10
200000.0
 20
206080.33
 10
200000.0
 20
203307.07
 10
200000.0
 20
200533.83
 10
200000.0
 20
197760.59
 10
200000.0
 20
194987.37
 10
200000.0
 20
192214.15
 10
200000.0
 20
189440.95
 10
200000.0
 20
186667.76
 10
200000.0
 20
183894.58
 10
197697.17
 20
183894.87
 10
195394.34
 20
183895.72
 10
193091.5
 20
183897.13
 10
190788.67
 20
183899.11
 10
188485.84
 20
183901.65
 10
186183.0
 20
183904.76
 10
183880.17
 20
183908.44
 10
181577.33
 20
183912.68
 10
179274.5
 20
183917.49
 10
176971.66
 20
183922.86
 10
176978.47
 20
186696.05
 10
176985.29
 20
189469.25
 10
176992.11
 20
192242.46
 10
176998.93
 20
195015.68
 10
177005.76
 20
197788.91
 10
177012.6
 20
200562.16
 10
177019.44
 20
203335.41
 10
177026.28
 20
206108.68
 10
177033.13
 20
208881.96
  0
LWPOLYLINE
  5
7A
330
2
100
AcDbEntity
  8
G50
  6
Continuous
100
AcDbPolyline
 90
       40
 70
     1
 43
0.0
 10
154355.72
 20
267209.12
 10
156637.95
 20
267197.98
 10
158920.18
 20
267187.4100000001
 10
161202.41
 20
267177.4200000001
 10
163484.63
 20
267167.99
 10
165766.85
 20
267159.14
 10
168049.07
 20
267150.86
 10
170331.29
 20
267143.1500000001
 10
172613.51
 20
267136.01
 10
174895.72
 20
267129.44
 10
177177.93
 20
267123.44
 10
177170.99
 20
264349.9200000001
 10
177164.06
 20
261576.42
 10
177157.13
 20
258802.9200000001
 10
177150.2
 20
256029.44
 10
177143.28
 20
253255.97
 10
177136.36
 20
250482.51
 10
177129.45
 20
247709.06
 10
177122.54
 20
244935.62
 10
177115.64
 20
242162.19
 10
177108.74
 20
239388.78
 10
174819.6
 20
239394.75
 10
172530.47
 20
239401.3
 10
170241.34
 20
239408.42
 10
167952.2
 20
239416.1
 10
165663.06
 20
239424.36
 10
163373.92
 20
239433.18
 10
161084.77
 20
239442.58
 10
158795.62
 20
239452.54
 10
156506.47
 20
239463.08
 10
154217.32
 20
239474.18
 10
154231.12
 20
242247.62
 10
154244.93
 20
245021.07
 10
154258.75
 20
247794.54
 10
154272.57
 20
250568.02
 10
154286.41
 20
253341.51
 10
154300.25
 20
256115.01
 10
154314.11
 20
258888.52
 10
154327.97
 20
261662.04
 10
154341.84
 20
264435.57
  0
LWPOLYLINE
  5
7B
330
2
100
AcDbEntity
  8
G50
  6
Continuous
100
AcDbPolyline
 90
       40
 70
     1
 43
0.0
 10
177177.93
 20
267123.44
 10
179460.14
 20
267118.01
 10
181742.35
 20
267113.1600000001
 10
184024.56
 20
267108.88
 10
186306.77
 20
267105.1600000001
 10
188588.98
 20
267102.02
 10
190871.18
 20
267099.45
 10
193153.39
 20
267097.45
 10
195435.59
 20
267096.0200000001
 10
197717.8
 20
267095.1700000001
 10
200000.0
 20
267094.88
 10
200000.0
 20
264321.37
 10
200000.0
 20
261547.88
 10
200000.0
 20
258774.39
 10
200000.0
 20
256000.92
 10
200000.0
 20
253227.45
 10
200000.0
 20
250454.0
 10
200000.0
 20
247680.56
 10
200000.0
 20
244907.13
 10
200000.0
 20
242133.72
 10
200000.0
 20
239360.31
 10
197710.88
 20
239360.6
 10
195421.75
 20
239361.45
 10
193132.63
 20
239362.87
 10
190843.5
 20
239364.87
 10
188554.38
 20
239367.43
 10
186265.25
 20
239370.56
 10
183976.13
 20
239374.26
 10
181687.0
 20
239378.53
 10
179397.87
 20
239383.37
 10
177108.74
 20
239388.78
 10
177115.64
 20
242162.19
 10
177122.54
 20
244935.62
 10
177129.45
 20
247709.06
 10
177136.36
 20
250482.51
 10
177143.28
 20
253255.97
 10
177150.2
 20
256029.44
 10
177157.13
 20
258802.9200000001
 10
177164.06
 20
261576.42
 10
177170.99
 20
264349.9200000001
  0
LWPOLYLINE
  5
7C
330
2
100
AcDbEntity
  8
G50
  6
Continuous
100
AcDbPolyline
 90
       40
 70
     1
 43
0.0
 10
132376.63
 20
378304.81
 10
134630.78
 20
378287.75
 10
136884.93
 20
378271.28
 10
139139.07
 20
378255.38
 10
141393.21
 20
378240.0600000001
 10
143647.35
 20
378225.3100000001
 10
145901.48
 20
378211.1500000001
 10
148155.61
 20
378197.56
 10
150409.73
 20
378184.56
 10
152663.86
 20
378172.13
 10
154917.98
 20
378160.27
 10
154903.75
 20
375386.2700000001
 10
154889.54
 20
372612.2800000001
 10
154875.33
 20
369838.3
 10
154861.13
 20
367064.33
 10
154846.94
 20
364290.3800000001
 10
154832.76
 20
361516.43
 10
154818.58
 20
358742.5
 10
154804.42
 20
355968.58
 10
154790.26
 20
353194.6700000001
 10
154776.11
 20
350420.7700000001
 10
152514.9
 20
350432.59
 10
150253.68
 20
350444.98
 10
147992.46
 20
350457.9500000001
 10
145731.24
 20
350471.5
 10
143470.01
 20
350485.6200000001
 10
141208.78
 20
350500.32
 10
138947.55
 20
350515.6
 10
136686.31
 20
350531.45
 10
134425.07
 20
350547.8800000001
 10
132163.83
 20
350564.8900000001
 10
132185.05
 20
353338.83
 10
132206.29
 20
356112.7800000001
 10
132227.53
 20
358886.74
 10
132248.79
 20
361660.72
 10
132270.07
 20
364434.71
 10
132291.36
 20
367208.7000000001
 10
132312.65
 20
369982.71
 10
132333.97
 20
372756.73
 10
132355.29
 20
375530.77
  0
LWPOLYLINE
  5
7D
330
2
100
AcDbEntity
  8
G50
  6
Continuous
100
AcDbPolyline
 90
       40
 70
     1
 43
0.0
 10
132163.83
 20
350564.8900000001
 10
134425.07
 20
350547.8800000001
 10
136686.31
 20
350531.45
 10
138947.55
 20
350515.6
 10
141208.78
 20
350500.32
 10
143470.01
 20
350485.6200000001
 10
145731.24
 20
350471.5
 10
147992.46
 20
350457.9500000001
 10
150253.68
 20
350444.98
 10
152514.9
 20
350432.59
 10
154776.11
 20
350420.7700000001
 10
154761.98
 20
347646.88
 10
154747.85
 20
344873.0100000001
 10
154733.72
 20
342099.1400000001
 10
154719.61
 20
339325.29
 10
154705.51
 20
336551.4500000001
 10
154691.41
 20
333777.62
 10
154677.32
 20
331003.8
 10
154663.25
 20
328229.99
 10
154649.18
 20
325456.1900000001
 10
154635.12
 20
322682.41
 10
152366.85
 20
322694.19
 10
150098.58
 20
322706.55
 10
147830.31
 20
322719.48
 10
145562.04
 20
322732.99
 10
143293.76
 20
322747.07
 10
141025.48
 20
322761.73
 10
138757.2
 20
322776.96
 10
136488.91
 20
322792.7600000001
 10
134220.61
 20
322809.14
 10
131952.32
 20
322826.1
 10
131973.41
 20
325599.93
 10
131994.52
 20
328373.77
 10
132015.63
 20
331147.62
 10
132036.77
 20
333921.48
 10
132057.91
 20
336695.35
 10
132079.07
 20
339469.24
 10
132100.24
 20
342243.13
 10
132121.42
 20
345017.0400000001
 10
132142.62
 20
347790.96
  0
LWPOLYLINE
  5
7E
330
2
100
AcDbEntity
  8
G50
  6
Continuous
100
AcDbPolyline
 90
       40
 70
     1
 43
0.0
 10
131952.32
 20
322826.1
 10
134220.61
 20
322809.14
 10
136488.91
 20
322792.7600000001
 10
138757.2
 20
322776.96
 10
141025.48
 20
322761.73
 10
143293.76
 20
322747.07
 10
145562.04
 20
322732.99
 10
147830.31
 20
322719.48
 10
150098.58
 20
322706.55
 10
152366.85
 20
322694.19
 10
154635.12
 20
322682.41
 10
154621.06
 20
319908.64
 10
154607.02
 20
317134.88
 10
154592.98
 20
314361.13
 10
154578.96
 20
311587.39
 10
154564.94
 20
308813.66
 10
154550.93
 20
306039.94
 10
154536.93
 20
303266.24
 10
154522.94
 20
300492.55
 10
154508.96
 20
297718.86
 10
154494.98
 20
294945.19
 10
152219.71
 20
294956.94
 10
149944.43
 20
294969.26
 10
147669.16
 20
294982.15
 10
145393.87
 20
294995.62
 10
143118.59
 20
295009.6600000001
 10
140843.3
 20
295024.27
 10
138568.01
 20
295039.45
 10
136292.71
 20
295055.21
 10
134017.41
 20
295071.54
 10
131742.11
 20
295088.45
 10
131763.07
 20
297862.16
 10
131784.05
 20
300635.89
 10
131805.03
 20
303409.62
 10
131826.04
 20
306183.37
 10
131847.05
 20
308957.13
 10
131868.08
 20
311730.9
 10
131889.12
 20
314504.69
 10
131910.17
 20
317278.48
 10
131931.24
 20
320052.28
  0
LWPOLYLINE
  5
7F
330
2
100
AcDbEntity
  8
G50
  6
Continuous
100
AcDbPolyline
 90
       40
 70
     1
 43
0.0
 10
109551.13
 20
350766.66
 10
111812.42
 20
350743.89
 10
114073.71
 20
350721.7
 10
116334.99
 20
350700.08
 10
118596.27
 20
350679.03
 10
120857.54
 20
350658.57
 10
123118.8
 20
350638.68
 10
125380.07
 20
350619.37
 10
127641.32
 20
350600.63
 10
129902.58
 20
350582.47
 10
132163.83
 20
350564.8900000001
 10
132142.62
 20
347790.96
 10
132121.42
 20
345017.0400000001
 10
132100.24
 20
342243.13
 10
132079.07
 20
339469.24
 10
132057.91
 20
336695.35
 10
132036.77
 20
333921.48
 10
132015.63
 20
331147.62
 10
131994.52
 20
328373.77
 10
131973.41
 20
325599.93
 10
131952.32
 20
322826.1
 10
129684.02
 20
322843.63
 10
127415.71
 20
322861.74
 10
125147.4
 20
322880.4200000001
 10
122879.09
 20
322899.6700000001
 10
120610.77
 20
322919.5
 10
118342.44
 20
322939.9100000001
 10
116074.12
 20
322960.8900000001
 10
113805.78
 20
322982.44
 10
111537.44
 20
323004.57
 10
109269.1
 20
323027.28
 10
109297.22
 20
325801.1700000001
 10
109325.36
 20
328575.0700000001
 10
109353.52
 20
331348.98
 10
109381.7
 20
334122.9000000001
 10
109409.9
 20
336896.83
 10
109438.11
 20
339670.7800000001
 10
109466.34
 20
342444.73
 10
109494.58
 20
345218.7
 10
109522.85
 20
347992.68
  0
LWPOLYLINE
  5
80
330
2
100
AcDbEntity
  8
G50
  6
Continuous
100
AcDbPolyline
 90
       40
 70
     1
 43
0.0
 10
109269.1
 20
323027.28
 10
111537.44
 20
323004.57
 10
113805.78
 20
322982.44
 10
116074.12
 20
322960.8900000001
 10
118342.44
 20
322939.9100000001
 10
120610.77
 20
322919.5
 10
122879.09
 20
322899.6700000001
 10
125147.4
 20
322880.4200000001
 10
127415.71
 20
322861.74
 10
129684.02
 20
322843.63
 10
131952.32
 20
322826.1
 10
131931.24
 20
320052.28
 10
131910.17
 20
317278.48
 10
131889.12
 20
314504.69
 10
131868.08
 20
311730.9
 10
131847.05
 20
308957.13
 10
131826.04
 20
306183.37
 10
131805.03
 20
303409.62
 10
131784.05
 20
300635.89
 10
131763.07
 20
297862.16
 10
131742.11
 20
295088.45
 10
129466.8
 20
295105.9200000001
 10
127191.48
 20
295123.97
 10
124916.17
 20
295142.6
 10
122640.84
 20
295161.79
 10
120365.51
 20
295181.56
 10
118090.18
 20
295201.9
 10
115814.84
 20
295222.82
 10
113539.5
 20
295244.31
 10
111264.15
 20
295266.37
 10
108988.8
 20
295289.01
 10
109016.75
 20
298062.78
 10
109044.72
 20
300836.5700000001
 10
109072.7
 20
303610.37
 10
109100.71
 20
306384.18
 10
109128.73
 20
309158.0
 10
109156.77
 20
311931.84
 10
109184.82
 20
314705.68
 10
109212.9
 20
317479.5300000001
 10
109240.99
 20
320253.4000000001
  0
LWPOLYLINE
  5
81
330
2
100
AcDbEntity
  8
G50
  6
Continuous
100
AcDbPolyline
 90
       40
 70
     1
 43
0.0
 10
177388.13
 20
350334.3
 10
179649.32
 20
350328.83
 10
181910.51
 20
350323.93
 10
184171.7
 20
350319.6
 10
186432.88
 20
350315.86
 10
188694.07
 20
350312.69
 10
190955.26
 20
350310.09
 10
193216.44
 20
350308.07
 10
195477.63
 20
350306.63
 10
197738.81
 20
350305.77
 10
200000.0
 20
350305.4800000001
 10
200000.0
 20
347531.63
 10
200000.0
 20
344757.7800000001
 10
200000.0
 20
341983.9500000001
 10
200000.0
 20
339210.13
 10
200000.0
 20
336436.3299999999
 10
200000.0
 20
333662.5300000001
 10
200000.0
 20
330888.75
 10
200000.0
 20
328114.97
 10
200000.0
 20
325341.21
 10
200000.0
 20
322567.46
 10
197731.77
 20
322567.7500000001
 10
195463.53
 20
322568.61
 10
193195.3
 20
322570.05
 10
190927.06
 20
322572.0600000001
 10
188658.82
 20
322574.65
 10
186390.59
 20
322577.81
 10
184122.35
 20
322581.54
 10
181854.11
 20
322585.85
 10
179585.87
 20
322590.74
 10
177317.63
 20
322596.2000000001
 10
177324.66
 20
325369.96
 10
177331.69
 20
328143.73
 10
177338.73
 20
330917.51
 10
177345.78
 20
333691.3
 10
177352.82
 20
336465.11
 10
177359.88
 20
339238.9200000001
 10
177366.93
 20
342012.75
 10
177373.99
 20
344786.59
 10
177381.06
 20
347560.44
  0
LWPOLYLINE
  5
82
330
2
100
AcDbEntity
  8
G50
  6
Continuous
100
AcDbPolyline
 90
       40
 70
     1
 43
0.0
 10
154776.11
 20
350420.7700000001
 10
157037.33
 20
350409.53
 10
159298.53
 20
350398.86
 10
161559.74
 20
350388.7800000001
 10
163820.94
 20
350379.2600000001
 10
166082.15
 20
350370.33
 10
168343.35
 20
350361.97
 10
170604.54
 20
350354.19
 10
172865.74
 20
350346.98
 10
175126.93
 20
350340.35
 10
177388.13
 20
350334.3
 10
177381.06
 20
347560.44
 10
177373.99
 20
344786.59
 10
177366.93
 20
342012.75
 10
177359.88
 20
339238.9200000001
 10
177352.82
 20
336465.11
 10
177345.78
 20
333691.3
 10
177338.73
 20
330917.51
 10
177331.69
 20
328143.73
 10
177324.66
 20
325369.96
 10
177317.63
 20
322596.2000000001
 10
175049.39
 20
322602.23
 10
172781.14
 20
322608.84
 10
170512.9
 20
322616.03
 10
168244.65
 20
322623.79
 10
165976.4
 20
322632.12
 10
163708.15
 20
322641.0300000001
 10
161439.89
 20
322650.51
 10
159171.64
 20
322660.57
 10
156903.38
 20
322671.2000000001
 10
154635.12
 20
322682.41
 10
154649.18
 20
325456.1900000001
 10
154663.25
 20
328229.99
 10
154677.32
 20
331003.8
 10
154691.41
 20
333777.62
 10
154705.51
 20
336551.4500000001
 10
154719.61
 20
339325.29
 10
154733.72
 20
342099.1400000001
 10
154747.85
 20
344873.0100000001
 10
154761.98
 20
347646.88
  0
LWPOLYLINE
  5
83
330
2
100
AcDbEntity
  8
G50
  6
Continuous
100
AcDbPolyline
 90
       40
 70
     1
 43
0.0
 10
154635.12
 20
322682.41
 10
156903.38
 20
322671.2000000001
 10
159171.64
 20
322660.57
 10
161439.89
 20
322650.51
 10
163708.15
 20
322641.0300000001
 10
165976.4
 20
322632.12
 10
168244.65
 20
322623.79
 10
170512.9
 20
322616.03
 10
172781.14
 20
322608.84
 10
175049.39
 20
322602.23
 10
177317.63
 20
322596.2000000001
 10
177310.6
 20
319822.45
 10
177303.58
 20
317048.72
 10
177296.56
 20
314274.99
 10
177289.55
 20
311501.2800000001
 10
177282.54
 20
308727.58
 10
177275.54
 20
305953.8900000001
 10
177268.54
 20
303180.21
 10
177261.54
 20
300406.55
 10
177254.55
 20
297632.89
 10
177247.56
 20
294859.25
 10
174972.31
 20
294865.26
 10
172697.06
 20
294871.85
 10
170421.81
 20
294879.02
 10
168146.56
 20
294886.75
 10
165871.3
 20
294895.06
 10
163596.04
 20
294903.94
 10
161320.78
 20
294913.3900000001
 10
159045.52
 20
294923.4200000001
 10
156770.25
 20
294934.02
 10
154494.98
 20
294945.19
 10
154508.96
 20
297718.86
 10
154522.94
 20
300492.55
 10
154536.93
 20
303266.24
 10
154550.93
 20
306039.94
 10
154564.94
 20
308813.66
 10
154578.96
 20
311587.39
 10
154592.98
 20
314361.13
 10
154607.02
 20
317134.88
 10
154621.06
 20
319908.64
  0
LWPOLYLINE
  5
84
330
2
100
AcDbEntity
  8
G50
  6
Continuous
100
AcDbPolyline
 90
       40
 70
     1
 43
0.0
 10
177317.63
 20
322596.2000000001
 10
179585.87
 20
322590.74
 10
181854.11
 20
322585.85
 10
184122.35
 20
322581.54
 10
186390.59
 20
322577.81
 10
188658.82
 20
322574.65
 10
190927.06
 20
322572.0600000001
 10
193195.3
 20
322570.05
 10
195463.53
 20
322568.61
 10
197731.77
 20
322567.7500000001
 10
200000.0
 20
322567.46
 10
200000.0
 20
319793.73
 10
200000.0
 20
317020.0
 10
200000.0
 20
314246.28
 10
200000.0
 20
311472.58
 10
200000.0
 20
308698.8900000001
 10
200000.0
 20
305925.21
 10
200000.0
 20
303151.5400000001
 10
200000.0
 20
300377.88
 10
200000.0
 20
297604.23
 10
200000.0
 20
294830.6
 10
197724.76
 20
294830.8900000001
 10
195449.52
 20
294831.74
 10
193174.28
 20
294833.18
 10
190899.03
 20
294835.18
 10
188623.79
 20
294837.76
 10
186348.55
 20
294840.9100000001
 10
184073.3
 20
294844.64
 10
181798.06
 20
294848.93
 10
179522.81
 20
294853.8
 10
177247.56
 20
294859.25
 10
177254.55
 20
297632.89
 10
177261.54
 20
300406.55
 10
177268.54
 20
303180.21
 10
177275.54
 20
305953.8900000001
 10
177282.54
 20
308727.58
 10
177289.55
 20
311501.2800000001
 10
177296.56
 20
314274.99
 10
177303.58
 20
317048.72
 10
177310.6
 20
319822.45
  0
LWPOLYLINE
  5
85
330
2
100
AcDbEntity
  8
G50
  6
Continuous
100
AcDbPolyline
 90
       40
 70
     1
 43
0.0
 10
154917.98
 20
378160.27
 10
157172.1
 20
378149.0
 10
159426.21
 20
378138.31
 10
161680.32
 20
378128.1900000001
 10
163934.43
 20
378118.65
 10
166188.54
 20
378109.69
 10
168442.65
 20
378101.31
 10
170696.75
 20
378093.5
 10
172950.86
 20
378086.2800000001
 10
175204.96
 20
378079.63
 10
177459.06
 20
378073.56
 10
177451.94
 20
375299.58
 10
177444.84
 20
372525.61
 10
177437.73
 20
369751.66
 10
177430.63
 20
366977.72
 10
177423.54
 20
364203.7800000001
 10
177416.45
 20
361429.87
 10
177409.36
 20
358655.96
 10
177402.28
 20
355882.06
 10
177395.2
 20
353108.18
 10
177388.13
 20
350334.3
 10
175126.93
 20
350340.35
 10
172865.74
 20
350346.98
 10
170604.54
 20
350354.19
 10
168343.35
 20
350361.97
 10
166082.15
 20
350370.33
 10
163820.94
 20
350379.2600000001
 10
161559.74
 20
350388.7800000001
 10
159298.53
 20
350398.86
 10
157037.33
 20
350409.53
 10
154776.11
 20
350420.7700000001
 10
154790.26
 20
353194.6700000001
 10
154804.42
 20
355968.58
 10
154818.58
 20
358742.5
 10
154832.76
 20
361516.43
 10
154846.94
 20
364290.3800000001
 10
154861.13
 20
367064.33
 10
154875.33
 20
369838.3
 10
154889.54
 20
372612.2800000001
 10
154903.75
 20
375386.2700000001
  0
LWPOLYLINE
  5
86
330
2
100
AcDbEntity
  8
G50
  6
Continuous
100
AcDbPolyline
 90
       40
 70
     1
 43
0.0
 10
177459.06
 20
378073.56
 10
179713.15
 20
378068.06
 10
181967.25
 20
378063.1500000001
 10
184221.35
 20
378058.81
 10
186475.44
 20
378055.06
 10
188729.54
 20
378051.88
 10
190983.63
 20
378049.2800000001
 10
193237.72
 20
378047.2500000001
 10
195491.82
 20
378045.81
 10
197745.91
 20
378044.9400000001
 10
200000.0
 20
378044.6500000001
 10
200000.0
 20
375270.68
 10
200000.0
 20
372496.72
 10
200000.0
 20
369722.78
 10
200000.0
 20
366948.84
 10
200000.0
 20
364174.92
 10
200000.0
 20
361401.01
 10
200000.0
 20
358627.11
 10
200000.0
 20
355853.22
 10
200000.0
 20
353079.34
 10
200000.0
 20
350305.4800000001
 10
197738.81
 20
350305.77
 10
195477.63
 20
350306.63
 10
193216.44
 20
350308.07
 10
190955.26
 20
350310.09
 10
188694.07
 20
350312.69
 10
186432.88
 20
350315.86
 10
184171.7
 20
350319.6
 10
181910.51
 20
350323.93
 10
179649.32
 20
350328.83
 10
177388.13
 20
350334.3
 10
177395.2
 20
353108.18
 10
177402.28
 20
355882.06
 10
177409.36
 20
358655.96
 10
177416.45
 20
361429.87
 10
177423.54
 20
364203.7800000001
 10
177430.63
 20
366977.72
 10
177437.73
 20
369751.66
 10
177444.84
 20
372525.61
 10
177451.94
 20
375299.58
  0
LWPOLYLINE
  5
87
330
2
100
AcDbEntity
  8
G50
  6
Continuous
100
AcDbPolyline
 90
       40
 70
     1
 43
0.0
 10
268257.8900000001
 20
295088.45
 10
270533.2
 20
295105.9200000001
 10
272808.5200000001
 20
295123.97
 10
275083.83
 20
295142.6
 10
277359.16
 20
295161.79
 10
279634.49
 20
295181.56
 10
281909.82
 20
295201.9
 10
284185.16
 20
295222.82
 10
286460.5
 20
295244.31
 10
288735.85
 20
295266.37
 10
291011.2
 20
295289.01
 10
291039.14
 20
292515.24
 10
291067.06
 20
289741.49
 10
291094.96
 20
286967.74
 10
291122.84
 20
284194.01
 10
291150.7
 20
281420.2900000001
 10
291178.55
 20
278646.58
 10
291206.38
 20
275872.88
 10
291234.2000000001
 20
273099.19
 10
291261.99
 20
270325.52
 10
291289.77
 20
267551.85
 10
289007.4500000001
 20
267529.29
 10
286725.13
 20
267507.29
 10
284442.82
 20
267485.87
 10
282160.52
 20
267465.02
 10
279878.22
 20
267444.74
 10
277595.93
 20
267425.04
 10
275313.6400000001
 20
267405.9000000001
 10
273031.35
 20
267387.33
 10
270749.08
 20
267369.34
 10
268466.8
 20
267351.9200000001
 10
268445.97
 20
270125.52
 10
268425.12
 20
272899.1300000001
 10
268404.27
 20
275672.76
 10
268383.39
 20
278446.39
 10
268362.51
 20
281220.04
 10
268341.61
 20
283993.7
 10
268320.7
 20
286767.37
 10
268299.7800000001
 20
289541.05
 10
268278.8400000001
 20
292314.74
  0
LWPOLYLINE
  5
88
330
2
100
AcDbEntity
  8
G50
  6
Continuous
100
AcDbPolyline
 90
       40
 70
     1
 43
0.0
 10
245505.02
 20
294945.19
 10
247780.29
 20
294956.94
 10
250055.57
 20
294969.26
 10
252330.84
 20
294982.15
 10
254606.13
 20
294995.62
 10
256881.41
 20
295009.6600000001
 10
259156.7
 20
295024.27
 10
261431.99
 20
295039.45
 10
263707.29
 20
295055.21
 10
265982.59
 20
295071.54
 10
268257.8900000001
 20
295088.45
 10
268278.8400000001
 20
292314.74
 10
268299.7800000001
 20
289541.05
 10
268320.7
 20
286767.37
 10
268341.61
 20
283993.7
 10
268362.51
 20
281220.04
 10
268383.39
 20
278446.39
 10
268404.27
 20
275672.76
 10
268425.12
 20
272899.1300000001
 10
268445.97
 20
270125.52
 10
268466.8
 20
267351.9200000001
 10
266184.53
 20
267335.07
 10
263902.27
 20
267318.7900000001
 10
261620.01
 20
267303.08
 10
259337.75
 20
267287.94
 10
257055.5000000001
 20
267273.38
 10
254773.25
 20
267259.38
 10
252491.0
 20
267245.96
 10
250208.76
 20
267233.11
 10
247926.52
 20
267220.83
 10
245644.28
 20
267209.12
 10
245630.4
 20
269982.6700000001
 10
245616.5
 20
272756.24
 10
245602.6
 20
275529.82
 10
245588.68
 20
278303.41
 10
245574.76
 20
281077.01
 10
245560.83
 20
283850.63
 10
245546.89
 20
286624.25
 10
245532.94
 20
289397.89
 10
245518.98
 20
292171.54
  0
LWPOLYLINE
  5
89
330
2
100
AcDbEntity
  8
G50
  6
Continuous
100
AcDbPolyline
 90
       40
 70
     1
 43
0.0
 10
222752.44
 20
294859.25
 10
225027.69
 20
294865.26
 10
227302.94
 20
294871.85
 10
229578.19
 20
294879.02
 10
231853.44
 20
294886.75
 10
234128.7
 20
294895.06
 10
236403.96
 20
294903.94
 10
238679.22
 20
294913.3900000001
 10
240954.48
 20
294923.4200000001
 10
243229.75
 20
294934.02
 10
245505.02
 20
294945.19
 10
245518.98
 20
292171.54
 10
245532.94
 20
289397.89
 10
245546.89
 20
286624.25
 10
245560.83
 20
283850.63
 10
245574.76
 20
281077.01
 10
245588.68
 20
278303.41
 10
245602.6
 20
275529.82
 10
245616.5
 20
272756.24
 10
245630.4
 20
269982.6700000001
 10
245644.28
 20
267209.12
 10
243362.05
 20
267197.98
 10
241079.82
 20
267187.4100000001
 10
238797.59
 20
267177.4200000001
 10
236515.37
 20
267167.99
 10
234233.15
 20
267159.14
 10
231950.93
 20
267150.86
 10
229668.71
 20
267143.1500000001
 10
227386.49
 20
267136.01
 10
225104.28
 20
267129.44
 10
222822.07
 20
267123.44
 10
222815.12
 20
269896.97
 10
222808.18
 20
272670.51
 10
222801.22
 20
275444.0600000001
 10
222794.27
 20
278217.63
 10
222787.31
 20
280991.2
 10
222780.34
 20
283764.79
 10
222773.37
 20
286538.39
 10
222766.4
 20
289311.99
 10
222759.42
 20
292085.62
  0
LWPOLYLINE
  5
8A
330
2
100
AcDbEntity
  8
G50
  6
Continuous
100
AcDbPolyline
 90
       40
 70
     1
 43
0.0
 10
245644.28
 20
267209.12
 10
247926.52
 20
267220.83
 10
250208.76
 20
267233.11
 10
252491.0
 20
267245.96
 10
254773.25
 20
267259.38
 10
257055.5000000001
 20
267273.38
 10
259337.75
 20
267287.94
 10
261620.01
 20
267303.08
 10
263902.27
 20
267318.7900000001
 10
266184.53
 20
267335.07
 10
268466.8
 20
267351.9200000001
 10
268487.62
 20
264578.33
 10
268508.43
 20
261804.75
 10
268529.22
 20
259031.18
 10
268550.0
 20
256257.62
 10
268570.77
 20
253484.08
 10
268591.52
 20
250710.54
 10
268612.26
 20
247937.02
 10
268632.99
 20
245163.5100000001
 10
268653.7
 20
242390.01
 10
268674.4
 20
239616.52
 10
266385.2100000001
 20
239599.72
 10
264096.0300000001
 20
239583.49
 10
261806.85
 20
239567.84
 10
259517.6700000001
 20
239552.75
 10
257228.49
 20
239538.23
 10
254939.32
 20
239524.28
 10
252650.16
 20
239510.9
 10
250361.0
 20
239498.09
 10
248071.84
 20
239485.85
 10
245782.68
 20
239474.18
 10
245768.88
 20
242247.62
 10
245755.07
 20
245021.07
 10
245741.25
 20
247794.54
 10
245727.43
 20
250568.02
 10
245713.59
 20
253341.51
 10
245699.75
 20
256115.01
 10
245685.89
 20
258888.52
 10
245672.0300000001
 20
261662.04
 10
245658.16
 20
264435.57
  0
LWPOLYLINE
  5
8B
330
2
100
AcDbEntity
  8
G50
  6
Continuous
100
AcDbPolyline
 90
       40
 70
     1
 43
0.0
 10
245782.68
 20
239474.18
 10
248071.84
 20
239485.85
 10
250361.0
 20
239498.09
 10
252650.16
 20
239510.9
 10
254939.32
 20
239524.28
 10
257228.49
 20
239538.23
 10
259517.6700000001
 20
239552.75
 10
261806.85
 20
239567.84
 10
264096.0300000001
 20
239583.49
 10
266385.2100000001
 20
239599.72
 10
268674.4
 20
239616.52
 10
268695.0900000001
 20
236843.04
 10
268715.77
 20
234069.57
 10
268736.43
 20
231296.12
 10
268757.08
 20
228522.67
 10
268777.71
 20
225749.24
 10
268798.34
 20
222975.81
 10
268818.95
 20
220202.4
 10
268839.54
 20
217429.0
 10
268860.13
 20
214655.61
 10
268880.7000000001
 20
211882.24
 10
266584.63
 20
211865.5
 10
264288.57
 20
211849.32
 10
261992.5100000001
 20
211833.72
 10
259696.45
 20
211818.68
 10
257400.4
 20
211804.21
 10
255104.35
 20
211790.31
 10
252808.31
 20
211776.97
 10
250512.27
 20
211764.2
 10
248216.2300000001
 20
211752.0
 10
245920.2
 20
211740.37
 10
245906.49
 20
214513.7
 10
245892.77
 20
217287.04
 10
245879.04
 20
220060.39
 10
245865.3
 20
222833.76
 10
245851.55
 20
225607.13
 10
245837.79
 20
228380.5200000001
 10
245824.03
 20
231153.92
 10
245810.25
 20
233927.33
 10
245796.47
 20
236700.75
  0
LWPOLYLINE
  5
8C
330
2
100
AcDbEntity
  8
G50
  6
Continuous
100
AcDbPolyline
 90
       40
 70
     1
 43
0.0
 10
245920.2
 20
211740.37
 10
248216.2300000001
 20
211752.0
 10
250512.27
 20
211764.2
 10
252808.31
 20
211776.97
 10
255104.35
 20
211790.31
 10
257400.4
 20
211804.21
 10
259696.45
 20
211818.68
 10
261992.5100000001
 20
211833.72
 10
264288.57
 20
211849.32
 10
266584.63
 20
211865.5
 10
268880.7000000001
 20
211882.24
 10
268901.25
 20
209108.87
 10
268921.8
 20
206335.51
 10
268942.33
 20
203562.17
 10
268962.85
 20
200788.84
 10
268983.35
 20
198015.52
 10
269003.8400000001
 20
195242.21
 10
269024.32
 20
192468.91
 10
269044.79
 20
189695.62
 10
269065.24
 20
186922.34
 10
269085.68
 20
184149.07
 10
266782.7700000001
 20
184132.39
 10
264479.88
 20
184116.27
 10
262176.98
 20
184100.72
 10
259874.1
 20
184085.73
 10
257571.21
 20
184071.31
 10
255268.33
 20
184057.46
 10
252965.45
 20
184044.16
 10
250662.58
 20
184031.44
 10
248359.71
 20
184019.28
 10
246056.85
 20
184007.69
 10
246043.22
 20
186780.91
 10
246029.59
 20
189554.13
 10
246015.95
 20
192327.37
 10
246002.29
 20
195100.63
 10
245988.63
 20
197873.89
 10
245974.96
 20
200647.16
 10
245961.29
 20
203420.45
 10
245947.6
 20
206193.74
 10
245933.91
 20
208967.05
  0
LWPOLYLINE
  5
8D
330
2
100
AcDbEntity
  8
G50
  6
Continuous
100
AcDbPolyline
 90
       40
 70
     1
 43
0.0
 10
222891.2600000001
 20
239388.78
 10
225180.4
 20
239394.75
 10
227469.53
 20
239401.3
 10
229758.66
 20
239408.42
 10
232047.8
 20
239416.1
 10
234336.94
 20
239424.36
 10
236626.08
 20
239433.18
 10
238915.2300000001
 20
239442.58
 10
241204.38
 20
239452.54
 10
243493.53
 20
239463.08
 10
245782.68
 20
239474.18
 10
245796.47
 20
236700.75
 10
245810.25
 20
233927.33
 10
245824.03
 20
231153.92
 10
245837.79
 20
228380.5200000001
 10
245851.55
 20
225607.13
 10
245865.3
 20
222833.76
 10
245879.04
 20
220060.39
 10
245892.77
 20
217287.04
 10
245906.49
 20
214513.7
 10
245920.2
 20
211740.37
 10
243624.17
 20
211729.3
 10
241328.15
 20
211718.81
 10
239032.12
 20
211708.87
 10
236736.1
 20
211699.51
 10
234440.08
 20
211690.72
 10
232144.07
 20
211682.49
 10
229848.05
 20
211674.8300000001
 10
227552.04
 20
211667.73
 10
225256.03
 20
211661.2100000001
 10
222960.02
 20
211655.25
 10
222953.17
 20
214428.55
 10
222946.3
 20
217201.87
 10
222939.44
 20
219975.19
 10
222932.57
 20
222748.53
 10
222925.7
 20
225521.87
 10
222918.82
 20
228295.23
 10
222911.94
 20
231068.6
 10
222905.05
 20
233841.98
 10
222898.16
 20
236615.37
  0
LWPOLYLINE
  5
8E
330
2
100
AcDbEntity
  8
G50
  6
Continuous
100
AcDbPolyline
 90
       40
 70
     1
 43
0.0
 10
222960.02
 20
211655.25
 10
225256.03
 20
211661.2100000001
 10
227552.04
 20
211667.73
 10
229848.05
 20
211674.8300000001
 10
232144.07
 20
211682.49
 10
234440.08
 20
211690.72
 10
236736.1
 20
211699.51
 10
239032.12
 20
211708.87
 10
241328.15
 20
211718.81
 10
243624.17
 20
211729.3
 10
245920.2
 20
211740.37
 10
245933.91
 20
208967.05
 10
245947.6
 20
206193.74
 10
245961.29
 20
203420.45
 10
245974.96
 20
200647.16
 10
245988.63
 20
197873.89
 10
246002.29
 20
195100.63
 10
246015.95
 20
192327.37
 10
246029.59
 20
189554.13
 10
246043.22
 20
186780.91
 10
246056.85
 20
184007.69
 10
243753.98
 20
183996.66
 10
241451.13
 20
183986.2
 10
239148.27
 20
183976.3
 10
236845.42
 20
183966.97
 10
234542.56
 20
183958.2
 10
232239.72
 20
183950.0
 10
229936.87
 20
183942.37
 10
227634.03
 20
183935.3
 10
225331.18
 20
183928.7999999999
 10
223028.34
 20
183922.86
 10
223021.53
 20
186696.05
 10
223014.71
 20
189469.25
 10
223007.89
 20
192242.46
 10
223001.07
 20
195015.68
 10
222994.24
 20
197788.91
 10
222987.4
 20
200562.16
 10
222980.56
 20
203335.41
 10
222973.72
 20
206108.68
 10
222966.87
 20
208881.96
  0
LWPOLYLINE
  5
8F
330
2
100
AcDbEntity
  8
G50
  6
Continuous
100
AcDbPolyline
 90
       40
 70
     1
 43
0.0
 10
222822.07
 20
267123.44
 10
225104.28
 20
267129.44
 10
227386.49
 20
267136.01
 10
229668.71
 20
267143.1500000001
 10
231950.93
 20
267150.86
 10
234233.15
 20
267159.14
 10
236515.37
 20
267167.99
 10
238797.59
 20
267177.4200000001
 10
241079.82
 20
267187.4100000001
 10
243362.05
 20
267197.98
 10
245644.28
 20
267209.12
 10
245658.16
 20
264435.57
 10
245672.0300000001
 20
261662.04
 10
245685.89
 20
258888.52
 10
245699.75
 20
256115.01
 10
245713.59
 20
253341.51
 10
245727.43
 20
250568.02
 10
245741.25
 20
247794.54
 10
245755.07
 20
245021.07
 10
245768.88
 20
242247.62
 10
245782.68
 20
239474.18
 10
243493.53
 20
239463.08
 10
241204.38
 20
239452.54
 10
238915.2300000001
 20
239442.58
 10
236626.08
 20
239433.18
 10
234336.94
 20
239424.36
 10
232047.8
 20
239416.1
 10
229758.66
 20
239408.42
 10
227469.53
 20
239401.3
 10
225180.4
 20
239394.75
 10
222891.2600000001
 20
239388.78
 10
222884.36
 20
242162.19
 10
222877.46
 20
244935.62
 10
222870.55
 20
247709.06
 10
222863.64
 20
250482.51
 10
222856.72
 20
253255.97
 10
222849.8
 20
256029.44
 10
222842.87
 20
258802.9200000001
 10
222835.94
 20
261576.42
 10
222829.01
 20
264349.9200000001
  0
LWPOLYLINE
  5
90
330
2
100
AcDbEntity
  8
G50
  6
Continuous
100
AcDbPolyline
 90
       40
 70
     1
 43
0.0
 10
268674.4
 20
239616.52
 10
270963.6
 20
239633.88
 10
273252.8
 20
239651.82
 10
275542.0
 20
239670.3200000001
 10
277831.22
 20
239689.4
 10
280120.43
 20
239709.04
 10
282409.65
 20
239729.26
 10
284698.88
 20
239750.04
 10
286988.11
 20
239771.39
 10
289277.35
 20
239793.31
 10
291566.59
 20
239815.8
 10
291594.18
 20
237042.26
 10
291621.75
 20
234268.73
 10
291649.3
 20
231495.21
 10
291676.8300000001
 20
228721.7
 10
291704.35
 20
225948.2
 10
291731.85
 20
223174.7100000001
 10
291759.33
 20
220401.23
 10
291786.79
 20
217627.76
 10
291814.24
 20
214854.31
 10
291841.67
 20
212080.86
 10
289545.54
 20
212058.45
 10
287249.43
 20
212036.6
 10
284953.32
 20
212015.32
 10
282657.21
 20
211994.6
 10
280361.11
 20
211974.45
 10
278065.02
 20
211954.88
 10
275768.93
 20
211935.86
 10
273472.85
 20
211917.42
 10
271176.7700000001
 20
211899.55
 10
268880.7000000001
 20
211882.24
 10
268860.13
 20
214655.61
 10
268839.54
 20
217429.0
 10
268818.95
 20
220202.4
 10
268798.34
 20
222975.81
 10
268777.71
 20
225749.24
 10
268757.08
 20
228522.67
 10
268736.43
 20
231296.12
 10
268715.77
 20
234069.57
 10
268695.0900000001
 20
236843.04
  0
LWPOLYLINE
  5
91
330
2
100
AcDbEntity
  8
G50
  6
Continuous
100
AcDbPolyline
 90
       40
 70
     1
 43
0.0
 10
268880.7000000001
 20
211882.24
 10
271176.7700000001
 20
211899.55
 10
273472.85
 20
211917.42
 10
275768.93
 20
211935.86
 10
278065.02
 20
211954.88
 10
280361.11
 20
211974.45
 10
282657.21
 20
211994.6
 10
284953.32
 20
212015.32
 10
287249.43
 20
212036.6
 10
289545.54
 20
212058.45
 10
291841.67
 20
212080.86
 10
291869.08
 20
209307.43
 10
291896.47
 20
206534.01
 10
291923.85
 20
203760.6
 10
291951.21
 20
200987.2
 10
291978.55
 20
198213.81
 10
292005.87
 20
195440.43
 10
292033.18
 20
192667.06
 10
292060.47
 20
189893.71
 10
292087.74
 20
187120.36
 10
292114.99
 20
184347.03
 10
289812.03
 20
184324.68
 10
287509.08
 20
184302.91
 10
285206.14
 20
184281.7
 10
282903.2
 20
184261.06
 10
280600.26
 20
184240.98
 10
278297.33
 20
184221.47
 10
275994.41
 20
184202.52
 10
273691.49
 20
184184.14
 10
271388.58
 20
184166.32
 10
269085.68
 20
184149.07
 10
269065.24
 20
186922.34
 10
269044.79
 20
189695.62
 10
269024.32
 20
192468.91
 10
269003.8400000001
 20
195242.21
 10
268983.35
 20
198015.52
 10
268962.85
 20
200788.84
 10
268942.33
 20
203562.17
 10
268921.8
 20
206335.51
 10
268901.25
 20
209108.87
  0
LWPOLYLINE
  5
92
330
2
100
AcDbEntity
  8
G50
  6
Continuous
100
AcDbPolyline
 90
       40
 70
     1
 43
0.0
 10
268466.8
 20
267351.9200000001
 10
270749.08
 20
267369.34
 10
273031.35
 20
267387.33
 10
275313.6400000001
 20
267405.9000000001
 10
277595.93
 20
267425.04
 10
279878.22
 20
267444.74
 10
282160.52
 20
267465.02
 10
284442.82
 20
267485.87
 10
286725.13
 20
267507.29
 10
289007.4500000001
 20
267529.29
 10
291289.77
 20
267551.85
 10
291317.5300000001
 20
264778.2
 10
291345.27
 20
262004.55
 10
291373.0
 20
259230.9200000001
 10
291400.71
 20
256457.3
 10
291428.4
 20
253683.69
 10
291456.07
 20
250910.09
 10
291483.73
 20
248136.5
 10
291511.37
 20
245362.93
 10
291538.99
 20
242589.36
 10
291566.59
 20
239815.8
 10
289277.35
 20
239793.31
 10
286988.11
 20
239771.39
 10
284698.88
 20
239750.04
 10
282409.65
 20
239729.26
 10
280120.43
 20
239709.04
 10
277831.22
 20
239689.4
 10
275542.0
 20
239670.3200000001
 10
273252.8
 20
239651.82
 10
270963.6
 20
239633.88
 10
268674.4
 20
239616.52
 10
268653.7
 20
242390.01
 10
268632.99
 20
245163.5100000001
 10
268612.26
 20
247937.02
 10
268591.52
 20
250710.54
 10
268570.77
 20
253484.08
 10
268550.0
 20
256257.62
 10
268529.22
 20
259031.18
 10
268508.43
 20
261804.75
 10
268487.62
 20
264578.33
  0
LWPOLYLINE
  5
93
330
2
100
AcDbEntity
  8
G50
  6
Continuous
100
AcDbPolyline
 90
       40
 70
     1
 43
0.0
 10
245082.02
 20
378160.27
 10
247336.14
 20
378172.13
 10
249590.27
 20
378184.56
 10
251844.39
 20
378197.56
 10
254098.52
 20
378211.1500000001
 10
256352.65
 20
378225.3100000001
 10
258606.79
 20
378240.0600000001
 10
260860.93
 20
378255.38
 10
263115.07
 20
378271.28
 10
265369.22
 20
378287.75
 10
267623.37
 20
378304.81
 10
267644.7100000001
 20
375530.77
 10
267666.03
 20
372756.73
 10
267687.35
 20
369982.71
 10
267708.64
 20
367208.7000000001
 10
267729.93
 20
364434.71
 10
267751.21
 20
361660.72
 10
267772.47
 20
358886.74
 10
267793.7100000001
 20
356112.7800000001
 10
267814.95
 20
353338.83
 10
267836.17
 20
350564.8900000001
 10
265574.93
 20
350547.8800000001
 10
263313.69
 20
350531.45
 10
261052.45
 20
350515.6
 10
258791.22
 20
350500.32
 10
256529.99
 20
350485.6200000001
 10
254268.7600000001
 20
350471.5
 10
252007.54
 20
350457.9500000001
 10
249746.32
 20
350444.98
 10
247485.1000000001
 20
350432.59
 10
245223.8900000001
 20
350420.7700000001
 10
245209.74
 20
353194.6700000001
 10
245195.58
 20
355968.58
 10
245181.42
 20
358742.5
 10
245167.24
 20
361516.43
 10
245153.06
 20
364290.3800000001
 10
245138.87
 20
367064.33
 10
245124.67
 20
369838.3
 10
245110.46
 20
372612.2800000001
 10
245096.25
 20
375386.2700000001
  0
LWPOLYLINE
  5
94
330
2
100
AcDbEntity
  8
G50
  6
Continuous
100
AcDbPolyline
 90
       40
 70
     1
 43
0.0
 10
245364.88
 20
322682.41
 10
247633.1500000001
 20
322694.19
 10
249901.42
 20
322706.55
 10
252169.69
 20
322719.48
 10
254437.96
 20
322732.99
 10
256706.24
 20
322747.07
 10
258974.52
 20
322761.73
 10
261242.8
 20
322776.96
 10
263511.0900000001
 20
322792.7600000001
 10
265779.3900000001
 20
322809.14
 10
268047.68
 20
322826.1
 10
268068.7600000001
 20
320052.28
 10
268089.83
 20
317278.48
 10
268110.88
 20
314504.69
 10
268131.92
 20
311730.9
 10
268152.95
 20
308957.13
 10
268173.96
 20
306183.37
 10
268194.97
 20
303409.62
 10
268215.95
 20
300635.89
 10
268236.93
 20
297862.16
 10
268257.8900000001
 20
295088.45
 10
265982.59
 20
295071.54
 10
263707.29
 20
295055.21
 10
261431.99
 20
295039.45
 10
259156.7
 20
295024.27
 10
256881.41
 20
295009.6600000001
 10
254606.13
 20
294995.62
 10
252330.84
 20
294982.15
 10
250055.57
 20
294969.26
 10
247780.29
 20
294956.94
 10
245505.02
 20
294945.19
 10
245491.0400000001
 20
297718.86
 10
245477.06
 20
300492.55
 10
245463.07
 20
303266.24
 10
245449.07
 20
306039.94
 10
245435.06
 20
308813.66
 10
245421.04
 20
311587.39
 10
245407.02
 20
314361.13
 10
245392.98
 20
317134.88
 10
245378.94
 20
319908.64
  0
LWPOLYLINE
  5
95
330
2
100
AcDbEntity
  8
G50
  6
Continuous
100
AcDbPolyline
 90
       40
 70
     1
 43
0.0
 10
245223.8900000001
 20
350420.7700000001
 10
247485.1000000001
 20
350432.59
 10
249746.32
 20
350444.98
 10
252007.54
 20
350457.9500000001
 10
254268.7600000001
 20
350471.5
 10
256529.99
 20
350485.6200000001
 10
258791.22
 20
350500.32
 10
261052.45
 20
350515.6
 10
263313.69
 20
350531.45
 10
265574.93
 20
350547.8800000001
 10
267836.17
 20
350564.8900000001
 10
267857.3800000001
 20
347790.96
 10
267878.58
 20
345017.0400000001
 10
267899.7600000001
 20
342243.13
 10
267920.93
 20
339469.24
 10
267942.09
 20
336695.35
 10
267963.23
 20
333921.48
 10
267984.37
 20
331147.62
 10
268005.48
 20
328373.77
 10
268026.5900000001
 20
325599.93
 10
268047.68
 20
322826.1
 10
265779.3900000001
 20
322809.14
 10
263511.0900000001
 20
322792.7600000001
 10
261242.8
 20
322776.96
 10
258974.52
 20
322761.73
 10
256706.24
 20
322747.07
 10
254437.96
 20
322732.99
 10
252169.69
 20
322719.48
 10
249901.42
 20
322706.55
 10
247633.1500000001
 20
322694.19
 10
245364.88
 20
322682.41
 10
245350.82
 20
325456.1900000001
 10
245336.7500000001
 20
328229.99
 10
245322.68
 20
331003.8
 10
245308.59
 20
333777.62
 10
245294.49
 20
336551.4500000001
 10
245280.3900000001
 20
339325.29
 10
245266.2800000001
 20
342099.1400000001
 10
245252.15
 20
344873.0100000001
 10
245238.02
 20
347646.88
  0
LWPOLYLINE
  5
96
330
2
100
AcDbEntity
  8
G50
  6
Continuous
100
AcDbPolyline
 90
       40
 70
     1
 43
0.0
 10
222611.87
 20
350334.3
 10
224873.07
 20
350340.35
 10
227134.26
 20
350346.98
 10
229395.46
 20
350354.19
 10
231656.65
 20
350361.97
 10
233917.85
 20
350370.33
 10
236179.06
 20
350379.2600000001
 10
238440.26
 20
350388.7800000001
 10
240701.47
 20
350398.86
 10
242962.67
 20
350409.53
 10
245223.8900000001
 20
350420.7700000001
 10
245238.02
 20
347646.88
 10
245252.15
 20
344873.0100000001
 10
245266.2800000001
 20
342099.1400000001
 10
245280.3900000001
 20
339325.29
 10
245294.49
 20
336551.4500000001
 10
245308.59
 20
333777.62
 10
245322.68
 20
331003.8
 10
245336.7500000001
 20
328229.99
 10
245350.82
 20
325456.1900000001
 10
245364.88
 20
322682.41
 10
243096.62
 20
322671.2000000001
 10
240828.36
 20
322660.57
 10
238560.11
 20
322650.51
 10
236291.8500000001
 20
322641.0300000001
 10
234023.6
 20
322632.12
 10
231755.35
 20
322623.79
 10
229487.1
 20
322616.03
 10
227218.86
 20
322608.84
 10
224950.61
 20
322602.23
 10
222682.37
 20
322596.2000000001
 10
222675.34
 20
325369.96
 10
222668.31
 20
328143.73
 10
222661.27
 20
330917.51
 10
222654.22
 20
333691.3
 10
222647.18
 20
336465.11
 10
222640.12
 20
339238.9200000001
 10
222633.07
 20
342012.75
 10
222626.0100000001
 20
344786.59
 10
222618.94
 20
347560.44
  0
LWPOLYLINE
  5
97
330
2
100
AcDbEntity
  8
G50
  6
Continuous
100
AcDbPolyline
 90
       40
 70
     1
 43
0.0
 10
222682.37
 20
322596.2000000001
 10
224950.61
 20
322602.23
 10
227218.86
 20
322608.84
 10
229487.1
 20
322616.03
 10
231755.35
 20
322623.79
 10
234023.6
 20
322632.12
 10
236291.8500000001
 20
322641.0300000001
 10
238560.11
 20
322650.51
 10
240828.36
 20
322660.57
 10
243096.62
 20
322671.2000000001
 10
245364.88
 20
322682.41
 10
245378.94
 20
319908.64
 10
245392.98
 20
317134.88
 10
245407.02
 20
314361.13
 10
245421.04
 20
311587.39
 10
245435.06
 20
308813.66
 10
245449.07
 20
306039.94
 10
245463.07
 20
303266.24
 10
245477.06
 20
300492.55
 10
245491.0400000001
 20
297718.86
 10
245505.02
 20
294945.19
 10
243229.75
 20
294934.02
 10
240954.48
 20
294923.4200000001
 10
238679.22
 20
294913.3900000001
 10
236403.96
 20
294903.94
 10
234128.7
 20
294895.06
 10
231853.44
 20
294886.75
 10
229578.19
 20
294879.02
 10
227302.94
 20
294871.85
 10
225027.69
 20
294865.26
 10
222752.44
 20
294859.25
 10
222745.45
 20
297632.89
 10
222738.46
 20
300406.55
 10
222731.46
 20
303180.21
 10
222724.46
 20
305953.8900000001
 10
222717.46
 20
308727.58
 10
222710.45
 20
311501.2800000001
 10
222703.44
 20
314274.99
 10
222696.42
 20
317048.72
 10
222689.4
 20
319822.45
  0
LWPOLYLINE
  5
98
330
2
100
AcDbEntity
  8
G50
  6
Continuous
100
AcDbPolyline
 90
       40
 70
     1
 43
0.0
 10
222540.94
 20
378073.56
 10
224795.04
 20
378079.63
 10
227049.14
 20
378086.2800000001
 10
229303.25
 20
378093.5
 10
231557.35
 20
378101.31
 10
233811.46
 20
378109.69
 10
236065.57
 20
378118.65
 10
238319.68
 20
378128.1900000001
 10
240573.79
 20
378138.31
 10
242827.9
 20
378149.0
 10
245082.02
 20
378160.27
 10
245096.25
 20
375386.2700000001
 10
245110.46
 20
372612.2800000001
 10
245124.67
 20
369838.3
 10
245138.87
 20
367064.33
 10
245153.06
 20
364290.3800000001
 10
245167.24
 20
361516.43
 10
245181.42
 20
358742.5
 10
245195.58
 20
355968.58
 10
245209.74
 20
353194.6700000001
 10
245223.8900000001
 20
350420.7700000001
 10
242962.67
 20
350409.53
 10
240701.47
 20
350398.86
 10
238440.26
 20
350388.7800000001
 10
236179.06
 20
350379.2600000001
 10
233917.85
 20
350370.33
 10
231656.65
 20
350361.97
 10
229395.46
 20
350354.19
 10
227134.26
 20
350346.98
 10
224873.07
 20
350340.35
 10
222611.87
 20
350334.3
 10
222604.8
 20
353108.18
 10
222597.72
 20
355882.06
 10
222590.64
 20
358655.96
 10
222583.55
 20
361429.87
 10
222576.46
 20
364203.7800000001
 10
222569.37
 20
366977.72
 10
222562.27
 20
369751.66
 10
222555.16
 20
372525.61
 10
222548.06
 20
375299.58
  0
LWPOLYLINE
  5
99
330
2
100
AcDbEntity
  8
G50
  6
Continuous
100
AcDbPolyline
 90
       40
 70
     1
 43
0.0
 10
267836.17
 20
350564.8900000001
 10
270097.42
 20
350582.47
 10
272358.68
 20
350600.63
 10
274619.93
 20
350619.37
 10
276881.2
 20
350638.68
 10
279142.46
 20
350658.57
 10
281403.73
 20
350679.03
 10
283665.01
 20
350700.08
 10
285926.29
 20
350721.7
 10
288187.58
 20
350743.89
 10
290448.87
 20
350766.66
 10
290477.1500000001
 20
347992.68
 10
290505.42
 20
345218.7
 10
290533.66
 20
342444.73
 10
290561.89
 20
339670.7800000001
 10
290590.1
 20
336896.83
 10
290618.3
 20
334122.9000000001
 10
290646.48
 20
331348.98
 10
290674.64
 20
328575.0700000001
 10
290702.7800000001
 20
325801.1700000001
 10
290730.9000000001
 20
323027.28
 10
288462.56
 20
323004.57
 10
286194.22
 20
322982.44
 10
283925.8800000001
 20
322960.8900000001
 10
281657.56
 20
322939.9100000001
 10
279389.23
 20
322919.5
 10
277120.91
 20
322899.6700000001
 10
274852.6
 20
322880.4200000001
 10
272584.29
 20
322861.74
 10
270315.98
 20
322843.63
 10
268047.68
 20
322826.1
 10
268026.5900000001
 20
325599.93
 10
268005.48
 20
328373.77
 10
267984.37
 20
331147.62
 10
267963.23
 20
333921.48
 10
267942.09
 20
336695.35
 10
267920.93
 20
339469.24
 10
267899.7600000001
 20
342243.13
 10
267878.58
 20
345017.0400000001
 10
267857.3800000001
 20
347790.96
  0
LWPOLYLINE
  5
9A
330
2
100
AcDbEntity
  8
G50
  6
Continuous
100
AcDbPolyline
 90
       40
 70
     1
 43
0.0
 10
268047.68
 20
322826.1
 10
270315.98
 20
322843.63
 10
272584.29
 20
322861.74
 10
274852.6
 20
322880.4200000001
 10
277120.91
 20
322899.6700000001
 10
279389.23
 20
322919.5
 10
281657.56
 20
322939.9100000001
 10
283925.8800000001
 20
322960.8900000001
 10
286194.22
 20
322982.44
 10
288462.56
 20
323004.57
 10
290730.9000000001
 20
323027.28
 10
290759.01
 20
320253.4000000001
 10
290787.1
 20
317479.5300000001
 10
290815.18
 20
314705.68
 10
290843.23
 20
311931.84
 10
290871.27
 20
309158.0
 10
290899.29
 20
306384.18
 10
290927.3
 20
303610.37
 10
290955.2800000001
 20
300836.5700000001
 10
290983.25
 20
298062.78
 10
291011.2
 20
295289.01
 10
288735.85
 20
295266.37
 10
286460.5
 20
295244.31
 10
284185.16
 20
295222.82
 10
281909.82
 20
295201.9
 10
279634.49
 20
295181.56
 10
277359.16
 20
295161.79
 10
275083.83
 20
295142.6
 10
272808.5200000001
 20
295123.97
 10
270533.2
 20
295105.9200000001
 10
268257.8900000001
 20
295088.45
 10
268236.93
 20
297862.16
 10
268215.95
 20
300635.89
 10
268194.97
 20
303409.62
 10
268173.96
 20
306183.37
 10
268152.95
 20
308957.13
 10
268131.92
 20
311730.9
 10
268110.88
 20
314504.69
 10
268089.83
 20
317278.48
 10
268068.7600000001
 20
320052.28
  0
LWPOLYLINE
  5
9B
330
2
100
AcDbEntity
  8
G50
  6
Continuous
100
AcDbPolyline
 90
       40
 70
     1
 43
0.0
 10
267623.37
 20
378304.81
 10
269877.52
 20
378322.44
 10
272131.68
 20
378340.66
 10
274385.8400000001
 20
378359.45
 10
276640.01
 20
378378.8100000001
 10
278894.18
 20
378398.7600000001
 10
281148.36
 20
378419.29
 10
283402.54
 20
378440.39
 10
285656.73
 20
378462.07
 10
287910.92
 20
378484.33
 10
290165.12
 20
378507.17
 10
290193.5700000001
 20
375733.07
 10
290222.0
 20
372958.98
 10
290250.42
 20
370184.9000000001
 10
290278.83
 20
367410.83
 10
290307.2100000001
 20
364636.78
 10
290335.58
 20
361862.73
 10
290363.93
 20
359088.7
 10
290392.26
 20
356314.68
 10
290420.57
 20
353540.66
 10
290448.87
 20
350766.66
 10
288187.58
 20
350743.89
 10
285926.29
 20
350721.7
 10
283665.01
 20
350700.08
 10
281403.73
 20
350679.03
 10
279142.46
 20
350658.57
 10
276881.2
 20
350638.68
 10
274619.93
 20
350619.37
 10
272358.68
 20
350600.63
 10
270097.42
 20
350582.47
 10
267836.17
 20
350564.8900000001
 10
267814.95
 20
353338.83
 10
267793.7100000001
 20
356112.7800000001
 10
267772.47
 20
358886.74
 10
267751.21
 20
361660.72
 10
267729.93
 20
364434.71
 10
267708.64
 20
367208.7000000001
 10
267687.35
 20
369982.71
 10
267666.03
 20
372756.73
 10
267644.7100000001
 20
375530.77
  0
LWPOLYLINE
  5
9C
330
2
100
AcDbEntity
  8
G50
  6
Continuous
100
AcDbPolyline
 90
       40
 70
     1
 43
0.0
 10
66042.25
 20
462318.4199999999
 10
68275.02
 20
462283.75
 10
70507.8
 20
462249.6400000001
 10
72740.55
 20
462216.1199999999
 10
74973.3
 20
462183.17
 10
77206.03999999999
 20
462150.82
 10
79438.78
 20
462119.02
 10
81671.51
 20
462087.86
 10
83904.22
 20
462057.25
 10
86136.96
 20
462027.21
 10
88369.64999999999
 20
461997.76
 10
88333.44
 20
459223.26
 10
88297.24999999999
 20
456448.7699999999
 10
88261.10000000001
 20
453674.3
 10
88224.96000000001
 20
450899.8
 10
88188.82
 20
448125.3699999999
 10
88152.71
 20
445350.9
 10
88116.63000000001
 20
442576.4599999999
 10
88080.56
 20
439802.03
 10
88044.52000000001
 20
437027.62
 10
88008.49000000001
 20
434253.19
 10
85768.57
 20
434282.54
 10
83528.61
 20
434312.53
 10
81288.66999999999
 20
434343.0399999999
 10
79048.71
 20
434374.15
 10
76808.75
 20
434405.82
 10
74568.78
 20
434438.11
 10
72328.8
 20
434470.94
 10
70088.80999999999
 20
434504.39
 10
67848.81
 20
434538.4099999999
 10
65608.82000000001
 20
434573.0200000001
 10
65652.05
 20
437347.49
 10
65695.31
 20
440122.02
 10
65738.58999999999
 20
442896.52
 10
65781.89
 20
445671.04
 10
65825.22
 20
448445.6
 10
65868.57000000001
 20
451220.13
 10
65911.96
 20
453994.69
 10
65955.36
 20
456769.28
 10
65998.8
 20
459543.83
  0
LWPOLYLINE
  5
9D
330
2
100
AcDbEntity
  8
G50
  6
Continuous
100
AcDbPolyline
 90
       40
 70
     1
 43
0.0
 10
67801.49999999999
 20
573311.0400000001
 10
70004.92999999999
 20
573276.01
 10
72208.35000000001
 20
573241.57
 10
74411.77
 20
573207.7199999999
 10
76615.19
 20
573174.44
 10
78818.6
 20
573141.78
 10
81022.0
 20
573109.69
 10
83225.38000000001
 20
573078.19
 10
85428.77
 20
573047.2900000001
 10
87632.17
 20
573016.97
 10
89835.53999999999
 20
572987.26
 10
89798.49000000001
 20
570212.27
 10
89761.46000000001
 20
567437.35
 10
89724.42
 20
564662.4
 10
89687.45
 20
561887.48
 10
89650.47999999999
 20
559112.5900000001
 10
89613.51
 20
556337.6699999999
 10
89576.58
 20
553562.78
 10
89539.67999999999
 20
550787.9199999999
 10
89502.78
 20
548013.0600000001
 10
89465.92
 20
545238.2
 10
87255.11
 20
545267.8699999999
 10
85044.33
 20
545298.11
 10
82833.57
 20
545328.9299999999
 10
80622.76
 20
545360.36
 10
78411.96
 20
545392.37
 10
76201.15
 20
545424.98
 10
73990.34
 20
545458.16
 10
71779.53
 20
545491.9199999999
 10
69568.71000000001
 20
545526.28
 10
67357.88000000001
 20
545561.24
 10
67402.11999999999
 20
548336.1799999999
 10
67446.39999999999
 20
551111.1200000001
 10
67490.69
 20
553886.0600000001
 10
67535.02000000001
 20
556661.02
 10
67579.37
 20
559435.99
 10
67623.73
 20
562210.99
 10
67668.14999999999
 20
564985.99
 10
67712.56
 20
567760.9799999999
 10
67757.00999999999
 20
570536.01
  0
LWPOLYLINE
  5
9E
330
2
100
AcDbEntity
  8
G50
  6
Continuous
100
AcDbPolyline
 90
       40
 70
     1
 43
0.0
 10
265425.0
 20
655767.1800000001
 10
267605.86
 20
655785.25
 10
269786.73
 20
655803.9100000001
 10
271967.6
 20
655823.16
 10
274148.47
 20
655843.0100000001
 10
276329.35
 20
655863.45
 10
278510.22
 20
655884.48
 10
280691.11
 20
655906.0999999999
 10
282871.99
 20
655928.32
 10
285052.88
 20
655951.13
 10
287233.77
 20
655974.53
 10
287263.92
 20
653199.29
 10
287294.05
 20
650424.0600000001
 10
287324.17
 20
647648.8500000001
 10
287354.26
 20
644873.64
 10
287384.3400000001
 20
642098.45
 10
287414.41
 20
639323.2700000001
 10
287444.46
 20
636548.09
 10
287474.49
 20
633772.94
 10
287504.5
 20
630997.79
 10
287534.5
 20
628222.6500000001
 10
285346.09
 20
628199.3
 10
283157.68
 20
628176.5400000001
 10
280969.2700000001
 20
628154.37
 10
278780.87
 20
628132.79
 10
276592.47
 20
628111.8000000001
 10
274404.08
 20
628091.41
 10
272215.68
 20
628071.6
 10
270027.3
 20
628052.3900000001
 10
267838.91
 20
628033.7600000001
 10
265650.53
 20
628015.7299999999
 10
265628.0300000001
 20
630790.83
 10
265605.5200000001
 20
633565.9300000001
 10
265583.0
 20
636341.0400000001
 10
265560.47
 20
639116.1700000001
 10
265537.92
 20
641891.3100000001
 10
265515.36
 20
644666.46
 10
265492.79
 20
647441.62
 10
265470.2100000001
 20
650216.8000000001
 10
265447.61
 20
652991.98
  0
LWPOLYLINE
  5
9F
330
2
100
AcDbEntity
  8
G50
  6
Continuous
100
AcDbPolyline
 90
       40
 70
     1
 43
0.0
 10
243616.51
 20
655619.08
 10
245797.35
 20
655631.23
 10
247978.19
 20
655643.96
 10
250159.03
 20
655657.29
 10
252339.88
 20
655671.21
 10
254520.72
 20
655685.73
 10
256701.5700000001
 20
655700.8299999999
 10
258882.43
 20
655716.5300000001
 10
261063.28
 20
655732.8199999999
 10
263244.1400000001
 20
655749.6999999999
 10
265425.0
 20
655767.1800000001
 10
265447.61
 20
652991.98
 10
265470.2100000001
 20
650216.8000000001
 10
265492.79
 20
647441.62
 10
265515.36
 20
644666.46
 10
265537.92
 20
641891.3100000001
 10
265560.47
 20
639116.1700000001
 10
265583.0
 20
636341.0400000001
 10
265605.5200000001
 20
633565.9300000001
 10
265628.0300000001
 20
630790.83
 10
265650.53
 20
628015.7299999999
 10
263462.1500000001
 20
627998.2900000001
 10
261273.77
 20
627981.44
 10
259085.4
 20
627965.19
 10
256897.03
 20
627949.52
 10
254708.66
 20
627934.45
 10
252520.3
 20
627919.96
 10
250331.93
 20
627906.07
 10
248143.57
 20
627892.77
 10
245955.21
 20
627880.0600000001
 10
243766.86
 20
627867.94
 10
243751.86
 20
630643.0
 10
243736.85
 20
633418.07
 10
243721.84
 20
636193.1600000001
 10
243706.8200000001
 20
638968.26
 10
243691.79
 20
641743.3599999999
 10
243676.75
 20
644518.4799999999
 10
243661.7
 20
647293.6200000001
 10
243646.65
 20
650068.76
 10
243631.58
 20
652843.9099999999
  0
LWPOLYLINE
  5
A0
330
2
100
AcDbEntity
  8
G50
  6
Continuous
100
AcDbPolyline
 90
       40
 70
     1
 43
0.0
 10
221808.21
 20
655530.23
 10
223989.03
 20
655536.45
 10
226169.86
 20
655543.26
 10
228350.68
 20
655550.6600000001
 10
230531.51
 20
655558.6600000001
 10
232712.34
 20
655567.25
 10
234893.17
 20
655576.4300000001
 10
237074.0
 20
655586.2000000001
 10
239254.84
 20
655596.57
 10
241435.67
 20
655607.53
 10
243616.51
 20
655619.08
 10
243631.58
 20
652843.9099999999
 10
243646.65
 20
650068.76
 10
243661.7
 20
647293.6200000001
 10
243676.75
 20
644518.4799999999
 10
243691.79
 20
641743.3599999999
 10
243706.8200000001
 20
638968.26
 10
243721.84
 20
636193.1600000001
 10
243736.85
 20
633418.07
 10
243751.86
 20
630643.0
 10
243766.86
 20
627867.94
 10
241578.5
 20
627856.41
 10
239390.15
 20
627845.48
 10
237201.8
 20
627835.13
 10
235013.45
 20
627825.38
 10
232825.1
 20
627816.21
 10
230636.75
 20
627807.64
 10
228448.41
 20
627799.6600000001
 10
226260.06
 20
627792.2700000001
 10
224071.72
 20
627785.47
 10
221883.38
 20
627779.27
 10
221875.88
 20
630554.3100000001
 10
221868.38
 20
633329.3600000001
 10
221860.87
 20
636104.4300000001
 10
221853.36
 20
638879.51
 10
221845.85
 20
641654.6
 10
221838.33
 20
644429.7
 10
221830.8
 20
647204.8100000001
 10
221823.27
 20
649979.9399999999
 10
221815.74
 20
652755.08
  0
LWPOLYLINE
  5
A1
330
2
100
AcDbEntity
  8
G50
  6
Continuous
100
AcDbPolyline
 90
       40
 70
     1
 43
0.0
 10
200000.0
 20
655500.6099999999
 10
202180.82
 20
655500.9000000001
 10
204361.64
 20
655501.79
 10
206542.46
 20
655503.2700000001
 10
208723.28
 20
655505.3499999999
 10
210904.1
 20
655508.0100000001
 10
213084.92
 20
655511.2700000001
 10
215265.74
 20
655515.12
 10
217446.56
 20
655519.5600000001
 10
219627.38
 20
655524.6
 10
221808.21
 20
655530.23
 10
221815.74
 20
652755.08
 10
221823.27
 20
649979.9399999999
 10
221830.8
 20
647204.8100000001
 10
221838.33
 20
644429.7
 10
221845.85
 20
641654.6
 10
221853.36
 20
638879.51
 10
221860.87
 20
636104.4300000001
 10
221868.38
 20
633329.3600000001
 10
221875.88
 20
630554.3100000001
 10
221883.38
 20
627779.27
 10
219695.04
 20
627773.65
 10
217506.7
 20
627768.63
 10
215318.36
 20
627764.1899999999
 10
213130.02
 20
627760.35
 10
210941.68
 20
627757.1
 10
208753.3500000001
 20
627754.44
 10
206565.01
 20
627752.37
 10
204376.67
 20
627750.89
 10
202188.34
 20
627750.0100000001
 10
200000.0
 20
627749.71
 10
200000.0
 20
630524.75
 10
200000.0
 20
633299.8
 10
200000.0
 20
636074.86
 10
200000.0
 20
638849.9300000001
 10
200000.0
 20
641625.01
 10
200000.0
 20
644400.11
 10
200000.0
 20
647175.21
 10
200000.0
 20
649950.3299999999
 10
200000.0
 20
652725.46
  0
LWPOLYLINE
  5
A2
330
2
100
AcDbEntity
  8
G50
  6
Continuous
100
AcDbPolyline
 90
       40
 70
     1
 43
0.0
 10
200000.0
 20
433526.4699999999
 10
202239.78
 20
433526.76
 10
204479.56
 20
433527.64
 10
206719.33
 20
433529.09
 10
208959.11
 20
433531.12
 10
211198.89
 20
433533.74
 10
213438.67
 20
433536.94
 10
215678.45
 20
433540.72
 10
217918.23
 20
433545.08
 10
220158.0100000001
 20
433550.0200000001
 10
222397.8
 20
433555.5399999999
 10
222404.99
 20
430781.33
 10
222412.19
 20
428007.13
 10
222419.38
 20
425232.95
 10
222426.56
 20
422458.77
 10
222433.74
 20
419684.61
 10
222440.92
 20
416910.46
 10
222448.09
 20
414136.3199999999
 10
222455.26
 20
411362.19
 10
222462.43
 20
408588.07
 10
222469.58
 20
405813.97
 10
220222.62
 20
405808.4599999999
 10
217975.66
 20
405803.53
 10
215728.7
 20
405799.1799999999
 10
213481.74
 20
405795.42
 10
211234.78
 20
405792.23
 10
208987.83
 20
405789.62
 10
206740.87
 20
405787.59
 10
204493.91
 20
405786.14
 10
202246.96
 20
405785.27
 10
200000.0
 20
405784.98
 10
200000.0
 20
408559.0800000001
 10
200000.0
 20
411333.19
 10
200000.0
 20
414107.3099999999
 10
200000.0
 20
416881.44
 10
200000.0
 20
419655.58
 10
200000.0
 20
422429.74
 10
200000.0
 20
425203.9
 10
200000.0
 20
427978.08
 10
200000.0
 20
430752.27
  0
LWPOLYLINE
  5
A3
330
2
100
AcDbEntity
  8
G50
  6
Continuous
100
AcDbPolyline
 90
       40
 70
     1
 43
0.0
 10
200000.0
 20
461269.13
 10
202232.56
 20
461269.4199999999
 10
204465.11
 20
461270.2999999999
 10
206697.67
 20
461271.75
 10
208930.23
 20
461273.7899999999
 10
211162.78
 20
461276.4199999999
 10
213395.34
 20
461279.62
 10
215627.9
 20
461283.4099999999
 10
217860.46
 20
461287.78
 10
220093.02
 20
461292.74
 10
222325.58
 20
461298.27
 10
222332.82
 20
458523.95
 10
222340.06
 20
455749.63
 10
222347.29
 20
452975.33
 10
222354.52
 20
450201.04
 10
222361.74
 20
447426.76
 10
222368.96
 20
444652.49
 10
222376.18
 20
441878.24
 10
222383.39
 20
439103.9899999999
 10
222390.59
 20
436329.76
 10
222397.8
 20
433555.5399999999
 10
220158.0100000001
 20
433550.0200000001
 10
217918.23
 20
433545.08
 10
215678.45
 20
433540.72
 10
213438.67
 20
433536.94
 10
211198.89
 20
433533.74
 10
208959.11
 20
433531.12
 10
206719.33
 20
433529.09
 10
204479.56
 20
433527.64
 10
202239.78
 20
433526.76
 10
200000.0
 20
433526.4699999999
 10
200000.0
 20
436300.69
 10
200000.0
 20
439074.9099999999
 10
200000.0
 20
441849.15
 10
200000.0
 20
444623.4
 10
200000.0
 20
447397.66
 10
200000.0
 20
450171.93
 10
200000.0
 20
452946.21
 10
200000.0
 20
455720.51
 10
200000.0
 20
458494.81
  0
LWPOLYLINE
  5
A4
330
2
100
AcDbEntity
  8
G50
  6
Continuous
100
AcDbPolyline
 90
       40
 70
     1
 43
0.0
 10
200000.0
 20
489012.96
 10
202225.29
 20
489013.2499999999
 10
204450.58
 20
489014.12
 10
206675.88
 20
489015.59
 10
208901.17
 20
489017.63
 10
211126.46
 20
489020.2600000001
 10
213351.76
 20
489023.47
 10
215577.05
 20
489027.27
 10
217802.34
 20
489031.65
 10
220027.64
 20
489036.62
 10
222252.94
 20
489042.17
 10
222260.22
 20
486267.73
 10
222267.5
 20
483493.3
 10
222274.77
 20
480718.88
 10
222282.05
 20
477944.4699999999
 10
222289.31
 20
475170.08
 10
222296.57
 20
472395.69
 10
222303.83
 20
469621.32
 10
222311.09
 20
466846.96
 10
222318.33
 20
464072.61
 10
222325.58
 20
461298.27
 10
220093.02
 20
461292.74
 10
217860.46
 20
461287.78
 10
215627.9
 20
461283.4099999999
 10
213395.34
 20
461279.62
 10
211162.78
 20
461276.4199999999
 10
208930.23
 20
461273.7899999999
 10
206697.67
 20
461271.75
 10
204465.11
 20
461270.2999999999
 10
202232.56
 20
461269.4199999999
 10
200000.0
 20
461269.13
 10
200000.0
 20
464043.46
 10
200000.0
 20
466817.8
 10
200000.0
 20
469592.16
 10
200000.0
 20
472366.5200000001
 10
200000.0
 20
475140.9
 10
200000.0
 20
477915.2899999999
 10
200000.0
 20
480689.69
 10
200000.0
 20
483464.1
 10
200000.0
 20
486238.5200000001
  0
LWPOLYLINE
  5
A5
330
2
100
AcDbEntity
  8
G50
  6
Continuous
100
AcDbPolyline
 90
       40
 70
     1
 43
0.0
 10
200000.0
 20
516757.95
 10
202217.99
 20
516758.25
 10
204435.97
 20
516759.12
 10
206653.96
 20
516760.59
 10
208871.94
 20
516762.64
 10
211089.93
 20
516765.2700000001
 10
213307.91
 20
516768.5
 10
215525.9
 20
516772.3
 10
217743.89
 20
516776.7000000001
 10
219961.88
 20
516781.68
 10
222179.87
 20
516787.24
 10
222187.2
 20
514012.68
 10
222194.52
 20
511238.13
 10
222201.84
 20
508463.5999999999
 10
222209.15
 20
505689.07
 10
222216.46
 20
502914.56
 10
222223.76
 20
500140.06
 10
222231.06
 20
497365.5700000001
 10
222238.36
 20
494591.0900000001
 10
222245.65
 20
491816.63
 10
222252.94
 20
489042.17
 10
220027.64
 20
489036.62
 10
217802.34
 20
489031.65
 10
215577.05
 20
489027.27
 10
213351.76
 20
489023.47
 10
211126.46
 20
489020.2600000001
 10
208901.17
 20
489017.63
 10
206675.88
 20
489015.59
 10
204450.58
 20
489014.12
 10
202225.29
 20
489013.2499999999
 10
200000.0
 20
489012.96
 10
200000.0
 20
491787.4000000001
 10
200000.0
 20
494561.86
 10
200000.0
 20
497336.33
 10
200000.0
 20
500110.81
 10
200000.0
 20
502885.31
 10
200000.0
 20
505659.81
 10
200000.0
 20
508434.33
 10
200000.0
 20
511208.8599999999
 10
200000.0
 20
513983.4
  0
LWPOLYLINE
  5
A6
330
2
100
AcDbEntity
  8
G50
  6
Continuous
100
AcDbPolyline
 90
       40
 70
     1
 43
0.0
 10
200000.0
 20
600000.0
 10
202195.81
 20
600000.2900000001
 10
204391.62
 20
600001.1799999999
 10
206587.44
 20
600002.65
 10
208783.25
 20
600004.72
 10
210979.06
 20
600007.37
 10
213174.87
 20
600010.6200000001
 10
215370.69
 20
600014.45
 10
217566.5
 20
600018.88
 10
219762.32
 20
600023.89
 10
221958.13
 20
600029.49
 10
221965.58
 20
597254.5800000001
 10
221973.03
 20
594479.6799999999
 10
221980.48
 20
591704.79
 10
221987.92
 20
588929.9099999999
 10
221995.35
 20
586155.05
 10
222002.78
 20
583380.2
 10
222010.21
 20
580605.35
 10
222017.63
 20
577830.5200000001
 10
222025.05
 20
575055.7099999999
 10
222032.47
 20
572280.9
 10
219829.22
 20
572275.3100000001
 10
217625.97
 20
572270.3100000001
 10
215422.72
 20
572265.89
 10
213219.47
 20
572262.0700000001
 10
211016.23
 20
572258.8300000001
 10
208812.98
 20
572256.18
 10
206609.74
 20
572254.1200000001
 10
204406.49
 20
572252.65
 10
202203.24
 20
572251.77
 10
200000.0
 20
572251.47
 10
200000.0
 20
575026.27
 10
200000.0
 20
577801.0800000001
 10
200000.0
 20
580575.9099999999
 10
200000.0
 20
583350.74
 10
200000.0
 20
586125.5900000001
 10
200000.0
 20
588900.45
 10
200000.0
 20
591675.3200000001
 10
200000.0
 20
594450.1999999999
 10
200000.0
 20
597225.0900000001
  0
LWPOLYLINE
  5
A7
330
2
100
AcDbEntity
  8
G50
  6
Continuous
100
AcDbPolyline
 90
       40
 70
     1
 43
0.0
 10
200000.0
 20
627749.71
 10
202188.34
 20
627750.0100000001
 10
204376.67
 20
627750.89
 10
206565.01
 20
627752.37
 10
208753.3500000001
 20
627754.44
 10
210941.68
 20
627757.1
 10
213130.02
 20
627760.35
 10
215318.36
 20
627764.1899999999
 10
217506.7
 20
627768.63
 10
219695.04
 20
627773.65
 10
221883.38
 20
627779.27
 10
221890.87
 20
625004.24
 10
221898.36
 20
622229.22
 10
221905.85
 20
619454.2099999999
 10
221913.33
 20
616679.2199999999
 10
221920.81
 20
613904.2299999999
 10
221928.28
 20
611129.26
 10
221935.75
 20
608354.3000000001
 10
221943.22
 20
605579.35
 10
221950.68
 20
602804.42
 10
221958.13
 20
600029.49
 10
219762.32
 20
600023.89
 10
217566.5
 20
600018.88
 10
215370.69
 20
600014.45
 10
213174.87
 20
600010.6200000001
 10
210979.06
 20
600007.37
 10
208783.25
 20
600004.72
 10
206587.44
 20
600002.65
 10
204391.62
 20
600001.1799999999
 10
202195.81
 20
600000.2900000001
 10
200000.0
 20
600000.0
 10
200000.0
 20
602774.9199999999
 10
200000.0
 20
605549.85
 10
200000.0
 20
608324.79
 10
200000.0
 20
611099.74
 10
200000.0
 20
613874.7099999999
 10
200000.0
 20
616649.68
 10
200000.0
 20
619424.6699999999
 10
200000.0
 20
622199.67
 10
200000.0
 20
624974.6899999999
  0
LWPOLYLINE
  5
A8
330
2
100
AcDbEntity
  8
G50
  6
Continuous
100
AcDbPolyline
 90
       40
 70
     1
 43
0.0
 10
133680.42
 20
544768.37
 10
135891.11
 20
544751.05
 10
138101.79
 20
544734.3100000001
 10
140312.46
 20
544718.16
 10
142523.14
 20
544702.6000000001
 10
144733.81
 20
544687.63
 10
146944.48
 20
544673.2400000001
 10
149155.15
 20
544659.44
 10
151365.81
 20
544646.23
 10
153576.47
 20
544633.6
 10
155787.13
 20
544621.5600000001
 10
155772.39
 20
541846.87
 10
155757.67
 20
539072.1799999999
 10
155742.95
 20
536297.51
 10
155728.24
 20
533522.8400000001
 10
155713.53
 20
530748.1899999999
 10
155698.84
 20
527973.5500000001
 10
155684.15
 20
525198.9299999999
 10
155669.47
 20
522424.31
 10
155654.81
 20
519649.7100000001
 10
155640.15
 20
516875.11
 10
153422.14
 20
516887.12
 10
151204.12
 20
516899.7199999999
 10
148986.11
 20
516912.9
 10
146768.09
 20
516926.66
 10
144550.07
 20
516941.02
 10
142332.05
 20
516955.96
 10
140114.03
 20
516971.48
 10
137896.0
 20
516987.59
 10
135677.97
 20
517004.29
 10
133459.93
 20
517021.5699999999
 10
133481.92
 20
519796.2
 10
133503.93
 20
522570.8400000001
 10
133525.95
 20
525345.49
 10
133547.98
 20
528120.15
 10
133570.02
 20
530894.83
 10
133592.07
 20
533669.51
 10
133614.14
 20
536444.21
 10
133636.22
 20
539218.9199999999
 10
133658.32
 20
541993.64
  0
LWPOLYLINE
  5
A9
330
2
100
AcDbEntity
  8
G50
  6
Continuous
100
AcDbPolyline
 90
       40
 70
     1
 43
0.0
 10
111573.38
 20
544973.9099999999
 10
113784.1
 20
544950.7099999999
 10
115994.82
 20
544928.1
 10
118205.54
 20
544906.0800000001
 10
120416.24
 20
544884.6500000001
 10
122626.95
 20
544863.8
 10
124837.65
 20
544843.5400000001
 10
127048.35
 20
544823.87
 10
129259.04
 20
544804.7800000001
 10
131469.73
 20
544786.2800000001
 10
133680.42
 20
544768.37
 10
133658.32
 20
541993.64
 10
133636.22
 20
539218.9199999999
 10
133614.14
 20
536444.21
 10
133592.07
 20
533669.51
 10
133570.02
 20
530894.83
 10
133547.98
 20
528120.15
 10
133525.95
 20
525345.49
 10
133503.93
 20
522570.8400000001
 10
133481.92
 20
519796.2
 10
133459.93
 20
517021.5699999999
 10
131241.9
 20
517039.44
 10
129023.85
 20
517057.89
 10
126805.81
 20
517076.9299999999
 10
124587.76
 20
517096.56
 10
122369.71
 20
517116.77
 10
120151.65
 20
517137.57
 10
117933.59
 20
517158.95
 10
115715.52
 20
517180.92
 10
113497.45
 20
517203.48
 10
111279.38
 20
517226.62
 10
111308.7
 20
520001.3
 10
111338.04
 20
522775.99
 10
111367.4
 20
525550.69
 10
111396.78
 20
528325.4
 10
111426.17
 20
531100.12
 10
111455.58
 20
533874.86
 10
111485.0
 20
536649.6
 10
111514.45
 20
539424.36
 10
111543.91
 20
542199.1300000001
  0
LWPOLYLINE
  5
AA
330
2
100
AcDbEntity
  8
G50
  6
Continuous
100
AcDbPolyline
 90
       40
 70
     1
 43
0.0
 10
132806.11
 20
433788.07
 10
135045.94
 20
433770.9199999999
 10
137285.77
 20
433754.36
 10
139525.59
 20
433738.37
 10
141765.42
 20
433722.96
 10
144005.23
 20
433708.14
 10
146245.05
 20
433693.9
 10
148484.86
 20
433680.23
 10
150724.67
 20
433667.15
 10
152964.48
 20
433654.66
 10
155204.28
 20
433642.74
 10
155189.89
 20
430868.51
 10
155175.5
 20
428094.28
 10
155161.12
 20
425320.0699999999
 10
155146.75
 20
422545.8800000001
 10
155132.38
 20
419771.69
 10
155118.03
 20
416997.5100000001
 10
155103.69
 20
414223.3499999999
 10
155089.35
 20
411449.2000000001
 10
155075.02
 20
408675.06
 10
155060.7
 20
405900.93
 10
152813.72
 20
405912.81
 10
150566.73
 20
405925.28
 10
148319.74
 20
405938.32
 10
146072.75
 20
405951.95
 10
143825.75
 20
405966.15
 10
141578.76
 20
405980.94
 10
139331.75
 20
405996.2999999999
 10
137084.75
 20
406012.24
 10
134837.74
 20
406028.77
 10
132590.73
 20
406045.87
 10
132612.21
 20
408820.04
 10
132633.7
 20
411594.22
 10
132655.21
 20
414368.41
 10
132676.73
 20
417142.62
 10
132698.26
 20
419916.83
 10
132719.8
 20
422691.06
 10
132741.36
 20
425465.2899999999
 10
132762.93
 20
428239.54
 10
132784.51
 20
431013.8
  0
LWPOLYLINE
  5
AB
330
2
100
AcDbEntity
  8
G50
  6
Continuous
100
AcDbPolyline
 90
       40
 70
     1
 43
0.0
 10
133022.77
 20
461531.42
 10
135255.38
 20
461514.23
 10
137487.99
 20
461497.62
 10
139720.59
 20
461481.59
 10
141953.19
 20
461466.1400000001
 10
144185.78
 20
461451.28
 10
146418.38
 20
461437.0
 10
148650.97
 20
461423.3
 10
150883.55
 20
461410.18
 10
153116.14
 20
461397.65
 10
155348.72
 20
461385.7
 10
155334.24
 20
458611.3499999999
 10
155319.76
 20
455837.02
 10
155305.3
 20
453062.69
 10
155290.84
 20
450288.38
 10
155276.39
 20
447514.0800000001
 10
155261.95
 20
444739.78
 10
155247.52
 20
441965.51
 10
155233.1
 20
439191.24
 10
155218.69
 20
436416.9799999999
 10
155204.28
 20
433642.74
 10
152964.48
 20
433654.66
 10
150724.67
 20
433667.15
 10
148484.86
 20
433680.23
 10
146245.05
 20
433693.9
 10
144005.23
 20
433708.14
 10
141765.42
 20
433722.96
 10
139525.59
 20
433738.37
 10
137285.77
 20
433754.36
 10
135045.94
 20
433770.9199999999
 10
132806.11
 20
433788.07
 10
132827.72
 20
436562.36
 10
132849.34
 20
439336.65
 10
132870.97
 20
442110.96
 10
132892.62
 20
444885.28
 10
132914.28
 20
447659.61
 10
132935.95
 20
450433.95
 10
132957.64
 20
453208.3
 10
132979.34
 20
455982.66
 10
133001.05
 20
458757.0399999999
  0
LWPOLYLINE
  5
AC
330
2
100
AcDbEntity
  8
G50
  6
Continuous
100
AcDbPolyline
 90
       40
 70
     1
 43
0.0
 10
133240.72
 20
489275.92
 10
135466.06
 20
489258.68
 10
137691.4
 20
489242.0300000001
 10
139916.73
 20
489225.96
 10
142142.07
 20
489210.47
 10
144367.4
 20
489195.57
 10
146592.73
 20
489181.25
 10
148818.05
 20
489167.52
 10
151043.37
 20
489154.37
 10
153268.69
 20
489141.81
 10
155494.01
 20
489129.83
 10
155479.44
 20
486355.36
 10
155464.88
 20
483580.91
 10
155450.33
 20
480806.47
 10
155435.79
 20
478032.0399999999
 10
155421.26
 20
475257.62
 10
155406.73
 20
472483.21
 10
155392.22
 20
469708.82
 10
155377.71
 20
466934.43
 10
155363.21
 20
464160.06
 10
155348.72
 20
461385.7
 10
153116.14
 20
461397.65
 10
150883.55
 20
461410.18
 10
148650.97
 20
461423.3
 10
146418.38
 20
461437.0
 10
144185.78
 20
461451.28
 10
141953.19
 20
461466.1400000001
 10
139720.59
 20
461481.59
 10
137487.99
 20
461497.62
 10
135255.38
 20
461514.23
 10
133022.77
 20
461531.42
 10
133044.51
 20
464305.82
 10
133066.26
 20
467080.23
 10
133088.02
 20
469854.65
 10
133109.8
 20
472629.08
 10
133131.58
 20
475403.53
 10
133153.39
 20
478177.98
 10
133175.2
 20
480952.4500000001
 10
133197.02
 20
483726.9299999999
 10
133218.86
 20
486501.42
  0
LWPOLYLINE
  5
AD
330
2
100
AcDbEntity
  8
G50
  6
Continuous
100
AcDbPolyline
 90
       40
 70
     1
 43
0.0
 10
133459.93
 20
517021.5699999999
 10
135677.97
 20
517004.29
 10
137896.0
 20
516987.59
 10
140114.03
 20
516971.48
 10
142332.05
 20
516955.96
 10
144550.07
 20
516941.02
 10
146768.09
 20
516926.66
 10
148986.11
 20
516912.9
 10
151204.12
 20
516899.7199999999
 10
153422.14
 20
516887.12
 10
155640.15
 20
516875.11
 10
155625.49
 20
514100.53
 10
155610.85
 20
511325.9600000001
 10
155596.21
 20
508551.4
 10
155581.59
 20
505776.86
 10
155566.97
 20
503002.32
 10
155552.36
 20
500227.8
 10
155537.76
 20
497453.2899999999
 10
155523.17
 20
494678.79
 10
155508.58
 20
491904.3
 10
155494.01
 20
489129.83
 10
153268.69
 20
489141.81
 10
151043.37
 20
489154.37
 10
148818.05
 20
489167.52
 10
146592.73
 20
489181.25
 10
144367.4
 20
489195.57
 10
142142.07
 20
489210.47
 10
139916.73
 20
489225.96
 10
137691.4
 20
489242.0300000001
 10
135466.06
 20
489258.68
 10
133240.72
 20
489275.92
 10
133262.58
 20
492050.4300000001
 10
133284.46
 20
494824.96
 10
133306.35
 20
497599.4899999999
 10
133328.25
 20
500374.04
 10
133350.17
 20
503148.6000000001
 10
133372.09
 20
505923.17
 10
133394.03
 20
508697.75
 10
133415.99
 20
511472.35
 10
133437.95
 20
514246.95
  0
LWPOLYLINE
  5
AE
330
2
100
AcDbEntity
  8
G50
  6
Continuous
100
AcDbPolyline
 90
       40
 70
     1
 43
0.0
 10
110696.46
 20
461735.4399999999
 10
112929.11
 20
461712.42
 10
115161.76
 20
461689.98
 10
117394.4
 20
461668.12
 10
119627.04
 20
461646.8400000001
 10
121859.67
 20
461626.15
 10
124092.3
 20
461606.04
 10
126324.92
 20
461586.51
 10
128557.54
 20
461567.56
 10
130790.16
 20
461549.2
 10
133022.77
 20
461531.42
 10
133001.05
 20
458757.0399999999
 10
132979.34
 20
455982.66
 10
132957.64
 20
453208.3
 10
132935.95
 20
450433.95
 10
132914.28
 20
447659.61
 10
132892.62
 20
444885.28
 10
132870.97
 20
442110.96
 10
132849.34
 20
439336.65
 10
132827.72
 20
436562.36
 10
132806.11
 20
433788.07
 10
130566.27
 20
433805.81
 10
128326.43
 20
433824.12
 10
126086.59
 20
433843.01
 10
123846.74
 20
433862.49
 10
121606.89
 20
433882.55
 10
119367.03
 20
433903.1900000001
 10
117127.17
 20
433924.41
 10
114887.3
 20
433946.21
 10
112647.43
 20
433968.59
 10
110407.56
 20
433991.56
 10
110436.37
 20
436765.9
 10
110465.2
 20
439540.24
 10
110494.05
 20
442314.6
 10
110522.91
 20
445088.98
 10
110551.8
 20
447863.36
 10
110580.69
 20
450637.75
 10
110609.61
 20
453412.16
 10
110638.54
 20
456186.58
 10
110667.49
 20
458961.0
  0
LWPOLYLINE
  5
AF
330
2
100
AcDbEntity
  8
G50
  6
Continuous
100
AcDbPolyline
 90
       40
 70
     1
 43
0.0
 10
110987.07
 20
489480.46
 10
113212.45
 20
489457.38
 10
115437.83
 20
489434.88
 10
117663.21
 20
489412.96
 10
119888.58
 20
489391.63
 10
122113.94
 20
489370.89
 10
124339.31
 20
489350.72
 10
126564.66
 20
489331.1500000001
 10
128790.02
 20
489312.15
 10
131015.37
 20
489293.74
 10
133240.72
 20
489275.92
 10
133218.86
 20
486501.42
 10
133197.02
 20
483726.9299999999
 10
133175.2
 20
480952.4500000001
 10
133153.39
 20
478177.98
 10
133131.58
 20
475403.53
 10
133109.8
 20
472629.08
 10
133088.02
 20
469854.65
 10
133066.26
 20
467080.23
 10
133044.51
 20
464305.82
 10
133022.77
 20
461531.42
 10
130790.16
 20
461549.2
 10
128557.54
 20
461567.56
 10
126324.92
 20
461586.51
 10
124092.3
 20
461606.04
 10
121859.67
 20
461626.15
 10
119627.04
 20
461646.8400000001
 10
117394.4
 20
461668.12
 10
115161.76
 20
461689.98
 10
112929.11
 20
461712.42
 10
110696.46
 20
461735.4399999999
 10
110725.45
 20
464509.9
 10
110754.45
 20
467284.36
 10
110783.47
 20
470058.83
 10
110812.5
 20
472833.32
 10
110841.55
 20
475607.8099999999
 10
110870.62
 20
478382.32
 10
110899.71
 20
481156.84
 10
110928.81
 20
483931.37
 10
110957.93
 20
486705.91
  0
LWPOLYLINE
  5
B0
330
2
100
AcDbEntity
  8
G50
  6
Continuous
100
AcDbPolyline
 90
       40
 70
     1
 43
0.0
 10
110407.56
 20
433991.56
 10
112647.43
 20
433968.59
 10
114887.3
 20
433946.21
 10
117127.17
 20
433924.41
 10
119367.03
 20
433903.1900000001
 10
121606.89
 20
433882.55
 10
123846.74
 20
433862.49
 10
126086.59
 20
433843.01
 10
128326.43
 20
433824.12
 10
130566.27
 20
433805.81
 10
132806.11
 20
433788.07
 10
132784.51
 20
431013.8
 10
132762.93
 20
428239.54
 10
132741.36
 20
425465.2899999999
 10
132719.8
 20
422691.06
 10
132698.26
 20
419916.83
 10
132676.73
 20
417142.62
 10
132655.21
 20
414368.41
 10
132633.7
 20
411594.22
 10
132612.21
 20
408820.04
 10
132590.73
 20
406045.87
 10
130343.71
 20
406063.55
 10
128096.69
 20
406081.8199999999
 10
125849.66
 20
406100.6599999999
 10
123602.64
 20
406120.08
 10
121355.6
 20
406140.09
 10
119108.56
 20
406160.67
 10
116861.52
 20
406181.83
 10
114614.47
 20
406203.58
 10
112367.42
 20
406225.9
 10
110120.36
 20
406248.8
 10
110149.01
 20
409023.03
 10
110177.66
 20
411797.26
 10
110206.34
 20
414571.51
 10
110235.03
 20
417345.77
 10
110263.75
 20
420120.04
 10
110292.47
 20
422894.32
 10
110321.22
 20
425668.61
 10
110349.98
 20
428442.92
 10
110378.76
 20
431217.23
  0
LWPOLYLINE
  5
B1
330
2
100
AcDbEntity
  8
G50
  6
Continuous
100
AcDbPolyline
 90
       40
 70
     1
 43
0.0
 10
111279.38
 20
517226.62
 10
113497.45
 20
517203.48
 10
115715.52
 20
517180.92
 10
117933.59
 20
517158.95
 10
120151.65
 20
517137.57
 10
122369.71
 20
517116.77
 10
124587.76
 20
517096.56
 10
126805.81
 20
517076.9299999999
 10
129023.85
 20
517057.89
 10
131241.9
 20
517039.44
 10
133459.93
 20
517021.5699999999
 10
133437.95
 20
514246.95
 10
133415.99
 20
511472.35
 10
133394.03
 20
508697.75
 10
133372.09
 20
505923.17
 10
133350.17
 20
503148.6000000001
 10
133328.25
 20
500374.04
 10
133306.35
 20
497599.4899999999
 10
133284.46
 20
494824.96
 10
133262.58
 20
492050.4300000001
 10
133240.72
 20
489275.92
 10
131015.37
 20
489293.74
 10
128790.02
 20
489312.15
 10
126564.66
 20
489331.1500000001
 10
124339.31
 20
489350.72
 10
122113.94
 20
489370.89
 10
119888.58
 20
489391.63
 10
117663.21
 20
489412.96
 10
115437.83
 20
489434.88
 10
113212.45
 20
489457.38
 10
110987.07
 20
489480.46
 10
111016.22
 20
492255.0300000001
 10
111045.4
 20
495029.6
 10
111074.58
 20
497804.19
 10
111103.79
 20
500578.79
 10
111133.01
 20
503353.4
 10
111162.25
 20
506128.02
 10
111191.51
 20
508902.6500000001
 10
111220.78
 20
511677.3
 10
111250.07
 20
514451.9500000001
  0
LWPOLYLINE
  5
B2
330
2
100
AcDbEntity
  8
G50
  6
Continuous
100
AcDbPolyline
 90
       40
 70
     1
 43
0.0
 10
177747.06
 20
489042.17
 10
179972.36
 20
489036.62
 10
182197.66
 20
489031.65
 10
184422.95
 20
489027.27
 10
186648.24
 20
489023.47
 10
188873.54
 20
489020.2600000001
 10
191098.83
 20
489017.63
 10
193324.12
 20
489015.59
 10
195549.42
 20
489014.12
 10
197774.71
 20
489013.2499999999
 10
200000.0
 20
489012.96
 10
200000.0
 20
486238.5200000001
 10
200000.0
 20
483464.1
 10
200000.0
 20
480689.69
 10
200000.0
 20
477915.2899999999
 10
200000.0
 20
475140.9
 10
200000.0
 20
472366.5200000001
 10
200000.0
 20
469592.16
 10
200000.0
 20
466817.8
 10
200000.0
 20
464043.46
 10
200000.0
 20
461269.13
 10
197767.44
 20
461269.4199999999
 10
195534.89
 20
461270.2999999999
 10
193302.33
 20
461271.75
 10
191069.77
 20
461273.7899999999
 10
188837.22
 20
461276.4199999999
 10
186604.66
 20
461279.62
 10
184372.1
 20
461283.4099999999
 10
182139.54
 20
461287.78
 10
179906.98
 20
461292.74
 10
177674.42
 20
461298.27
 10
177681.67
 20
464072.61
 10
177688.91
 20
466846.96
 10
177696.17
 20
469621.32
 10
177703.43
 20
472395.69
 10
177710.69
 20
475170.08
 10
177717.95
 20
477944.4699999999
 10
177725.23
 20
480718.88
 10
177732.5
 20
483493.3
 10
177739.78
 20
486267.73
  0
LWPOLYLINE
  5
B3
330
2
100
AcDbEntity
  8
G50
  6
Continuous
100
AcDbPolyline
 90
       40
 70
     1
 43
0.0
 10
155494.01
 20
489129.83
 10
157719.32
 20
489118.43
 10
159944.63
 20
489107.62
 10
162169.94
 20
489097.39
 10
164395.25
 20
489087.7500000001
 10
166620.56
 20
489078.6900000001
 10
168845.86
 20
489070.2199999999
 10
171071.16
 20
489062.3300000001
 10
173296.46
 20
489055.0300000001
 10
175521.76
 20
489048.31
 10
177747.06
 20
489042.17
 10
177739.78
 20
486267.73
 10
177732.5
 20
483493.3
 10
177725.23
 20
480718.88
 10
177717.95
 20
477944.4699999999
 10
177710.69
 20
475170.08
 10
177703.43
 20
472395.69
 10
177696.17
 20
469621.32
 10
177688.91
 20
466846.96
 10
177681.67
 20
464072.61
 10
177674.42
 20
461298.27
 10
175441.86
 20
461304.39
 10
173209.29
 20
461311.0999999999
 10
170976.73
 20
461318.38
 10
168744.16
 20
461326.25
 10
166511.59
 20
461334.7
 10
164279.02
 20
461343.74
 10
162046.45
 20
461353.3499999999
 10
159813.87
 20
461363.55
 10
157581.3
 20
461374.34
 10
155348.72
 20
461385.7
 10
155363.21
 20
464160.06
 10
155377.71
 20
466934.43
 10
155392.22
 20
469708.82
 10
155406.73
 20
472483.21
 10
155421.26
 20
475257.62
 10
155435.79
 20
478032.0399999999
 10
155450.33
 20
480806.47
 10
155464.88
 20
483580.91
 10
155479.44
 20
486355.36
  0
LWPOLYLINE
  5
B4
330
2
100
AcDbEntity
  8
G50
  6
Continuous
100
AcDbPolyline
 90
       40
 70
     1
 43
0.0
 10
155204.28
 20
433642.74
 10
157444.08
 20
433631.4
 10
159683.88
 20
433620.65
 10
161923.68
 20
433610.4699999999
 10
164163.47
 20
433600.88
 10
166403.27
 20
433591.8699999999
 10
168643.06
 20
433583.44
 10
170882.85
 20
433575.59
 10
173122.63
 20
433568.33
 10
175362.42
 20
433561.6400000001
 10
177602.2
 20
433555.5399999999
 10
177595.01
 20
430781.33
 10
177587.81
 20
428007.13
 10
177580.62
 20
425232.95
 10
177573.44
 20
422458.77
 10
177566.26
 20
419684.61
 10
177559.0799999999
 20
416910.46
 10
177551.91
 20
414136.3199999999
 10
177544.74
 20
411362.19
 10
177537.57
 20
408588.07
 10
177530.42
 20
405813.97
 10
175283.45
 20
405820.06
 10
173036.49
 20
405826.72
 10
170789.52
 20
405833.97
 10
168542.55
 20
405841.8
 10
166295.58
 20
405850.1999999999
 10
164048.61
 20
405859.19
 10
161801.64
 20
405868.75
 10
159554.66
 20
405878.8999999999
 10
157307.68
 20
405889.62
 10
155060.7
 20
405900.93
 10
155075.02
 20
408675.06
 10
155089.35
 20
411449.2000000001
 10
155103.69
 20
414223.3499999999
 10
155118.03
 20
416997.5100000001
 10
155132.38
 20
419771.69
 10
155146.75
 20
422545.8800000001
 10
155161.12
 20
425320.0699999999
 10
155175.5
 20
428094.28
 10
155189.89
 20
430868.51
  0
LWPOLYLINE
  5
B5
330
2
100
AcDbEntity
  8
G50
  6
Continuous
100
AcDbPolyline
 90
       40
 70
     1
 43
0.0
 10
155348.72
 20
461385.7
 10
157581.3
 20
461374.34
 10
159813.87
 20
461363.55
 10
162046.45
 20
461353.3499999999
 10
164279.02
 20
461343.74
 10
166511.59
 20
461334.7
 10
168744.16
 20
461326.25
 10
170976.73
 20
461318.38
 10
173209.29
 20
461311.0999999999
 10
175441.86
 20
461304.39
 10
177674.42
 20
461298.27
 10
177667.18
 20
458523.95
 10
177659.94
 20
455749.63
 10
177652.71
 20
452975.33
 10
177645.48
 20
450201.04
 10
177638.26
 20
447426.76
 10
177631.04
 20
444652.49
 10
177623.82
 20
441878.24
 10
177616.61
 20
439103.9899999999
 10
177609.41
 20
436329.76
 10
177602.2
 20
433555.5399999999
 10
175362.42
 20
433561.6400000001
 10
173122.63
 20
433568.33
 10
170882.85
 20
433575.59
 10
168643.06
 20
433583.44
 10
166403.27
 20
433591.8699999999
 10
164163.47
 20
433600.88
 10
161923.68
 20
433610.4699999999
 10
159683.88
 20
433620.65
 10
157444.08
 20
433631.4
 10
155204.28
 20
433642.74
 10
155218.69
 20
436416.9799999999
 10
155233.1
 20
439191.24
 10
155247.52
 20
441965.51
 10
155261.95
 20
444739.78
 10
155276.39
 20
447514.0800000001
 10
155290.84
 20
450288.38
 10
155305.3
 20
453062.69
 10
155319.76
 20
455837.02
 10
155334.24
 20
458611.3499999999
  0
LWPOLYLINE
  5
B6
330
2
100
AcDbEntity
  8
G50
  6
Continuous
100
AcDbPolyline
 90
       40
 70
     1
 43
0.0
 10
177602.2
 20
433555.5399999999
 10
179841.99
 20
433550.0200000001
 10
182081.77
 20
433545.08
 10
184321.55
 20
433540.72
 10
186561.33
 20
433536.94
 10
188801.11
 20
433533.74
 10
191040.89
 20
433531.12
 10
193280.67
 20
433529.09
 10
195520.44
 20
433527.64
 10
197760.22
 20
433526.76
 10
200000.0
 20
433526.4699999999
 10
200000.0
 20
430752.27
 10
200000.0
 20
427978.08
 10
200000.0
 20
425203.9
 10
200000.0
 20
422429.74
 10
200000.0
 20
419655.58
 10
200000.0
 20
416881.44
 10
200000.0
 20
414107.3099999999
 10
200000.0
 20
411333.19
 10
200000.0
 20
408559.0800000001
 10
200000.0
 20
405784.98
 10
197753.04
 20
405785.27
 10
195506.09
 20
405786.14
 10
193259.13
 20
405787.59
 10
191012.17
 20
405789.62
 10
188765.22
 20
405792.23
 10
186518.26
 20
405795.42
 10
184271.3
 20
405799.1799999999
 10
182024.34
 20
405803.53
 10
179777.38
 20
405808.4599999999
 10
177530.42
 20
405813.97
 10
177537.57
 20
408588.07
 10
177544.74
 20
411362.19
 10
177551.91
 20
414136.3199999999
 10
177559.0799999999
 20
416910.46
 10
177566.26
 20
419684.61
 10
177573.44
 20
422458.77
 10
177580.62
 20
425232.95
 10
177587.81
 20
428007.13
 10
177595.01
 20
430781.33
  0
LWPOLYLINE
  5
B7
330
2
100
AcDbEntity
  8
G50
  6
Continuous
100
AcDbPolyline
 90
       40
 70
     1
 43
0.0
 10
177674.42
 20
461298.27
 10
179906.98
 20
461292.74
 10
182139.54
 20
461287.78
 10
184372.1
 20
461283.4099999999
 10
186604.66
 20
461279.62
 10
188837.22
 20
461276.4199999999
 10
191069.77
 20
461273.7899999999
 10
193302.33
 20
461271.75
 10
195534.89
 20
461270.2999999999
 10
197767.44
 20
461269.4199999999
 10
200000.0
 20
461269.13
 10
200000.0
 20
458494.81
 10
200000.0
 20
455720.51
 10
200000.0
 20
452946.21
 10
200000.0
 20
450171.93
 10
200000.0
 20
447397.66
 10
200000.0
 20
444623.4
 10
200000.0
 20
441849.15
 10
200000.0
 20
439074.9099999999
 10
200000.0
 20
436300.69
 10
200000.0
 20
433526.4699999999
 10
197760.22
 20
433526.76
 10
195520.44
 20
433527.64
 10
193280.67
 20
433529.09
 10
191040.89
 20
433531.12
 10
188801.11
 20
433533.74
 10
186561.33
 20
433536.94
 10
184321.55
 20
433540.72
 10
182081.77
 20
433545.08
 10
179841.99
 20
433550.0200000001
 10
177602.2
 20
433555.5399999999
 10
177609.41
 20
436329.76
 10
177616.61
 20
439103.9899999999
 10
177623.82
 20
441878.24
 10
177631.04
 20
444652.49
 10
177638.26
 20
447426.76
 10
177645.48
 20
450201.04
 10
177652.71
 20
452975.33
 10
177659.94
 20
455749.63
 10
177667.18
 20
458523.95
  0
LWPOLYLINE
  5
B8
330
2
100
AcDbEntity
  8
G50
  6
Continuous
100
AcDbPolyline
 90
       40
 70
     1
 43
0.0
 10
155640.15
 20
516875.11
 10
157858.15
 20
516863.69
 10
160076.16
 20
516852.85
 10
162294.16
 20
516842.6
 10
164512.16
 20
516832.9299999999
 10
166730.16
 20
516823.8500000001
 10
168948.16
 20
516815.36
 10
171166.15
 20
516807.45
 10
173384.15
 20
516800.13
 10
175602.14
 20
516793.3900000001
 10
177820.13
 20
516787.24
 10
177812.8
 20
514012.68
 10
177805.48
 20
511238.13
 10
177798.16
 20
508463.5999999999
 10
177790.85
 20
505689.07
 10
177783.54
 20
502914.56
 10
177776.24
 20
500140.06
 10
177768.94
 20
497365.5700000001
 10
177761.64
 20
494591.0900000001
 10
177754.35
 20
491816.63
 10
177747.06
 20
489042.17
 10
175521.76
 20
489048.31
 10
173296.46
 20
489055.0300000001
 10
171071.16
 20
489062.3300000001
 10
168845.86
 20
489070.2199999999
 10
166620.56
 20
489078.6900000001
 10
164395.25
 20
489087.7500000001
 10
162169.94
 20
489097.39
 10
159944.63
 20
489107.62
 10
157719.32
 20
489118.43
 10
155494.01
 20
489129.83
 10
155508.58
 20
491904.3
 10
155523.17
 20
494678.79
 10
155537.76
 20
497453.2899999999
 10
155552.36
 20
500227.8
 10
155566.97
 20
503002.32
 10
155581.59
 20
505776.86
 10
155596.21
 20
508551.4
 10
155610.85
 20
511325.9600000001
 10
155625.49
 20
514100.53
  0
LWPOLYLINE
  5
B9
330
2
100
AcDbEntity
  8
G50
  6
Continuous
100
AcDbPolyline
 90
       40
 70
     1
 43
0.0
 10
177820.13
 20
516787.24
 10
180038.12
 20
516781.68
 10
182256.11
 20
516776.7000000001
 10
184474.1
 20
516772.3
 10
186692.09
 20
516768.5
 10
188910.07
 20
516765.2700000001
 10
191128.06
 20
516762.64
 10
193346.04
 20
516760.59
 10
195564.03
 20
516759.12
 10
197782.01
 20
516758.25
 10
200000.0
 20
516757.95
 10
200000.0
 20
513983.4
 10
200000.0
 20
511208.8599999999
 10
200000.0
 20
508434.33
 10
200000.0
 20
505659.81
 10
200000.0
 20
502885.31
 10
200000.0
 20
500110.81
 10
200000.0
 20
497336.33
 10
200000.0
 20
494561.86
 10
200000.0
 20
491787.4000000001
 10
200000.0
 20
489012.96
 10
197774.71
 20
489013.2499999999
 10
195549.42
 20
489014.12
 10
193324.12
 20
489015.59
 10
191098.83
 20
489017.63
 10
188873.54
 20
489020.2600000001
 10
186648.24
 20
489023.47
 10
184422.95
 20
489027.27
 10
182197.66
 20
489031.65
 10
179972.36
 20
489036.62
 10
177747.06
 20
489042.17
 10
177754.35
 20
491816.63
 10
177761.64
 20
494591.0900000001
 10
177768.94
 20
497365.5700000001
 10
177776.24
 20
500140.06
 10
177783.54
 20
502914.56
 10
177790.85
 20
505689.07
 10
177798.16
 20
508463.5999999999
 10
177805.48
 20
511238.13
 10
177812.8
 20
514012.68
  0
LWPOLYLINE
  5
BA
330
2
100
AcDbEntity
  8
G50
  6
Continuous
100
AcDbPolyline
 90
       40
 70
     1
 43
0.0
 10
133902.18
 20
572516.3300000001
 10
136105.47
 20
572498.97
 10
138308.76
 20
572482.19
 10
140512.04
 20
572466.0100000001
 10
142715.32
 20
572450.4099999999
 10
144918.6
 20
572435.4
 10
147121.88
 20
572420.98
 10
149325.15
 20
572407.15
 10
151528.42
 20
572393.9000000001
 10
153731.69
 20
572381.2500000001
 10
155934.96
 20
572369.18
 10
155920.14
 20
569594.37
 10
155905.33
 20
566819.5700000001
 10
155890.52
 20
564044.78
 10
155875.73
 20
561270.0
 10
155860.94
 20
558495.23
 10
155846.16
 20
555720.4699999999
 10
155831.39
 20
552945.73
 10
155816.63
 20
550170.99
 10
155801.88
 20
547396.2700000001
 10
155787.13
 20
544621.5600000001
 10
153576.47
 20
544633.6
 10
151365.81
 20
544646.23
 10
149155.15
 20
544659.44
 10
146944.48
 20
544673.2400000001
 10
144733.81
 20
544687.63
 10
142523.14
 20
544702.6000000001
 10
140312.46
 20
544718.16
 10
138101.79
 20
544734.3100000001
 10
135891.11
 20
544751.05
 10
133680.42
 20
544768.37
 10
133702.54
 20
547543.12
 10
133724.67
 20
550317.87
 10
133746.82
 20
553092.6400000001
 10
133768.97
 20
555867.4199999999
 10
133791.14
 20
558642.21
 10
133813.32
 20
561417.01
 10
133835.52
 20
564191.82
 10
133857.72
 20
566966.65
 10
133879.94
 20
569741.48
  0
LWPOLYLINE
  5
BB
330
2
100
AcDbEntity
  8
G50
  6
Continuous
100
AcDbPolyline
 90
       40
 70
     1
 43
0.0
 10
134125.19
 20
600265.45
 10
136321.05
 20
600248.05
 10
138516.9
 20
600231.24
 10
140712.75
 20
600215.01
 10
142908.6
 20
600199.3800000001
 10
145104.45
 20
600184.3400000002
 10
147300.29
 20
600169.89
 10
149496.13
 20
600156.02
 10
151691.97
 20
600142.7500000001
 10
153887.8
 20
600130.0700000001
 10
156083.63
 20
600117.98
 10
156068.73
 20
597343.0400000001
 10
156053.83
 20
594568.12
 10
156038.94
 20
591793.22
 10
156024.06
 20
589018.32
 10
156009.19
 20
586243.43
 10
155994.33
 20
583468.5600000001
 10
155979.47
 20
580693.7
 10
155964.63
 20
577918.85
 10
155949.79
 20
575144.01
 10
155934.96
 20
572369.18
 10
153731.69
 20
572381.2500000001
 10
151528.42
 20
572393.9000000001
 10
149325.15
 20
572407.15
 10
147121.88
 20
572420.98
 10
144918.6
 20
572435.4
 10
142715.32
 20
572450.4099999999
 10
140512.04
 20
572466.0100000001
 10
138308.76
 20
572482.19
 10
136105.47
 20
572498.97
 10
133902.18
 20
572516.3300000001
 10
133924.42
 20
575291.1899999999
 10
133946.68
 20
578066.06
 10
133968.95
 20
580840.9499999999
 10
133991.23
 20
583615.8400000001
 10
134013.53
 20
586390.75
 10
134035.84
 20
589165.66
 10
134058.16
 20
591940.59
 10
134080.49
 20
594715.5300000001
 10
134102.84
 20
597490.49
  0
LWPOLYLINE
  5
BC
330
2
100
AcDbEntity
  8
G50
  6
Continuous
100
AcDbPolyline
 90
       40
 70
     1
 43
0.0
 10
112166.45
 20
600471.9299999999
 10
114362.34
 20
600448.62
 10
116558.23
 20
600425.9099999999
 10
118754.11
 20
600403.7900000001
 10
120949.99
 20
600382.26
 10
123145.87
 20
600361.3100000001
 10
125341.74
 20
600340.96
 10
127537.61
 20
600321.2
 10
129733.47
 20
600302.0300000001
 10
131929.34
 20
600283.44
 10
134125.19
 20
600265.45
 10
134102.84
 20
597490.49
 10
134080.49
 20
594715.5300000001
 10
134058.16
 20
591940.59
 10
134035.84
 20
589165.66
 10
134013.53
 20
586390.75
 10
133991.23
 20
583615.8400000001
 10
133968.95
 20
580840.9499999999
 10
133946.68
 20
578066.06
 10
133924.42
 20
575291.1899999999
 10
133902.18
 20
572516.3300000001
 10
131698.88
 20
572534.28
 10
129495.58
 20
572552.8200000001
 10
127292.28
 20
572571.95
 10
125088.98
 20
572591.6699999999
 10
122885.67
 20
572611.98
 10
120682.36
 20
572632.88
 10
118479.04
 20
572654.36
 10
116275.72
 20
572676.43
 10
114072.4
 20
572699.1
 10
111869.07
 20
572722.35
 10
111898.74
 20
575497.25
 10
111928.41
 20
578272.1699999999
 10
111958.11
 20
581047.0999999999
 10
111987.82
 20
583822.04
 10
112017.55
 20
586596.99
 10
112047.3
 20
589371.96
 10
112077.06
 20
592146.93
 10
112106.84
 20
594921.9199999999
 10
112136.64
 20
597696.9199999999
  0
LWPOLYLINE
  5
BD
330
2
100
AcDbEntity
  8
G50
  6
Continuous
100
AcDbPolyline
 90
       40
 70
     1
 43
0.0
 10
111869.07
 20
572722.35
 10
114072.4
 20
572699.1
 10
116275.72
 20
572676.43
 10
118479.04
 20
572654.36
 10
120682.36
 20
572632.88
 10
122885.67
 20
572611.98
 10
125088.98
 20
572591.6699999999
 10
127292.28
 20
572571.95
 10
129495.58
 20
572552.8200000001
 10
131698.88
 20
572534.28
 10
133902.18
 20
572516.3300000001
 10
133879.94
 20
569741.48
 10
133857.72
 20
566966.65
 10
133835.52
 20
564191.82
 10
133813.32
 20
561417.01
 10
133791.14
 20
558642.21
 10
133768.97
 20
555867.4199999999
 10
133746.82
 20
553092.6400000001
 10
133724.67
 20
550317.87
 10
133702.54
 20
547543.12
 10
133680.42
 20
544768.37
 10
131469.73
 20
544786.2800000001
 10
129259.04
 20
544804.7800000001
 10
127048.35
 20
544823.87
 10
124837.65
 20
544843.5400000001
 10
122626.95
 20
544863.8
 10
120416.24
 20
544884.6500000001
 10
118205.54
 20
544906.0800000001
 10
115994.82
 20
544928.1
 10
113784.1
 20
544950.7099999999
 10
111573.38
 20
544973.9099999999
 10
111602.88
 20
547748.6999999999
 10
111632.39
 20
550523.51
 10
111661.91
 20
553298.3200000001
 10
111691.46
 20
556073.1500000001
 10
111721.02
 20
558847.99
 10
111750.59
 20
561622.8400000001
 10
111780.19
 20
564397.6999999999
 10
111809.8
 20
567172.5700000001
 10
111839.43
 20
569947.4499999999
  0
LWPOLYLINE
  5
BE
330
2
100
AcDbEntity
  8
G50
  6
Continuous
100
AcDbPolyline
 90
       40
 70
     1
 43
0.0
 10
178041.87
 20
600029.49
 10
180237.68
 20
600023.89
 10
182433.5
 20
600018.88
 10
184629.31
 20
600014.45
 10
186825.13
 20
600010.6200000001
 10
189020.94
 20
600007.37
 10
191216.75
 20
600004.72
 10
193412.56
 20
600002.65
 10
195608.38
 20
600001.1799999999
 10
197804.19
 20
600000.2900000001
 10
200000.0
 20
600000.0
 10
200000.0
 20
597225.0900000001
 10
200000.0
 20
594450.1999999999
 10
200000.0
 20
591675.3200000001
 10
200000.0
 20
588900.45
 10
200000.0
 20
586125.5900000001
 10
200000.0
 20
583350.74
 10
200000.0
 20
580575.9099999999
 10
200000.0
 20
577801.0800000001
 10
200000.0
 20
575026.27
 10
200000.0
 20
572251.47
 10
197796.76
 20
572251.77
 10
195593.51
 20
572252.65
 10
193390.26
 20
572254.1200000001
 10
191187.02
 20
572256.18
 10
188983.77
 20
572258.8300000001
 10
186780.53
 20
572262.0700000001
 10
184577.28
 20
572265.89
 10
182374.03
 20
572270.3100000001
 10
180170.78
 20
572275.3100000001
 10
177967.53
 20
572280.9
 10
177974.95
 20
575055.7099999999
 10
177982.37
 20
577830.5200000001
 10
177989.79
 20
580605.35
 10
177997.22
 20
583380.2
 10
178004.65
 20
586155.05
 10
178012.08
 20
588929.9099999999
 10
178019.52
 20
591704.79
 10
178026.97
 20
594479.6799999999
 10
178034.42
 20
597254.5800000001
  0
LWPOLYLINE
  5
BF
330
2
100
AcDbEntity
  8
G50
  6
Continuous
100
AcDbPolyline
 90
       40
 70
     1
 43
0.0
 10
156083.63
 20
600117.98
 10
158279.46
 20
600106.47
 10
160475.29
 20
600095.5600000001
 10
162671.12
 20
600085.24
 10
164866.95
 20
600075.5
 10
167062.77
 20
600066.36
 10
169258.59
 20
600057.8100000001
 10
171454.41
 20
600049.8400000001
 10
173650.23
 20
600042.4699999999
 10
175846.05
 20
600035.6899999999
 10
178041.87
 20
600029.49
 10
178034.42
 20
597254.5800000001
 10
178026.97
 20
594479.6799999999
 10
178019.52
 20
591704.79
 10
178012.08
 20
588929.9099999999
 10
178004.65
 20
586155.05
 10
177997.22
 20
583380.2
 10
177989.79
 20
580605.35
 10
177982.37
 20
577830.5200000001
 10
177974.95
 20
575055.7099999999
 10
177967.53
 20
572280.9
 10
175764.28
 20
572287.0800000001
 10
173561.03
 20
572293.85
 10
171357.78
 20
572301.2
 10
169154.52
 20
572309.15
 10
166951.27
 20
572317.68
 10
164748.01
 20
572326.8100000001
 10
162544.75
 20
572336.52
 10
160341.49
 20
572346.8200000001
 10
158138.23
 20
572357.7099999999
 10
155934.96
 20
572369.18
 10
155949.79
 20
575144.01
 10
155964.63
 20
577918.85
 10
155979.47
 20
580693.7
 10
155994.33
 20
583468.5600000001
 10
156009.19
 20
586243.43
 10
156024.06
 20
589018.32
 10
156038.94
 20
591793.22
 10
156053.83
 20
594568.12
 10
156068.73
 20
597343.0400000001
  0
LWPOLYLINE
  5
C0
330
2
100
AcDbEntity
  8
G50
  6
Continuous
100
AcDbPolyline
 90
       40
 70
     1
 43
0.0
 10
178116.62
 20
627779.27
 10
180304.96
 20
627773.65
 10
182493.3
 20
627768.63
 10
184681.64
 20
627764.1899999999
 10
186869.98
 20
627760.35
 10
189058.32
 20
627757.1
 10
191246.65
 20
627754.44
 10
193434.99
 20
627752.37
 10
195623.33
 20
627750.89
 10
197811.66
 20
627750.0100000001
 10
200000.0
 20
627749.71
 10
200000.0
 20
624974.6899999999
 10
200000.0
 20
622199.67
 10
200000.0
 20
619424.6699999999
 10
200000.0
 20
616649.68
 10
200000.0
 20
613874.7099999999
 10
200000.0
 20
611099.74
 10
200000.0
 20
608324.79
 10
200000.0
 20
605549.85
 10
200000.0
 20
602774.9199999999
 10
200000.0
 20
600000.0
 10
197804.19
 20
600000.2900000001
 10
195608.38
 20
600001.1799999999
 10
193412.56
 20
600002.65
 10
191216.75
 20
600004.72
 10
189020.94
 20
600007.37
 10
186825.13
 20
600010.6200000001
 10
184629.31
 20
600014.45
 10
182433.5
 20
600018.88
 10
180237.68
 20
600023.89
 10
178041.87
 20
600029.49
 10
178049.32
 20
602804.42
 10
178056.78
 20
605579.35
 10
178064.25
 20
608354.3000000001
 10
178071.72
 20
611129.26
 10
178079.19
 20
613904.2299999999
 10
178086.67
 20
616679.2199999999
 10
178094.15
 20
619454.2099999999
 10
178101.64
 20
622229.22
 10
178109.13
 20
625004.24
  0
LWPOLYLINE
  5
C1
330
2
100
AcDbEntity
  8
G50
  6
Continuous
100
AcDbPolyline
 90
       40
 70
     1
 43
0.0
 10
266319.58
 20
544768.37
 10
268530.2700000001
 20
544786.2800000001
 10
270740.96
 20
544804.7800000001
 10
272951.6500000001
 20
544823.87
 10
275162.35
 20
544843.5400000001
 10
277373.05
 20
544863.8
 10
279583.76
 20
544884.6500000001
 10
281794.46
 20
544906.0800000001
 10
284005.18
 20
544928.1
 10
286215.9000000001
 20
544950.7099999999
 10
288426.62
 20
544973.9099999999
 10
288456.09
 20
542199.1300000001
 10
288485.55
 20
539424.36
 10
288515.0
 20
536649.6
 10
288544.42
 20
533874.86
 10
288573.83
 20
531100.12
 10
288603.22
 20
528325.4
 10
288632.6
 20
525550.69
 10
288661.96
 20
522775.99
 10
288691.3
 20
520001.3
 10
288720.62
 20
517226.62
 10
286502.55
 20
517203.48
 10
284284.48
 20
517180.92
 10
282066.41
 20
517158.95
 10
279848.35
 20
517137.57
 10
277630.29
 20
517116.77
 10
275412.24
 20
517096.56
 10
273194.19
 20
517076.9299999999
 10
270976.1500000001
 20
517057.89
 10
268758.1
 20
517039.44
 10
266540.0700000001
 20
517021.5699999999
 10
266518.08
 20
519796.2
 10
266496.07
 20
522570.8400000001
 10
266474.05
 20
525345.49
 10
266452.0200000001
 20
528120.15
 10
266429.98
 20
530894.83
 10
266407.93
 20
533669.51
 10
266385.86
 20
536444.21
 10
266363.78
 20
539218.9199999999
 10
266341.68
 20
541993.64
  0
LWPOLYLINE
  5
C2
330
2
100
AcDbEntity
  8
G50
  6
Continuous
100
AcDbPolyline
 90
       40
 70
     1
 43
0.0
 10
244212.87
 20
544621.5600000001
 10
246423.53
 20
544633.6
 10
248634.19
 20
544646.23
 10
250844.85
 20
544659.44
 10
253055.52
 20
544673.2400000001
 10
255266.19
 20
544687.63
 10
257476.86
 20
544702.6000000001
 10
259687.54
 20
544718.16
 10
261898.21
 20
544734.3100000001
 10
264108.89
 20
544751.05
 10
266319.58
 20
544768.37
 10
266341.68
 20
541993.64
 10
266363.78
 20
539218.9199999999
 10
266385.86
 20
536444.21
 10
266407.93
 20
533669.51
 10
266429.98
 20
530894.83
 10
266452.0200000001
 20
528120.15
 10
266474.05
 20
525345.49
 10
266496.07
 20
522570.8400000001
 10
266518.08
 20
519796.2
 10
266540.0700000001
 20
517021.5699999999
 10
264322.0300000001
 20
517004.29
 10
262104.0
 20
516987.59
 10
259885.97
 20
516971.48
 10
257667.95
 20
516955.96
 10
255449.93
 20
516941.02
 10
253231.91
 20
516926.66
 10
251013.89
 20
516912.9
 10
248795.88
 20
516899.7199999999
 10
246577.86
 20
516887.12
 10
244359.85
 20
516875.11
 10
244345.19
 20
519649.7100000001
 10
244330.53
 20
522424.31
 10
244315.85
 20
525198.9299999999
 10
244301.16
 20
527973.5500000001
 10
244286.47
 20
530748.1899999999
 10
244271.76
 20
533522.8400000001
 10
244257.05
 20
536297.51
 10
244242.33
 20
539072.1799999999
 10
244227.61
 20
541846.87
  0
LWPOLYLINE
  5
C3
330
2
100
AcDbEntity
  8
G50
  6
Continuous
100
AcDbPolyline
 90
       40
 70
     1
 43
0.0
 10
222106.38
 20
544533.48
 10
224317.02
 20
544539.6500000001
 10
226527.66
 20
544546.4000000001
 10
228738.31
 20
544553.74
 10
230948.96
 20
544561.6699999999
 10
233159.6
 20
544570.18
 10
235370.25
 20
544579.29
 10
237580.9
 20
544588.97
 10
239791.56
 20
544599.25
 10
242002.21
 20
544610.1099999999
 10
244212.87
 20
544621.5600000001
 10
244227.61
 20
541846.87
 10
244242.33
 20
539072.1799999999
 10
244257.05
 20
536297.51
 10
244271.76
 20
533522.8400000001
 10
244286.47
 20
530748.1899999999
 10
244301.16
 20
527973.5500000001
 10
244315.85
 20
525198.9299999999
 10
244330.53
 20
522424.31
 10
244345.19
 20
519649.7100000001
 10
244359.85
 20
516875.11
 10
242141.85
 20
516863.69
 10
239923.84
 20
516852.85
 10
237705.84
 20
516842.6
 10
235487.84
 20
516832.9299999999
 10
233269.84
 20
516823.8500000001
 10
231051.84
 20
516815.36
 10
228833.85
 20
516807.45
 10
226615.85
 20
516800.13
 10
224397.86
 20
516793.3900000001
 10
222179.87
 20
516787.24
 10
222172.54
 20
519561.81
 10
222165.21
 20
522336.4000000001
 10
222157.87
 20
525110.99
 10
222150.52
 20
527885.6
 10
222143.18
 20
530660.22
 10
222135.83
 20
533434.85
 10
222128.47
 20
536209.49
 10
222121.11
 20
538984.14
 10
222113.75
 20
541758.8100000001
  0
LWPOLYLINE
  5
C4
330
2
100
AcDbEntity
  8
G50
  6
Continuous
100
AcDbPolyline
 90
       40
 70
     1
 43
0.0
 10
244795.72
 20
433642.74
 10
247035.52
 20
433654.66
 10
249275.33
 20
433667.15
 10
251515.1400000001
 20
433680.23
 10
253754.95
 20
433693.9
 10
255994.77
 20
433708.14
 10
258234.58
 20
433722.96
 10
260474.41
 20
433738.37
 10
262714.23
 20
433754.36
 10
264954.06
 20
433770.9199999999
 10
267193.8900000001
 20
433788.07
 10
267215.49
 20
431013.8
 10
267237.07
 20
428239.54
 10
267258.64
 20
425465.2899999999
 10
267280.2
 20
422691.06
 10
267301.74
 20
419916.83
 10
267323.27
 20
417142.62
 10
267344.79
 20
414368.41
 10
267366.3
 20
411594.22
 10
267387.79
 20
408820.04
 10
267409.27
 20
406045.87
 10
265162.26
 20
406028.77
 10
262915.25
 20
406012.24
 10
260668.25
 20
405996.2999999999
 10
258421.24
 20
405980.94
 10
256174.25
 20
405966.15
 10
253927.25
 20
405951.95
 10
251680.26
 20
405938.32
 10
249433.27
 20
405925.28
 10
247186.28
 20
405912.81
 10
244939.3
 20
405900.93
 10
244924.98
 20
408675.06
 10
244910.65
 20
411449.2000000001
 10
244896.31
 20
414223.3499999999
 10
244881.97
 20
416997.5100000001
 10
244867.62
 20
419771.69
 10
244853.25
 20
422545.8800000001
 10
244838.88
 20
425320.0699999999
 10
244824.5
 20
428094.28
 10
244810.11
 20
430868.51
  0
LWPOLYLINE
  5
C5
330
2
100
AcDbEntity
  8
G50
  6
Continuous
100
AcDbPolyline
 90
       40
 70
     1
 43
0.0
 10
244651.28
 20
461385.7
 10
246883.86
 20
461397.65
 10
249116.45
 20
461410.18
 10
251349.03
 20
461423.3
 10
253581.62
 20
461437.0
 10
255814.22
 20
461451.28
 10
258046.81
 20
461466.1400000001
 10
260279.41
 20
461481.59
 10
262512.01
 20
461497.62
 10
264744.62
 20
461514.23
 10
266977.23
 20
461531.42
 10
266998.95
 20
458757.0399999999
 10
267020.66
 20
455982.66
 10
267042.36
 20
453208.3
 10
267064.05
 20
450433.95
 10
267085.72
 20
447659.61
 10
267107.38
 20
444885.28
 10
267129.0300000001
 20
442110.96
 10
267150.66
 20
439336.65
 10
267172.2800000001
 20
436562.36
 10
267193.8900000001
 20
433788.07
 10
264954.06
 20
433770.9199999999
 10
262714.23
 20
433754.36
 10
260474.41
 20
433738.37
 10
258234.58
 20
433722.96
 10
255994.77
 20
433708.14
 10
253754.95
 20
433693.9
 10
251515.1400000001
 20
433680.23
 10
249275.33
 20
433667.15
 10
247035.52
 20
433654.66
 10
244795.72
 20
433642.74
 10
244781.31
 20
436416.9799999999
 10
244766.9
 20
439191.24
 10
244752.48
 20
441965.51
 10
244738.05
 20
444739.78
 10
244723.61
 20
447514.0800000001
 10
244709.16
 20
450288.38
 10
244694.7
 20
453062.69
 10
244680.24
 20
455837.02
 10
244665.76
 20
458611.3499999999
  0
LWPOLYLINE
  5
C6
330
2
100
AcDbEntity
  8
G50
  6
Continuous
100
AcDbPolyline
 90
       40
 70
     1
 43
0.0
 10
244505.99
 20
489129.83
 10
246731.31
 20
489141.81
 10
248956.63
 20
489154.37
 10
251181.95
 20
489167.52
 10
253407.27
 20
489181.25
 10
255632.6
 20
489195.57
 10
257857.93
 20
489210.47
 10
260083.27
 20
489225.96
 10
262308.6
 20
489242.0300000001
 10
264533.9400000001
 20
489258.68
 10
266759.28
 20
489275.92
 10
266781.1400000001
 20
486501.42
 10
266802.98
 20
483726.9299999999
 10
266824.8
 20
480952.4500000001
 10
266846.61
 20
478177.98
 10
266868.42
 20
475403.53
 10
266890.2
 20
472629.08
 10
266911.98
 20
469854.65
 10
266933.74
 20
467080.23
 10
266955.49
 20
464305.82
 10
266977.23
 20
461531.42
 10
264744.62
 20
461514.23
 10
262512.01
 20
461497.62
 10
260279.41
 20
461481.59
 10
258046.81
 20
461466.1400000001
 10
255814.22
 20
461451.28
 10
253581.62
 20
461437.0
 10
251349.03
 20
461423.3
 10
249116.45
 20
461410.18
 10
246883.86
 20
461397.65
 10
244651.28
 20
461385.7
 10
244636.79
 20
464160.06
 10
244622.29
 20
466934.43
 10
244607.78
 20
469708.82
 10
244593.27
 20
472483.21
 10
244578.74
 20
475257.62
 10
244564.21
 20
478032.0399999999
 10
244549.67
 20
480806.47
 10
244535.12
 20
483580.91
 10
244520.56
 20
486355.36
  0
LWPOLYLINE
  5
C7
330
2
100
AcDbEntity
  8
G50
  6
Continuous
100
AcDbPolyline
 90
       40
 70
     1
 43
0.0
 10
244359.85
 20
516875.11
 10
246577.86
 20
516887.12
 10
248795.88
 20
516899.7199999999
 10
251013.89
 20
516912.9
 10
253231.91
 20
516926.66
 10
255449.93
 20
516941.02
 10
257667.95
 20
516955.96
 10
259885.97
 20
516971.48
 10
262104.0
 20
516987.59
 10
264322.0300000001
 20
517004.29
 10
266540.0700000001
 20
517021.5699999999
 10
266562.05
 20
514246.95
 10
266584.01
 20
511472.35
 10
266605.97
 20
508697.75
 10
266627.91
 20
505923.17
 10
266649.8300000001
 20
503148.6000000001
 10
266671.75
 20
500374.04
 10
266693.65
 20
497599.4899999999
 10
266715.54
 20
494824.96
 10
266737.42
 20
492050.4300000001
 10
266759.28
 20
489275.92
 10
264533.9400000001
 20
489258.68
 10
262308.6
 20
489242.0300000001
 10
260083.27
 20
489225.96
 10
257857.93
 20
489210.47
 10
255632.6
 20
489195.57
 10
253407.27
 20
489181.25
 10
251181.95
 20
489167.52
 10
248956.63
 20
489154.37
 10
246731.31
 20
489141.81
 10
244505.99
 20
489129.83
 10
244491.42
 20
491904.3
 10
244476.83
 20
494678.79
 10
244462.24
 20
497453.2899999999
 10
244447.64
 20
500227.8
 10
244433.03
 20
503002.32
 10
244418.41
 20
505776.86
 10
244403.79
 20
508551.4
 10
244389.15
 20
511325.9600000001
 10
244374.5100000001
 20
514100.53
  0
LWPOLYLINE
  5
C8
330
2
100
AcDbEntity
  8
G50
  6
Continuous
100
AcDbPolyline
 90
       40
 70
     1
 43
0.0
 10
222252.94
 20
489042.17
 10
224478.24
 20
489048.31
 10
226703.5400000001
 20
489055.0300000001
 10
228928.84
 20
489062.3300000001
 10
231154.14
 20
489070.2199999999
 10
233379.44
 20
489078.6900000001
 10
235604.75
 20
489087.7500000001
 10
237830.06
 20
489097.39
 10
240055.37
 20
489107.62
 10
242280.68
 20
489118.43
 10
244505.99
 20
489129.83
 10
244520.56
 20
486355.36
 10
244535.12
 20
483580.91
 10
244549.67
 20
480806.47
 10
244564.21
 20
478032.0399999999
 10
244578.74
 20
475257.62
 10
244593.27
 20
472483.21
 10
244607.78
 20
469708.82
 10
244622.29
 20
466934.43
 10
244636.79
 20
464160.06
 10
244651.28
 20
461385.7
 10
242418.7
 20
461374.34
 10
240186.13
 20
461363.55
 10
237953.55
 20
461353.3499999999
 10
235720.98
 20
461343.74
 10
233488.41
 20
461334.7
 10
231255.84
 20
461326.25
 10
229023.27
 20
461318.38
 10
226790.71
 20
461311.0999999999
 10
224558.14
 20
461304.39
 10
222325.58
 20
461298.27
 10
222318.33
 20
464072.61
 10
222311.09
 20
466846.96
 10
222303.83
 20
469621.32
 10
222296.57
 20
472395.69
 10
222289.31
 20
475170.08
 10
222282.05
 20
477944.4699999999
 10
222274.77
 20
480718.88
 10
222267.5
 20
483493.3
 10
222260.22
 20
486267.73
  0
LWPOLYLINE
  5
C9
330
2
100
AcDbEntity
  8
G50
  6
Continuous
 62
     1
100
AcDbPolyline
 90
       40
 70
     1
 43
0.0
 10
222397.8
 20
433555.5399999999
 10
224637.58
 20
433561.6400000001
 10
226877.37
 20
433568.33
 10
229117.15
 20
433575.59
 10
231356.94
 20
433583.44
 10
233596.73
 20
433591.8699999999
 10
235836.53
 20
433600.88
 10
238076.32
 20
433610.4699999999
 10
240316.12
 20
433620.65
 10
242555.92
 20
433631.4
 10
244795.72
 20
433642.74
 10
244810.11
 20
430868.51
 10
244824.5
 20
428094.28
 10
244838.88
 20
425320.0699999999
 10
244853.25
 20
422545.8800000001
 10
244867.62
 20
419771.69
 10
244881.97
 20
416997.5100000001
 10
244896.31
 20
414223.3499999999
 10
244910.65
 20
411449.2000000001
 10
244924.98
 20
408675.06
 10
244939.3
 20
405900.93
 10
242692.32
 20
405889.62
 10
240445.34
 20
405878.8999999999
 10
238198.36
 20
405868.75
 10
235951.39
 20
405859.19
 10
233704.4200000001
 20
405850.1999999999
 10
231457.45
 20
405841.8
 10
229210.48
 20
405833.97
 10
226963.51
 20
405826.72
 10
224716.55
 20
405820.06
 10
222469.58
 20
405813.97
 10
222462.43
 20
408588.07
 10
222455.26
 20
411362.19
 10
222448.09
 20
414136.3199999999
 10
222440.92
 20
416910.46
 10
222433.74
 20
419684.61
 10
222426.56
 20
422458.77
 10
222419.38
 20
425232.95
 10
222412.19
 20
428007.13
 10
222404.99
 20
430781.33
  0
LWPOLYLINE
  5
CA
330
2
100
AcDbEntity
  8
G50
  6
Continuous
100
AcDbPolyline
 90
       40
 70
     1
 43
0.0
 10
222325.58
 20
461298.27
 10
224558.14
 20
461304.39
 10
226790.71
 20
461311.0999999999
 10
229023.27
 20
461318.38
 10
231255.84
 20
461326.25
 10
233488.41
 20
461334.7
 10
235720.98
 20
461343.74
 10
237953.55
 20
461353.3499999999
 10
240186.13
 20
461363.55
 10
242418.7
 20
461374.34
 10
244651.28
 20
461385.7
 10
244665.76
 20
458611.3499999999
 10
244680.24
 20
455837.02
 10
244694.7
 20
453062.69
 10
244709.16
 20
450288.38
 10
244723.61
 20
447514.0800000001
 10
244738.05
 20
444739.78
 10
244752.48
 20
441965.51
 10
244766.9
 20
439191.24
 10
244781.31
 20
436416.9799999999
 10
244795.72
 20
433642.74
 10
242555.92
 20
433631.4
 10
240316.12
 20
433620.65
 10
238076.32
 20
433610.4699999999
 10
235836.53
 20
433600.88
 10
233596.73
 20
433591.8699999999
 10
231356.94
 20
433583.44
 10
229117.15
 20
433575.59
 10
226877.37
 20
433568.33
 10
224637.58
 20
433561.6400000001
 10
222397.8
 20
433555.5399999999
 10
222390.59
 20
436329.76
 10
222383.39
 20
439103.9899999999
 10
222376.18
 20
441878.24
 10
222368.96
 20
444652.49
 10
222361.74
 20
447426.76
 10
222354.52
 20
450201.04
 10
222347.29
 20
452975.33
 10
222340.06
 20
455749.63
 10
222332.82
 20
458523.95
  0
LWPOLYLINE
  5
CB
330
2
100
AcDbEntity
  8
G50
  6
Continuous
100
AcDbPolyline
 90
       40
 70
     1
 43
0.0
 10
222179.87
 20
516787.24
 10
224397.86
 20
516793.3900000001
 10
226615.85
 20
516800.13
 10
228833.85
 20
516807.45
 10
231051.84
 20
516815.36
 10
233269.84
 20
516823.8500000001
 10
235487.84
 20
516832.9299999999
 10
237705.84
 20
516842.6
 10
239923.84
 20
516852.85
 10
242141.85
 20
516863.69
 10
244359.85
 20
516875.11
 10
244374.5100000001
 20
514100.53
 10
244389.15
 20
511325.9600000001
 10
244403.79
 20
508551.4
 10
244418.41
 20
505776.86
 10
244433.03
 20
503002.32
 10
244447.64
 20
500227.8
 10
244462.24
 20
497453.2899999999
 10
244476.83
 20
494678.79
 10
244491.42
 20
491904.3
 10
244505.99
 20
489129.83
 10
242280.68
 20
489118.43
 10
240055.37
 20
489107.62
 10
237830.06
 20
489097.39
 10
235604.75
 20
489087.7500000001
 10
233379.44
 20
489078.6900000001
 10
231154.14
 20
489070.2199999999
 10
228928.84
 20
489062.3300000001
 10
226703.5400000001
 20
489055.0300000001
 10
224478.24
 20
489048.31
 10
222252.94
 20
489042.17
 10
222245.65
 20
491816.63
 10
222238.36
 20
494591.0900000001
 10
222231.06
 20
497365.5700000001
 10
222223.76
 20
500140.06
 10
222216.46
 20
502914.56
 10
222209.15
 20
505689.07
 10
222201.84
 20
508463.5999999999
 10
222194.52
 20
511238.13
 10
222187.2
 20
514012.68
  0
LWPOLYLINE
  5
CC
330
2
100
AcDbEntity
  8
G50
  6
Continuous
100
AcDbPolyline
 90
       40
 70
     1
 43
0.0
 10
266977.23
 20
461531.42
 10
269209.8400000001
 20
461549.2
 10
271442.46
 20
461567.56
 10
273675.0800000001
 20
461586.51
 10
275907.7
 20
461606.04
 10
278140.33
 20
461626.15
 10
280372.96
 20
461646.8400000001
 10
282605.6
 20
461668.12
 10
284838.24
 20
461689.98
 10
287070.89
 20
461712.42
 10
289303.54
 20
461735.4399999999
 10
289332.51
 20
458961.0
 10
289361.4600000001
 20
456186.58
 10
289390.39
 20
453412.16
 10
289419.31
 20
450637.75
 10
289448.2
 20
447863.36
 10
289477.0900000001
 20
445088.98
 10
289505.95
 20
442314.6
 10
289534.8
 20
439540.24
 10
289563.6300000001
 20
436765.9
 10
289592.44
 20
433991.56
 10
287352.57
 20
433968.59
 10
285112.7
 20
433946.21
 10
282872.83
 20
433924.41
 10
280632.97
 20
433903.1900000001
 10
278393.11
 20
433882.55
 10
276153.2600000001
 20
433862.49
 10
273913.41
 20
433843.01
 10
271673.57
 20
433824.12
 10
269433.73
 20
433805.81
 10
267193.8900000001
 20
433788.07
 10
267172.2800000001
 20
436562.36
 10
267150.66
 20
439336.65
 10
267129.0300000001
 20
442110.96
 10
267107.38
 20
444885.28
 10
267085.72
 20
447659.61
 10
267064.05
 20
450433.95
 10
267042.36
 20
453208.3
 10
267020.66
 20
455982.66
 10
266998.95
 20
458757.0399999999
  0
LWPOLYLINE
  5
CD
330
2
100
AcDbEntity
  8
G50
  6
Continuous
100
AcDbPolyline
 90
       40
 70
     1
 43
0.0
 10
266759.28
 20
489275.92
 10
268984.6300000001
 20
489293.74
 10
271209.98
 20
489312.15
 10
273435.3400000001
 20
489331.1500000001
 10
275660.69
 20
489350.72
 10
277886.06
 20
489370.89
 10
280111.42
 20
489391.63
 10
282336.79
 20
489412.96
 10
284562.17
 20
489434.88
 10
286787.55
 20
489457.38
 10
289012.93
 20
489480.46
 10
289042.07
 20
486705.91
 10
289071.19
 20
483931.37
 10
289100.29
 20
481156.84
 10
289129.38
 20
478382.32
 10
289158.45
 20
475607.8099999999
 10
289187.5
 20
472833.32
 10
289216.53
 20
470058.83
 10
289245.55
 20
467284.36
 10
289274.55
 20
464509.9
 10
289303.54
 20
461735.4399999999
 10
287070.89
 20
461712.42
 10
284838.24
 20
461689.98
 10
282605.6
 20
461668.12
 10
280372.96
 20
461646.8400000001
 10
278140.33
 20
461626.15
 10
275907.7
 20
461606.04
 10
273675.0800000001
 20
461586.51
 10
271442.46
 20
461567.56
 10
269209.8400000001
 20
461549.2
 10
266977.23
 20
461531.42
 10
266955.49
 20
464305.82
 10
266933.74
 20
467080.23
 10
266911.98
 20
469854.65
 10
266890.2
 20
472629.08
 10
266868.42
 20
475403.53
 10
266846.61
 20
478177.98
 10
266824.8
 20
480952.4500000001
 10
266802.98
 20
483726.9299999999
 10
266781.1400000001
 20
486501.42
  0
LWPOLYLINE
  5
CE
330
2
100
AcDbEntity
  8
G50
  6
Continuous
100
AcDbPolyline
 90
       40
 70
     1
 43
0.0
 10
267193.8900000001
 20
433788.07
 10
269433.73
 20
433805.81
 10
271673.57
 20
433824.12
 10
273913.41
 20
433843.01
 10
276153.2600000001
 20
433862.49
 10
278393.11
 20
433882.55
 10
280632.97
 20
433903.1900000001
 10
282872.83
 20
433924.41
 10
285112.7
 20
433946.21
 10
287352.57
 20
433968.59
 10
289592.44
 20
433991.56
 10
289621.24
 20
431217.23
 10
289650.02
 20
428442.92
 10
289678.78
 20
425668.61
 10
289707.5300000001
 20
422894.32
 10
289736.25
 20
420120.04
 10
289764.97
 20
417345.77
 10
289793.66
 20
414571.51
 10
289822.3400000001
 20
411797.26
 10
289850.99
 20
409023.03
 10
289879.64
 20
406248.8
 10
287632.58
 20
406225.9
 10
285385.5300000001
 20
406203.58
 10
283138.48
 20
406181.83
 10
280891.44
 20
406160.67
 10
278644.4000000001
 20
406140.09
 10
276397.36
 20
406120.08
 10
274150.34
 20
406100.6599999999
 10
271903.31
 20
406081.8199999999
 10
269656.29
 20
406063.55
 10
267409.27
 20
406045.87
 10
267387.79
 20
408820.04
 10
267366.3
 20
411594.22
 10
267344.79
 20
414368.41
 10
267323.27
 20
417142.62
 10
267301.74
 20
419916.83
 10
267280.2
 20
422691.06
 10
267258.64
 20
425465.2899999999
 10
267237.07
 20
428239.54
 10
267215.49
 20
431013.8
  0
LWPOLYLINE
  5
CF
330
2
100
AcDbEntity
  8
G50
  6
Continuous
100
AcDbPolyline
 90
       40
 70
     1
 43
0.0
 10
244065.04
 20
572369.18
 10
246268.31
 20
572381.2500000001
 10
248471.58
 20
572393.9000000001
 10
250674.85
 20
572407.15
 10
252878.12
 20
572420.98
 10
255081.4
 20
572435.4
 10
257284.68
 20
572450.4099999999
 10
259487.96
 20
572466.0100000001
 10
261691.24
 20
572482.19
 10
263894.53
 20
572498.97
 10
266097.8200000001
 20
572516.3300000001
 10
266120.06
 20
569741.48
 10
266142.28
 20
566966.65
 10
266164.48
 20
564191.82
 10
266186.68
 20
561417.01
 10
266208.86
 20
558642.21
 10
266231.0300000001
 20
555867.4199999999
 10
266253.18
 20
553092.6400000001
 10
266275.33
 20
550317.87
 10
266297.46
 20
547543.12
 10
266319.58
 20
544768.37
 10
264108.89
 20
544751.05
 10
261898.21
 20
544734.3100000001
 10
259687.54
 20
544718.16
 10
257476.86
 20
544702.6000000001
 10
255266.19
 20
544687.63
 10
253055.52
 20
544673.2400000001
 10
250844.85
 20
544659.44
 10
248634.19
 20
544646.23
 10
246423.53
 20
544633.6
 10
244212.87
 20
544621.5600000001
 10
244198.12
 20
547396.2700000001
 10
244183.37
 20
550170.99
 10
244168.61
 20
552945.73
 10
244153.84
 20
555720.4699999999
 10
244139.06
 20
558495.23
 10
244124.27
 20
561270.0
 10
244109.48
 20
564044.78
 10
244094.67
 20
566819.5700000001
 10
244079.86
 20
569594.37
  0
LWPOLYLINE
  5
D0
330
2
100
AcDbEntity
  8
G50
  6
Continuous
100
AcDbPolyline
 90
       40
 70
     1
 43
0.0
 10
243916.37
 20
600117.98
 10
246112.2
 20
600130.0700000001
 10
248308.03
 20
600142.7500000001
 10
250503.87
 20
600156.02
 10
252699.71
 20
600169.89
 10
254895.55
 20
600184.3400000002
 10
257091.4
 20
600199.3800000001
 10
259287.25
 20
600215.01
 10
261483.1000000001
 20
600231.24
 10
263678.95
 20
600248.05
 10
265874.81
 20
600265.45
 10
265897.16
 20
597490.49
 10
265919.51
 20
594715.5300000001
 10
265941.8400000001
 20
591940.59
 10
265964.16
 20
589165.66
 10
265986.47
 20
586390.75
 10
266008.77
 20
583615.8400000001
 10
266031.05
 20
580840.9499999999
 10
266053.32
 20
578066.06
 10
266075.58
 20
575291.1899999999
 10
266097.8200000001
 20
572516.3300000001
 10
263894.53
 20
572498.97
 10
261691.24
 20
572482.19
 10
259487.96
 20
572466.0100000001
 10
257284.68
 20
572450.4099999999
 10
255081.4
 20
572435.4
 10
252878.12
 20
572420.98
 10
250674.85
 20
572407.15
 10
248471.58
 20
572393.9000000001
 10
246268.31
 20
572381.2500000001
 10
244065.04
 20
572369.18
 10
244050.21
 20
575144.01
 10
244035.37
 20
577918.85
 10
244020.5300000001
 20
580693.7
 10
244005.67
 20
583468.5600000001
 10
243990.81
 20
586243.43
 10
243975.94
 20
589018.32
 10
243961.06
 20
591793.22
 10
243946.1700000001
 20
594568.12
 10
243931.27
 20
597343.0400000001
  0
LWPOLYLINE
  5
D1
330
2
100
AcDbEntity
  8
G50
  6
Continuous
100
AcDbPolyline
 90
       40
 70
     1
 43
0.0
 10
243766.86
 20
627867.94
 10
245955.21
 20
627880.0600000001
 10
248143.57
 20
627892.77
 10
250331.93
 20
627906.07
 10
252520.3
 20
627919.96
 10
254708.66
 20
627934.45
 10
256897.03
 20
627949.52
 10
259085.4
 20
627965.19
 10
261273.77
 20
627981.44
 10
263462.1500000001
 20
627998.2900000001
 10
265650.53
 20
628015.7299999999
 10
265673.01
 20
625240.6500000001
 10
265695.4900000001
 20
622465.58
 10
265717.94
 20
619690.53
 10
265740.39
 20
616915.4800000001
 10
265762.82
 20
614140.45
 10
265785.2500000001
 20
611365.42
 10
265807.65
 20
608590.41
 10
265830.05
 20
605815.4099999999
 10
265852.43
 20
603040.4299999999
 10
265874.81
 20
600265.45
 10
263678.95
 20
600248.05
 10
261483.1000000001
 20
600231.24
 10
259287.25
 20
600215.01
 10
257091.4
 20
600199.3800000001
 10
254895.55
 20
600184.3400000002
 10
252699.71
 20
600169.89
 10
250503.87
 20
600156.02
 10
248308.03
 20
600142.7500000001
 10
246112.2
 20
600130.0700000001
 10
243916.37
 20
600117.98
 10
243901.4500000001
 20
602892.92
 10
243886.53
 20
605667.87
 10
243871.6
 20
608442.8400000001
 10
243856.66
 20
611217.8200000001
 10
243841.72
 20
613992.8100000001
 10
243826.76
 20
616767.81
 10
243811.8
 20
619542.8300000001
 10
243796.83
 20
622317.85
 10
243781.84
 20
625092.89
  0
LWPOLYLINE
  5
D2
330
2
100
AcDbEntity
  8
G50
  6
Continuous
100
AcDbPolyline
 90
       40
 70
     1
 43
0.0
 10
221958.13
 20
600029.49
 10
224153.95
 20
600035.6899999999
 10
226349.77
 20
600042.4699999999
 10
228545.59
 20
600049.8400000001
 10
230741.41
 20
600057.8100000001
 10
232937.2300000001
 20
600066.36
 10
235133.05
 20
600075.5
 10
237328.88
 20
600085.24
 10
239524.71
 20
600095.5600000001
 10
241720.54
 20
600106.47
 10
243916.37
 20
600117.98
 10
243931.27
 20
597343.0400000001
 10
243946.1700000001
 20
594568.12
 10
243961.06
 20
591793.22
 10
243975.94
 20
589018.32
 10
243990.81
 20
586243.43
 10
244005.67
 20
583468.5600000001
 10
244020.5300000001
 20
580693.7
 10
244035.37
 20
577918.85
 10
244050.21
 20
575144.01
 10
244065.04
 20
572369.18
 10
241861.77
 20
572357.7099999999
 10
239658.51
 20
572346.8200000001
 10
237455.25
 20
572336.52
 10
235251.99
 20
572326.8100000001
 10
233048.73
 20
572317.68
 10
230845.48
 20
572309.15
 10
228642.22
 20
572301.2
 10
226438.97
 20
572293.85
 10
224235.72
 20
572287.0800000001
 10
222032.47
 20
572280.9
 10
222025.05
 20
575055.7099999999
 10
222017.63
 20
577830.5200000001
 10
222010.21
 20
580605.35
 10
222002.78
 20
583380.2
 10
221995.35
 20
586155.05
 10
221987.92
 20
588929.9099999999
 10
221980.48
 20
591704.79
 10
221973.03
 20
594479.6799999999
 10
221965.58
 20
597254.5800000001
  0
LWPOLYLINE
  5
D3
330
2
100
AcDbEntity
  8
G50
  6
Continuous
100
AcDbPolyline
 90
       40
 70
     1
 43
0.0
 10
222032.47
 20
572280.9
 10
224235.72
 20
572287.0800000001
 10
226438.97
 20
572293.85
 10
228642.22
 20
572301.2
 10
230845.48
 20
572309.15
 10
233048.73
 20
572317.68
 10
235251.99
 20
572326.8100000001
 10
237455.25
 20
572336.52
 10
239658.51
 20
572346.8200000001
 10
241861.77
 20
572357.7099999999
 10
244065.04
 20
572369.18
 10
244079.86
 20
569594.37
 10
244094.67
 20
566819.5700000001
 10
244109.48
 20
564044.78
 10
244124.27
 20
561270.0
 10
244139.06
 20
558495.23
 10
244153.84
 20
555720.4699999999
 10
244168.61
 20
552945.73
 10
244183.37
 20
550170.99
 10
244198.12
 20
547396.2700000001
 10
244212.87
 20
544621.5600000001
 10
242002.21
 20
544610.1099999999
 10
239791.56
 20
544599.25
 10
237580.9
 20
544588.97
 10
235370.25
 20
544579.29
 10
233159.6
 20
544570.18
 10
230948.96
 20
544561.6699999999
 10
228738.31
 20
544553.74
 10
226527.66
 20
544546.4000000001
 10
224317.02
 20
544539.6500000001
 10
222106.38
 20
544533.48
 10
222099.01
 20
547308.1699999999
 10
222091.63
 20
550082.87
 10
222084.25
 20
552857.5800000001
 10
222076.86
 20
555632.3100000001
 10
222069.48
 20
558407.0400000001
 10
222062.08
 20
561181.7900000001
 10
222054.68
 20
563956.55
 10
222047.28
 20
566731.3200000001
 10
222039.88
 20
569506.0999999999
  0
LWPOLYLINE
  5
D4
330
2
100
AcDbEntity
  8
G50
  6
Continuous
100
AcDbPolyline
 90
       40
 70
     1
 43
0.0
 10
221883.38
 20
627779.27
 10
224071.72
 20
627785.47
 10
226260.06
 20
627792.2700000001
 10
228448.41
 20
627799.6600000001
 10
230636.75
 20
627807.64
 10
232825.1
 20
627816.21
 10
235013.45
 20
627825.38
 10
237201.8
 20
627835.13
 10
239390.15
 20
627845.48
 10
241578.5
 20
627856.41
 10
243766.86
 20
627867.94
 10
243781.84
 20
625092.89
 10
243796.83
 20
622317.85
 10
243811.8
 20
619542.8300000001
 10
243826.76
 20
616767.81
 10
243841.72
 20
613992.8100000001
 10
243856.66
 20
611217.8200000001
 10
243871.6
 20
608442.8400000001
 10
243886.53
 20
605667.87
 10
243901.4500000001
 20
602892.92
 10
243916.37
 20
600117.98
 10
241720.54
 20
600106.47
 10
239524.71
 20
600095.5600000001
 10
237328.88
 20
600085.24
 10
235133.05
 20
600075.5
 10
232937.2300000001
 20
600066.36
 10
230741.41
 20
600057.8100000001
 10
228545.59
 20
600049.8400000001
 10
226349.77
 20
600042.4699999999
 10
224153.95
 20
600035.6899999999
 10
221958.13
 20
600029.49
 10
221950.68
 20
602804.42
 10
221943.22
 20
605579.35
 10
221935.75
 20
608354.3000000001
 10
221928.28
 20
611129.26
 10
221920.81
 20
613904.2299999999
 10
221913.33
 20
616679.2199999999
 10
221905.85
 20
619454.2099999999
 10
221898.36
 20
622229.22
 10
221890.87
 20
625004.24
  0
LWPOLYLINE
  5
D5
330
2
100
AcDbEntity
  8
G50
  6
Continuous
100
AcDbPolyline
 90
       40
 70
     1
 43
0.0
 10
265874.81
 20
600265.45
 10
268070.66
 20
600283.44
 10
270266.53
 20
600302.0300000001
 10
272462.39
 20
600321.2
 10
274658.26
 20
600340.96
 10
276854.13
 20
600361.3100000001
 10
279050.01
 20
600382.26
 10
281245.8900000001
 20
600403.7900000001
 10
283441.77
 20
600425.9099999999
 10
285637.66
 20
600448.62
 10
287833.55
 20
600471.9299999999
 10
287863.36
 20
597696.9199999999
 10
287893.16
 20
594921.9199999999
 10
287922.94
 20
592146.93
 10
287952.7
 20
589371.96
 10
287982.45
 20
586596.99
 10
288012.18
 20
583822.04
 10
288041.89
 20
581047.0999999999
 10
288071.59
 20
578272.1699999999
 10
288101.26
 20
575497.25
 10
288130.93
 20
572722.35
 10
285927.6
 20
572699.1
 10
283724.28
 20
572676.43
 10
281520.9600000001
 20
572654.36
 10
279317.64
 20
572632.88
 10
277114.33
 20
572611.98
 10
274911.02
 20
572591.6699999999
 10
272707.72
 20
572571.95
 10
270504.42
 20
572552.8200000001
 10
268301.12
 20
572534.28
 10
266097.8200000001
 20
572516.3300000001
 10
266075.58
 20
575291.1899999999
 10
266053.32
 20
578066.06
 10
266031.05
 20
580840.9499999999
 10
266008.77
 20
583615.8400000001
 10
265986.47
 20
586390.75
 10
265964.16
 20
589165.66
 10
265941.8400000001
 20
591940.59
 10
265919.51
 20
594715.5300000001
 10
265897.16
 20
597490.49
  0
LWPOLYLINE
  5
D6
330
2
100
AcDbEntity
  8
G50
  6
Continuous
100
AcDbPolyline
 90
       40
 70
     1
 43
0.0
 10
266097.8200000001
 20
572516.3300000001
 10
268301.12
 20
572534.28
 10
270504.42
 20
572552.8200000001
 10
272707.72
 20
572571.95
 10
274911.02
 20
572591.6699999999
 10
277114.33
 20
572611.98
 10
279317.64
 20
572632.88
 10
281520.9600000001
 20
572654.36
 10
283724.28
 20
572676.43
 10
285927.6
 20
572699.1
 10
288130.93
 20
572722.35
 10
288160.57
 20
569947.4499999999
 10
288190.2
 20
567172.5700000001
 10
288219.81
 20
564397.6999999999
 10
288249.41
 20
561622.8400000001
 10
288278.98
 20
558847.99
 10
288308.54
 20
556073.1500000001
 10
288338.09
 20
553298.3200000001
 10
288367.61
 20
550523.51
 10
288397.12
 20
547748.6999999999
 10
288426.62
 20
544973.9099999999
 10
286215.9000000001
 20
544950.7099999999
 10
284005.18
 20
544928.1
 10
281794.46
 20
544906.0800000001
 10
279583.76
 20
544884.6500000001
 10
277373.05
 20
544863.8
 10
275162.35
 20
544843.5400000001
 10
272951.6500000001
 20
544823.87
 10
270740.96
 20
544804.7800000001
 10
268530.2700000001
 20
544786.2800000001
 10
266319.58
 20
544768.37
 10
266297.46
 20
547543.12
 10
266275.33
 20
550317.87
 10
266253.18
 20
553092.6400000001
 10
266231.0300000001
 20
555867.4199999999
 10
266208.86
 20
558642.21
 10
266186.68
 20
561417.01
 10
266164.48
 20
564191.82
 10
266142.28
 20
566966.65
 10
266120.06
 20
569741.48
  0
LWPOLYLINE
  5
D7
330
2
100
AcDbEntity
  8
G50
  6
Continuous
100
AcDbPolyline
 90
       40
 70
     1
 43
0.0
 10
265650.53
 20
628015.7299999999
 10
267838.91
 20
628033.7600000001
 10
270027.3
 20
628052.3900000001
 10
272215.68
 20
628071.6
 10
274404.08
 20
628091.41
 10
276592.47
 20
628111.8000000001
 10
278780.87
 20
628132.79
 10
280969.2700000001
 20
628154.37
 10
283157.68
 20
628176.5400000001
 10
285346.09
 20
628199.3
 10
287534.5
 20
628222.6500000001
 10
287564.48
 20
625447.5300000001
 10
287594.44
 20
622672.4199999999
 10
287624.39
 20
619897.31
 10
287654.32
 20
617122.2199999999
 10
287684.23
 20
614347.15
 10
287714.13
 20
611572.0800000001
 10
287744.01
 20
608797.02
 10
287773.87
 20
606021.98
 10
287803.72
 20
603246.95
 10
287833.55
 20
600471.9299999999
 10
285637.66
 20
600448.62
 10
283441.77
 20
600425.9099999999
 10
281245.8900000001
 20
600403.7900000001
 10
279050.01
 20
600382.26
 10
276854.13
 20
600361.3100000001
 10
274658.26
 20
600340.96
 10
272462.39
 20
600321.2
 10
270266.53
 20
600302.0300000001
 10
268070.66
 20
600283.44
 10
265874.81
 20
600265.45
 10
265852.43
 20
603040.4299999999
 10
265830.05
 20
605815.4099999999
 10
265807.65
 20
608590.41
 10
265785.2500000001
 20
611365.42
 10
265762.82
 20
614140.45
 10
265740.39
 20
616915.4800000001
 10
265717.94
 20
619690.53
 10
265695.4900000001
 20
622465.58
 10
265673.01
 20
625240.6500000001
  0
LWPOLYLINE
  5
D8
330
2
100
AcDbEntity
  8
G50
  6
Continuous
100
AcDbPolyline
 90
       40
 70
     1
 43
0.0
 10
424717.26
 20
408684.9899999999
 10
426964.87
 20
408743.2999999999
 10
429212.49
 20
408802.2
 10
431460.1399999999
 20
408861.67
 10
433707.78
 20
408921.73
 10
435955.45
 20
408982.39
 10
438203.12
 20
409043.61
 10
440450.82
 20
409105.43
 10
442698.52
 20
409167.81
 10
444946.2299999999
 20
409230.79
 10
447193.99
 20
409294.33
 10
447272.78
 20
406519.2800000001
 10
447351.52
 20
403744.22
 10
447430.21
 20
400969.1899999999
 10
447508.88
 20
398194.16
 10
447587.47
 20
395419.13
 10
447666.04
 20
392644.13
 10
447744.57
 20
389869.12
 10
447823.03
 20
387094.14
 10
447901.4600000001
 20
384319.16
 10
447979.82
 20
381544.18
 10
445724.92
 20
381480.8
 10
443470.0300000001
 20
381418.01
 10
441215.19
 20
381355.79
 10
438960.33
 20
381294.1700000001
 10
436705.49
 20
381233.11
 10
434450.6599999999
 20
381172.6400000001
 10
432195.86
 20
381112.74
 10
429941.06
 20
381053.43
 10
427686.28
 20
380994.69
 10
425431.51
 20
380936.54
 10
425360.2899999999
 20
383711.33
 10
425289.0100000001
 20
386486.1500000001
 10
425217.69
 20
389260.97
 10
425146.3400000001
 20
392035.81
 10
425074.92
 20
394810.65
 10
425003.4699999999
 20
397585.5
 10
424931.98
 20
400360.37
 10
424860.45
 20
403135.23
 10
424788.8800000001
 20
405910.1
  0
LWPOLYLINE
  5
D9
330
2
100
AcDbEntity
  8
G50
  6
Continuous
100
AcDbPolyline
 90
       40
 70
     1
 43
0.0
 10
402241.83
 20
408133.78
 10
404489.3199999999
 20
408186.2899999999
 10
406736.83
 20
408239.3699999999
 10
408984.34
 20
408293.04
 10
411231.86
 20
408347.3
 10
413479.4
 20
408402.0999999999
 10
415726.94
 20
408457.53
 10
417974.5
 20
408513.52
 10
420222.08
 20
408570.1
 10
422469.66
 20
408627.25
 10
424717.26
 20
408684.9899999999
 10
424788.8800000001
 20
405910.1
 10
424860.45
 20
403135.23
 10
424931.98
 20
400360.37
 10
425003.4699999999
 20
397585.5
 10
425074.92
 20
394810.65
 10
425146.3400000001
 20
392035.81
 10
425217.69
 20
389260.97
 10
425289.0100000001
 20
386486.1500000001
 10
425360.2899999999
 20
383711.33
 10
425431.51
 20
380936.54
 10
423176.76
 20
380878.96
 10
420922.0300000001
 20
380821.97
 10
418667.3
 20
380765.55
 10
416412.57
 20
380709.72
 10
414157.87
 20
380654.46
 10
411903.18
 20
380599.79
 10
409648.51
 20
380545.68
 10
407393.84
 20
380492.17
 10
405139.2
 20
380439.23
 10
402884.55
 20
380386.88
 10
402820.46
 20
383161.5300000001
 10
402756.32
 20
385936.1900000001
 10
402692.14
 20
388710.8400000001
 10
402627.93
 20
391485.5300000001
 10
402563.6699999999
 20
394260.2100000001
 10
402499.4
 20
397034.8900000001
 10
402435.07
 20
399809.6
 10
402370.69
 20
402584.31
 10
402306.28
 20
405359.04
  0
LWPOLYLINE
  5
DA
330
2
100
AcDbEntity
  8
G50
  6
Continuous
100
AcDbPolyline
 90
       40
 70
     1
 43
0.0
 10
379767.58
 20
407640.66
 10
382014.95
 20
407687.38
 10
384262.34
 20
407734.63
 10
386509.75
 20
407782.51
 10
388757.1500000001
 20
407830.95
 10
391004.5700000001
 20
407879.96
 10
393251.99
 20
407929.56
 10
395499.45
 20
407979.75
 10
397746.89
 20
408030.51
 10
399994.36
 20
408081.8599999999
 10
402241.83
 20
408133.78
 10
402306.28
 20
405359.04
 10
402370.69
 20
402584.31
 10
402435.07
 20
399809.6
 10
402499.4
 20
397034.8900000001
 10
402563.6699999999
 20
394260.2100000001
 10
402627.93
 20
391485.5300000001
 10
402692.14
 20
388710.8400000001
 10
402756.32
 20
385936.1900000001
 10
402820.46
 20
383161.5300000001
 10
402884.55
 20
380386.88
 10
400629.9199999999
 20
380335.09
 10
398375.31
 20
380283.9
 10
396120.7100000001
 20
380233.27
 10
393866.12
 20
380183.23
 10
391611.52
 20
380133.76
 10
389356.97
 20
380084.89
 10
387102.4099999999
 20
380036.58
 10
384847.86
 20
379988.86
 10
382593.32
 20
379941.71
 10
380338.79
 20
379895.1500000001
 10
380281.8300000001
 20
382669.65
 10
380224.83
 20
385444.17
 10
380167.79
 20
388218.69
 10
380110.72
 20
390993.22
 10
380053.62
 20
393767.77
 10
379996.48
 20
396542.35
 10
379939.31
 20
399316.9
 10
379882.1
 20
402091.4799999999
 10
379824.86
 20
404866.09
  0
LWPOLYLINE
  5
DB
330
2
100
AcDbEntity
  8
G50
  6
Continuous
100
AcDbPolyline
 90
       40
 70
     1
 43
0.0
 10
357294.3700000001
 20
407205.6500000001
 10
359541.6400000001
 20
407246.5499999999
 10
361788.93
 20
407288.01
 10
364036.23
 20
407330.06
 10
366283.54
 20
407372.68
 10
368530.85
 20
407415.89
 10
370778.17
 20
407459.6999999999
 10
373025.51
 20
407504.07
 10
375272.87
 20
407549.01
 10
377520.22
 20
407594.5700000001
 10
379767.58
 20
407640.66
 10
379824.86
 20
404866.09
 10
379882.1
 20
402091.4799999999
 10
379939.31
 20
399316.9
 10
379996.48
 20
396542.35
 10
380053.62
 20
393767.77
 10
380110.72
 20
390993.22
 10
380167.79
 20
388218.69
 10
380224.83
 20
385444.17
 10
380281.8300000001
 20
382669.65
 10
380338.79
 20
379895.1500000001
 10
378084.2800000001
 20
379849.16
 10
375829.7700000001
 20
379803.76
 10
373575.28
 20
379758.92
 10
371320.79
 20
379714.68
 10
369066.3300000001
 20
379671.0
 10
366811.8600000001
 20
379627.92
 10
364557.4000000001
 20
379585.4000000001
 10
362302.9600000001
 20
379543.47
 10
360048.5300000001
 20
379502.11
 10
357794.11
 20
379461.3400000001
 10
357744.2600000001
 20
382235.74
 10
357694.4000000001
 20
385010.13
 10
357644.5
 20
387784.52
 10
357594.5700000001
 20
390558.95
 10
357544.61
 20
393333.37
 10
357494.61
 20
396107.79
 10
357444.5900000001
 20
398882.24
 10
357394.55
 20
401656.6899999999
 10
357344.48
 20
404431.17
  0
LWPOLYLINE
  5
DC
330
2
100
AcDbEntity
  8
G50
  6
Continuous
100
AcDbPolyline
 90
       40
 70
     1
 43
0.0
 10
334822.05
 20
406828.68
 10
337069.25
 20
406863.76
 10
339316.44
 20
406899.4299999999
 10
341563.66
 20
406935.67
 10
343810.87
 20
406972.5
 10
346058.1
 20
407009.89
 10
348305.33
 20
407047.91
 10
350552.5700000001
 20
407086.46
 10
352799.83
 20
407125.61
 10
355047.09
 20
407165.34
 10
357294.3700000001
 20
407205.6500000001
 10
357344.48
 20
404431.17
 10
357394.55
 20
401656.6899999999
 10
357444.5900000001
 20
398882.24
 10
357494.61
 20
396107.79
 10
357544.61
 20
393333.37
 10
357594.5700000001
 20
390558.95
 10
357644.5
 20
387784.52
 10
357694.4000000001
 20
385010.13
 10
357744.2600000001
 20
382235.74
 10
357794.11
 20
379461.3400000001
 10
355539.69
 20
379421.14
 10
353285.29
 20
379381.5300000001
 10
351030.88
 20
379342.48
 10
348776.51
 20
379304.0300000001
 10
346522.12
 20
379266.14
 10
344267.75
 20
379228.85
 10
342013.37
 20
379192.12
 10
339759.0200000001
 20
379155.98
 10
337504.69
 20
379120.4
 10
335250.36
 20
379085.42
 10
335207.63
 20
381859.69
 10
335164.9
 20
384633.98
 10
335122.1300000001
 20
387408.2700000001
 10
335079.33
 20
390182.6
 10
335036.5300000001
 20
392956.92
 10
334993.69
 20
395731.24
 10
334950.81
 20
398505.6
 10
334907.92
 20
401279.95
 10
334865.0
 20
404054.3
  0
LWPOLYLINE
  5
DD
330
2
100
AcDbEntity
  8
G50
  6
Continuous
100
AcDbPolyline
 90
       40
 70
     1
 43
0.0
 10
312350.5300000001
 20
406509.73
 10
314597.64
 20
406539.03
 10
316844.7700000001
 20
406568.88
 10
319091.9
 20
406599.33
 10
321339.06
 20
406630.35
 10
323586.1900000001
 20
406661.95
 10
325833.35
 20
406694.12
 10
328080.51
 20
406726.8900000001
 10
330327.69
 20
406760.24
 10
332574.87
 20
406794.17
 10
334822.05
 20
406828.68
 10
334865.0
 20
404054.3
 10
334907.92
 20
401279.95
 10
334950.81
 20
398505.6
 10
334993.69
 20
395731.24
 10
335036.5300000001
 20
392956.92
 10
335079.33
 20
390182.6
 10
335122.1300000001
 20
387408.2700000001
 10
335164.9
 20
384633.98
 10
335207.63
 20
381859.69
 10
335250.36
 20
379085.42
 10
332996.02
 20
379051.01
 10
330741.7
 20
379017.19
 10
328487.39
 20
378983.93
 10
326233.0900000001
 20
378951.2600000001
 10
323978.7800000001
 20
378919.16
 10
321724.48
 20
378887.6500000001
 10
319470.2
 20
378856.71
 10
317215.94
 20
378826.35
 10
314961.66
 20
378796.57
 10
312707.39
 20
378767.37
 10
312671.81
 20
381541.5700000001
 10
312636.19
 20
384315.76
 10
312600.55
 20
387089.95
 10
312564.91
 20
389864.18
 10
312529.23
 20
392638.4
 10
312493.5300000001
 20
395412.66
 10
312457.81
 20
398186.91
 10
312422.0600000001
 20
400961.16
 10
312386.31
 20
403735.45
  0
LWPOLYLINE
  5
DE
330
2
100
AcDbEntity
  8
G50
  6
Continuous
100
AcDbPolyline
 90
       40
 70
     1
 43
0.0
 10
404158.36
 20
324896.0
 10
406427.1699999999
 20
324948.05
 10
408696.01
 20
325000.68
 10
410964.84
 20
325053.89
 10
413233.69
 20
325107.6700000001
 10
415502.56
 20
325162.0300000001
 10
417771.44
 20
325216.96
 10
420040.35
 20
325272.47
 10
422309.2499999999
 20
325328.5400000001
 10
424578.18
 20
325385.21
 10
426847.1
 20
325442.4500000001
 10
426917.4399999999
 20
322667.85
 10
426987.7199999999
 20
319893.25
 10
427057.96
 20
317118.66
 10
427128.16
 20
314344.09
 10
427198.3099999999
 20
311569.51
 10
427268.41
 20
308794.9500000001
 10
427338.48
 20
306020.4000000001
 10
427408.51
 20
303245.87
 10
427478.49
 20
300471.33
 10
427548.42
 20
297696.81
 10
425272.46
 20
297639.74
 10
422996.52
 20
297583.26
 10
420720.58
 20
297527.34
 10
418444.65
 20
297472.0
 10
416168.76
 20
297417.24
 10
413892.8599999999
 20
297363.0400000001
 10
411616.98
 20
297309.43
 10
409341.12
 20
297256.37
 10
407065.27
 20
297203.9200000001
 10
404789.43
 20
297152.02
 10
404726.5
 20
299926.37
 10
404663.5199999999
 20
302700.74
 10
404600.51
 20
305475.1
 10
404537.46
 20
308249.49
 10
404474.38
 20
311023.88
 10
404411.26
 20
313798.2900000001
 10
404348.09
 20
316572.6900000001
 10
404284.89
 20
319347.12
 10
404221.6500000001
 20
322121.55
  0
LWPOLYLINE
  5
DF
330
2
100
AcDbEntity
  8
G50
  6
Continuous
 62
     1
100
AcDbPolyline
 90
       40
 70
     1
 43
0.0
 10
403523.4
 20
352640.94
 10
405785.14
 20
352693.14
 10
408046.91
 20
352745.94
 10
410308.6799999999
 20
352799.3
 10
412570.47
 20
352853.24
 10
414832.26
 20
352907.76
 10
417094.09
 20
352962.8600000001
 10
419355.92
 20
353018.5400000001
 10
421617.7499999999
 20
353074.78
 10
423879.5999999999
 20
353131.62
 10
426141.4799999999
 20
353189.02
 10
426212.2199999999
 20
350414.32
 10
426282.95
 20
347639.6500000001
 10
426353.6199999999
 20
344864.9599999999
 10
426424.25
 20
342090.2900000001
 10
426494.82
 20
339315.6300000001
 10
426565.38
 20
336540.98
 10
426635.89
 20
333766.33
 10
426706.33
 20
330991.6900000001
 10
426776.73
 20
328217.06
 10
426847.1
 20
325442.4500000001
 10
424578.18
 20
325385.21
 10
422309.2499999999
 20
325328.5400000001
 10
420040.35
 20
325272.47
 10
417771.44
 20
325216.96
 10
415502.56
 20
325162.0300000001
 10
413233.69
 20
325107.6700000001
 10
410964.84
 20
325053.89
 10
408696.01
 20
325000.68
 10
406427.1699999999
 20
324948.05
 10
404158.36
 20
324896.0
 10
404095.0399999999
 20
327670.44
 10
404031.69
 20
330444.9100000001
 10
403968.28
 20
333219.3800000001
 10
403904.8400000001
 20
335993.85
 10
403841.3799999999
 20
338768.35
 10
403777.85
 20
341542.85
 10
403714.29
 20
344317.36
 10
403650.71
 20
347091.8800000001
 10
403587.06
 20
349866.4
  0
LWPOLYLINE
  5
E0
330
2
100
AcDbEntity
  8
G50
  6
Continuous
100
AcDbPolyline
 90
       40
 70
     1
 43
0.0
 10
402884.55
 20
380386.88
 10
405139.2
 20
380439.23
 10
407393.84
 20
380492.17
 10
409648.51
 20
380545.68
 10
411903.18
 20
380599.79
 10
414157.87
 20
380654.46
 10
416412.57
 20
380709.72
 10
418667.3
 20
380765.55
 10
420922.0300000001
 20
380821.97
 10
423176.76
 20
380878.96
 10
425431.51
 20
380936.54
 10
425502.71
 20
378161.75
 10
425573.8400000001
 20
375386.96
 10
425644.95
 20
372612.2
 10
425716.02
 20
369837.4300000001
 10
425787.03
 20
367062.66
 10
425858.0
 20
364287.92
 10
425928.94
 20
361513.18
 10
425999.82
 20
358738.4500000001
 10
426070.67
 20
355963.74
 10
426141.4799999999
 20
353189.02
 10
423879.5999999999
 20
353131.62
 10
421617.7499999999
 20
353074.78
 10
419355.92
 20
353018.5400000001
 10
417094.09
 20
352962.8600000001
 10
414832.26
 20
352907.76
 10
412570.47
 20
352853.24
 10
410308.6799999999
 20
352799.3
 10
408046.91
 20
352745.94
 10
405785.14
 20
352693.14
 10
403523.4
 20
352640.94
 10
403459.69
 20
355415.5
 10
403395.94
 20
358190.05
 10
403332.15
 20
360964.62
 10
403268.32
 20
363739.21
 10
403204.45
 20
366513.78
 10
403140.56
 20
369288.39
 10
403076.61
 20
372062.99
 10
403012.62
 20
374837.62
 10
402948.62
 20
377612.25
  0
LWPOLYLINE
  5
E1
330
2
100
AcDbEntity
  8
G50
  6
Continuous
 62
     1
100
AcDbPolyline
 90
       40
 70
     1
 43
0.0
 10
382031.74
 20
296664.65
 10
384307.45
 20
296710.82
 10
386583.18
 20
296757.53
 10
388858.91
 20
296804.85
 10
391134.67
 20
296852.72
 10
393410.43
 20
296901.1700000001
 10
395686.2100000001
 20
296950.18
 10
397962.0
 20
296999.7900000001
 10
400237.7899999999
 20
297049.96
 10
402513.5999999999
 20
297100.69
 10
404789.43
 20
297152.02
 10
404852.32
 20
294377.6900000001
 10
404915.1799999999
 20
291603.33
 10
404977.9899999999
 20
288829.0200000001
 10
405040.77
 20
286054.71
 10
405103.5099999999
 20
283280.4000000001
 10
405166.19
 20
280506.1
 10
405228.85
 20
277731.82
 10
405291.4799999999
 20
274957.55
 10
405354.0499999999
 20
272183.27
 10
405416.59
 20
269409.01
 10
403133.7899999999
 20
269357.86
 10
400851.01
 20
269307.27
 10
398568.22
 20
269257.26
 10
396285.4600000001
 20
269207.81
 10
394002.69
 20
269158.94
 10
391719.9600000001
 20
269110.65
 10
389437.23
 20
269062.92
 10
387154.5200000001
 20
269015.76
 10
384871.82
 20
268969.2
 10
382589.13
 20
268923.18
 10
382533.55
 20
271697.29
 10
382477.93
 20
274471.4
 10
382422.2800000001
 20
277245.5300000001
 10
382366.59
 20
280019.65
 10
382310.87
 20
282793.7900000001
 10
382255.12
 20
285567.94
 10
382199.32
 20
288342.11
 10
382143.5000000001
 20
291116.2800000001
 10
382087.64
 20
293890.47
  0
LWPOLYLINE
  5
E2
330
2
100
AcDbEntity
  8
G50
  6
Continuous
 62
     1
100
AcDbPolyline
 90
       40
 70
     1
 43
0.0
 10
359275.22
 20
296234.7
 10
361550.8300000001
 20
296275.11
 10
363826.45
 20
296316.1
 10
366102.06
 20
296357.6700000001
 10
368377.7000000001
 20
296399.7900000001
 10
370653.35
 20
296442.5100000001
 10
372929.0
 20
296485.7900000001
 10
375204.68
 20
296529.6600000001
 10
377480.35
 20
296574.06
 10
379756.05
 20
296619.09
 10
382031.74
 20
296664.65
 10
382087.64
 20
293890.47
 10
382143.5000000001
 20
291116.2800000001
 10
382199.32
 20
288342.11
 10
382255.12
 20
285567.94
 10
382310.87
 20
282793.7900000001
 10
382366.59
 20
280019.65
 10
382422.2800000001
 20
277245.5300000001
 10
382477.93
 20
274471.4
 10
382533.55
 20
271697.29
 10
382589.13
 20
268923.18
 10
380306.45
 20
268877.75
 10
378023.79
 20
268832.88
 10
375741.14
 20
268788.59
 10
373458.49
 20
268744.88
 10
371175.87
 20
268701.72
 10
368893.23
 20
268659.15
 10
366610.6300000001
 20
268617.15
 10
364328.02
 20
268575.72
 10
362045.44
 20
268534.86
 10
359762.87
 20
268494.57
 10
359714.24
 20
271268.5400000001
 10
359665.57
 20
274042.5200000001
 10
359616.9000000001
 20
276816.5
 10
359568.18
 20
279590.5
 10
359519.42
 20
282364.51
 10
359470.6400000001
 20
285138.53
 10
359421.83
 20
287912.56
 10
359372.99
 20
290686.58
 10
359324.12
 20
293460.6500000001
  0
LWPOLYLINE
  5
E3
330
2
100
AcDbEntity
  8
G50
  6
Continuous
100
AcDbPolyline
 90
       40
 70
     1
 43
0.0
 10
336519.73
 20
295862.11
 10
338795.23
 20
295896.7900000001
 10
341070.75
 20
295932.05
 10
343346.28
 20
295967.87
 10
345621.82
 20
296004.2700000001
 10
347897.35
 20
296041.24
 10
350172.92
 20
296078.78
 10
352448.48
 20
296116.9
 10
354724.05
 20
296155.58
 10
356999.6300000001
 20
296194.86
 10
359275.22
 20
296234.7
 10
359324.12
 20
293460.6500000001
 10
359372.99
 20
290686.58
 10
359421.83
 20
287912.56
 10
359470.6400000001
 20
285138.53
 10
359519.42
 20
282364.51
 10
359568.18
 20
279590.5
 10
359616.9000000001
 20
276816.5
 10
359665.57
 20
274042.5200000001
 10
359714.24
 20
271268.5400000001
 10
359762.87
 20
268494.57
 10
357480.3
 20
268454.86
 10
355197.75
 20
268415.73
 10
352915.2000000001
 20
268377.16
 10
350632.65
 20
268339.1500000001
 10
348350.13
 20
268301.72
 10
346067.62
 20
268264.86
 10
343785.12
 20
268228.59
 10
341502.63
 20
268192.86
 10
339220.13
 20
268157.73
 10
336937.6500000001
 20
268123.17
 10
336895.97
 20
270897.01
 10
336854.28
 20
273670.86
 10
336812.55
 20
276444.73
 10
336770.79
 20
279218.61
 10
336729.01
 20
281992.5100000001
 10
336687.2100000001
 20
284766.4100000001
 10
336645.38
 20
287540.32
 10
336603.5200000001
 20
290314.24
 10
336561.63
 20
293088.1900000001
  0
LWPOLYLINE
  5
E4
330
2
100
AcDbEntity
  8
G50
  6
Continuous
100
AcDbPolyline
 90
       40
 70
     1
 43
0.0
 10
313765.1
 20
295546.9000000001
 10
316040.52
 20
295575.84
 10
318315.95
 20
295605.34
 10
320591.41
 20
295635.44
 10
322866.85
 20
295666.1
 10
325142.32
 20
295697.34
 10
327417.78
 20
295729.1500000001
 10
329693.25
 20
295761.53
 10
331968.74
 20
295794.49
 10
334244.22
 20
295828.0100000001
 10
336519.73
 20
295862.11
 10
336561.63
 20
293088.1900000001
 10
336603.5200000001
 20
290314.24
 10
336645.38
 20
287540.32
 10
336687.2100000001
 20
284766.4100000001
 10
336729.01
 20
281992.5100000001
 10
336770.79
 20
279218.61
 10
336812.55
 20
276444.73
 10
336854.28
 20
273670.86
 10
336895.97
 20
270897.01
 10
336937.6500000001
 20
268123.17
 10
334655.19
 20
268089.17
 10
332372.7100000001
 20
268055.74
 10
330090.27
 20
268022.88
 10
327807.82
 20
267990.6
 10
325525.39
 20
267958.9
 10
323242.9600000001
 20
267927.7600000001
 10
320960.54
 20
267897.19
 10
318678.14
 20
267867.21
 10
316395.73
 20
267837.77
 10
314113.3400000001
 20
267808.93
 10
314078.61
 20
270582.6700000001
 10
314043.86
 20
273356.4200000001
 10
314009.0900000001
 20
276130.21
 10
313974.31
 20
278903.98
 10
313939.48
 20
281677.78
 10
313904.66
 20
284451.58
 10
313869.8
 20
287225.4
 10
313834.92
 20
289999.21
 10
313800.02
 20
292773.0400000001
  0
LWPOLYLINE
  5
E5
330
2
100
AcDbEntity
  8
G50
  6
Continuous
100
AcDbPolyline
 90
       40
 70
     1
 43
0.0
 10
337352.9600000001
 20
240385.28
 10
339642.3700000001
 20
240419.73
 10
341931.79
 20
240454.76
 10
344221.2
 20
240490.35
 10
346510.65
 20
240526.52
 10
348800.09
 20
240563.25
 10
351089.55
 20
240600.55
 10
353379.01
 20
240638.44
 10
355668.48
 20
240676.88
 10
357957.9500000001
 20
240715.9
 10
360247.46
 20
240755.49
 10
360295.75
 20
237981.6400000001
 10
360344.02
 20
235207.8
 10
360392.24
 20
232433.96
 10
360440.4500000001
 20
229660.14
 10
360488.61
 20
226886.33
 10
360536.7600000001
 20
224112.54
 10
360584.86
 20
221338.74
 10
360632.94
 20
218564.96
 10
360680.98
 20
215791.19
 10
360729.0
 20
213017.43
 10
358432.62
 20
212977.98
 10
356136.24
 20
212939.08
 10
353839.89
 20
212900.77
 10
351543.54
 20
212863.02
 10
349247.2
 20
212825.84
 10
346950.8800000001
 20
212789.22
 10
344654.55
 20
212753.17
 10
342358.24
 20
212717.71
 10
340061.9500000001
 20
212682.78
 10
337765.66
 20
212648.44
 10
337724.51
 20
215422.09
 10
337683.3300000001
 20
218195.73
 10
337642.12
 20
220969.38
 10
337600.9000000001
 20
223743.05
 10
337559.6400000001
 20
226516.73
 10
337518.35
 20
229290.42
 10
337477.05
 20
232064.12
 10
337435.72
 20
234837.83
 10
337394.36
 20
237611.55
  0
LWPOLYLINE
  5
E6
330
2
100
AcDbEntity
  8
G50
  6
Continuous
100
AcDbPolyline
 90
       40
 70
     1
 43
0.0
 10
359762.87
 20
268494.57
 10
362045.44
 20
268534.86
 10
364328.02
 20
268575.72
 10
366610.6300000001
 20
268617.15
 10
368893.23
 20
268659.15
 10
371175.87
 20
268701.72
 10
373458.49
 20
268744.88
 10
375741.14
 20
268788.59
 10
378023.79
 20
268832.88
 10
380306.45
 20
268877.75
 10
382589.13
 20
268923.18
 10
382644.68
 20
266149.09
 10
382700.1900000001
 20
263375.01
 10
382755.67
 20
260600.94
 10
382811.11
 20
257826.88
 10
382866.5200000001
 20
255052.82
 10
382921.89
 20
252278.78
 10
382977.23
 20
249504.75
 10
383032.5300000001
 20
246730.72
 10
383087.8
 20
243956.72
 10
383143.03
 20
241182.72
 10
380853.42
 20
241137.42
 10
378563.8200000001
 20
241092.71
 10
376274.24
 20
241048.56
 10
373984.66
 20
241004.99
 10
371695.1
 20
240961.98
 10
369405.5500000001
 20
240919.54
 10
367116.01
 20
240877.6700000001
 10
364826.49
 20
240836.37
 10
362536.97
 20
240795.65
 10
360247.46
 20
240755.49
 10
360199.14
 20
243529.34
 10
360150.79
 20
246303.23
 10
360102.41
 20
249077.11
 10
360053.98
 20
251851.01
 10
360005.55
 20
254624.9
 10
359957.0700000001
 20
257398.81
 10
359908.56
 20
260172.74
 10
359860.0300000001
 20
262946.68
 10
359811.4500000001
 20
265720.62
  0
LWPOLYLINE
  5
E7
330
2
100
AcDbEntity
  8
G50
  6
Continuous
100
AcDbPolyline
 90
       40
 70
     1
 43
0.0
 10
336937.6500000001
 20
268123.17
 10
339220.13
 20
268157.73
 10
341502.63
 20
268192.86
 10
343785.12
 20
268228.59
 10
346067.62
 20
268264.86
 10
348350.13
 20
268301.72
 10
350632.65
 20
268339.1500000001
 10
352915.2000000001
 20
268377.16
 10
355197.75
 20
268415.73
 10
357480.3
 20
268454.86
 10
359762.87
 20
268494.57
 10
359811.4500000001
 20
265720.62
 10
359860.0300000001
 20
262946.68
 10
359908.56
 20
260172.74
 10
359957.0700000001
 20
257398.81
 10
360005.55
 20
254624.9
 10
360053.98
 20
251851.01
 10
360102.41
 20
249077.11
 10
360150.79
 20
246303.23
 10
360199.14
 20
243529.34
 10
360247.46
 20
240755.49
 10
357957.9500000001
 20
240715.9
 10
355668.48
 20
240676.88
 10
353379.01
 20
240638.44
 10
351089.55
 20
240600.55
 10
348800.09
 20
240563.25
 10
346510.65
 20
240526.52
 10
344221.2
 20
240490.35
 10
341931.79
 20
240454.76
 10
339642.3700000001
 20
240419.73
 10
337352.9600000001
 20
240385.28
 10
337311.56
 20
243159.02
 10
337270.12
 20
245932.75
 10
337228.6500000001
 20
248706.53
 10
337187.1400000001
 20
251480.3
 10
337145.6300000001
 20
254254.09
 10
337104.0900000001
 20
257027.89
 10
337062.5200000001
 20
259801.68
 10
337020.93
 20
262575.5100000001
 10
336979.3100000001
 20
265349.32
  0
LWPOLYLINE
  5
E8
330
2
100
AcDbEntity
  8
G50
  6
Continuous
100
AcDbPolyline
 90
       40
 70
     1
 43
0.0
 10
314459.39
 20
240072.05
 10
316748.72
 20
240100.81
 10
319038.04
 20
240130.13
 10
321327.38
 20
240160.04
 10
323616.72
 20
240190.5
 10
325906.08
 20
240221.54
 10
328195.4500000001
 20
240253.15
 10
330484.81
 20
240285.33
 10
332774.18
 20
240318.07
 10
335063.56
 20
240351.38
 10
337352.9600000001
 20
240385.28
 10
337394.36
 20
237611.55
 10
337435.72
 20
234837.83
 10
337477.05
 20
232064.12
 10
337518.35
 20
229290.42
 10
337559.6400000001
 20
226516.73
 10
337600.9000000001
 20
223743.05
 10
337642.12
 20
220969.38
 10
337683.3300000001
 20
218195.73
 10
337724.51
 20
215422.09
 10
337765.66
 20
212648.44
 10
335469.3800000001
 20
212614.67
 10
333173.12
 20
212581.47
 10
330876.85
 20
212548.83
 10
328580.61
 20
212516.7600000001
 10
326284.35
 20
212485.26
 10
323988.12
 20
212454.32
 10
321691.89
 20
212423.9600000001
 10
319395.68
 20
212394.15
 10
317099.47
 20
212364.93
 10
314803.26
 20
212336.27
 10
314768.98
 20
215109.79
 10
314734.67
 20
217883.33
 10
314700.3300000001
 20
220656.88
 10
314665.97
 20
223430.45
 10
314631.62
 20
226204.03
 10
314597.2100000001
 20
228977.61
 10
314562.7800000001
 20
231751.21
 10
314528.35
 20
234524.8
 10
314493.88
 20
237298.43
  0
LWPOLYLINE
  5
E9
330
2
100
AcDbEntity
  8
G50
  6
Continuous
100
AcDbPolyline
 90
       40
 70
     1
 43
0.0
 10
314113.3400000001
 20
267808.93
 10
316395.73
 20
267837.77
 10
318678.14
 20
267867.21
 10
320960.54
 20
267897.19
 10
323242.9600000001
 20
267927.7600000001
 10
325525.39
 20
267958.9
 10
327807.82
 20
267990.6
 10
330090.27
 20
268022.88
 10
332372.7100000001
 20
268055.74
 10
334655.19
 20
268089.17
 10
336937.6500000001
 20
268123.17
 10
336979.3100000001
 20
265349.32
 10
337020.93
 20
262575.5100000001
 10
337062.5200000001
 20
259801.68
 10
337104.0900000001
 20
257027.89
 10
337145.6300000001
 20
254254.09
 10
337187.1400000001
 20
251480.3
 10
337228.6500000001
 20
248706.53
 10
337270.12
 20
245932.75
 10
337311.56
 20
243159.02
 10
337352.9600000001
 20
240385.28
 10
335063.56
 20
240351.38
 10
332774.18
 20
240318.07
 10
330484.81
 20
240285.33
 10
328195.4500000001
 20
240253.15
 10
325906.08
 20
240221.54
 10
323616.72
 20
240190.5
 10
321327.38
 20
240160.04
 10
319038.04
 20
240130.13
 10
316748.72
 20
240100.81
 10
314459.39
 20
240072.05
 10
314424.89
 20
242845.7
 10
314390.36
 20
245619.35
 10
314355.8
 20
248393.0
 10
314321.24
 20
251166.68
 10
314286.64
 20
253940.3500000001
 10
314252.02
 20
256714.05
 10
314217.38
 20
259487.76
 10
314182.71
 20
262261.47
 10
314148.04
 20
265035.19
  0
LWPOLYLINE
  5
EA
330
2
100
AcDbEntity
  8
G50
  6
Continuous
100
AcDbPolyline
 90
       40
 70
     1
 43
0.0
 10
358784.54
 20
323975.87
 10
361053.14
 20
324016.4
 10
363321.73
 20
324057.51
 10
365590.3300000001
 20
324099.21
 10
367858.96
 20
324141.47
 10
370127.57
 20
324184.32
 10
372396.22
 20
324227.72
 10
374664.87
 20
324271.71
 10
376933.53
 20
324316.28
 10
379202.2
 20
324361.4200000001
 10
381470.89
 20
324407.13
 10
381527.1300000001
 20
321632.86
 10
381583.3300000001
 20
318858.57
 10
381639.5100000001
 20
316084.29
 10
381695.64
 20
313310.0300000001
 10
381751.7500000001
 20
310535.7800000001
 10
381807.82
 20
307761.5300000001
 10
381863.85
 20
304987.3100000001
 10
381919.85
 20
302213.07
 10
381975.81
 20
299438.86
 10
382031.74
 20
296664.65
 10
379756.05
 20
296619.09
 10
377480.35
 20
296574.06
 10
375204.68
 20
296529.6600000001
 10
372929.0
 20
296485.7900000001
 10
370653.35
 20
296442.5100000001
 10
368377.7000000001
 20
296399.7900000001
 10
366102.06
 20
296357.6700000001
 10
363826.45
 20
296316.1
 10
361550.8300000001
 20
296275.11
 10
359275.22
 20
296234.7
 10
359226.29
 20
299008.7700000001
 10
359177.3400000001
 20
301782.85
 10
359128.35
 20
304556.93
 10
359079.33
 20
307331.04
 10
359030.27
 20
310105.15
 10
358981.18
 20
312879.27
 10
358932.07
 20
315653.4000000001
 10
358882.92
 20
318427.55
 10
358833.74
 20
321201.7
  0
LWPOLYLINE
  5
EB
330
2
100
AcDbEntity
  8
G50
  6
Continuous
100
AcDbPolyline
 90
       40
 70
     1
 43
0.0
 10
358290.8300000001
 20
351718.07
 10
360552.36
 20
351758.74
 10
362813.91
 20
351799.98
 10
365075.45
 20
351841.77
 10
367336.99
 20
351884.18
 10
369598.56
 20
351927.14
 10
371860.16
 20
351970.69
 10
374121.7300000001
 20
352014.8000000001
 10
376383.33
 20
352059.5
 10
378644.94
 20
352104.78
 10
380906.57
 20
352150.6400000001
 10
380963.15
 20
349376.24
 10
381019.7100000001
 20
346601.85
 10
381076.22
 20
343827.48
 10
381132.7100000001
 20
341053.11
 10
381189.16
 20
338278.76
 10
381245.5700000001
 20
335504.42
 10
381301.95
 20
332730.09
 10
381358.3
 20
329955.7500000001
 10
381414.61
 20
327181.44
 10
381470.89
 20
324407.13
 10
379202.2
 20
324361.4200000001
 10
376933.53
 20
324316.28
 10
374664.87
 20
324271.71
 10
372396.22
 20
324227.72
 10
370127.57
 20
324184.32
 10
367858.96
 20
324141.47
 10
365590.3300000001
 20
324099.21
 10
363321.73
 20
324057.51
 10
361053.14
 20
324016.4
 10
358784.54
 20
323975.87
 10
358735.31
 20
326750.0400000001
 10
358686.04
 20
329524.23
 10
358636.75
 20
332298.43
 10
358587.43
 20
335072.62
 10
358538.06
 20
337846.84
 10
358488.68
 20
340621.0700000001
 10
358439.27
 20
343395.3000000001
 10
358389.8100000001
 20
346169.56
 10
358340.35
 20
348943.81
  0
LWPOLYLINE
  5
EC
330
2
100
AcDbEntity
  8
G50
  6
Continuous
100
AcDbPolyline
 90
       40
 70
     1
 43
0.0
 10
357794.11
 20
379461.3400000001
 10
360048.5300000001
 20
379502.11
 10
362302.9600000001
 20
379543.47
 10
364557.4000000001
 20
379585.4000000001
 10
366811.8600000001
 20
379627.92
 10
369066.3300000001
 20
379671.0
 10
371320.79
 20
379714.68
 10
373575.28
 20
379758.92
 10
375829.7700000001
 20
379803.76
 10
378084.2800000001
 20
379849.16
 10
380338.79
 20
379895.1500000001
 10
380395.73
 20
377120.66
 10
380452.62
 20
374346.16
 10
380509.49
 20
371571.69
 10
380566.32
 20
368797.22
 10
380623.11
 20
366022.75
 10
380679.87
 20
363248.32
 10
380736.6
 20
360473.8800000001
 10
380793.29
 20
357699.45
 10
380849.94
 20
354925.04
 10
380906.57
 20
352150.6400000001
 10
378644.94
 20
352104.78
 10
376383.33
 20
352059.5
 10
374121.7300000001
 20
352014.8000000001
 10
371860.16
 20
351970.69
 10
369598.56
 20
351927.14
 10
367336.99
 20
351884.18
 10
365075.45
 20
351841.77
 10
362813.91
 20
351799.98
 10
360552.36
 20
351758.74
 10
358290.8300000001
 20
351718.07
 10
358241.3000000001
 20
354492.37
 10
358191.73
 20
357266.65
 10
358142.1300000001
 20
360040.94
 10
358092.51
 20
362815.2700000001
 10
358042.86
 20
365589.57
 10
357993.1500000001
 20
368363.91
 10
357943.44
 20
371138.25
 10
357893.7000000001
 20
373912.61
 10
357843.91
 20
376686.98
  0
LWPOLYLINE
  5
ED
330
2
100
AcDbEntity
  8
G50
  6
Continuous
100
AcDbPolyline
 90
       40
 70
     1
 43
0.0
 10
335676.06
 20
351343.24
 10
337937.51
 20
351378.13
 10
340198.9500000001
 20
351413.59
 10
342460.4
 20
351449.64
 10
344721.86
 20
351486.25
 10
346983.35
 20
351523.45
 10
349244.8200000001
 20
351561.22
 10
351506.3100000001
 20
351599.5700000001
 10
353767.8
 20
351638.49
 10
356029.32
 20
351677.99
 10
358290.8300000001
 20
351718.07
 10
358340.35
 20
348943.81
 10
358389.8100000001
 20
346169.56
 10
358439.27
 20
343395.3000000001
 10
358488.68
 20
340621.0700000001
 10
358538.06
 20
337846.84
 10
358587.43
 20
335072.62
 10
358636.75
 20
332298.43
 10
358686.04
 20
329524.23
 10
358735.31
 20
326750.0400000001
 10
358784.54
 20
323975.87
 10
356515.9700000001
 20
323935.9
 10
354247.4000000001
 20
323896.5200000001
 10
351978.85
 20
323857.71
 10
349710.3
 20
323819.48
 10
347441.7600000001
 20
323781.82
 10
345173.23
 20
323744.73
 10
342904.7000000001
 20
323708.22
 10
340636.2
 20
323672.2800000001
 10
338367.6900000001
 20
323636.93
 10
336099.2
 20
323602.1400000001
 10
336057.01
 20
326376.2000000001
 10
336014.7800000001
 20
329150.2700000001
 10
335972.5200000001
 20
331924.36
 10
335930.25
 20
334698.46
 10
335887.96
 20
337472.5700000001
 10
335845.63
 20
340246.68
 10
335803.2700000001
 20
343020.8
 10
335760.9
 20
345794.95
 10
335718.5000000001
 20
348569.08
  0
LWPOLYLINE
  5
EE
330
2
100
AcDbEntity
  8
G50
  6
Continuous
100
AcDbPolyline
 90
       40
 70
     1
 43
0.0
 10
313062.13
 20
351026.1100000001
 10
315323.48
 20
351055.22
 10
317584.85
 20
351084.9200000001
 10
319846.22
 20
351115.19
 10
322107.61
 20
351146.03
 10
324369.0
 20
351177.47
 10
326630.39
 20
351209.47
 10
328891.79
 20
351242.0500000001
 10
331153.22
 20
351275.2000000001
 10
333414.64
 20
351308.9400000001
 10
335676.06
 20
351343.24
 10
335718.5000000001
 20
348569.08
 10
335760.9
 20
345794.95
 10
335803.2700000001
 20
343020.8
 10
335845.63
 20
340246.68
 10
335887.96
 20
337472.5700000001
 10
335930.25
 20
334698.46
 10
335972.5200000001
 20
331924.36
 10
336014.7800000001
 20
329150.2700000001
 10
336057.01
 20
326376.2000000001
 10
336099.2
 20
323602.1400000001
 10
333830.7
 20
323567.9300000001
 10
331562.23
 20
323534.3
 10
329293.7600000001
 20
323501.25
 10
327025.31
 20
323468.76
 10
324756.85
 20
323436.85
 10
322488.41
 20
323405.5400000001
 10
320219.97
 20
323374.7700000001
 10
317951.53
 20
323344.5899999999
 10
315683.11
 20
323314.98
 10
313414.69
 20
323285.95
 10
313379.5300000001
 20
326059.93
 10
313344.35
 20
328833.9000000001
 10
313309.14
 20
331607.89
 10
313273.93
 20
334381.89
 10
313238.68
 20
337155.89
 10
313203.41
 20
339929.91
 10
313168.12
 20
342703.94
 10
313132.81
 20
345478.0
 10
313097.49
 20
348252.0400000001
  0
LWPOLYLINE
  5
EF
330
2
100
AcDbEntity
  8
G50
  6
Continuous
100
AcDbPolyline
 90
       40
 70
     1
 43
0.0
 10
313414.69
 20
323285.95
 10
315683.11
 20
323314.98
 10
317951.53
 20
323344.5899999999
 10
320219.97
 20
323374.7700000001
 10
322488.41
 20
323405.5400000001
 10
324756.85
 20
323436.85
 10
327025.31
 20
323468.76
 10
329293.7600000001
 20
323501.25
 10
331562.23
 20
323534.3
 10
333830.7
 20
323567.9300000001
 10
336099.2
 20
323602.1400000001
 10
336141.3600000001
 20
320828.1
 10
336183.5
 20
318054.05
 10
336225.63
 20
315280.0200000001
 10
336267.7100000001
 20
312506.0100000001
 10
336309.7800000001
 20
309731.99
 10
336351.8300000001
 20
306957.99
 10
336393.85
 20
304184.01
 10
336435.8300000001
 20
301410.0400000001
 10
336477.79
 20
298636.07
 10
336519.73
 20
295862.11
 10
334244.22
 20
295828.0100000001
 10
331968.74
 20
295794.49
 10
329693.25
 20
295761.53
 10
327417.78
 20
295729.1500000001
 10
325142.32
 20
295697.34
 10
322866.85
 20
295666.1
 10
320591.41
 20
295635.44
 10
318315.95
 20
295605.34
 10
316040.52
 20
295575.84
 10
313765.1
 20
295546.9000000001
 10
313730.15
 20
298320.75
 10
313695.19
 20
301094.62
 10
313660.2
 20
303868.5
 10
313625.21
 20
306642.39
 10
313590.17
 20
309416.2800000001
 10
313555.12
 20
312190.2
 10
313520.05
 20
314964.12
 10
313484.95
 20
317738.06
 10
313449.8300000001
 20
320512.0
  0
LWPOLYLINE
  5
F0
330
2
100
AcDbEntity
  8
G50
  6
Continuous
100
AcDbPolyline
 90
       40
 70
     1
 43
0.0
 10
336099.2
 20
323602.1400000001
 10
338367.6900000001
 20
323636.93
 10
340636.2
 20
323672.2800000001
 10
342904.7000000001
 20
323708.22
 10
345173.23
 20
323744.73
 10
347441.7600000001
 20
323781.82
 10
349710.3
 20
323819.48
 10
351978.85
 20
323857.71
 10
354247.4000000001
 20
323896.5200000001
 10
356515.9700000001
 20
323935.9
 10
358784.54
 20
323975.87
 10
358833.74
 20
321201.7
 10
358882.92
 20
318427.55
 10
358932.07
 20
315653.4000000001
 10
358981.18
 20
312879.27
 10
359030.27
 20
310105.15
 10
359079.33
 20
307331.04
 10
359128.35
 20
304556.93
 10
359177.3400000001
 20
301782.85
 10
359226.29
 20
299008.7700000001
 10
359275.22
 20
296234.7
 10
356999.6300000001
 20
296194.86
 10
354724.05
 20
296155.58
 10
352448.48
 20
296116.9
 10
350172.92
 20
296078.78
 10
347897.35
 20
296041.24
 10
345621.82
 20
296004.2700000001
 10
343346.28
 20
295967.87
 10
341070.75
 20
295932.05
 10
338795.23
 20
295896.7900000001
 10
336519.73
 20
295862.11
 10
336477.79
 20
298636.07
 10
336435.8300000001
 20
301410.0400000001
 10
336393.85
 20
304184.01
 10
336351.8300000001
 20
306957.99
 10
336309.7800000001
 20
309731.99
 10
336267.7100000001
 20
312506.0100000001
 10
336225.63
 20
315280.0200000001
 10
336183.5
 20
318054.05
 10
336141.3600000001
 20
320828.1
  0
LWPOLYLINE
  5
F1
330
2
100
AcDbEntity
  8
G50
  6
Continuous
100
AcDbPolyline
 90
       40
 70
     1
 43
0.0
 10
312707.39
 20
378767.37
 10
314961.66
 20
378796.57
 10
317215.94
 20
378826.35
 10
319470.2
 20
378856.71
 10
321724.48
 20
378887.6500000001
 10
323978.7800000001
 20
378919.16
 10
326233.0900000001
 20
378951.2600000001
 10
328487.39
 20
378983.93
 10
330741.7
 20
379017.19
 10
332996.02
 20
379051.01
 10
335250.36
 20
379085.42
 10
335293.0300000001
 20
376311.16
 10
335335.71
 20
373536.9000000001
 10
335378.3400000001
 20
370762.66
 10
335420.94
 20
367988.43
 10
335463.53
 20
365214.19
 10
335506.1
 20
362439.99
 10
335548.62
 20
359665.7800000001
 10
335591.1300000001
 20
356891.59
 10
335633.61
 20
354117.42
 10
335676.06
 20
351343.24
 10
333414.64
 20
351308.9400000001
 10
331153.22
 20
351275.2000000001
 10
328891.79
 20
351242.0500000001
 10
326630.39
 20
351209.47
 10
324369.0
 20
351177.47
 10
322107.61
 20
351146.03
 10
319846.22
 20
351115.19
 10
317584.85
 20
351084.9200000001
 10
315323.48
 20
351055.22
 10
313062.13
 20
351026.1100000001
 10
313026.75
 20
353800.1900000001
 10
312991.36
 20
356574.2800000001
 10
312955.93
 20
359348.36
 10
312920.5000000001
 20
362122.48
 10
312885.02
 20
364896.61
 10
312849.55
 20
367670.72
 10
312814.04
 20
370444.88
 10
312778.52
 20
373219.01
 10
312742.97
 20
375993.21
  0
LWPOLYLINE
  5
F2
330
2
100
AcDbEntity
  8
G50
  6
Continuous
 62
     1
100
AcDbPolyline
 90
       40
 70
     1
 43
0.0
 10
335250.36
 20
379085.42
 10
337504.69
 20
379120.4
 10
339759.0200000001
 20
379155.98
 10
342013.37
 20
379192.12
 10
344267.75
 20
379228.85
 10
346522.12
 20
379266.14
 10
348776.51
 20
379304.0300000001
 10
351030.88
 20
379342.48
 10
353285.29
 20
379381.5300000001
 10
355539.69
 20
379421.14
 10
357794.11
 20
379461.3400000001
 10
357843.91
 20
376686.98
 10
357893.7000000001
 20
373912.61
 10
357943.44
 20
371138.25
 10
357993.1500000001
 20
368363.91
 10
358042.86
 20
365589.57
 10
358092.51
 20
362815.2700000001
 10
358142.1300000001
 20
360040.94
 10
358191.73
 20
357266.65
 10
358241.3000000001
 20
354492.37
 10
358290.8300000001
 20
351718.07
 10
356029.32
 20
351677.99
 10
353767.8
 20
351638.49
 10
351506.3100000001
 20
351599.5700000001
 10
349244.8200000001
 20
351561.22
 10
346983.35
 20
351523.45
 10
344721.86
 20
351486.25
 10
342460.4
 20
351449.64
 10
340198.9500000001
 20
351413.59
 10
337937.51
 20
351378.13
 10
335676.06
 20
351343.24
 10
335633.61
 20
354117.42
 10
335591.1300000001
 20
356891.59
 10
335548.62
 20
359665.7800000001
 10
335506.1
 20
362439.99
 10
335463.53
 20
365214.19
 10
335420.94
 20
367988.43
 10
335378.3400000001
 20
370762.66
 10
335335.71
 20
373536.9000000001
 10
335293.0300000001
 20
376311.16
  0
LWPOLYLINE
  5
F3
330
2
100
AcDbEntity
  8
G50
  6
Continuous
100
AcDbPolyline
 90
       40
 70
     1
 43
0.0
 10
380906.57
 20
352150.6400000001
 10
383168.2
 20
352197.07
 10
385429.8400000001
 20
352244.07
 10
387691.5
 20
352291.65
 10
389953.1500000001
 20
352339.83
 10
392214.8400000001
 20
352388.5700000001
 10
394476.53
 20
352437.89
 10
396738.22
 20
352487.78
 10
398999.93
 20
352538.27
 10
401261.67
 20
352589.32
 10
403523.4
 20
352640.94
 10
403587.06
 20
349866.4
 10
403650.71
 20
347091.8800000001
 10
403714.29
 20
344317.36
 10
403777.85
 20
341542.85
 10
403841.3799999999
 20
338768.35
 10
403904.8400000001
 20
335993.85
 10
403968.28
 20
333219.3800000001
 10
404031.69
 20
330444.9100000001
 10
404095.0399999999
 20
327670.44
 10
404158.36
 20
324896.0
 10
401889.55
 20
324844.51
 10
399620.77
 20
324793.61
 10
397352.0
 20
324743.2900000001
 10
395083.22
 20
324693.55
 10
392814.48
 20
324644.38
 10
390545.73
 20
324595.77
 10
388277.0
 20
324547.7500000001
 10
386008.2800000001
 20
324500.3
 10
383739.58
 20
324453.43
 10
381470.89
 20
324407.13
 10
381414.61
 20
327181.44
 10
381358.3
 20
329955.7500000001
 10
381301.95
 20
332730.09
 10
381245.5700000001
 20
335504.42
 10
381189.16
 20
338278.76
 10
381132.7100000001
 20
341053.11
 10
381076.22
 20
343827.48
 10
381019.7100000001
 20
346601.85
 10
380963.15
 20
349376.24
  0
LWPOLYLINE
  5
F4
330
2
100
AcDbEntity
  8
G50
  6
Continuous
100
AcDbPolyline
 90
       40
 70
     1
 43
0.0
 10
381470.89
 20
324407.13
 10
383739.58
 20
324453.43
 10
386008.2800000001
 20
324500.3
 10
388277.0
 20
324547.7500000001
 10
390545.73
 20
324595.77
 10
392814.48
 20
324644.38
 10
395083.22
 20
324693.55
 10
397352.0
 20
324743.2900000001
 10
399620.77
 20
324793.61
 10
401889.55
 20
324844.51
 10
404158.36
 20
324896.0
 10
404221.6500000001
 20
322121.55
 10
404284.89
 20
319347.12
 10
404348.09
 20
316572.6900000001
 10
404411.26
 20
313798.2900000001
 10
404474.38
 20
311023.88
 10
404537.46
 20
308249.49
 10
404600.51
 20
305475.1
 10
404663.5199999999
 20
302700.74
 10
404726.5
 20
299926.37
 10
404789.43
 20
297152.02
 10
402513.5999999999
 20
297100.69
 10
400237.7899999999
 20
297049.96
 10
397962.0
 20
296999.7900000001
 10
395686.2100000001
 20
296950.18
 10
393410.43
 20
296901.1700000001
 10
391134.67
 20
296852.72
 10
388858.91
 20
296804.85
 10
386583.18
 20
296757.53
 10
384307.45
 20
296710.82
 10
382031.74
 20
296664.65
 10
381975.81
 20
299438.86
 10
381919.85
 20
302213.07
 10
381863.85
 20
304987.3100000001
 10
381807.82
 20
307761.5300000001
 10
381751.7500000001
 20
310535.7800000001
 10
381695.64
 20
313310.0300000001
 10
381639.5100000001
 20
316084.29
 10
381583.3300000001
 20
318858.57
 10
381527.1300000001
 20
321632.86
  0
LWPOLYLINE
  5
F5
330
2
100
AcDbEntity
  8
G50
  6
Continuous
100
AcDbPolyline
 90
       40
 70
     1
 43
0.0
 10
380338.79
 20
379895.1500000001
 10
382593.32
 20
379941.71
 10
384847.86
 20
379988.86
 10
387102.4099999999
 20
380036.58
 10
389356.97
 20
380084.89
 10
391611.52
 20
380133.76
 10
393866.12
 20
380183.23
 10
396120.7100000001
 20
380233.27
 10
398375.31
 20
380283.9
 10
400629.9199999999
 20
380335.09
 10
402884.55
 20
380386.88
 10
402948.62
 20
377612.25
 10
403012.62
 20
374837.62
 10
403076.61
 20
372062.99
 10
403140.56
 20
369288.39
 10
403204.45
 20
366513.78
 10
403268.32
 20
363739.21
 10
403332.15
 20
360964.62
 10
403395.94
 20
358190.05
 10
403459.69
 20
355415.5
 10
403523.4
 20
352640.94
 10
401261.67
 20
352589.32
 10
398999.93
 20
352538.27
 10
396738.22
 20
352487.78
 10
394476.53
 20
352437.89
 10
392214.8400000001
 20
352388.5700000001
 10
389953.1500000001
 20
352339.83
 10
387691.5
 20
352291.65
 10
385429.8400000001
 20
352244.07
 10
383168.2
 20
352197.07
 10
380906.57
 20
352150.6400000001
 10
380849.94
 20
354925.04
 10
380793.29
 20
357699.45
 10
380736.6
 20
360473.8800000001
 10
380679.87
 20
363248.32
 10
380623.11
 20
366022.75
 10
380566.32
 20
368797.22
 10
380509.49
 20
371571.69
 10
380452.62
 20
374346.16
 10
380395.73
 20
377120.66
  0
LWPOLYLINE
  5
F6
330
2
100
AcDbEntity
  8
G50
  6
Continuous
100
AcDbPolyline
 90
       40
 70
     1
 43
0.0
 10
425431.51
 20
380936.54
 10
427686.28
 20
380994.69
 10
429941.06
 20
381053.43
 10
432195.86
 20
381112.74
 10
434450.6599999999
 20
381172.6400000001
 10
436705.49
 20
381233.11
 10
438960.33
 20
381294.1700000001
 10
441215.19
 20
381355.79
 10
443470.0300000001
 20
381418.01
 10
445724.92
 20
381480.8
 10
447979.82
 20
381544.18
 10
448058.15
 20
378769.23
 10
448136.4099999999
 20
375994.24
 10
448214.64
 20
373219.31
 10
448292.81
 20
370444.35
 10
448370.96
 20
367669.45
 10
448449.0599999999
 20
364894.5100000001
 10
448527.09
 20
362119.59
 10
448605.08
 20
359344.7000000001
 10
448683.01
 20
356569.8
 10
448760.9
 20
353794.9200000001
 10
446498.92
 20
353731.72
 10
444236.9099999999
 20
353669.12
 10
441974.9399999999
 20
353607.08
 10
439712.9699999999
 20
353545.61
 10
437451.0100000001
 20
353484.75
 10
435189.08
 20
353424.4500000001
 10
432927.17
 20
353364.73
 10
430665.2399999999
 20
353305.58
 10
428403.35
 20
353247.0200000001
 10
426141.4799999999
 20
353189.02
 10
426070.67
 20
355963.74
 10
425999.82
 20
358738.4500000001
 10
425928.94
 20
361513.18
 10
425858.0
 20
364287.92
 10
425787.03
 20
367062.66
 10
425716.02
 20
369837.4300000001
 10
425644.95
 20
372612.2
 10
425573.8400000001
 20
375386.96
 10
425502.71
 20
378161.75
  0
LWPOLYLINE
  5
F7
330
2
100
AcDbEntity
  8
G50
  6
Continuous
100
AcDbPolyline
 90
       40
 70
     1
 43
0.0
 10
330852.54
 20
656567.0
 10
333033.54
 20
656602.84
 10
335214.53
 20
656639.3000000001
 10
337395.54
 20
656676.3299999999
 10
339576.55
 20
656713.9799999999
 10
341757.56
 20
656752.2
 10
343938.58
 20
656791.0400000001
 10
346119.61
 20
656830.4399999999
 10
348300.6500000001
 20
656870.4100000001
 10
350481.69
 20
656911.0
 10
352662.7400000001
 20
656952.22
 10
352715.5200000001
 20
654176.75
 10
352768.26
 20
651401.3300000001
 10
352820.98
 20
648625.9100000001
 10
352873.65
 20
645850.5000000001
 10
352926.31
 20
643075.14
 10
352978.94
 20
640299.72
 10
353031.53
 20
637524.3600000001
 10
353084.11
 20
634749.01
 10
353136.6500000001
 20
631973.6500000001
 10
353189.16
 20
629198.28
 10
351000.58
 20
629157.23
 10
348812.02
 20
629116.6700000001
 10
346623.4600000001
 20
629076.8
 10
344434.9000000001
 20
629037.43
 10
342246.36
 20
628998.6899999999
 10
340057.81
 20
628960.57
 10
337869.28
 20
628923.0200000001
 10
335680.74
 20
628886.09
 10
333492.2300000001
 20
628849.72
 10
331303.7100000001
 20
628813.92
 10
331258.71
 20
631589.1800000001
 10
331213.69
 20
634364.4399999999
 10
331168.62
 20
637139.76
 10
331123.55
 20
639915.0200000001
 10
331078.43
 20
642690.35
 10
331033.3100000001
 20
645465.6700000001
 10
330988.16
 20
648240.99
 10
330942.97
 20
651016.3000000002
 10
330897.78
 20
653791.69
  0
LWPOLYLINE
  5
F8
330
2
100
AcDbEntity
  8
G50
  6
Continuous
100
AcDbPolyline
 90
       40
 70
     1
 43
0.0
 10
309042.92
 20
656241.15
 10
311223.86
 20
656271.04
 10
313404.81
 20
656301.5600000001
 10
315585.75
 20
656332.6500000001
 10
317766.72
 20
656364.36
 10
319947.68
 20
656396.69
 10
322128.64
 20
656429.5300000001
 10
324309.6100000001
 20
656463.0500000001
 10
326490.5800000001
 20
656497.0800000001
 10
328671.57
 20
656531.7900000001
 10
330852.54
 20
656567.0
 10
330897.78
 20
653791.69
 10
330942.97
 20
651016.3000000002
 10
330988.16
 20
648240.99
 10
331033.3100000001
 20
645465.6700000001
 10
331078.43
 20
642690.35
 10
331123.55
 20
639915.0200000001
 10
331168.62
 20
637139.76
 10
331213.69
 20
634364.4399999999
 10
331258.71
 20
631589.1800000001
 10
331303.7100000001
 20
628813.92
 10
329115.21
 20
628778.74
 10
326926.71
 20
628744.1300000001
 10
324738.2
 20
628710.14
 10
322549.7100000001
 20
628676.71
 10
320361.23
 20
628643.91
 10
318172.74
 20
628611.6800000001
 10
315984.2600000001
 20
628580.0600000001
 10
313795.8
 20
628549.01
 10
311607.3200000001
 20
628518.59
 10
309418.86
 20
628488.7300000001
 10
309381.36
 20
631263.89
 10
309343.85
 20
634039.12
 10
309306.3
 20
636814.3400000001
 10
309268.74
 20
639589.5600000001
 10
309231.15
 20
642364.79
 10
309193.55
 20
645140.01
 10
309155.92
 20
647915.2900000001
 10
309118.28
 20
650690.58
 10
309080.61
 20
653465.86
  0
LWPOLYLINE
  5
F9
330
2
100
AcDbEntity
  8
G50
  6
Continuous
100
AcDbPolyline
 90
       40
 70
     1
 43
0.0
 10
401595.26
 20
435881.6599999999
 10
403835.55
 20
435934.2999999999
 10
406075.87
 20
435987.56
 10
408316.18
 20
436041.36
 10
410556.5
 20
436095.75
 10
412796.84
 20
436150.7399999999
 10
415037.1999999999
 20
436206.29
 10
417277.55
 20
436262.44
 10
419517.9399999999
 20
436319.18
 10
421758.3199999999
 20
436376.49
 10
423998.72
 20
436434.39
 10
424070.76
 20
433659.39
 10
424142.77
 20
430884.42
 10
424214.72
 20
428109.45
 10
424286.64
 20
425334.5099999999
 10
424358.53
 20
422559.5600000001
 10
424430.36
 20
419784.61
 10
424502.14
 20
417009.7000000001
 10
424573.9
 20
414234.78
 10
424645.6
 20
411459.8899999999
 10
424717.26
 20
408684.9899999999
 10
422469.66
 20
408627.25
 10
420222.08
 20
408570.1
 10
417974.5
 20
408513.52
 10
415726.94
 20
408457.53
 10
413479.4
 20
408402.0999999999
 10
411231.86
 20
408347.3
 10
408984.34
 20
408293.04
 10
406736.83
 20
408239.3699999999
 10
404489.3199999999
 20
408186.2899999999
 10
402241.83
 20
408133.78
 10
402177.3699999999
 20
410908.51
 10
402112.8299999999
 20
413683.28
 10
402048.27
 20
416458.04
 10
401983.6699999999
 20
419232.83
 10
401919.02
 20
422007.62
 10
401854.3499999999
 20
424782.4
 10
401789.64
 20
427557.19
 10
401724.8799999999
 20
430332.0
 10
401660.08
 20
433106.8499999999
  0
LWPOLYLINE
  5
FA
330
2
100
AcDbEntity
  8
G50
  6
Continuous
100
AcDbPolyline
 90
       40
 70
     1
 43
0.0
 10
400944.84
 20
463630.55
 10
403177.89
 20
463683.31
 10
405410.96
 20
463736.7
 10
407644.03
 20
463790.65
 10
409877.13
 20
463845.2
 10
412110.22
 20
463900.31
 10
414343.3400000001
 20
463956.05
 10
416576.4600000001
 20
464012.32
 10
418809.59
 20
464069.21
 10
421042.74
 20
464126.67
 10
423275.9
 20
464184.6899999999
 10
423348.3800000001
 20
461409.62
 10
423420.8
 20
458634.58
 10
423493.19
 20
455859.51
 10
423565.54
 20
453084.46
 10
423637.84
 20
450309.4400000001
 10
423710.1
 20
447534.39
 10
423782.33
 20
444759.37
 10
423854.5
 20
441984.38
 10
423926.63
 20
439209.35
 10
423998.72
 20
436434.39
 10
421758.3199999999
 20
436376.49
 10
419517.9399999999
 20
436319.18
 10
417277.55
 20
436262.44
 10
415037.1999999999
 20
436206.29
 10
412796.84
 20
436150.7399999999
 10
410556.5
 20
436095.75
 10
408316.18
 20
436041.36
 10
406075.87
 20
435987.56
 10
403835.55
 20
435934.2999999999
 10
401595.26
 20
435881.6599999999
 10
401530.3900000001
 20
438656.5
 10
401465.49
 20
441431.37
 10
401400.55
 20
444206.24
 10
401335.55
 20
446981.11
 10
401270.52
 20
449755.97
 10
401205.47
 20
452530.87
 10
401140.38
 20
455305.79
 10
401075.24
 20
458080.68
 10
401010.05
 20
460855.6
  0
LWPOLYLINE
  5
FB
330
2
100
AcDbEntity
  8
G50
  6
Continuous
100
AcDbPolyline
 90
       40
 70
     1
 43
0.0
 10
400290.58
 20
491380.3900000001
 10
402516.3599999999
 20
491433.34
 10
404742.15
 20
491486.84
 10
406967.95
 20
491540.94
 10
409193.75
 20
491595.61
 10
411419.56
 20
491650.87
 10
413645.39
 20
491706.73
 10
415871.24
 20
491763.15
 10
418097.0900000001
 20
491820.19
 10
420322.96
 20
491877.8
 10
422548.81
 20
491936.01
 10
422621.7199999999
 20
489160.83
 10
422694.58
 20
486385.66
 10
422767.39
 20
483610.5100000001
 10
422840.16
 20
480835.36
 10
422912.88
 20
478060.24
 10
422985.5800000001
 20
475285.1099999999
 10
423058.2199999999
 20
472509.99
 10
423130.8300000001
 20
469734.89
 10
423203.39
 20
466959.79
 10
423275.9
 20
464184.6899999999
 10
421042.74
 20
464126.67
 10
418809.59
 20
464069.21
 10
416576.4600000001
 20
464012.32
 10
414343.3400000001
 20
463956.05
 10
412110.22
 20
463900.31
 10
409877.13
 20
463845.2
 10
407644.03
 20
463790.65
 10
405410.96
 20
463736.7
 10
403177.89
 20
463683.31
 10
400944.84
 20
463630.55
 10
400879.58
 20
466405.5
 10
400814.2999999999
 20
469180.45
 10
400748.96
 20
471955.39
 10
400683.59
 20
474730.37
 10
400618.19
 20
477505.3699999999
 10
400552.75
 20
480280.3400000001
 10
400487.25
 20
483055.34
 10
400421.74
 20
485830.37
 10
400356.1799999999
 20
488605.37
  0
LWPOLYLINE
  5
FC
330
2
100
AcDbEntity
  8
G50
  6
Continuous
100
AcDbPolyline
 90
       40
 70
     1
 43
0.0
 10
399632.51
 20
519131.2700000001
 10
401850.95
 20
519184.3
 10
404069.4099999999
 20
519237.9500000001
 10
406287.88
 20
519292.17
 10
408506.37
 20
519347.02
 10
410724.87
 20
519402.3900000001
 10
412943.3699999999
 20
519458.3900000001
 10
415161.89
 20
519514.96
 10
417380.41
 20
519572.1200000001
 10
419598.9400000001
 20
519629.88
 10
421817.49
 20
519688.23
 10
421890.83
 20
516912.95
 10
421964.1099999999
 20
514137.7000000001
 10
422037.3499999999
 20
511362.45
 10
422110.53
 20
508587.23
 10
422183.69
 20
505811.97
 10
422256.8
 20
503036.78
 10
422329.86
 20
500261.55
 10
422402.89
 20
497486.35
 10
422475.88
 20
494711.18
 10
422548.81
 20
491936.01
 10
420322.96
 20
491877.8
 10
418097.0900000001
 20
491820.19
 10
415871.24
 20
491763.15
 10
413645.39
 20
491706.73
 10
411419.56
 20
491650.87
 10
409193.75
 20
491595.61
 10
406967.95
 20
491540.94
 10
404742.15
 20
491486.84
 10
402516.3599999999
 20
491433.34
 10
400290.58
 20
491380.3900000001
 10
400224.95
 20
494155.45
 10
400159.27
 20
496930.5
 10
400093.56
 20
499705.55
 10
400027.81
 20
502480.6400000001
 10
399962.0200000001
 20
505255.7199999999
 10
399896.2
 20
508030.7900000001
 10
399830.3400000001
 20
510805.9
 10
399764.42
 20
513581.01
 10
399698.4900000001
 20
516356.14
  0
LWPOLYLINE
  5
FD
330
2
100
AcDbEntity
  8
G50
  6
Continuous
100
AcDbPolyline
 90
       40
 70
     1
 43
0.0
 10
398970.61
 20
546883.1
 10
401181.69
 20
546936.3000000001
 10
403392.79
 20
546990.0700000001
 10
405603.9000000001
 20
547044.43
 10
407815.02
 20
547099.35
 10
410026.1399999999
 20
547154.9
 10
412237.2799999999
 20
547211.02
 10
414448.43
 20
547267.73
 10
416659.59
 20
547325.0300000001
 10
418870.75
 20
547382.93
 10
421081.94
 20
547441.4
 10
421155.69
 20
544666.0500000001
 10
421229.38
 20
541890.6899999999
 10
421303.04
 20
539115.3400000001
 10
421376.6699999999
 20
536340.01
 10
421450.25
 20
533564.68
 10
421523.78
 20
530789.39
 10
421597.27
 20
528014.0800000001
 10
421670.73
 20
525238.7800000001
 10
421744.12
 20
522463.51
 10
421817.49
 20
519688.23
 10
419598.9400000001
 20
519629.88
 10
417380.41
 20
519572.1200000001
 10
415161.89
 20
519514.96
 10
412943.3699999999
 20
519458.3900000001
 10
410724.87
 20
519402.3900000001
 10
408506.37
 20
519347.02
 10
406287.88
 20
519292.17
 10
404069.4099999999
 20
519237.9500000001
 10
401850.95
 20
519184.3
 10
399632.51
 20
519131.2700000001
 10
399566.49
 20
521906.41
 10
399500.43
 20
524681.5700000001
 10
399434.34
 20
527456.7300000001
 10
399368.19
 20
530231.88
 10
399302.0400000001
 20
533007.0700000001
 10
399235.83
 20
535782.2500000001
 10
399169.58
 20
538557.47
 10
399103.29
 20
541332.65
 10
399036.98
 20
544107.89
  0
LWPOLYLINE
  5
FE
330
2
100
AcDbEntity
  8
G50
  6
Continuous
100
AcDbPolyline
 90
       40
 70
     1
 43
0.0
 10
376860.2700000001
 20
546383.6799999999
 10
379071.27
 20
546430.9599999999
 10
381282.26
 20
546478.87
 10
383493.2800000001
 20
546527.35
 10
385704.3
 20
546576.39
 10
387915.33
 20
546626.05
 10
390126.36
 20
546676.2800000001
 10
392337.41
 20
546727.1
 10
394548.47
 20
546778.51
 10
396759.5300000001
 20
546830.53
 10
398970.61
 20
546883.1
 10
399036.98
 20
544107.89
 10
399103.29
 20
541332.65
 10
399169.58
 20
538557.47
 10
399235.83
 20
535782.2500000001
 10
399302.0400000001
 20
533007.0700000001
 10
399368.19
 20
530231.88
 10
399434.34
 20
527456.7300000001
 10
399500.43
 20
524681.5700000001
 10
399566.49
 20
521906.41
 10
399632.51
 20
519131.2700000001
 10
397414.0600000001
 20
519078.81
 10
395195.6300000001
 20
519026.91
 10
392977.21
 20
518975.64
 10
390758.79
 20
518924.93
 10
388540.41
 20
518874.81
 10
386322.0
 20
518825.2600000001
 10
384103.62
 20
518776.3400000001
 10
381885.25
 20
518727.98
 10
379666.89
 20
518680.2100000001
 10
377448.5300000001
 20
518633.01
 10
377389.86
 20
521408.05
 10
377331.1500000001
 20
524183.0700000001
 10
377272.41
 20
526958.1200000001
 10
377213.64
 20
529733.1599999999
 10
377154.8300000001
 20
532508.2
 10
377095.98
 20
535283.28
 10
377037.11
 20
538058.38
 10
376978.2
 20
540833.48
 10
376919.2500000001
 20
543608.55
  0
LWPOLYLINE
  5
FF
330
2
100
AcDbEntity
  8
G50
  6
Continuous
100
AcDbPolyline
 90
       40
 70
     1
 43
0.0
 10
354750.82
 20
545943.05
 10
356961.73
 20
545984.4799999999
 10
359172.6500000001
 20
546026.4699999999
 10
361383.57
 20
546069.0600000001
 10
363594.51
 20
546112.25
 10
365805.4400000001
 20
546156.0300000001
 10
368016.39
 20
546200.37
 10
370227.35
 20
546245.33
 10
372438.3200000001
 20
546290.87
 10
374649.29
 20
546336.96
 10
376860.2700000001
 20
546383.6799999999
 10
376919.2500000001
 20
543608.55
 10
376978.2
 20
540833.48
 10
377037.11
 20
538058.38
 10
377095.98
 20
535283.28
 10
377154.8300000001
 20
532508.2
 10
377213.64
 20
529733.1599999999
 10
377272.41
 20
526958.1200000001
 10
377331.1500000001
 20
524183.0700000001
 10
377389.86
 20
521408.05
 10
377448.5300000001
 20
518633.01
 10
375230.1900000001
 20
518586.43
 10
373011.85
 20
518540.41
 10
370793.5300000001
 20
518495.0
 10
368575.2100000001
 20
518450.1400000001
 10
366356.8900000001
 20
518405.91
 10
364138.6
 20
518362.24
 10
361920.3000000001
 20
518319.17
 10
359702.02
 20
518276.66
 10
357483.7500000001
 20
518234.7800000001
 10
355265.47
 20
518193.46
 10
355214.1300000001
 20
520968.37
 10
355162.7800000001
 20
523743.3
 10
355111.38
 20
526518.23
 10
355059.97
 20
529293.17
 10
355008.5
 20
532068.13
 10
354957.0300000001
 20
534843.0900000001
 10
354905.5300000001
 20
537618.0800000001
 10
354853.99
 20
540393.0400000001
 10
354802.41
 20
543168.06
  0
LWPOLYLINE
  5
100
330
2
100
AcDbEntity
  8
G50
  6
Continuous
100
AcDbPolyline
 90
       40
 70
     1
 43
0.0
 10
332642.12
 20
545561.24
 10
334852.97
 20
545596.79
 10
337063.8
 20
545632.9
 10
339274.6600000001
 20
545669.61
 10
341485.52
 20
545706.91
 10
343696.3900000001
 20
545744.81
 10
345907.2600000001
 20
545783.27
 10
348118.13
 20
545822.3499999999
 10
350329.0300000001
 20
545862.0
 10
352539.92
 20
545902.24
 10
354750.82
 20
545943.05
 10
354802.41
 20
543168.06
 10
354853.99
 20
540393.0400000001
 10
354905.5300000001
 20
537618.0800000001
 10
354957.0300000001
 20
534843.0900000001
 10
355008.5
 20
532068.13
 10
355059.97
 20
529293.17
 10
355111.38
 20
526518.23
 10
355162.7800000001
 20
523743.3
 10
355214.1300000001
 20
520968.37
 10
355265.47
 20
518193.46
 10
353047.22
 20
518152.71
 10
350828.97
 20
518112.58
 10
348610.72
 20
518073.01
 10
346392.48
 20
518034.07
 10
344174.25
 20
517995.66
 10
341956.02
 20
517957.87
 10
339737.81
 20
517920.6500000001
 10
337519.6
 20
517884.03
 10
335301.41
 20
517848.0
 10
333083.22
 20
517812.56
 10
333039.22
 20
520587.38
 10
332995.1900000001
 20
523362.2
 10
332951.16
 20
526137.0500000001
 10
332907.0900000001
 20
528911.9
 10
332862.98
 20
531686.75
 10
332818.86
 20
534461.6300000001
 10
332774.72
 20
537236.51
 10
332730.55
 20
540011.4199999999
 10
332686.35
 20
542786.3300000002
  0
LWPOLYLINE
  5
101
330
2
100
AcDbEntity
  8
G50
  6
Continuous
100
AcDbPolyline
 90
       40
 70
     1
 43
0.0
 10
310534.1
 20
545238.2
 10
312744.88
 20
545267.8699999999
 10
314955.67
 20
545298.11
 10
317166.43
 20
545328.9299999999
 10
319377.24
 20
545360.36
 10
321588.04
 20
545392.37
 10
323798.85
 20
545424.98
 10
326009.66
 20
545458.16
 10
328220.47
 20
545491.9199999999
 10
330431.29
 20
545526.28
 10
332642.12
 20
545561.24
 10
332686.35
 20
542786.3300000002
 10
332730.55
 20
540011.4199999999
 10
332774.72
 20
537236.51
 10
332818.86
 20
534461.6300000001
 10
332862.98
 20
531686.75
 10
332907.0900000001
 20
528911.9
 10
332951.16
 20
526137.0500000001
 10
332995.1900000001
 20
523362.2
 10
333039.22
 20
520587.38
 10
333083.22
 20
517812.56
 10
330865.0300000001
 20
517777.68
 10
328646.84
 20
517743.4
 10
326428.67
 20
517709.72
 10
324210.5
 20
517676.59
 10
321992.3300000001
 20
517644.0900000001
 10
319774.18
 20
517612.16
 10
317556.04
 20
517580.79
 10
315337.9000000001
 20
517550.04
 10
313119.76
 20
517519.86
 10
310901.64
 20
517490.27
 10
310864.97
 20
520265.01
 10
310828.3
 20
523039.7800000001
 10
310791.6
 20
525814.54
 10
310754.88
 20
528589.31
 10
310718.12
 20
531364.11
 10
310681.35
 20
534138.88
 10
310644.58
 20
536913.7099999999
 10
310607.77
 20
539688.51
 10
310570.94
 20
542463.3400000001
  0
LWPOLYLINE
  5
102
330
2
100
AcDbEntity
  8
G50
  6
Continuous
100
AcDbPolyline
 90
       40
 70
     1
 43
0.0
 10
356791.62
 20
434951.0
 10
359031.71
 20
434992.0299999999
 10
361271.8
 20
435033.6099999999
 10
363511.91
 20
435075.76
 10
365752.03
 20
435118.51
 10
367992.16
 20
435161.8499999999
 10
370232.3
 20
435205.7499999999
 10
372472.45
 20
435250.2499999999
 10
374712.59
 20
435295.3099999999
 10
376952.76
 20
435340.97
 10
379192.94
 20
435387.22
 10
379250.5600000001
 20
432612.53
 10
379308.1400000001
 20
429837.84
 10
379365.69
 20
427063.15
 10
379423.2100000001
 20
424288.4899999999
 10
379480.6900000001
 20
421513.83
 10
379538.1300000001
 20
418739.17
 10
379595.55
 20
415964.54
 10
379652.93
 20
413189.9
 10
379710.2700000001
 20
410415.3
 10
379767.58
 20
407640.66
 10
377520.22
 20
407594.5700000001
 10
375272.87
 20
407549.01
 10
373025.51
 20
407504.07
 10
370778.17
 20
407459.6999999999
 10
368530.85
 20
407415.89
 10
366283.54
 20
407372.68
 10
364036.23
 20
407330.06
 10
361788.93
 20
407288.01
 10
359541.6400000001
 20
407246.5499999999
 10
357294.3700000001
 20
407205.6500000001
 10
357244.2100000001
 20
409980.13
 10
357194.05
 20
412754.63
 10
357143.85
 20
415529.14
 10
357093.62
 20
418303.6799999999
 10
357043.3700000001
 20
421078.21
 10
356993.08
 20
423852.75
 10
356942.76
 20
426627.28
 10
356892.41
 20
429401.8499999999
 10
356842.04
 20
432176.44
  0
LWPOLYLINE
  5
103
330
2
100
AcDbEntity
  8
G50
  6
Continuous
100
AcDbPolyline
 90
       40
 70
     1
 43
0.0
 10
356285.8900000001
 20
462697.44
 10
358518.75
 20
462738.56
 10
360751.62
 20
462780.2299999999
 10
362984.48
 20
462822.51
 10
365217.37
 20
462865.38
 10
367450.27
 20
462908.8099999999
 10
369683.16
 20
462952.83
 10
371916.08
 20
462997.45
 10
374149.01
 20
463042.67
 10
376381.93
 20
463088.4199999999
 10
378614.88
 20
463134.79
 10
378672.83
 20
460359.99
 10
378730.76
 20
457585.1899999999
 10
378788.6500000001
 20
454810.42
 10
378846.5100000001
 20
452035.65
 10
378904.33
 20
449260.88
 10
378962.12
 20
446486.14
 10
379019.8800000001
 20
443711.39
 10
379077.6
 20
440936.6499999999
 10
379135.29
 20
438161.9299999999
 10
379192.94
 20
435387.22
 10
376952.76
 20
435340.97
 10
374712.59
 20
435295.3099999999
 10
372472.45
 20
435250.2499999999
 10
370232.3
 20
435205.7499999999
 10
367992.16
 20
435161.8499999999
 10
365752.03
 20
435118.51
 10
363511.91
 20
435075.76
 10
361271.8
 20
435033.6099999999
 10
359031.71
 20
434992.0299999999
 10
356791.62
 20
434951.0
 10
356741.18
 20
437725.6
 10
356690.71
 20
440500.22
 10
356640.2
 20
443274.84
 10
356589.69
 20
446049.46
 10
356539.13
 20
448824.08
 10
356488.54
 20
451598.7299999999
 10
356437.91
 20
454373.4099999999
 10
356387.2700000001
 20
457148.0499999999
 10
356336.6
 20
459922.7299999999
  0
LWPOLYLINE
  5
104
330
2
100
AcDbEntity
  8
G50
  6
Continuous
100
AcDbPolyline
 90
       40
 70
     1
 43
0.0
 10
355777.17
 20
490444.9
 10
358002.75
 20
490486.13
 10
360228.3400000001
 20
490527.93
 10
362453.95
 20
490570.32
 10
364679.54
 20
490613.28
 10
366905.18
 20
490656.83
 10
369130.8
 20
490700.9699999999
 10
371356.44
 20
490745.7100000001
 10
373582.09
 20
490791.02
 10
375807.73
 20
490836.91
 10
378033.4000000001
 20
490883.4099999999
 10
378091.7
 20
488108.5
 10
378149.97
 20
485333.5900000001
 10
378208.2000000001
 20
482558.71
 10
378266.4
 20
479783.83
 10
378324.56
 20
477008.9699999999
 10
378382.6900000001
 20
474234.12
 10
378440.79
 20
471459.27
 10
378498.85
 20
468684.44
 10
378556.88
 20
465909.62
 10
378614.88
 20
463134.79
 10
376381.93
 20
463088.4199999999
 10
374149.01
 20
463042.67
 10
371916.08
 20
462997.45
 10
369683.16
 20
462952.83
 10
367450.27
 20
462908.8099999999
 10
365217.37
 20
462865.38
 10
362984.48
 20
462822.51
 10
360751.62
 20
462780.2299999999
 10
358518.75
 20
462738.56
 10
356285.8900000001
 20
462697.44
 10
356235.1500000001
 20
465472.1499999999
 10
356184.37
 20
468246.85
 10
356133.59
 20
471021.56
 10
356082.77
 20
473796.29
 10
356031.9000000001
 20
476571.06
 10
355981.01
 20
479345.7899999999
 10
355930.1
 20
482120.55
 10
355879.15
 20
484895.34
 10
355828.17
 20
487670.1
  0
LWPOLYLINE
  5
105
330
2
100
AcDbEntity
  8
G50
  6
Continuous
100
AcDbPolyline
 90
       40
 70
     1
 43
0.0
 10
355265.47
 20
518193.46
 10
357483.7500000001
 20
518234.7800000001
 10
359702.02
 20
518276.66
 10
361920.3000000001
 20
518319.17
 10
364138.6
 20
518362.24
 10
366356.8900000001
 20
518405.91
 10
368575.2100000001
 20
518450.1400000001
 10
370793.5300000001
 20
518495.0
 10
373011.85
 20
518540.41
 10
375230.1900000001
 20
518586.43
 10
377448.5300000001
 20
518633.01
 10
377507.17
 20
515858.02
 10
377565.7800000001
 20
513083.03
 10
377624.35
 20
510308.04
 10
377682.89
 20
507533.05
 10
377741.3900000001
 20
504758.08
 10
377799.86
 20
501983.12
 10
377858.3
 20
499208.1800000001
 10
377916.7000000001
 20
496433.2500000001
 10
377975.0700000001
 20
493658.31
 10
378033.4000000001
 20
490883.4099999999
 10
375807.73
 20
490836.91
 10
373582.09
 20
490791.02
 10
371356.44
 20
490745.7100000001
 10
369130.8
 20
490700.9699999999
 10
366905.18
 20
490656.83
 10
364679.54
 20
490613.28
 10
362453.95
 20
490570.32
 10
360228.3400000001
 20
490527.93
 10
358002.75
 20
490486.13
 10
355777.17
 20
490444.9
 10
355726.12
 20
493219.72
 10
355675.06
 20
495994.54
 10
355623.97
 20
498769.35
 10
355572.84
 20
501544.2
 10
355521.69
 20
504319.05
 10
355470.5
 20
507093.9
 10
355419.2800000001
 20
509868.78
 10
355368.05
 20
512643.65
 10
355316.77
 20
515418.56
  0
LWPOLYLINE
  5
106
330
2
100
AcDbEntity
  8
G50
  6
Continuous
100
AcDbPolyline
 90
       40
 70
     1
 43
0.0
 10
333957.75
 20
462318.4199999999
 10
336190.5200000001
 20
462353.71
 10
338423.31
 20
462389.5700000001
 10
340656.11
 20
462426.0
 10
342888.9
 20
462463.04
 10
345121.72
 20
462500.62
 10
347354.5300000001
 20
462538.83
 10
349587.37
 20
462577.6
 10
351820.2
 20
462616.96
 10
354053.04
 20
462656.89
 10
356285.8900000001
 20
462697.44
 10
356336.6
 20
459922.7299999999
 10
356387.2700000001
 20
457148.0499999999
 10
356437.91
 20
454373.4099999999
 10
356488.54
 20
451598.7299999999
 10
356539.13
 20
448824.08
 10
356589.69
 20
446049.46
 10
356640.2
 20
443274.84
 10
356690.71
 20
440500.22
 10
356741.18
 20
437725.6
 10
356791.62
 20
434951.0
 10
354551.54
 20
434910.57
 10
352311.46
 20
434870.7700000001
 10
350071.4000000001
 20
434831.5
 10
347831.35
 20
434792.8200000001
 10
345591.3000000001
 20
434754.7399999999
 10
343351.2500000001
 20
434717.22
 10
341111.24
 20
434680.29
 10
338871.2
 20
434643.96
 10
336631.18
 20
434608.2
 10
334391.18
 20
434573.0200000001
 10
334347.95
 20
437347.49
 10
334304.69
 20
440122.02
 10
334261.41
 20
442896.52
 10
334218.11
 20
445671.04
 10
334174.78
 20
448445.6
 10
334131.43
 20
451220.13
 10
334088.04
 20
453994.69
 10
334044.6400000001
 20
456769.28
 10
334001.2
 20
459543.83
  0
LWPOLYLINE
  5
107
330
2
100
AcDbEntity
  8
G50
  6
Continuous
100
AcDbPolyline
 90
       40
 70
     1
 43
0.0
 10
311630.33
 20
461997.76
 10
313863.04
 20
462027.21
 10
316095.7600000001
 20
462057.25
 10
318328.49
 20
462087.86
 10
320561.22
 20
462119.02
 10
322793.9600000001
 20
462150.82
 10
325026.7
 20
462183.17
 10
327259.45
 20
462216.1199999999
 10
329492.2000000001
 20
462249.6400000001
 10
331724.98
 20
462283.75
 10
333957.75
 20
462318.4199999999
 10
334001.2
 20
459543.83
 10
334044.6400000001
 20
456769.28
 10
334088.04
 20
453994.69
 10
334131.43
 20
451220.13
 10
334174.78
 20
448445.6
 10
334218.11
 20
445671.04
 10
334261.41
 20
442896.52
 10
334304.69
 20
440122.02
 10
334347.95
 20
437347.49
 10
334391.18
 20
434573.0200000001
 10
332151.19
 20
434538.4099999999
 10
329911.1900000001
 20
434504.39
 10
327671.2000000001
 20
434470.94
 10
325431.22
 20
434438.11
 10
323191.25
 20
434405.82
 10
320951.29
 20
434374.15
 10
318711.33
 20
434343.0399999999
 10
316471.38
 20
434312.52
 10
314231.43
 20
434282.54
 10
311991.5000000001
 20
434253.19
 10
311955.48
 20
437027.62
 10
311919.44
 20
439802.03
 10
311883.37
 20
442576.4599999999
 10
311847.29
 20
445350.9
 10
311811.18
 20
448125.3699999999
 10
311775.06
 20
450899.8
 10
311738.91
 20
453674.3
 10
311702.75
 20
456448.7699999999
 10
311666.55
 20
459223.26
  0
LWPOLYLINE
  5
108
330
2
100
AcDbEntity
  8
G50
  6
Continuous
100
AcDbPolyline
 90
       40
 70
     1
 43
0.0
 10
311991.5000000001
 20
434253.19
 10
314231.43
 20
434282.54
 10
316471.38
 20
434312.52
 10
318711.33
 20
434343.0399999999
 10
320951.29
 20
434374.15
 10
323191.25
 20
434405.82
 10
325431.22
 20
434438.11
 10
327671.2000000001
 20
434470.94
 10
329911.1900000001
 20
434504.39
 10
332151.19
 20
434538.4099999999
 10
334391.18
 20
434573.0200000001
 10
334434.3900000001
 20
431798.52
 10
334477.56
 20
429024.05
 10
334520.72
 20
426249.58
 10
334563.8400000001
 20
423475.14
 10
334606.93
 20
420700.6999999999
 10
334650.01
 20
417926.26
 10
334693.06
 20
415151.85
 10
334736.0800000001
 20
412377.44
 10
334779.0800000001
 20
409603.06
 10
334822.05
 20
406828.68
 10
332574.87
 20
406794.17
 10
330327.69
 20
406760.24
 10
328080.51
 20
406726.8900000001
 10
325833.35
 20
406694.12
 10
323586.1900000001
 20
406661.95
 10
321339.06
 20
406630.35
 10
319091.9
 20
406599.33
 10
316844.7700000001
 20
406568.88
 10
314597.64
 20
406539.03
 10
312350.5300000001
 20
406509.73
 10
312314.7100000001
 20
409284.02
 10
312278.89
 20
412058.33
 10
312243.04
 20
414832.65
 10
312207.18
 20
417606.99
 10
312171.2800000001
 20
420381.34
 10
312135.36
 20
423155.6799999999
 10
312099.43
 20
425930.03
 10
312063.48
 20
428704.4
 10
312027.5
 20
431478.81
  0
LWPOLYLINE
  5
109
330
2
100
AcDbEntity
  8
G50
  6
Continuous
100
AcDbPolyline
 90
       40
 70
     1
 43
0.0
 10
334391.18
 20
434573.0200000001
 10
336631.18
 20
434608.2
 10
338871.2
 20
434643.96
 10
341111.24
 20
434680.29
 10
343351.2500000001
 20
434717.22
 10
345591.3000000001
 20
434754.7399999999
 10
347831.35
 20
434792.8200000001
 10
350071.4000000001
 20
434831.5
 10
352311.46
 20
434870.7700000001
 10
354551.54
 20
434910.57
 10
356791.62
 20
434951.0
 10
356842.04
 20
432176.44
 10
356892.41
 20
429401.8499999999
 10
356942.76
 20
426627.28
 10
356993.08
 20
423852.75
 10
357043.3700000001
 20
421078.21
 10
357093.62
 20
418303.6799999999
 10
357143.85
 20
415529.14
 10
357194.05
 20
412754.63
 10
357244.2100000001
 20
409980.13
 10
357294.3700000001
 20
407205.6500000001
 10
355047.09
 20
407165.34
 10
352799.83
 20
407125.61
 10
350552.5700000001
 20
407086.46
 10
348305.33
 20
407047.91
 10
346058.1
 20
407009.89
 10
343810.87
 20
406972.5
 10
341563.66
 20
406935.67
 10
339316.44
 20
406899.4299999999
 10
337069.25
 20
406863.76
 10
334822.05
 20
406828.68
 10
334779.0800000001
 20
409603.06
 10
334736.0800000001
 20
412377.44
 10
334693.06
 20
415151.85
 10
334650.01
 20
417926.26
 10
334606.93
 20
420700.6999999999
 10
334563.8400000001
 20
423475.14
 10
334520.72
 20
426249.58
 10
334477.56
 20
429024.05
 10
334434.3900000001
 20
431798.52
  0
LWPOLYLINE
  5
10A
330
2
100
AcDbEntity
  8
G50
  6
Continuous
100
AcDbPolyline
 90
       40
 70
     1
 43
0.0
 10
333521.76
 20
490064.9600000001
 10
335747.25
 20
490100.31
 10
337972.77
 20
490136.26
 10
340198.29
 20
490172.7700000001
 10
342423.8300000001
 20
490209.91
 10
344649.37
 20
490247.61
 10
346874.91
 20
490285.9
 10
349100.4500000001
 20
490324.79
 10
351326.01
 20
490364.24
 10
353551.5900000001
 20
490404.29
 10
355777.17
 20
490444.9
 10
355828.17
 20
487670.1
 10
355879.15
 20
484895.34
 10
355930.1
 20
482120.55
 10
355981.01
 20
479345.7899999999
 10
356031.9000000001
 20
476571.06
 10
356082.77
 20
473796.29
 10
356133.59
 20
471021.56
 10
356184.37
 20
468246.85
 10
356235.1500000001
 20
465472.1499999999
 10
356285.8900000001
 20
462697.44
 10
354053.04
 20
462656.89
 10
351820.2
 20
462616.96
 10
349587.37
 20
462577.6
 10
347354.5300000001
 20
462538.83
 10
345121.72
 20
462500.62
 10
342888.9
 20
462463.04
 10
340656.11
 20
462426.0
 10
338423.31
 20
462389.5700000001
 10
336190.5200000001
 20
462353.71
 10
333957.75
 20
462318.4199999999
 10
333914.2600000001
 20
465093.03
 10
333870.75
 20
467867.65
 10
333827.22
 20
470642.27
 10
333783.66
 20
473416.9099999999
 10
333740.0800000001
 20
476191.56
 10
333696.46
 20
478966.2
 10
333652.82
 20
481740.88
 10
333609.1500000001
 20
484515.55
 10
333565.46
 20
487290.26
  0
LWPOLYLINE
  5
10B
330
2
100
AcDbEntity
  8
G50
  6
Continuous
100
AcDbPolyline
 90
       40
 70
     1
 43
0.0
 10
311267.05
 20
489743.4500000001
 10
313492.49
 20
489772.99
 10
315717.94
 20
489803.0900000001
 10
317943.3900000001
 20
489833.78
 10
320168.85
 20
489865.0400000001
 10
322394.3300000001
 20
489896.89
 10
324619.8
 20
489929.33
 10
326845.27
 20
489962.37
 10
329070.7600000001
 20
489995.97
 10
331296.2500000001
 20
490030.1699999999
 10
333521.76
 20
490064.9600000001
 10
333565.46
 20
487290.26
 10
333609.1500000001
 20
484515.55
 10
333652.82
 20
481740.88
 10
333696.46
 20
478966.2
 10
333740.0800000001
 20
476191.56
 10
333783.66
 20
473416.9099999999
 10
333827.22
 20
470642.27
 10
333870.75
 20
467867.65
 10
333914.2600000001
 20
465093.03
 10
333957.75
 20
462318.4199999999
 10
331724.98
 20
462283.75
 10
329492.2000000001
 20
462249.6400000001
 10
327259.45
 20
462216.1199999999
 10
325026.7
 20
462183.17
 10
322793.9600000001
 20
462150.82
 10
320561.22
 20
462119.02
 10
318328.49
 20
462087.86
 10
316095.7600000001
 20
462057.25
 10
313863.04
 20
462027.21
 10
311630.33
 20
461997.76
 10
311594.11
 20
464772.29
 10
311557.86
 20
467546.81
 10
311521.57
 20
470321.37
 10
311485.2800000001
 20
473095.93
 10
311448.95
 20
475870.48
 10
311412.62
 20
478645.04
 10
311376.26
 20
481419.63
 10
311339.87
 20
484194.25
 10
311303.47
 20
486968.83
  0
LWPOLYLINE
  5
10C
330
2
100
AcDbEntity
  8
G50
  6
Continuous
100
AcDbPolyline
 90
       40
 70
     1
 43
0.0
 10
333083.22
 20
517812.56
 10
335301.41
 20
517848.0
 10
337519.6
 20
517884.03
 10
339737.81
 20
517920.6500000001
 10
341956.02
 20
517957.87
 10
344174.25
 20
517995.66
 10
346392.48
 20
518034.07
 10
348610.72
 20
518073.01
 10
350828.97
 20
518112.58
 10
353047.22
 20
518152.71
 10
355265.47
 20
518193.46
 10
355316.77
 20
515418.56
 10
355368.05
 20
512643.65
 10
355419.2800000001
 20
509868.78
 10
355470.5
 20
507093.9
 10
355521.69
 20
504319.05
 10
355572.84
 20
501544.2
 10
355623.97
 20
498769.35
 10
355675.06
 20
495994.54
 10
355726.12
 20
493219.72
 10
355777.17
 20
490444.9
 10
353551.5900000001
 20
490404.29
 10
351326.01
 20
490364.24
 10
349100.4500000001
 20
490324.79
 10
346874.91
 20
490285.9
 10
344649.37
 20
490247.61
 10
342423.8300000001
 20
490209.91
 10
340198.29
 20
490172.7700000001
 10
337972.77
 20
490136.26
 10
335747.25
 20
490100.31
 10
333521.76
 20
490064.9600000001
 10
333478.0100000001
 20
492839.66
 10
333434.25
 20
495614.3700000001
 10
333390.46
 20
498389.0999999999
 10
333346.6400000001
 20
501163.86
 10
333302.8
 20
503938.6
 10
333258.9400000001
 20
506713.39
 10
333215.0300000001
 20
509488.15
 10
333171.12
 20
512262.94
 10
333127.17
 20
515037.7399999999
  0
LWPOLYLINE
  5
10D
330
2
100
AcDbEntity
  8
G50
  6
Continuous
100
AcDbPolyline
 90
       40
 70
     1
 43
0.0
 10
310901.64
 20
517490.27
 10
313119.76
 20
517519.86
 10
315337.9000000001
 20
517550.04
 10
317556.04
 20
517580.79
 10
319774.18
 20
517612.16
 10
321992.3300000001
 20
517644.0900000001
 10
324210.5
 20
517676.59
 10
326428.67
 20
517709.72
 10
328646.84
 20
517743.4
 10
330865.0300000001
 20
517777.68
 10
333083.22
 20
517812.56
 10
333127.17
 20
515037.7399999999
 10
333171.12
 20
512262.94
 10
333215.0300000001
 20
509488.15
 10
333258.9400000001
 20
506713.39
 10
333302.8
 20
503938.6
 10
333346.6400000001
 20
501163.86
 10
333390.46
 20
498389.0999999999
 10
333434.25
 20
495614.3700000001
 10
333478.0100000001
 20
492839.66
 10
333521.76
 20
490064.9600000001
 10
331296.2500000001
 20
490030.1699999999
 10
329070.7600000001
 20
489995.97
 10
326845.27
 20
489962.37
 10
324619.8
 20
489929.33
 10
322394.3300000001
 20
489896.89
 10
320168.85
 20
489865.0400000001
 10
317943.3900000001
 20
489833.78
 10
315717.94
 20
489803.0900000001
 10
313492.49
 20
489772.99
 10
311267.05
 20
489743.4500000001
 10
311230.6
 20
492518.1
 10
311194.13
 20
495292.7500000001
 10
311157.6400000001
 20
498067.4
 10
311121.13
 20
500842.04
 10
311084.61
 20
503616.72
 10
311048.05
 20
506391.4
 10
311011.48
 20
509166.11
 10
310974.88
 20
511940.82
 10
310938.2700000001
 20
514715.5300000001
  0
LWPOLYLINE
  5
10E
330
2
100
AcDbEntity
  8
G50
  6
Continuous
100
AcDbPolyline
 90
       40
 70
     1
 43
0.0
 10
378614.88
 20
463134.79
 10
380847.83
 20
463181.73
 10
383080.78
 20
463229.29
 10
385313.76
 20
463277.38
 10
387546.75
 20
463326.07
 10
389779.73
 20
463375.36
 10
392012.73
 20
463425.24
 10
394245.7500000001
 20
463475.68
 10
396478.7600000001
 20
463526.72
 10
398711.79
 20
463578.3599999999
 10
400944.84
 20
463630.55
 10
401010.05
 20
460855.6
 10
401075.24
 20
458080.68
 10
401140.38
 20
455305.79
 10
401205.47
 20
452530.87
 10
401270.52
 20
449755.97
 10
401335.55
 20
446981.11
 10
401400.55
 20
444206.24
 10
401465.49
 20
441431.37
 10
401530.3900000001
 20
438656.5
 10
401595.26
 20
435881.6599999999
 10
399354.98
 20
435829.62
 10
397114.7100000001
 20
435778.14
 10
394874.4600000001
 20
435727.2199999999
 10
392634.21
 20
435676.9
 10
390393.97
 20
435627.1699999999
 10
388153.74
 20
435578.01
 10
385913.52
 20
435529.44
 10
383673.33
 20
435481.44
 10
381433.13
 20
435434.03
 10
379192.94
 20
435387.22
 10
379135.29
 20
438161.9299999999
 10
379077.6
 20
440936.6499999999
 10
379019.8800000001
 20
443711.39
 10
378962.12
 20
446486.14
 10
378904.33
 20
449260.88
 10
378846.5100000001
 20
452035.65
 10
378788.6500000001
 20
454810.42
 10
378730.76
 20
457585.1899999999
 10
378672.83
 20
460359.99
  0
LWPOLYLINE
  5
10F
330
2
100
AcDbEntity
  8
G50
  6
Continuous
100
AcDbPolyline
 90
       40
 70
     1
 43
0.0
 10
379192.94
 20
435387.22
 10
381433.13
 20
435434.03
 10
383673.33
 20
435481.44
 10
385913.52
 20
435529.44
 10
388153.74
 20
435578.01
 10
390393.97
 20
435627.1699999999
 10
392634.21
 20
435676.9
 10
394874.4600000001
 20
435727.2199999999
 10
397114.7100000001
 20
435778.14
 10
399354.98
 20
435829.62
 10
401595.26
 20
435881.6599999999
 10
401660.08
 20
433106.8499999999
 10
401724.8799999999
 20
430332.0
 10
401789.64
 20
427557.19
 10
401854.3499999999
 20
424782.4
 10
401919.02
 20
422007.62
 10
401983.6699999999
 20
419232.83
 10
402048.27
 20
416458.04
 10
402112.8299999999
 20
413683.28
 10
402177.3699999999
 20
410908.51
 10
402241.83
 20
408133.78
 10
399994.36
 20
408081.8599999999
 10
397746.89
 20
408030.51
 10
395499.45
 20
407979.75
 10
393251.99
 20
407929.56
 10
391004.5700000001
 20
407879.96
 10
388757.1500000001
 20
407830.95
 10
386509.75
 20
407782.51
 10
384262.34
 20
407734.63
 10
382014.95
 20
407687.38
 10
379767.58
 20
407640.66
 10
379710.2700000001
 20
410415.3
 10
379652.93
 20
413189.9
 10
379595.55
 20
415964.54
 10
379538.1300000001
 20
418739.17
 10
379480.6900000001
 20
421513.83
 10
379423.2100000001
 20
424288.4899999999
 10
379365.69
 20
427063.15
 10
379308.1400000001
 20
429837.84
 10
379250.5600000001
 20
432612.53
  0
LWPOLYLINE
  5
110
330
2
100
AcDbEntity
  8
G50
  6
Continuous
100
AcDbPolyline
 90
       40
 70
     1
 43
0.0
 10
378033.4000000001
 20
490883.4099999999
 10
380259.08
 20
490930.46
 10
382484.75
 20
490978.11
 10
384710.45
 20
491026.36
 10
386936.16
 20
491075.17
 10
389161.8600000001
 20
491124.5700000001
 10
391387.6
 20
491174.57
 10
393613.32
 20
491225.17
 10
395839.0700000001
 20
491276.32
 10
398064.82
 20
491328.08
 10
400290.58
 20
491380.3900000001
 10
400356.1799999999
 20
488605.37
 10
400421.74
 20
485830.37
 10
400487.25
 20
483055.34
 10
400552.75
 20
480280.3400000001
 10
400618.19
 20
477505.3699999999
 10
400683.59
 20
474730.37
 10
400748.96
 20
471955.39
 10
400814.2999999999
 20
469180.45
 10
400879.58
 20
466405.5
 10
400944.84
 20
463630.55
 10
398711.79
 20
463578.3599999999
 10
396478.7600000001
 20
463526.72
 10
394245.7500000001
 20
463475.68
 10
392012.73
 20
463425.24
 10
389779.73
 20
463375.36
 10
387546.75
 20
463326.07
 10
385313.76
 20
463277.38
 10
383080.78
 20
463229.29
 10
380847.83
 20
463181.73
 10
378614.88
 20
463134.79
 10
378556.88
 20
465909.62
 10
378498.85
 20
468684.44
 10
378440.79
 20
471459.27
 10
378382.6900000001
 20
474234.12
 10
378324.56
 20
477008.9699999999
 10
378266.4
 20
479783.83
 10
378208.2000000001
 20
482558.71
 10
378149.97
 20
485333.5900000001
 10
378091.7
 20
488108.5
  0
LWPOLYLINE
  5
111
330
2
100
AcDbEntity
  8
G50
  6
Continuous
100
AcDbPolyline
 90
       40
 70
     1
 43
0.0
 10
377448.5300000001
 20
518633.01
 10
379666.89
 20
518680.2100000001
 10
381885.25
 20
518727.98
 10
384103.62
 20
518776.3400000001
 10
386322.0
 20
518825.2600000001
 10
388540.41
 20
518874.81
 10
390758.79
 20
518924.93
 10
392977.21
 20
518975.64
 10
395195.6300000001
 20
519026.91
 10
397414.0600000001
 20
519078.81
 10
399632.51
 20
519131.2700000001
 10
399698.4900000001
 20
516356.14
 10
399764.42
 20
513581.01
 10
399830.3400000001
 20
510805.9
 10
399896.2
 20
508030.7900000001
 10
399962.0200000001
 20
505255.7199999999
 10
400027.81
 20
502480.6400000001
 10
400093.56
 20
499705.55
 10
400159.27
 20
496930.5
 10
400224.95
 20
494155.45
 10
400290.58
 20
491380.3900000001
 10
398064.82
 20
491328.08
 10
395839.0700000001
 20
491276.32
 10
393613.32
 20
491225.17
 10
391387.6
 20
491174.57
 10
389161.8600000001
 20
491124.5700000001
 10
386936.16
 20
491075.17
 10
384710.45
 20
491026.36
 10
382484.75
 20
490978.11
 10
380259.08
 20
490930.46
 10
378033.4000000001
 20
490883.4099999999
 10
377975.0700000001
 20
493658.31
 10
377916.7000000001
 20
496433.2500000001
 10
377858.3
 20
499208.1800000001
 10
377799.86
 20
501983.12
 10
377741.3900000001
 20
504758.08
 10
377682.89
 20
507533.05
 10
377624.35
 20
510308.04
 10
377565.7800000001
 20
513083.03
 10
377507.17
 20
515858.02
  0
LWPOLYLINE
  5
112
330
2
100
AcDbEntity
  8
G50
  6
Continuous
100
AcDbPolyline
 90
       40
 70
     1
 43
0.0
 10
353712.66
 20
601445.49
 10
355908.72
 20
601487.0700000001
 10
358104.79
 20
601529.28
 10
360300.87
 20
601572.05
 10
362496.9500000001
 20
601615.4499999999
 10
364693.05
 20
601659.4099999999
 10
366889.15
 20
601703.97
 10
369085.26
 20
601749.12
 10
371281.38
 20
601794.86
 10
373477.51
 20
601841.1699999999
 10
375673.6400000001
 20
601888.1
 10
375733.29
 20
599112.7800000001
 10
375792.91
 20
596337.46
 10
375852.49
 20
593562.1699999999
 10
375912.04
 20
590786.8800000001
 10
375971.56
 20
588011.61
 10
376031.04
 20
585236.35
 10
376090.49
 20
582461.0800000002
 10
376149.91
 20
579685.8499999999
 10
376209.29
 20
576910.6100000001
 10
376268.6400000001
 20
574135.3700000001
 10
374065.0700000001
 20
574088.5700000001
 10
371861.49
 20
574042.34
 10
369657.93
 20
573996.7
 10
367454.37
 20
573951.65
 10
365250.8200000001
 20
573907.2
 10
363047.29
 20
573863.3200000001
 10
360843.75
 20
573820.0200000001
 10
358640.23
 20
573777.36
 10
356436.7100000001
 20
573735.25
 10
354233.2
 20
573693.74
 10
354181.29
 20
576468.88
 10
354129.3400000001
 20
579244.01
 10
354077.35
 20
582019.14
 10
354025.34
 20
584794.3
 10
353973.3
 20
587569.49
 10
353921.22
 20
590344.6500000001
 10
353869.1200000001
 20
593119.8400000001
 10
353817.0
 20
595895.0600000001
 10
353764.8400000001
 20
598670.2700000001
  0
LWPOLYLINE
  5
113
330
2
100
AcDbEntity
  8
G50
  6
Continuous
100
AcDbPolyline
 90
       40
 70
     1
 43
0.0
 10
354233.2
 20
573693.74
 10
356436.7100000001
 20
573735.25
 10
358640.23
 20
573777.36
 10
360843.75
 20
573820.0200000001
 10
363047.29
 20
573863.3200000001
 10
365250.8200000001
 20
573907.2
 10
367454.37
 20
573951.65
 10
369657.93
 20
573996.7
 10
371861.49
 20
574042.34
 10
374065.0700000001
 20
574088.5700000001
 10
376268.6400000001
 20
574135.3700000001
 10
376327.9600000001
 20
571360.1599999999
 10
376387.24
 20
568584.9499999999
 10
376446.49
 20
565809.74
 10
376505.7
 20
563034.5600000001
 10
376564.8800000001
 20
560259.4
 10
376624.0300000001
 20
557484.2199999999
 10
376683.14
 20
554709.06
 10
376742.22
 20
551933.9399999999
 10
376801.26
 20
549158.8100000001
 10
376860.2700000001
 20
546383.6799999999
 10
374649.29
 20
546336.96
 10
372438.3200000001
 20
546290.87
 10
370227.35
 20
546245.33
 10
368016.39
 20
546200.37
 10
365805.4400000001
 20
546156.0300000001
 10
363594.51
 20
546112.25
 10
361383.57
 20
546069.0600000001
 10
359172.6500000001
 20
546026.4699999999
 10
356961.73
 20
545984.4799999999
 10
354750.82
 20
545943.05
 10
354699.18
 20
548718.0700000001
 10
354647.54
 20
551493.11
 10
354595.8400000001
 20
554268.1599999999
 10
354544.13
 20
557043.21
 10
354492.37
 20
559818.25
 10
354440.61
 20
562593.3300000001
 10
354388.79
 20
565368.43
 10
354336.9600000001
 20
568143.51
 10
354285.1000000001
 20
570918.61
  0
LWPOLYLINE
  5
114
330
2
100
AcDbEntity
  8
G50
  6
Continuous
100
AcDbPolyline
 90
       40
 70
     1
 43
0.0
 10
331752.36
 20
601061.9199999999
 10
333948.36
 20
601097.62
 10
336144.38
 20
601133.92
 10
338340.3900000001
 20
601170.81
 10
340536.41
 20
601208.26
 10
342732.4200000001
 20
601246.3400000001
 10
344928.4600000001
 20
601284.98
 10
347124.49
 20
601324.22
 10
349320.54
 20
601364.0500000001
 10
351516.59
 20
601404.47
 10
353712.66
 20
601445.49
 10
353764.8400000001
 20
598670.2700000001
 10
353817.0
 20
595895.0600000001
 10
353869.1200000001
 20
593119.8400000001
 10
353921.22
 20
590344.6500000001
 10
353973.3
 20
587569.49
 10
354025.34
 20
584794.3
 10
354077.35
 20
582019.14
 10
354129.3400000001
 20
579244.01
 10
354181.29
 20
576468.88
 10
354233.2
 20
573693.74
 10
352029.7
 20
573652.8300000001
 10
349826.21
 20
573612.48
 10
347622.73
 20
573572.72
 10
345419.24
 20
573533.5900000001
 10
343215.7700000001
 20
573495.02
 10
341012.31
 20
573457.0500000001
 10
338808.85
 20
573419.67
 10
336605.39
 20
573382.86
 10
334401.96
 20
573346.67
 10
332198.5
 20
573311.0400000001
 10
332154.0200000001
 20
576086.06
 10
332109.48
 20
578861.12
 10
332064.93
 20
581636.18
 10
332020.36
 20
584411.26
 10
331975.75
 20
587186.3499999999
 10
331931.1300000001
 20
589961.4299999999
 10
331886.47
 20
592736.55
 10
331841.8
 20
595511.66
 10
331797.1
 20
598286.7800000001
  0
LWPOLYLINE
  5
115
330
2
100
AcDbEntity
  8
G50
  6
Continuous
100
AcDbPolyline
 90
       40
 70
     1
 43
0.0
 10
309792.7
 20
600737.4000000001
 10
311988.64
 20
600767.22
 10
314184.6
 20
600797.61
 10
316380.54
 20
600828.56
 10
318576.5
 20
600860.13
 10
320772.48
 20
600892.3000000001
 10
322968.4500000001
 20
600925.0300000001
 10
325164.41
 20
600958.38
 10
327360.4000000001
 20
600992.3
 10
329556.3700000001
 20
601026.8100000001
 10
331752.36
 20
601061.9199999999
 10
331797.1
 20
598286.7800000001
 10
331841.8
 20
595511.66
 10
331886.47
 20
592736.55
 10
331931.1300000001
 20
589961.4299999999
 10
331975.75
 20
587186.3499999999
 10
332020.36
 20
584411.26
 10
332064.93
 20
581636.18
 10
332109.48
 20
578861.12
 10
332154.0200000001
 20
576086.06
 10
332198.5
 20
573311.0400000001
 10
329995.07
 20
573276.01
 10
327791.6500000001
 20
573241.57
 10
325588.23
 20
573207.7199999999
 10
323384.81
 20
573174.44
 10
321181.4
 20
573141.78
 10
318978.0
 20
573109.69
 10
316774.62
 20
573078.19
 10
314571.23
 20
573047.2900000001
 10
312367.83
 20
573016.97
 10
310164.46
 20
572987.26
 10
310127.37
 20
575762.2099999999
 10
310090.28
 20
578537.19
 10
310053.1500000001
 20
581312.1699999999
 10
310016.01
 20
584087.1799999999
 10
309978.85
 20
586862.1899999999
 10
309941.66
 20
589637.1999999999
 10
309904.45
 20
592412.25
 10
309867.22
 20
595187.2900000001
 10
309829.98
 20
597962.36
  0
LWPOLYLINE
  5
116
330
2
100
AcDbEntity
  8
G50
  6
Continuous
100
AcDbPolyline
 90
       40
 70
     1
 43
0.0
 10
332198.5
 20
573311.0400000001
 10
334401.96
 20
573346.67
 10
336605.39
 20
573382.86
 10
338808.85
 20
573419.67
 10
341012.31
 20
573457.0500000001
 10
343215.7700000001
 20
573495.02
 10
345419.24
 20
573533.5900000001
 10
347622.73
 20
573572.72
 10
349826.21
 20
573612.48
 10
352029.7
 20
573652.8300000001
 10
354233.2
 20
573693.74
 10
354285.1000000001
 20
570918.61
 10
354336.9600000001
 20
568143.51
 10
354388.79
 20
565368.43
 10
354440.61
 20
562593.3300000001
 10
354492.37
 20
559818.25
 10
354544.13
 20
557043.21
 10
354595.8400000001
 20
554268.1599999999
 10
354647.54
 20
551493.11
 10
354699.18
 20
548718.0700000001
 10
354750.82
 20
545943.05
 10
352539.92
 20
545902.24
 10
350329.0300000001
 20
545862.0
 10
348118.13
 20
545822.3499999999
 10
345907.2600000001
 20
545783.27
 10
343696.3900000001
 20
545744.81
 10
341485.52
 20
545706.91
 10
339274.6600000001
 20
545669.61
 10
337063.8
 20
545632.9
 10
334852.97
 20
545596.79
 10
332642.12
 20
545561.24
 10
332597.88
 20
548336.1799999999
 10
332553.6
 20
551111.1200000001
 10
332509.31
 20
553886.0600000001
 10
332464.98
 20
556661.02
 10
332420.63
 20
559435.99
 10
332376.27
 20
562210.99
 10
332331.85
 20
564985.99
 10
332287.44
 20
567760.9799999999
 10
332242.99
 20
570536.01
  0
LWPOLYLINE
  5
117
330
2
100
AcDbEntity
  8
G50
  6
Continuous
100
AcDbPolyline
 90
       40
 70
     1
 43
0.0
 10
310164.46
 20
572987.26
 10
312367.83
 20
573016.97
 10
314571.23
 20
573047.2900000001
 10
316774.62
 20
573078.19
 10
318978.0
 20
573109.69
 10
321181.4
 20
573141.78
 10
323384.81
 20
573174.44
 10
325588.23
 20
573207.7199999999
 10
327791.6500000001
 20
573241.57
 10
329995.07
 20
573276.01
 10
332198.5
 20
573311.0400000001
 10
332242.99
 20
570536.01
 10
332287.44
 20
567760.9799999999
 10
332331.85
 20
564985.99
 10
332376.27
 20
562210.99
 10
332420.63
 20
559435.99
 10
332464.98
 20
556661.02
 10
332509.31
 20
553886.0600000001
 10
332553.6
 20
551111.1200000001
 10
332597.88
 20
548336.1799999999
 10
332642.12
 20
545561.24
 10
330431.29
 20
545526.28
 10
328220.47
 20
545491.9199999999
 10
326009.66
 20
545458.16
 10
323798.85
 20
545424.98
 10
321588.04
 20
545392.37
 10
319377.24
 20
545360.36
 10
317166.43
 20
545328.9299999999
 10
314955.67
 20
545298.11
 10
312744.88
 20
545267.8699999999
 10
310534.1
 20
545238.2
 10
310497.23
 20
548013.0600000001
 10
310460.34
 20
550787.9199999999
 10
310423.42
 20
553562.78
 10
310386.49
 20
556337.6699999999
 10
310349.54
 20
559112.5900000001
 10
310312.55
 20
561887.48
 10
310275.57
 20
564662.4
 10
310238.54
 20
567437.35
 10
310201.51
 20
570212.27
  0
LWPOLYLINE
  5
118
330
2
100
AcDbEntity
  8
G50
  6
Continuous
100
AcDbPolyline
 90
       40
 70
     1
 43
0.0
 10
331303.7100000001
 20
628813.92
 10
333492.2300000001
 20
628849.72
 10
335680.74
 20
628886.09
 10
337869.28
 20
628923.0200000001
 10
340057.81
 20
628960.57
 10
342246.36
 20
628998.6899999999
 10
344434.9000000001
 20
629037.43
 10
346623.4600000001
 20
629076.8
 10
348812.02
 20
629116.6700000001
 10
351000.58
 20
629157.23
 10
353189.16
 20
629198.28
 10
353241.63
 20
626422.99
 10
353294.0900000001
 20
623647.6500000001
 10
353346.5200000001
 20
620872.35
 10
353398.91
 20
618097.05
 10
353451.26
 20
615321.74
 10
353503.6
 20
612546.47
 10
353555.91
 20
609771.23
 10
353608.18
 20
606995.9499999999
 10
353660.42
 20
604220.71
 10
353712.66
 20
601445.49
 10
351516.59
 20
601404.47
 10
349320.54
 20
601364.0500000001
 10
347124.49
 20
601324.22
 10
344928.4600000001
 20
601284.98
 10
342732.4200000001
 20
601246.3400000001
 10
340536.41
 20
601208.26
 10
338340.3900000001
 20
601170.81
 10
336144.38
 20
601133.92
 10
333948.36
 20
601097.62
 10
331752.36
 20
601061.9199999999
 10
331707.6200000001
 20
603837.0700000001
 10
331662.8400000001
 20
606612.2400000001
 10
331618.04
 20
609387.4099999999
 10
331573.22
 20
612162.5900000001
 10
331528.35
 20
614937.7900000001
 10
331483.47
 20
617712.99
 10
331438.5700000001
 20
620488.22
 10
331393.64
 20
623263.4299999999
 10
331348.69
 20
626038.66
  0
LWPOLYLINE
  5
119
330
2
100
AcDbEntity
  8
G50
  6
Continuous
100
AcDbPolyline
 90
       40
 70
     1
 43
0.0
 10
309418.86
 20
628488.7300000001
 10
311607.3200000001
 20
628518.59
 10
313795.8
 20
628549.01
 10
315984.2600000001
 20
628580.0600000001
 10
318172.74
 20
628611.6800000001
 10
320361.23
 20
628643.91
 10
322549.7100000001
 20
628676.71
 10
324738.2
 20
628710.14
 10
326926.71
 20
628744.1300000001
 10
329115.21
 20
628778.74
 10
331303.7100000001
 20
628813.92
 10
331348.69
 20
626038.66
 10
331393.64
 20
623263.4299999999
 10
331438.5700000001
 20
620488.22
 10
331483.47
 20
617712.99
 10
331528.35
 20
614937.7900000001
 10
331573.22
 20
612162.5900000001
 10
331618.04
 20
609387.4099999999
 10
331662.8400000001
 20
606612.2400000001
 10
331707.6200000001
 20
603837.0700000001
 10
331752.36
 20
601061.9199999999
 10
329556.3700000001
 20
601026.8100000001
 10
327360.4000000001
 20
600992.3
 10
325164.41
 20
600958.38
 10
322968.4500000001
 20
600925.0300000001
 10
320772.48
 20
600892.3000000001
 10
318576.5
 20
600860.13
 10
316380.54
 20
600828.56
 10
314184.6
 20
600797.61
 10
311988.64
 20
600767.22
 10
309792.7
 20
600737.4000000001
 10
309755.41
 20
603512.5
 10
309718.11
 20
606287.5800000001
 10
309680.7700000001
 20
609062.6799999999
 10
309643.42
 20
611837.7800000001
 10
309606.06
 20
614612.9099999999
 10
309568.6500000001
 20
617388.05
 10
309531.24
 20
620163.21
 10
309493.8
 20
622938.37
 10
309456.3400000001
 20
625713.5
  0
LWPOLYLINE
  5
11A
330
2
100
AcDbEntity
  8
G50
  6
Continuous
100
AcDbPolyline
 90
       40
 70
     1
 43
0.0
 10
376268.6400000001
 20
574135.3700000001
 10
378472.22
 20
574182.79
 10
380675.82
 20
574230.78
 10
382879.43
 20
574279.36
 10
385083.05
 20
574328.5400000001
 10
387286.68
 20
574378.3100000001
 10
389490.3
 20
574428.6500000001
 10
391693.94
 20
574479.5800000001
 10
393897.5900000001
 20
574531.13
 10
396101.26
 20
574583.25
 10
398304.9300000001
 20
574635.97
 10
398371.66
 20
571860.6199999999
 10
398438.3600000001
 20
569085.3
 10
398505.0300000001
 20
566310.02
 10
398571.65
 20
563534.69
 10
398638.25
 20
560759.4
 10
398704.79
 20
557984.14
 10
398771.3
 20
555208.87
 10
398837.77
 20
552433.61
 10
398904.22
 20
549658.3400000001
 10
398970.61
 20
546883.1
 10
396759.5300000001
 20
546830.53
 10
394548.47
 20
546778.51
 10
392337.41
 20
546727.1
 10
390126.36
 20
546676.2800000001
 10
387915.33
 20
546626.05
 10
385704.3
 20
546576.39
 10
383493.2800000001
 20
546527.35
 10
381282.26
 20
546478.87
 10
379071.27
 20
546430.9599999999
 10
376860.2700000001
 20
546383.6799999999
 10
376801.26
 20
549158.8100000001
 10
376742.22
 20
551933.9399999999
 10
376683.14
 20
554709.06
 10
376624.0300000001
 20
557484.2199999999
 10
376564.8800000001
 20
560259.4
 10
376505.7
 20
563034.5600000001
 10
376446.49
 20
565809.74
 10
376387.24
 20
568584.9499999999
 10
376327.9600000001
 20
571360.1599999999
  0
LWPOLYLINE
  5
11B
330
2
100
AcDbEntity
  8
G50
  6
Continuous
100
AcDbPolyline
 90
       40
 70
     1
 43
0.0
 10
308664.91
 20
683994.71
 10
310838.2800000001
 20
684024.6400000001
 10
313011.66
 20
684055.2600000001
 10
315185.05
 20
684086.44
 10
317358.43
 20
684118.1800000001
 10
319531.83
 20
684150.5500000001
 10
321705.24
 20
684183.4799999999
 10
323878.64
 20
684217.0300000001
 10
326052.05
 20
684251.15
 10
328225.46
 20
684285.89
 10
330398.8800000001
 20
684321.2
 10
330444.36
 20
681545.77
 10
330489.82
 20
678770.27
 10
330535.25
 20
675994.8299999999
 10
330580.64
 20
673219.39
 10
330626.04
 20
670443.9499999999
 10
330671.38
 20
667668.58
 10
330716.72
 20
664893.1400000001
 10
330762.0100000001
 20
662117.76
 10
330807.29
 20
659342.38
 10
330852.54
 20
656567.0
 10
328671.57
 20
656531.7900000001
 10
326490.5800000001
 20
656497.0800000001
 10
324309.6100000001
 20
656463.0500000001
 10
322128.64
 20
656429.5300000001
 10
319947.68
 20
656396.69
 10
317766.72
 20
656364.36
 10
315585.75
 20
656332.6500000001
 10
313404.81
 20
656301.5600000001
 10
311223.86
 20
656271.04
 10
309042.92
 20
656241.15
 10
309005.22
 20
659016.4300000001
 10
308967.5
 20
661791.7700000001
 10
308929.74
 20
664567.0600000001
 10
308891.97
 20
667342.4
 10
308854.18
 20
670117.75
 10
308816.37
 20
672893.15
 10
308778.54
 20
675668.5
 10
308740.66
 20
678443.9
 10
308702.8
 20
681219.31
  0
LWPOLYLINE
  5
11C
330
2
100
AcDbEntity
  8
G50
  6
Continuous
 62
     5
100
AcDbPolyline
 90
       40
 70
     1
 43
0.0
 10
200000.0
 20
544504.12
 10
202210.64
 20
544504.4199999999
 10
204421.27
 20
544505.3000000001
 10
206631.91
 20
544506.77
 10
208842.55
 20
544508.82
 10
211053.18
 20
544511.46
 10
213263.82
 20
544514.69
 10
215474.46
 20
544518.51
 10
217685.1
 20
544522.9099999999
 10
219895.74
 20
544527.9000000001
 10
222106.38
 20
544533.48
 10
222113.75
 20
541758.8100000001
 10
222121.11
 20
538984.14
 10
222128.47
 20
536209.49
 10
222135.83
 20
533434.85
 10
222143.18
 20
530660.22
 10
222150.52
 20
527885.6
 10
222157.87
 20
525110.99
 10
222165.21
 20
522336.4000000001
 10
222172.54
 20
519561.81
 10
222179.87
 20
516787.24
 10
219961.88
 20
516781.68
 10
217743.89
 20
516776.7000000001
 10
215525.9
 20
516772.3
 10
213307.91
 20
516768.5
 10
211089.93
 20
516765.2700000001
 10
208871.94
 20
516762.64
 10
206653.96
 20
516760.59
 10
204435.97
 20
516759.12
 10
202217.99
 20
516758.25
 10
200000.0
 20
516757.95
 10
200000.0
 20
519532.52
 10
200000.0
 20
522307.09
 10
200000.0
 20
525081.6799999999
 10
200000.0
 20
527856.28
 10
200000.0
 20
530630.8900000001
 10
200000.0
 20
533405.51
 10
200000.0
 20
536180.1500000001
 10
200000.0
 20
538954.8000000001
 10
200000.0
 20
541729.45
  0
LWPOLYLINE
  5
11D
330
2
100
AcDbEntity
  8
G50
  6
Continuous
 62
     5
100
AcDbPolyline
 90
       40
 70
     1
 43
0.0
 10
200000.0
 20
572251.47
 10
202203.24
 20
572251.77
 10
204406.49
 20
572252.65
 10
206609.74
 20
572254.1200000001
 10
208812.98
 20
572256.18
 10
211016.23
 20
572258.8300000001
 10
213219.47
 20
572262.0700000001
 10
215422.72
 20
572265.89
 10
217625.97
 20
572270.3100000001
 10
219829.22
 20
572275.3100000001
 10
222032.47
 20
572280.9
 10
222039.88
 20
569506.0999999999
 10
222047.28
 20
566731.3200000001
 10
222054.68
 20
563956.55
 10
222062.08
 20
561181.7900000001
 10
222069.48
 20
558407.0400000001
 10
222076.86
 20
555632.3100000001
 10
222084.25
 20
552857.5800000001
 10
222091.63
 20
550082.87
 10
222099.01
 20
547308.1699999999
 10
222106.38
 20
544533.48
 10
219895.74
 20
544527.9000000001
 10
217685.1
 20
544522.9099999999
 10
215474.46
 20
544518.51
 10
213263.82
 20
544514.69
 10
211053.18
 20
544511.46
 10
208842.55
 20
544508.82
 10
206631.91
 20
544506.77
 10
204421.27
 20
544505.3000000001
 10
202210.64
 20
544504.4199999999
 10
200000.0
 20
544504.12
 10
200000.0
 20
547278.8100000001
 10
200000.0
 20
550053.5
 10
200000.0
 20
552828.2
 10
200000.0
 20
555602.92
 10
200000.0
 20
558377.65
 10
200000.0
 20
561152.39
 10
200000.0
 20
563927.1400000001
 10
200000.0
 20
566701.91
 10
200000.0
 20
569476.68
  0
LWPOLYLINE
  5
11E
330
2
100
AcDbEntity
  8
G50
  6
Continuous
 62
     5
100
AcDbPolyline
 90
       40
 70
     1
 43
0.0
 10
155934.96
 20
572369.18
 10
158138.23
 20
572357.7099999999
 10
160341.49
 20
572346.8200000001
 10
162544.75
 20
572336.52
 10
164748.01
 20
572326.8100000001
 10
166951.27
 20
572317.68
 10
169154.52
 20
572309.15
 10
171357.78
 20
572301.2
 10
173561.03
 20
572293.85
 10
175764.28
 20
572287.0800000001
 10
177967.53
 20
572280.9
 10
177960.12
 20
569506.0999999999
 10
177952.72
 20
566731.3200000001
 10
177945.32
 20
563956.55
 10
177937.92
 20
561181.7900000001
 10
177930.52
 20
558407.0400000001
 10
177923.14
 20
555632.3100000001
 10
177915.75
 20
552857.5800000001
 10
177908.37
 20
550082.87
 10
177900.99
 20
547308.1699999999
 10
177893.62
 20
544533.48
 10
175682.98
 20
544539.6500000001
 10
173472.34
 20
544546.4000000001
 10
171261.69
 20
544553.74
 10
169051.04
 20
544561.6699999999
 10
166840.4
 20
544570.18
 10
164629.75
 20
544579.29
 10
162419.1
 20
544588.97
 10
160208.44
 20
544599.25
 10
157997.79
 20
544610.1099999999
 10
155787.13
 20
544621.5600000001
 10
155801.88
 20
547396.2700000001
 10
155816.63
 20
550170.99
 10
155831.39
 20
552945.73
 10
155846.16
 20
555720.4699999999
 10
155860.94
 20
558495.23
 10
155875.73
 20
561270.0
 10
155890.52
 20
564044.78
 10
155905.33
 20
566819.5700000001
 10
155920.14
 20
569594.37
  0
LWPOLYLINE
  5
11F
330
2
100
AcDbEntity
  8
G50
  6
Continuous
 62
     5
100
AcDbPolyline
 90
       40
 70
     1
 43
0.0
 10
177967.53
 20
572280.9
 10
180170.78
 20
572275.3100000001
 10
182374.03
 20
572270.3100000001
 10
184577.28
 20
572265.89
 10
186780.53
 20
572262.0700000001
 10
188983.77
 20
572258.8300000001
 10
191187.02
 20
572256.18
 10
193390.26
 20
572254.1200000001
 10
195593.51
 20
572252.65
 10
197796.76
 20
572251.77
 10
200000.0
 20
572251.47
 10
200000.0
 20
569476.68
 10
200000.0
 20
566701.91
 10
200000.0
 20
563927.1400000001
 10
200000.0
 20
561152.39
 10
200000.0
 20
558377.65
 10
200000.0
 20
555602.92
 10
200000.0
 20
552828.2
 10
200000.0
 20
550053.5
 10
200000.0
 20
547278.8100000001
 10
200000.0
 20
544504.12
 10
197789.3599999999
 20
544504.4199999999
 10
195578.73
 20
544505.3000000001
 10
193368.09
 20
544506.77
 10
191157.45
 20
544508.82
 10
188946.82
 20
544511.46
 10
186736.18
 20
544514.69
 10
184525.54
 20
544518.51
 10
182314.9
 20
544522.9099999999
 10
180104.26
 20
544527.9000000001
 10
177893.62
 20
544533.48
 10
177900.99
 20
547308.1699999999
 10
177908.37
 20
550082.87
 10
177915.75
 20
552857.5800000001
 10
177923.14
 20
555632.3100000001
 10
177930.52
 20
558407.0400000001
 10
177937.92
 20
561181.7900000001
 10
177945.32
 20
563956.55
 10
177952.72
 20
566731.3200000001
 10
177960.12
 20
569506.0999999999
  0
LWPOLYLINE
  5
120
330
2
100
AcDbEntity
  8
G50
  6
Continuous
 62
     5
100
AcDbPolyline
 90
       40
 70
     1
 43
0.0
 10
177893.62
 20
544533.48
 10
180104.26
 20
544527.9000000001
 10
182314.9
 20
544522.9099999999
 10
184525.54
 20
544518.51
 10
186736.18
 20
544514.69
 10
188946.82
 20
544511.46
 10
191157.45
 20
544508.82
 10
193368.09
 20
544506.77
 10
195578.73
 20
544505.3000000001
 10
197789.3599999999
 20
544504.4199999999
 10
200000.0
 20
544504.12
 10
200000.0
 20
541729.45
 10
200000.0
 20
538954.8000000001
 10
200000.0
 20
536180.1500000001
 10
200000.0
 20
533405.51
 10
200000.0
 20
530630.8900000001
 10
200000.0
 20
527856.28
 10
200000.0
 20
525081.6799999999
 10
200000.0
 20
522307.09
 10
200000.0
 20
519532.52
 10
200000.0
 20
516757.95
 10
197782.01
 20
516758.25
 10
195564.03
 20
516759.12
 10
193346.04
 20
516760.59
 10
191128.06
 20
516762.64
 10
188910.07
 20
516765.2700000001
 10
186692.09
 20
516768.5
 10
184474.1
 20
516772.3
 10
182256.11
 20
516776.7000000001
 10
180038.12
 20
516781.68
 10
177820.13
 20
516787.24
 10
177827.46
 20
519561.81
 10
177834.79
 20
522336.4000000001
 10
177842.13
 20
525110.99
 10
177849.48
 20
527885.6
 10
177856.82
 20
530660.22
 10
177864.17
 20
533434.85
 10
177871.53
 20
536209.49
 10
177878.89
 20
538984.14
 10
177886.25
 20
541758.8100000001
  0
LWPOLYLINE
  5
121
330
2
100
AcDbEntity
  8
G50
  6
Continuous
 62
     5
100
AcDbPolyline
 90
       40
 70
     1
 43
0.0
 10
155787.13
 20
544621.5600000001
 10
157997.79
 20
544610.1099999999
 10
160208.44
 20
544599.25
 10
162419.1
 20
544588.97
 10
164629.75
 20
544579.29
 10
166840.4
 20
544570.18
 10
169051.04
 20
544561.6699999999
 10
171261.69
 20
544553.74
 10
173472.34
 20
544546.4000000001
 10
175682.98
 20
544539.6500000001
 10
177893.62
 20
544533.48
 10
177886.25
 20
541758.8100000001
 10
177878.89
 20
538984.14
 10
177871.53
 20
536209.49
 10
177864.17
 20
533434.85
 10
177856.82
 20
530660.22
 10
177849.48
 20
527885.6
 10
177842.13
 20
525110.99
 10
177834.79
 20
522336.4000000001
 10
177827.46
 20
519561.81
 10
177820.13
 20
516787.24
 10
175602.14
 20
516793.3900000001
 10
173384.15
 20
516800.13
 10
171166.15
 20
516807.45
 10
168948.16
 20
516815.36
 10
166730.16
 20
516823.8500000001
 10
164512.16
 20
516832.9299999999
 10
162294.16
 20
516842.6
 10
160076.16
 20
516852.85
 10
157858.15
 20
516863.69
 10
155640.15
 20
516875.11
 10
155654.81
 20
519649.7100000001
 10
155669.47
 20
522424.31
 10
155684.15
 20
525198.9299999999
 10
155698.84
 20
527973.5500000001
 10
155713.53
 20
530748.1899999999
 10
155728.24
 20
533522.8400000001
 10
155742.95
 20
536297.51
 10
155757.67
 20
539072.1799999999
 10
155772.39
 20
541846.87
  0
LWPOLYLINE
  5
122
330
2
100
AcDbEntity
  8
G50
  6
Continuous
100
AcDbPolyline
 90
       40
 70
     1
 43
0.0
 10
15166.43
 20
603073.3300000001
 10
17362.75
 20
603014.59
 10
19559.07
 20
602956.45
 10
21755.37
 20
602898.9000000001
 10
23951.66
 20
602841.9099999999
 10
26147.92
 20
602785.5500000001
 10
28344.19
 20
602729.76
 10
30540.44
 20
602674.5600000001
 10
32736.7
 20
602619.95
 10
34932.93
 20
602565.94
 10
37129.17
 20
602512.53
 10
37062.06
 20
599737.1000000001
 10
36994.97
 20
596961.6799999999
 10
36927.92
 20
594186.25
 10
36860.92
 20
591410.8500000001
 10
36793.97
 20
588635.49
 10
36727.03
 20
585860.0900000001
 10
36660.14
 20
583084.7099999999
 10
36593.29
 20
580309.37
 10
36526.48000000001
 20
577534.03
 10
36459.69
 20
574758.68
 10
34256.01
 20
574811.99
 10
32052.32
 20
574865.87
 10
29848.63
 20
574920.3400000001
 10
27644.91
 20
574975.4299999999
 10
25441.2
 20
575031.0900000001
 10
23237.48
 20
575087.3400000001
 10
21033.73
 20
575144.1899999999
 10
18829.98
 20
575201.61
 10
16626.23
 20
575259.6500000001
 10
14422.45
 20
575318.2500000001
 10
14496.67
 20
578093.7
 10
14570.91
 20
580869.18
 10
14645.2
 20
583644.6599999999
 10
14719.55
 20
586420.1699999999
 10
14793.92
 20
589195.6799999999
 10
14868.34
 20
591971.1799999999
 10
14942.8
 20
594746.71
 10
15017.3
 20
597522.24
 10
15091.86
 20
600297.77
  0
LWPOLYLINE
  5
123
330
2
100
AcDbEntity
  8
G50
  6
Continuous
100
AcDbPolyline
 90
       40
 70
     1
 43
0.0
 10
37129.17
 20
602512.53
 10
39325.39
 20
602459.68
 10
41521.6
 20
602407.45
 10
43717.8
 20
602355.7900000001
 10
45913.99
 20
602304.75
 10
48110.18
 20
602254.28
 10
50306.35
 20
602204.4099999999
 10
52502.51999999999
 20
602155.1200000001
 10
54698.67999999999
 20
602106.44
 10
56894.83
 20
602058.3100000001
 10
59090.98
 20
602010.8200000001
 10
59031.32
 20
599235.5
 10
58971.71
 20
596460.1699999999
 10
58912.12
 20
593684.88
 10
58852.57
 20
590909.5900000001
 10
58793.05999999999
 20
588134.3300000001
 10
58733.57
 20
585359.0600000001
 10
58674.12
 20
582583.8
 10
58614.70999999999
 20
579808.5600000001
 10
58555.32
 20
577033.3200000001
 10
58495.98
 20
574258.0800000001
 10
56292.4
 20
574305.51
 10
54088.8
 20
574353.49
 10
51885.19
 20
574402.0800000001
 10
49681.57
 20
574451.25
 10
47477.94
 20
574501.03
 10
45274.32
 20
574551.36
 10
43070.66999999999
 20
574602.29
 10
40867.01999999999
 20
574653.8499999999
 10
38663.36
 20
574705.97
 10
36459.69
 20
574758.68
 10
36526.48000000001
 20
577534.03
 10
36593.29
 20
580309.37
 10
36660.14
 20
583084.7099999999
 10
36727.03
 20
585860.0900000001
 10
36793.97
 20
588635.49
 10
36860.92
 20
591410.8500000001
 10
36927.92
 20
594186.25
 10
36994.97
 20
596961.6799999999
 10
37062.06
 20
599737.1000000001
  0
LWPOLYLINE
  5
124
330
2
100
AcDbEntity
  8
G50
100
AcDbPolyline
 90
       40
 70
     1
 43
0.0
 10
88369.66
 20
461997.76
 10
90602.38
 20
461968.9
 10
92835.09
 20
461940.64
 10
95067.78999999999
 20
461912.94
 10
97300.44000000001
 20
461885.84
 10
99533.14999999999
 20
461859.33
 10
101765.82
 20
461833.3800000001
 10
103998.48
 20
461808.03
 10
106231.16
 20
461783.24
 10
108463.8
 20
461759.04
 10
110696.46
 20
461735.4399999999
 10
110667.5
 20
458961.0
 10
110638.57
 20
456186.59
 10
110609.61
 20
453412.16
 10
110580.71
 20
450637.75
 10
110551.79
 20
447863.3799999999
 10
110522.93
 20
445088.97
 10
110494.05
 20
442314.59
 10
110465.22
 20
439540.25
 10
110436.38
 20
436765.91
 10
110407.56
 20
433991.56
 10
108167.68
 20
434015.1099999999
 10
105927.79
 20
434039.24
 10
103687.92
 20
434063.9399999999
 10
101448.01
 20
434089.24
 10
99208.11999999999
 20
434115.12
 10
96968.19000000001
 20
434141.57
 10
94728.27999999999
 20
434168.58
 10
92488.36
 20
434196.22
 10
90248.43999999999
 20
434224.42
 10
88008.5
 20
434253.19
 10
88044.53
 20
437027.62
 10
88080.57000000001
 20
439802.03
 10
88116.64
 20
442576.4599999999
 10
88152.72
 20
445350.9
 10
88188.83000000001
 20
448125.3699999999
 10
88224.97
 20
450899.8
 10
88261.11
 20
453674.3
 10
88297.25999999999
 20
456448.7699999999
 10
88333.44999999999
 20
459223.26
  0
LWPOLYLINE
  5
125
330
2
100
AcDbEntity
  8
G50
  6
Continuous
100
AcDbPolyline
 90
       40
 70
     1
 43
0.0
 10
89098.36
 20
517490.27
 10
91316.48
 20
517461.27
 10
93534.62
 20
517432.84
 10
95752.72
 20
517405.0300000001
 10
97970.83999999999
 20
517377.78
 10
100188.93
 20
517351.1300000001
 10
102407.03
 20
517325.04
 10
104625.12
 20
517299.55
 10
106843.21
 20
517274.65
 10
109061.32
 20
517250.34
 10
111279.38
 20
517226.62
 10
111250.08
 20
514451.94
 10
111220.78
 20
511677.31
 10
111191.52
 20
508902.66
 10
111162.25
 20
506128.03
 10
111133.03
 20
503353.41
 10
111103.8
 20
500578.78
 10
111074.58
 20
497804.19
 10
111045.39
 20
495029.59
 10
111016.23
 20
492255.0300000001
 10
110987.08
 20
489480.47
 10
108761.7
 20
489504.13
 10
106536.28
 20
489528.38
 10
104310.88
 20
489553.23
 10
102085.47
 20
489578.64
 10
99860.08999999999
 20
489604.65
 10
97634.66000000001
 20
489631.24
 10
95409.24999999999
 20
489658.44
 10
93183.81
 20
489686.1900000001
 10
90958.38
 20
489714.54
 10
88732.95
 20
489743.4500000001
 10
88769.39
 20
492518.1
 10
88805.86
 20
495292.7500000001
 10
88842.36000000001
 20
498067.4
 10
88878.86999999999
 20
500842.04
 10
88915.41
 20
503616.72
 10
88951.94999999999
 20
506391.4
 10
88988.52000000001
 20
509166.11
 10
89025.10000000001
 20
511940.82
 10
89061.75000000001
 20
514715.5300000001
  0
LWPOLYLINE
  5
126
330
2
100
AcDbEntity
  8
G50
  6
Continuous
100
AcDbPolyline
 90
       40
 70
     1
 43
0.0
 10
266540.0700000001
 20
517021.5699999999
 10
268758.1
 20
517039.44
 10
270976.1500000001
 20
517057.89
 10
273194.19
 20
517076.9299999999
 10
275412.24
 20
517096.56
 10
277630.29
 20
517116.77
 10
279848.35
 20
517137.57
 10
282066.41
 20
517158.95
 10
284284.48
 20
517180.92
 10
286502.55
 20
517203.48
 10
288720.62
 20
517226.62
 10
288749.93
 20
514451.9500000001
 10
288779.22
 20
511677.3
 10
288808.49
 20
508902.6500000001
 10
288837.75
 20
506128.02
 10
288866.99
 20
503353.4
 10
288896.21
 20
500578.79
 10
288925.42
 20
497804.19
 10
288954.6
 20
495029.6
 10
288983.78
 20
492255.0300000001
 10
289012.93
 20
489480.46
 10
286787.55
 20
489457.38
 10
284562.17
 20
489434.88
 10
282336.79
 20
489412.96
 10
280111.42
 20
489391.63
 10
277886.06
 20
489370.89
 10
275660.69
 20
489350.72
 10
273435.3400000001
 20
489331.1500000001
 10
271209.98
 20
489312.15
 10
268984.6300000001
 20
489293.74
 10
266759.28
 20
489275.92
 10
266737.42
 20
492050.4300000001
 10
266715.54
 20
494824.96
 10
266693.65
 20
497599.4899999999
 10
266671.75
 20
500374.04
 10
266649.8300000001
 20
503148.6000000001
 10
266627.91
 20
505923.17
 10
266605.97
 20
508697.75
 10
266584.01
 20
511472.35
 10
266562.05
 20
514246.95
  0
TEXT
  5
127
330
2
100
AcDbEntity
  8
T50000
100
AcDbText
 10
206969.9366666666
 20
251262.84
 30
0.0
 40
4000.0
  1
º¹³»
  7
GHS
 72
     4
 11
211428.27
 21
253262.84
 31
0.0
100
AcDbText
  0
TEXT
  5
129
330
2
100
AcDbEntity
  8
N50000
 62
     7
100
AcDbText
 10
93822.85000000001
 20
248525.59
 30
0.0
 40
1528.44
  1
34504
  7
GHS
100
AcDbText
  0
TEXT
  5
12A
330
2
100
AcDbEntity
  8
T50000
100
AcDbText
 10
92564.95000000001
 20
251976.8900000001
 30
0.0
 40
4000.0
  1
ºñ±Ý
  7
GHS
 72
     4
 11
97314.95
 21
253976.89
 31
0.0
100
AcDbText
  0
TEXT
  5
12B
330
2
100
AcDbEntity
  8
N50000
 62
     7
100
AcDbText
 10
116646.4
 20
248268.51
 30
0.0
 40
1528.44
  1
34601
  7
GHS
100
AcDbText
  0
TEXT
  5
12C
330
2
100
AcDbEntity
  8
T50000
100
AcDbText
 10
115388.5
 20
251719.81
 30
0.0
 40
4000.0
  1
ÀÚÀº
  7
GHS
 72
     4
 11
120138.5
 21
253719.81
 31
0.0
100
AcDbText
  0
TEXT
  5
12D
330
2
100
AcDbEntity
  8
N50000
 62
     7
100
AcDbText
 10
139469.37
 20
248068.58
 30
0.0
 40
1528.44
  1
34602
  7
GHS
100
AcDbText
  0
TEXT
  5
12E
330
2
100
AcDbEntity
  8
T50000
100
AcDbText
 10
138378.1366666666
 20
251603.2133333334
 30
0.0
 40
4000.0
  1
¸ñÆ÷
  7
GHS
 72
     4
 11
142961.47
 21
253519.88
 31
0.0
100
AcDbText
  0
TEXT
  5
12F
330
2
100
AcDbEntity
  8
N50000
 62
     7
100
AcDbText
 10
162291.89
 20
247925.78
 30
0.0
 40
1528.44
  1
34603
  7
GHS
100
AcDbText
  0
TEXT
  5
130
330
2
100
AcDbEntity
  8
T50000
100
AcDbText
 10
160950.6566666667
 20
251377.08
 30
0.0
 40
4000.0
  1
¿µ¾Ï
  7
GHS
 72
     4
 11
165783.99
 21
253377.08
 31
0.0
100
AcDbText
  0
TEXT
  5
131
330
2
100
AcDbEntity
  8
N50000
 62
     7
100
AcDbText
 10
185114.1
 20
247840.1
 30
0.0
 40
1528.44
  1
34604
  7
GHS
100
AcDbText
  0
TEXT
  5
132
330
2
100
AcDbEntity
  8
T50000
100
AcDbText
 10
183856.2
 20
251291.4
 30
0.0
 40
4000.0
  1
Ã»Ç³
  7
GHS
 72
     4
 11
188606.2
 21
253291.4
 31
0.0
100
AcDbText
  0
TEXT
  5
133
330
2
100
AcDbEntity
  8
N50000
 62
     7
100
AcDbText
 10
230758.24
 20
247840.1
 30
0.0
 40
1528.44
  1
34702
  7
GHS
100
AcDbText
  0
TEXT
  5
134
330
2
100
AcDbEntity
  8
T50000
100
AcDbText
 10
229833.6733333333
 20
251249.7333333334
 30
0.0
 40
4000.0
  1
¼øÃµ
  7
GHS
 72
     4
 11
234250.34
 21
253291.4
 31
0.0
100
AcDbText
  0
TEXT
  5
135
330
2
100
AcDbEntity
  8
N50000
 62
     7
100
AcDbText
 10
253580.45
 20
247925.78
 30
0.0
 40
1528.44
  1
34703
  7
GHS
100
AcDbText
  0
TEXT
  5
136
330
2
100
AcDbEntity
  8
T50000
100
AcDbText
 10
252322.55
 20
251377.08
 30
0.0
 40
4000.0
  1
±¤¾ç
  7
GHS
 72
     4
 11
257072.55
 21
253377.08
 31
0.0
100
AcDbText
  0
TEXT
  5
137
330
2
100
AcDbEntity
  8
N50000
 62
     7
100
AcDbText
 10
276402.97
 20
248068.58
 30
0.0
 40
1528.44
  1
34704
  7
GHS
100
AcDbText
  0
TEXT
  5
138
330
2
100
AcDbEntity
  8
T50000
100
AcDbText
 10
275270.07
 20
251519.88
 30
0.0
 40
4000.0
  1
³²ÇØ
  7
GHS
 72
     4
 11
279895.0700000001
 21
253519.88
 31
0.0
100
AcDbText
  0
TEXT
  5
139
330
2
100
AcDbEntity
  8
N50000
 62
     7
100
AcDbText
 10
299225.94
 20
248268.51
 30
0.0
 40
1528.44
  1
34801
  7
GHS
100
AcDbText
  0
TEXT
  5
13A
330
2
100
AcDbEntity
  8
T50000
100
AcDbText
 10
298218.03
 20
251719.81
 30
0.0
 40
4000.0
  1
»çÃµ
  7
GHS
 72
     4
 11
302718.0300000001
 21
253719.81
 31
0.0
100
AcDbText
  0
TEXT
  5
13B
330
2
100
AcDbEntity
  8
N50000
 62
     7
100
AcDbText
 10
322049.51
 20
248525.59
 30
0.0
 40
1528.44
  1
34802
  7
GHS
100
AcDbText
  0
TEXT
  5
13C
330
2
100
AcDbEntity
  8
T50000
100
AcDbText
 10
321124.9433333333
 20
251976.8900000001
 30
0.0
 40
4000.0
  1
Åë¿µ
  7
GHS
 72
     4
 11
325541.61
 21
253976.89
 31
0.0
100
AcDbText
  0
TEXT
  5
13D
330
2
100
AcDbEntity
  8
N50000
 62
     7
100
AcDbText
 10
344873.83
 20
248839.83
 30
0.0
 40
1528.44
  1
34803
  7
GHS
100
AcDbText
  0
TEXT
  5
13E
330
2
100
AcDbEntity
  8
T50000
100
AcDbText
 10
343657.5866666667
 20
252291.13
 30
0.0
 40
4000.0
  1
°ÅÁ¦
  7
GHS
 72
     4
 11
348365.92
 21
254291.13
 31
0.0
100
AcDbText
  0
TEXT
  5
13F
330
2
100
AcDbEntity
  8
N50000
100
AcDbText
 10
367699.04
 20
249211.23
 30
0.0
 40
1528.44
  1
34804
  7
GHS
100
AcDbText
  0
TEXT
  5
140
330
2
100
AcDbEntity
  8
T50000
100
AcDbText
 10
363357.8066666667
 20
252948.2442857143
 30
0.0
 40
4000.0
  1
(¿ÁÆ÷)
  7
GHS
 72
     4
 11
371191.14
 21
254662.53
 31
0.0
100
AcDbText
  0
TEXT
  5
141
330
2
100
AcDbEntity
  8
N50000
 62
     7
100
AcDbText
 10
345289.13
 20
221101.94
 30
0.0
 40
1528.44
  1
34807
  7
GHS
100
AcDbText
  0
TEXT
  5
142
330
2
100
AcDbEntity
  8
T50000
100
AcDbText
 10
344031.23
 20
224553.24
 30
0.0
 40
4000.0
  1
¸Å¹°
  7
GHS
 72
     4
 11
348781.23
 21
226553.24
 31
0.0
100
AcDbText
  0
TEXT
  5
143
330
2
100
AcDbEntity
  8
N50000
 62
     7
100
AcDbText
 10
322395.56
 20
220788.71
 30
0.0
 40
1528.44
  1
34806
  7
GHS
100
AcDbText
  0
TEXT
  5
144
330
2
100
AcDbEntity
  8
T50000
100
AcDbText
 10
321470.9933333333
 20
224240.01
 30
0.0
 40
4000.0
  1
¿åÁö
  7
GHS
 72
     4
 11
325887.66
 21
226240.01
 31
0.0
100
AcDbText
  0
TEXT
  5
145
330
2
100
AcDbEntity
  8
N50000
 62
     7
100
AcDbText
 10
299502.76
 20
220532.46
 30
0.0
 40
1528.44
  1
34805
  7
GHS
100
AcDbText
  0
TEXT
  5
146
330
2
100
AcDbEntity
  8
T50000
100
AcDbText
 10
298578.1933333333
 20
224025.4266666667
 30
0.0
 40
4000.0
  1
µÎ¹Ì
  7
GHS
 72
     4
 11
302994.86
 21
225983.76
 31
0.0
100
AcDbText
  0
TEXT
  5
147
330
2
100
AcDbEntity
  8
N50000
 62
     7
100
AcDbText
 10
276610.5700000001
 20
220333.18
 30
0.0
 40
1528.44
  1
34708
  7
GHS
100
AcDbText
  0
TEXT
  5
148
330
2
100
AcDbEntity
  8
T50000
100
AcDbText
 10
275436.0033333333
 20
223784.48
 30
0.0
 40
4000.0
  1
µ¹»ê
  7
GHS
 72
     4
 11
280102.67
 21
225784.48
 31
0.0
100
AcDbText
  0
TEXT
  5
149
330
2
100
AcDbEntity
  8
N50000
 62
     7
100
AcDbText
 10
253718.85
 20
220190.84
 30
0.0
 40
1528.44
  1
34707
  7
GHS
100
AcDbText
  0
TEXT
  5
14A
330
2
100
AcDbEntity
  8
T50000
100
AcDbText
 10
252460.95
 20
223683.8066666667
 30
0.0
 40
4000.0
  1
¿©¼ö
  7
GHS
 72
     4
 11
257210.95
 21
225642.14
 31
0.0
100
AcDbText
  0
TEXT
  5
14B
330
2
100
AcDbEntity
  8
N50000
 62
     7
100
AcDbText
 10
230827.43
 20
220105.44
 30
0.0
 40
1528.44
  1
34706
  7
GHS
100
AcDbText
  0
TEXT
  5
14C
330
2
100
AcDbEntity
  8
T50000
100
AcDbText
 10
229736.1966666667
 20
223515.0733333334
 30
0.0
 40
4000.0
  1
°íÈï
  7
GHS
 72
     4
 11
234319.53
 21
225556.74
 31
0.0
100
AcDbText
  0
TEXT
  5
14D
330
2
100
AcDbEntity
  8
N50000
 62
     7
100
AcDbText
 10
207936.17
 20
220076.97
 30
0.0
 40
1528.44
  1
34705
  7
GHS
100
AcDbText
  0
TEXT
  5
14E
330
2
100
AcDbEntity
  8
T50000
100
AcDbText
 10
206928.27
 20
223528.27
 30
0.0
 40
4000.0
  1
È¸Ãµ
  7
GHS
 72
     4
 11
211428.27
 21
225528.27
 31
0.0
100
AcDbText
  0
TEXT
  5
14F
330
2
100
AcDbEntity
  8
N50000
 62
     7
100
AcDbText
 10
185044.91
 20
220105.44
 30
0.0
 40
1528.44
  1
34608
  7
GHS
100
AcDbText
  0
TEXT
  5
150
330
2
100
AcDbEntity
  8
T50000
100
AcDbText
 10
183787.01
 20
223515.0733333334
 30
0.0
 40
4000.0
  1
ÀåÈï
  7
GHS
 72
     4
 11
188537.01
 21
225556.74
 31
0.0
100
AcDbText
  0
TEXT
  5
151
330
2
100
AcDbEntity
  8
N50000
 62
     7
100
AcDbText
 10
162153.49
 20
220190.84
 30
0.0
 40
1528.44
  1
34607
  7
GHS
100
AcDbText
  0
TEXT
  5
152
330
2
100
AcDbEntity
  8
T50000
100
AcDbText
 10
160812.2566666666
 20
223642.1400000001
 30
0.0
 40
4000.0
  1
ÇØ³²
  7
GHS
 72
     4
 11
165645.59
 21
225642.14
 31
0.0
100
AcDbText
  0
TEXT
  5
153
330
2
100
AcDbEntity
  8
N50000
 62
     7
100
AcDbText
 10
139261.77
 20
220333.18
 30
0.0
 40
1528.44
  1
34606
  7
GHS
100
AcDbText
  0
TEXT
  5
154
330
2
100
AcDbEntity
  8
T50000
100
AcDbText
 10
138253.87
 20
223784.48
 30
0.0
 40
4000.0
  1
È­¿ø
  7
GHS
 72
     4
 11
142753.87
 21
225784.48
 31
0.0
100
AcDbText
  0
TEXT
  5
155
330
2
100
AcDbEntity
  8
N50000
 62
     7
100
AcDbText
 10
116369.58
 20
220532.46
 30
0.0
 40
1528.44
  1
34605
  7
GHS
100
AcDbText
  0
TEXT
  5
156
330
2
100
AcDbEntity
  8
T50000
100
AcDbText
 10
115278.3466666666
 20
223983.76
 30
0.0
 40
4000.0
  1
ÇÏÀÇ
  7
GHS
 72
     4
 11
119861.68
 21
225983.76
 31
0.0
100
AcDbText
  0
TEXT
  5
157
330
2
100
AcDbEntity
  8
N50000
 62
     7
100
AcDbText
 10
93476.78
 20
220788.71
 30
0.0
 40
1528.44
  1
34508
  7
GHS
100
AcDbText
  0
TEXT
  5
158
330
2
100
AcDbEntity
  8
T50000
100
AcDbText
 10
92385.54666666667
 20
224031.6766666667
 30
0.0
 40
4000.0
  1
µµÃÊ
  7
GHS
 72
     4
 11
96968.88000000001
 21
226240.01
 31
0.0
100
AcDbText
  0
TEXT
  5
159
330
2
100
AcDbEntity
  8
N50000
 62
     7
100
AcDbText
 10
93132.89000000001
 20
193052.93
 30
0.0
 40
1528.44
  1
34512
  7
GHS
100
AcDbText
  0
TEXT
  5
15A
330
2
100
AcDbEntity
  8
T50000
100
AcDbText
 10
92041.65666666668
 20
196545.8966666666
 30
0.0
 40
4000.0
  1
´­¿Á
  7
GHS
 72
     4
 11
96624.99
 21
198504.23
 31
0.0
100
AcDbText
  0
TEXT
  5
15B
330
2
100
AcDbEntity
  8
N50000
 62
     7
100
AcDbText
 10
92791.23
 20
165318.21
 30
0.0
 40
1528.44
  1
34516
  7
GHS
100
AcDbText
  0
TEXT
  5
15C
330
2
100
AcDbEntity
  8
T50000
100
AcDbText
 10
91533.32999999999
 20
168769.51
 30
0.0
 40
4000.0
  1
¸Í°ñ
  7
GHS
 72
     4
 11
96283.33000000001
 21
170769.51
 31
0.0
100
AcDbText
  0
TEXT
  5
15D
330
2
100
AcDbEntity
  8
N50000
 62
     7
100
AcDbText
 10
115821.19
 20
165063.69
 30
0.0
 40
1528.44
  1
34613
  7
GHS
100
AcDbText
  0
TEXT
  5
15E
330
2
100
AcDbEntity
  8
T50000
100
AcDbText
 10
114771.6233333333
 20
168514.99
 30
0.0
 40
4000.0
  1
°ü¸Å
  7
GHS
 72
     4
 11
119313.29
 21
170514.99
 31
0.0
100
AcDbText
  0
TEXT
  5
15F
330
2
100
AcDbEntity
  8
N50000
 62
     7
100
AcDbText
 10
116094.5
 20
192797.52
 30
0.0
 40
1528.44
  1
34609
  7
GHS
100
AcDbText
  0
TEXT
  5
160
330
2
100
AcDbEntity
  8
T50000
100
AcDbText
 10
115003.2666666667
 20
196123.82
 30
0.0
 40
4000.0
  1
Á¶µµ
  7
GHS
 72
     4
 11
119586.6
 21
198248.82
 31
0.0
100
AcDbText
  0
TEXT
  5
161
330
2
100
AcDbEntity
  8
N50000
 62
     7
100
AcDbText
 10
139055.47
 20
192598.9
 30
0.0
 40
1528.44
  1
34610
  7
GHS
100
AcDbText
  0
TEXT
  5
162
330
2
100
AcDbEntity
  8
T50000
100
AcDbText
 10
137797.57
 20
196008.5333333333
 30
0.0
 40
4000.0
  1
Áøµµ
  7
GHS
 72
     4
 11
142547.57
 21
198050.2
 31
0.0
100
AcDbText
  0
TEXT
  5
163
330
2
100
AcDbEntity
  8
N50000
 62
     7
100
AcDbText
 10
162015.97
 20
192457.03
 30
0.0
 40
1528.44
  1
34611
  7
GHS
100
AcDbText
  0
TEXT
  5
164
330
2
100
AcDbEntity
  8
T50000
100
AcDbText
 10
160841.4033333334
 20
195866.6633333334
 30
0.0
 40
4000.0
  1
¿Ïµµ
  7
GHS
 72
     4
 11
165508.07
 21
197908.33
 31
0.0
100
AcDbText
  0
TEXT
  5
165
330
2
100
AcDbEntity
  8
N50000
 62
     7
100
AcDbText
 10
138850.49
 20
164865.73
 30
0.0
 40
1528.44
  1
34614
  7
GHS
100
AcDbText
  0
TEXT
  5
166
330
2
100
AcDbEntity
  8
T50000
100
AcDbText
 10
137759.2566666666
 20
168400.3633333333
 30
0.0
 40
4000.0
  1
Á×±¼
  7
GHS
 72
     4
 11
142342.59
 21
170317.03
 31
0.0
100
AcDbText
  0
TEXT
  5
167
330
2
100
AcDbEntity
  8
N50000
 62
     7
100
AcDbText
 10
161879.32
 20
164724.35
 30
0.0
 40
1528.44
  1
34615
  7
GHS
100
AcDbText
  0
TEXT
  5
168
330
2
100
AcDbEntity
  8
T50000
100
AcDbText
 10
160704.7533333334
 20
168133.9833333333
 30
0.0
 40
4000.0
  1
¼Ò¾È
  7
GHS
 72
     4
 11
165371.42
 21
170175.65
 31
0.0
100
AcDbText
  0
TEXT
  5
169
330
2
100
AcDbEntity
  8
N50000
 62
     7
100
AcDbText
 10
184907.83
 20
164639.52
 30
0.0
 40
1528.44
  1
34616
  7
GHS
100
AcDbText
  0
TEXT
  5
16A
330
2
100
AcDbEntity
  8
T50000
100
AcDbText
 10
183566.5966666666
 20
168090.82
 30
0.0
 40
4000.0
  1
Ã»»ê
  7
GHS
 72
     4
 11
188399.93
 21
170090.82
 31
0.0
100
AcDbText
  0
TEXT
  5
16B
330
2
100
AcDbEntity
  8
N50000
 62
     7
100
AcDbText
 10
184976.15
 20
192371.91
 30
0.0
 40
1528.44
  1
34612
  7
GHS
100
AcDbText
  0
TEXT
  5
16C
330
2
100
AcDbEntity
  8
T50000
100
AcDbText
 10
183968.25
 20
195823.21
 30
0.0
 40
4000.0
  1
½ÅÁö
  7
GHS
 72
     4
 11
188468.25
 21
197823.21
 31
0.0
100
AcDbText
  0
TEXT
  5
16D
330
2
100
AcDbEntity
  8
N50000
 62
     7
100
AcDbText
 10
207936.17
 20
192343.54
 30
0.0
 40
1528.44
  1
34709
  7
GHS
100
AcDbText
  0
TEXT
  5
16E
330
2
100
AcDbEntity
  8
T50000
100
AcDbText
 10
206678.27
 20
195794.84
 30
0.0
 40
4000.0
  1
°Å±Ý
  7
GHS
 72
     4
 11
211428.27
 21
197794.84
 31
0.0
100
AcDbText
  0
TEXT
  5
16F
330
2
100
AcDbEntity
  8
N50000
 62
     7
100
AcDbText
 10
230896.19
 20
192371.91
 30
0.0
 40
1528.44
  1
34710
  7
GHS
100
AcDbText
  0
TEXT
  5
170
330
2
100
AcDbEntity
  8
T50000
100
AcDbText
 10
229804.9566666667
 20
195823.21
 30
0.0
 40
4000.0
  1
¼ÕÁ×
  7
GHS
 72
     4
 11
234388.29
 21
197823.21
 31
0.0
100
AcDbText
  0
TEXT
  5
171
330
2
100
AcDbEntity
  8
N50000
 62
     7
100
AcDbText
 10
253856.37
 20
192457.03
 30
0.0
 40
1528.44
  1
34711
  7
GHS
100
AcDbText
  0
TEXT
  5
172
330
2
100
AcDbEntity
  8
T50000
100
AcDbText
 10
252681.8033333334
 20
195908.33
 30
0.0
 40
4000.0
  1
±¤µµ
  7
GHS
 72
     4
 11
257348.47
 21
197908.33
 31
0.0
100
AcDbText
  0
TEXT
  5
173
330
2
100
AcDbEntity
  8
N50000
 62
     7
100
AcDbText
 10
276816.87
 20
192598.9
 30
0.0
 40
1528.44
  1
34712
  7
GHS
100
AcDbText
  0
TEXT
  5
174
330
2
100
AcDbEntity
  8
T50000
100
AcDbText
 10
275892.3033333333
 20
196050.2
 30
0.0
 40
4000.0
  1
¼Ò¸®
  7
GHS
 72
     4
 11
280308.97
 21
198050.2
 31
0.0
100
AcDbText
  0
TEXT
  5
175
330
2
100
AcDbEntity
  8
N50000
 62
     7
100
AcDbText
 10
230964.51
 20
164639.52
 30
0.0
 40
1528.44
  1
34714
  7
GHS
100
AcDbText
  0
TEXT
  5
176
330
2
100
AcDbEntity
  8
T50000
100
AcDbText
 10
229706.61
 20
168090.82
 30
0.0
 40
4000.0
  1
°Å¹®
  7
GHS
 72
     4
 11
234456.61
 21
170090.82
 31
0.0
100
AcDbText
  0
TEXT
  5
177
330
2
100
AcDbEntity
  8
N50000
 62
     7
100
AcDbText
 10
207936.17
 20
164611.2399999999
 30
0.0
 40
1528.44
  1
34713
  7
GHS
100
AcDbText
  0
TEXT
  5
178
330
2
100
AcDbEntity
  8
T50000
100
AcDbText
 10
206844.9366666667
 20
167854.2066666666
 30
0.0
 40
4000.0
  1
ÃÊµµ
  7
GHS
 72
     4
 11
211428.27
 21
170062.54
 31
0.0
100
AcDbText
  0
TEXT
  5
179
330
2
100
AcDbEntity
  8
N50000
100
AcDbText
 10
115549.62
 20
137330.95
 30
0.0
 40
1528.44
  1
33601
  7
GHS
100
AcDbText
  0
TEXT
  5
17A
330
2
100
AcDbEntity
  8
T50000
100
AcDbText
 10
111208.3866666667
 20
141067.9642857143
 30
0.0
 40
4000.0
  1
(´ë¼­)
  7
GHS
 72
     4
 11
119041.72
 21
142782.25
 31
0.0
100
AcDbText
  0
TEXT
  5
17B
330
2
100
AcDbEntity
  8
N50000
 62
     7
100
AcDbText
 10
138646.83
 20
137133.68
 30
0.0
 40
1528.44
  1
33602
  7
GHS
100
AcDbText
  0
TEXT
  5
17C
330
2
100
AcDbEntity
  8
T50000
100
AcDbText
 10
137472.2633333333
 20
140626.6466666666
 30
0.0
 40
4000.0
  1
ÃßÀÚ
  7
GHS
 72
     4
 11
142138.93
 21
142584.98
 31
0.0
100
AcDbText
  0
TEXT
  5
17D
330
2
100
AcDbEntity
  8
N50000
 62
     7
100
AcDbText
 10
94171.06
 20
276263.56
 30
0.0
 40
1528.44
  1
35516
  7
GHS
100
AcDbText
  0
TEXT
  5
17E
330
2
100
AcDbEntity
  8
T50000
100
AcDbText
 10
92996.49333333332
 20
279756.5266666667
 30
0.0
 40
4000.0
  1
ºÎ³²
  7
GHS
 72
     4
 11
97663.16000000001
 21
281714.86
 31
0.0
100
AcDbText
  0
TEXT
  5
17F
330
2
100
AcDbEntity
  8
N50000
 62
     7
100
AcDbText
 10
116924.96
 20
276005.68
 30
0.0
 40
1528.44
  1
35613
  7
GHS
100
AcDbText
  0
TEXT
  5
180
330
2
100
AcDbEntity
  8
T50000
100
AcDbText
 10
115583.7166666667
 20
279456.98
 30
0.0
 40
4000.0
  1
ÀÓÀÚ
  7
GHS
 72
     4
 11
120417.05
 21
281456.98
 31
0.0
100
AcDbText
  0
TEXT
  5
181
330
2
100
AcDbEntity
  8
N50000
 62
     7
100
AcDbText
 10
139678.29
 20
275805.11
 30
0.0
 40
1528.44
  1
35614
  7
GHS
100
AcDbText
  0
TEXT
  5
182
330
2
100
AcDbEntity
  8
T50000
100
AcDbText
 10
138503.7233333333
 20
279256.4100000001
 30
0.0
 40
4000.0
  1
¿Íµµ
  7
GHS
 72
     4
 11
143170.39
 21
281256.4100000001
 31
0.0
100
AcDbText
  0
TEXT
  5
183
330
2
100
AcDbEntity
  8
N50000
 62
     7
100
AcDbText
 10
162431.16
 20
275661.85
 30
0.0
 40
1528.44
  1
35615
  7
GHS
100
AcDbText
  0
TEXT
  5
184
330
2
100
AcDbEntity
  8
T50000
100
AcDbText
 10
161173.26
 20
279154.8166666667
 30
0.0
 40
4000.0
  1
³ªÁÖ
  7
GHS
 72
     4
 11
165923.26
 21
281113.1500000001
 31
0.0
100
AcDbText
  0
TEXT
  5
185
330
2
100
AcDbEntity
  8
N50000
 62
     7
100
AcDbText
 10
185183.74
 20
275575.9100000001
 30
0.0
 40
1528.44
  1
35616
  7
GHS
100
AcDbText
  0
TEXT
  5
186
330
2
100
AcDbEntity
  8
T50000
100
AcDbText
 10
184009.1733333333
 20
279068.8766666667
 30
0.0
 40
4000.0
  1
±¤ÁÖ
  7
GHS
 72
     4
 11
188675.84
 21
281027.21
 31
0.0
100
AcDbText
  0
TEXT
  5
187
330
2
100
AcDbEntity
  8
N50000
 62
     7
100
AcDbText
 10
207936.18
 20
275547.26
 30
0.0
 40
1528.44
  1
35713
  7
GHS
100
AcDbText
  0
TEXT
  5
188
330
2
100
AcDbEntity
  8
T50000
100
AcDbText
 10
206761.6133333334
 20
278998.56
 30
0.0
 40
4000.0
  1
µ¶»ê
  7
GHS
 72
     4
 11
211428.28
 21
280998.56
 31
0.0
100
AcDbText
  0
TEXT
  5
189
330
2
100
AcDbEntity
  8
N50000
 62
     7
100
AcDbText
 10
230688.62
 20
275575.9100000001
 30
0.0
 40
1528.44
  1
35714
  7
GHS
100
AcDbText
  0
TEXT
  5
18A
330
2
100
AcDbEntity
  8
T50000
100
AcDbText
 10
229639.0533333334
 20
279068.8766666667
 30
0.0
 40
4000.0
  1
±¸·Ê
  7
GHS
 72
     4
 11
234180.72
 21
281027.21
 31
0.0
100
AcDbText
  0
TEXT
  5
18B
330
2
100
AcDbEntity
  8
N50000
 62
     7
100
AcDbText
 10
253441.2
 20
275661.85
 30
0.0
 40
1528.44
  1
35715
  7
GHS
100
AcDbText
  0
TEXT
  5
18C
330
2
100
AcDbEntity
  8
T50000
100
AcDbText
 10
252183.3
 20
279113.15
 30
0.0
 40
4000.0
  1
ÇÏµ¿
  7
GHS
 72
     4
 11
256933.3
 21
281113.1500000001
 31
0.0
100
AcDbText
  0
TEXT
  5
18D
330
2
100
AcDbEntity
  8
N50000
 62
     7
100
AcDbText
 10
276194.07
 20
275805.11
 30
0.0
 40
1528.44
  1
35716
  7
GHS
100
AcDbText
  0
TEXT
  5
18E
330
2
100
AcDbEntity
  8
T50000
100
AcDbText
 10
275019.5033333333
 20
279256.4100000001
 30
0.0
 40
4000.0
  1
°ï¾ç
  7
GHS
 72
     4
 11
279686.17
 21
281256.4100000001
 31
0.0
100
AcDbText
  0
TEXT
  5
18F
330
2
100
AcDbEntity
  8
N50000
 62
     7
100
AcDbText
 10
298947.38
 20
276005.6700000001
 30
0.0
 40
1528.44
  1
35813
  7
GHS
100
AcDbText
  0
TEXT
  5
190
330
2
100
AcDbEntity
  8
T50000
100
AcDbText
 10
297689.48
 20
279498.6366666666
 30
0.0
 40
4000.0
  1
ÀüÁÖ
  7
GHS
 72
     4
 11
302439.48
 21
281456.97
 31
0.0
100
AcDbText
  0
TEXT
  5
191
330
2
100
AcDbEntity
  8
N50000
 62
     7
100
AcDbText
 10
321701.2800000001
 20
276263.56
 30
0.0
 40
1528.44
  1
35814
  7
GHS
100
AcDbText
  0
TEXT
  5
192
330
2
100
AcDbEntity
  8
T50000
100
AcDbText
 10
320360.0466666667
 20
279673.1933333334
 30
0.0
 40
4000.0
  1
ÇÔ¾È
  7
GHS
 72
     4
 11
325193.3800000001
 21
281714.86
 31
0.0
100
AcDbText
  0
TEXT
  5
193
330
2
100
AcDbEntity
  8
N50000
 62
     7
100
AcDbText
 10
344455.91
 20
276578.7700000001
 30
0.0
 40
1528.44
  1
35815
  7
GHS
100
AcDbText
  0
TEXT
  5
194
330
2
100
AcDbEntity
  8
T50000
100
AcDbText
 10
343114.6666666667
 20
280030.0700000001
 30
0.0
 40
4000.0
  1
¸¶»ê
  7
GHS
 72
     4
 11
347948.0
 21
282030.0700000001
 31
0.0
100
AcDbText
  0
TEXT
  5
195
330
2
100
AcDbEntity
  8
N50000
 62
     7
100
AcDbText
 10
367211.4
 20
276951.36
 30
0.0
 40
1528.44
  1
35816
  7
GHS
100
AcDbText
  0
TEXT
  5
196
330
2
100
AcDbEntity
  8
T50000
100
AcDbText
 10
366078.5
 20
280402.6600000001
 30
0.0
 40
4000.0
  1
±èÇØ
  7
GHS
 72
     4
 11
370703.5000000001
 21
282402.6600000001
 31
0.0
100
AcDbText
  0
TEXT
  5
197
330
2
100
AcDbEntity
  8
N50000
 62
     7
100
AcDbText
 10
389967.92
 20
277381.31
 30
0.0
 40
1528.44
  1
35913
  7
GHS
100
AcDbText
  0
TEXT
  5
198
330
2
100
AcDbEntity
  8
T50000
100
AcDbText
 10
388793.3533333334
 20
280874.2766666667
 30
0.0
 40
4000.0
  1
ºÎ»ê
  7
GHS
 72
     4
 11
393460.0200000001
 21
282832.61
 31
0.0
100
AcDbText
  0
TEXT
  5
199
330
2
100
AcDbEntity
  8
N50000
100
AcDbText
 10
115172.38
 20
98506.94999999999
 30
0.0
 40
1528.44
  1
33605
  7
GHS
100
AcDbText
  0
TEXT
  5
19A
330
2
100
AcDbEntity
  8
T50000
100
AcDbText
 10
108247.8133333333
 20
102243.9642857143
 30
0.0
 40
4000.0
  1
(ºñ¾çµµ)
  7
GHS
 72
     4
 11
118664.48
 21
103958.25
 31
0.0
100
AcDbText
  0
TEXT
  5
19B
330
2
100
AcDbEntity
  8
N50000
 62
     7
100
AcDbText
 10
138363.93
 20
98310.68
 30
0.0
 40
1528.44
  1
33606
  7
GHS
100
AcDbText
  0
TEXT
  5
19C
330
2
100
AcDbEntity
  8
T50000
100
AcDbText
 10
137272.6966666667
 20
101720.3133333333
 30
0.0
 40
4000.0
  1
ÇÑ¸²
  7
GHS
 72
     4
 11
141856.03
 21
103761.98
 31
0.0
100
AcDbText
  0
TEXT
  5
19D
330
2
100
AcDbEntity
  8
N50000
 62
     7
100
AcDbText
 10
161554.96
 20
98170.49
 30
0.0
 40
1528.44
  1
33607
  7
GHS
100
AcDbText
  0
TEXT
  5
19E
330
2
100
AcDbEntity
  8
T50000
100
AcDbText
 10
160297.06
 20
101663.4566666666
 30
0.0
 40
4000.0
  1
Á¦ÁÖ
  7
GHS
 72
     4
 11
165047.06
 21
103621.79
 31
0.0
100
AcDbText
  0
TEXT
  5
19F
330
2
100
AcDbEntity
  8
N50000
 62
     7
100
AcDbText
 10
184745.65
 20
98086.39000000001
 30
0.0
 40
1528.44
  1
33608
  7
GHS
100
AcDbText
  0
TEXT
  5
1A0
330
2
100
AcDbEntity
  8
T50000
100
AcDbText
 10
183487.75
 20
101537.69
 30
0.0
 40
4000.0
  1
¼º»ê
  7
GHS
 72
     4
 11
188237.75
 21
103537.69
 31
0.0
100
AcDbText
  0
TEXT
  5
1A1
330
2
100
AcDbEntity
  8
N50000
100
AcDbText
 10
107152.1
 20
70854.42999999999
 30
0.0
 40
1528.44
  1
33609
  7
GHS
100
AcDbText
  0
TEXT
  5
1A2
330
2
100
AcDbEntity
  8
T50000
100
AcDbText
 10
102810.8666666667
 20
74591.44428571429
 30
0.0
 40
4000.0
  1
(°í»ê)
  7
GHS
 72
     4
 11
110644.2
 21
76305.73
 31
0.0
100
AcDbText
  0
TEXT
  5
1A3
330
2
100
AcDbEntity
  8
N50000
 62
     7
100
AcDbText
 10
130410.71
 20
70643.25999999999
 30
0.0
 40
1528.44
  1
33610
  7
GHS
100
AcDbText
  0
TEXT
  5
1A4
330
2
100
AcDbEntity
  8
T50000
100
AcDbText
 10
126736.1433333333
 20
74094.56
 30
0.0
 40
4000.0
  1
¸ð½½Æ÷
  7
GHS
 72
     4
 11
133902.81
 21
76094.55999999999
 31
0.0
100
AcDbText
  0
TEXT
  5
1A5
330
2
100
AcDbEntity
  8
N50000
 62
     7
100
AcDbText
 10
153668.74
 20
70481.97
 30
0.0
 40
1528.44
  1
33611
  7
GHS
100
AcDbText
  0
TEXT
  5
1A6
330
2
100
AcDbEntity
  8
T50000
100
AcDbText
 10
152660.84
 20
73933.27000000001
 30
0.0
 40
4000.0
  1
¼­±Í
  7
GHS
 72
     4
 11
157160.84
 21
75933.27
 31
0.0
100
AcDbText
  0
TEXT
  5
1A7
330
2
100
AcDbEntity
  8
N50000
 62
     7
100
AcDbText
 10
176926.35
 20
70379.55000000001
 30
0.0
 40
1528.44
  1
33612
  7
GHS
100
AcDbText
  0
TEXT
  5
1A8
330
2
100
AcDbEntity
  8
T50000
100
AcDbText
 10
176001.7833333333
 20
73789.18333333333
 30
0.0
 40
4000.0
  1
Ç¥¼±
  7
GHS
 72
     4
 11
180418.45
 21
75830.85
 31
0.0
100
AcDbText
  0
TEXT
  5
1A9
330
2
100
AcDbEntity
  8
N50000
100
AcDbText
 10
94521.47999999999
 20
304002.61
 30
0.0
 40
1528.44
  1
35512
  7
GHS
100
AcDbText
  0
TEXT
  5
1AA
330
2
100
AcDbEntity
  8
T50000
100
AcDbText
 10
93346.91333333333
 20
307453.9100000001
 30
0.0
 40
4000.0
  1
È¾µµ
  7
GHS
 72
     4
 11
98013.58
 21
309453.91
 31
0.0
100
AcDbText
  0
TEXT
  5
1AB
330
2
100
AcDbEntity
  8
N50000
100
AcDbText
 10
117205.27
 20
303743.94
 30
0.0
 40
1528.44
  1
35609
  7
GHS
100
AcDbText
  0
TEXT
  5
1AC
330
2
100
AcDbEntity
  8
T50000
100
AcDbText
 10
115864.0366666666
 20
307195.24
 30
0.0
 40
4000.0
  1
¾È¸¶
  7
GHS
 72
     4
 11
120697.37
 21
309195.24
 31
0.0
100
AcDbText
  0
TEXT
  5
1AD
330
2
100
AcDbEntity
  8
N50000
100
AcDbText
 10
139888.49
 20
303542.76
 30
0.0
 40
1528.44
  1
35610
  7
GHS
100
AcDbText
  0
TEXT
  5
1AE
330
2
100
AcDbEntity
  8
T50000
100
AcDbText
 10
138797.2566666666
 20
306994.06
 30
0.0
 40
4000.0
  1
¹ý¼º
  7
GHS
 72
     4
 11
143380.59
 21
308994.06
 31
0.0
100
AcDbText
  0
TEXT
  5
1AF
330
2
100
AcDbEntity
  8
N50000
100
AcDbText
 10
162571.29
 20
303399.07
 30
0.0
 40
1528.44
  1
35611
  7
GHS
100
AcDbText
  0
TEXT
  5
1B0
330
2
100
AcDbEntity
  8
T50000
100
AcDbText
 10
161396.7233333333
 20
306850.37
 30
0.0
 40
4000.0
  1
°íÃ¢
  7
GHS
 72
     4
 11
166063.39
 21
308850.37
 31
0.0
100
AcDbText
  0
TEXT
  5
1B1
330
2
100
AcDbEntity
  8
N50000
100
AcDbText
 10
185253.8
 20
303312.86
 30
0.0
 40
1528.44
  1
35612
  7
GHS
100
AcDbText
  0
TEXT
  5
1B2
330
2
100
AcDbEntity
  8
T50000
100
AcDbText
 10
183912.5666666667
 20
306764.16
 30
0.0
 40
4000.0
  1
´ã¾ç
  7
GHS
 72
     4
 11
188745.9
 21
308764.1600000001
 31
0.0
100
AcDbText
  0
TEXT
  5
1B3
330
2
100
AcDbEntity
  8
N50000
100
AcDbText
 10
207936.17
 20
303284.12
 30
0.0
 40
1528.44
  1
35709
  7
GHS
100
AcDbText
  0
TEXT
  5
1B4
330
2
100
AcDbEntity
  8
T50000
100
AcDbText
 10
206761.6033333333
 20
306735.42
 30
0.0
 40
4000.0
  1
¼øÃ¢
  7
GHS
 72
     4
 11
211428.27
 21
308735.42
 31
0.0
100
AcDbText
  0
TEXT
  5
1B5
330
2
100
AcDbEntity
  8
N50000
100
AcDbText
 10
230618.54
 20
303312.86
 30
0.0
 40
1528.44
  1
35710
  7
GHS
100
AcDbText
  0
TEXT
  5
1B6
330
2
100
AcDbEntity
  8
T50000
100
AcDbText
 10
229527.3066666667
 20
306722.4933333334
 30
0.0
 40
4000.0
  1
³²¿ø
  7
GHS
 72
     4
 11
234110.6400000001
 21
308764.1600000001
 31
0.0
100
AcDbText
  0
TEXT
  5
1B7
330
2
100
AcDbEntity
  8
N50000
100
AcDbText
 10
253301.05
 20
303399.07
 30
0.0
 40
1528.44
  1
35711
  7
GHS
100
AcDbText
  0
TEXT
  5
1B8
330
2
100
AcDbEntity
  8
T50000
100
AcDbText
 10
252209.8166666667
 20
306892.0366666667
 30
0.0
 40
4000.0
  1
¿îºÀ
  7
GHS
 72
     4
 11
256793.15
 21
308850.37
 31
0.0
100
AcDbText
  0
TEXT
  5
1B9
330
2
100
AcDbEntity
  8
N50000
100
AcDbText
 10
275983.85
 20
303542.76
 30
0.0
 40
1528.44
  1
35712
  7
GHS
100
AcDbText
  0
TEXT
  5
1BA
330
2
100
AcDbEntity
  8
T50000
100
AcDbText
 10
274975.9500000001
 20
306994.06
 30
0.0
 40
4000.0
  1
»êÃ»
  7
GHS
 72
     4
 11
279475.95
 21
308994.06
 31
0.0
100
AcDbText
  0
TEXT
  5
1BB
330
2
100
AcDbEntity
  8
N50000
100
AcDbText
 10
298667.08
 20
303743.94
 30
0.0
 40
1528.44
  1
35809
  7
GHS
100
AcDbText
  0
TEXT
  5
1BC
330
2
100
AcDbEntity
  8
T50000
100
AcDbText
 10
297409.18
 20
307195.24
 30
0.0
 40
4000.0
  1
»ï°¡
  7
GHS
 72
     4
 11
302159.18
 21
309195.24
 31
0.0
100
AcDbText
  0
TEXT
  5
1BD
330
2
100
AcDbEntity
  8
N50000
100
AcDbText
 10
321350.86
 20
304002.61
 30
0.0
 40
1528.44
  1
35810
  7
GHS
100
AcDbText
  0
TEXT
  5
1BE
330
2
100
AcDbEntity
  8
T50000
100
AcDbText
 10
320259.6266666667
 20
307453.9100000001
 30
0.0
 40
4000.0
  1
³²Áö
  7
GHS
 72
     4
 11
324842.96
 21
309453.91
 31
0.0
100
AcDbText
  0
TEXT
  5
1BF
330
2
100
AcDbEntity
  8
N50000
100
AcDbText
 10
344035.38
 20
304318.8
 30
0.0
 40
1528.44
  1
35811
  7
GHS
100
AcDbText
  0
TEXT
  5
1C0
330
2
100
AcDbEntity
  8
T50000
100
AcDbText
 10
342944.1366666667
 20
307770.1
 30
0.0
 40
4000.0
  1
Ã¢¿ø
  7
GHS
 72
     4
 11
347527.47
 21
309770.1
 31
0.0
100
AcDbText
  0
TEXT
  5
1C1
330
2
100
AcDbEntity
  8
N50000
100
AcDbText
 10
366720.7100000001
 20
304692.5300000001
 30
0.0
 40
1528.44
  1
35812
  7
GHS
100
AcDbText
  0
TEXT
  5
1C2
330
2
100
AcDbEntity
  8
T50000
100
AcDbText
 10
365379.4766666667
 20
308143.83
 30
0.0
 40
4000.0
  1
¹Ð¾ç
  7
GHS
 72
     4
 11
370212.81
 21
310143.83
 31
0.0
100
AcDbText
  0
TEXT
  5
1C3
330
2
100
AcDbEntity
  8
N50000
100
AcDbText
 10
389407.06
 20
305123.7900000001
 30
0.0
 40
1528.44
  1
35909
  7
GHS
100
AcDbText
  0
TEXT
  5
1C4
330
2
100
AcDbEntity
  8
T50000
100
AcDbText
 10
388065.8266666667
 20
308575.09
 30
0.0
 40
4000.0
  1
¾ç»ê
  7
GHS
 72
     4
 11
392899.16
 21
310575.09
 31
0.0
100
AcDbText
  0
TEXT
  5
1C5
330
2
100
AcDbEntity
  8
N50000
100
AcDbText
 10
412094.54
 20
305612.6600000001
 30
0.0
 40
1528.44
  1
35910
  7
GHS
100
AcDbText
  0
TEXT
  5
1C6
330
2
100
AcDbEntity
  8
T50000
100
AcDbText
 10
408419.9633333333
 20
309063.96
 30
0.0
 40
4000.0
  1
¹æ¾îÁø
  7
GHS
 72
     4
 11
415586.63
 21
311063.96
 31
0.0
100
AcDbText
  0
TEXT
  5
1C7
330
2
100
AcDbEntity
  8
N50000
100
AcDbText
 10
411459.57
 20
333357.6
 30
0.0
 40
1528.44
  1
35910
  7
GHS
100
AcDbText
  0
TEXT
  5
1C8
330
2
100
AcDbEntity
  8
T50000
100
AcDbText
 10
410285.0033333333
 20
336808.9000000001
 30
0.0
 40
4000.0
  1
¿ï»ê
  7
GHS
 72
     4
 11
414951.67
 21
338808.9
 31
0.0
100
AcDbText
  0
TEXT
  5
1C9
330
2
100
AcDbEntity
  8
N50000
100
AcDbText
 10
388842.74
 20
332867.3
 30
0.0
 40
1528.44
  1
35905
  7
GHS
100
AcDbText
  0
TEXT
  5
1CA
330
2
100
AcDbEntity
  8
T50000
100
AcDbText
 10
387501.5066666667
 20
336318.6
 30
0.0
 40
4000.0
  1
¾ð¾ç
  7
GHS
 72
     4
 11
392334.84
 21
338318.6
 31
0.0
100
AcDbText
  0
TEXT
  5
1CB
330
2
100
AcDbEntity
  8
N50000
100
AcDbText
 10
366227.0
 20
332434.73
 30
0.0
 40
1528.44
  1
35808
  7
GHS
100
AcDbText
  0
TEXT
  5
1CC
330
2
100
AcDbEntity
  8
T50000
100
AcDbText
 10
365135.7666666667
 20
335969.3633333334
 30
0.0
 40
4000.0
  1
µ¿°î
  7
GHS
 72
     4
 11
369719.1
 21
337886.03
 31
0.0
100
AcDbText
  0
TEXT
  5
1CD
330
2
100
AcDbEntity
  8
N50000
100
AcDbText
 10
343612.23
 20
332059.9000000001
 30
0.0
 40
1528.44
  1
35807
  7
GHS
100
AcDbText
  0
TEXT
  5
1CE
330
2
100
AcDbEntity
  8
T50000
100
AcDbText
 10
342354.33
 20
335511.2
 30
0.0
 40
4000.0
  1
Ã»µµ
  7
GHS
 72
     4
 11
347104.33
 21
337511.2
 31
0.0
100
AcDbText
  0
TEXT
  5
1CF
330
2
100
AcDbEntity
  8
N50000
100
AcDbText
 10
320998.3
 20
331742.78
 30
0.0
 40
1528.44
  1
35806
  7
GHS
100
AcDbText
  0
TEXT
  5
1D0
330
2
100
AcDbEntity
  8
T50000
100
AcDbText
 10
319907.0666666667
 20
335194.08
 30
0.0
 40
4000.0
  1
Ã¢³ç
  7
GHS
 72
     4
 11
324490.4
 21
337194.0799999999
 31
0.0
100
AcDbText
  0
TEXT
  5
1D1
330
2
100
AcDbEntity
  8
N50000
100
AcDbText
 10
298385.05
 20
331483.3200000001
 30
0.0
 40
1528.44
  1
35805
  7
GHS
100
AcDbText
  0
TEXT
  5
1D2
330
2
100
AcDbEntity
  8
T50000
100
AcDbText
 10
297293.8166666667
 20
334934.62
 30
0.0
 40
4000.0
  1
ÇÕÃµ
  7
GHS
 72
     4
 11
301877.1500000001
 21
336934.6200000001
 31
0.0
100
AcDbText
  0
TEXT
  5
1D3
330
2
100
AcDbEntity
  8
N50000
100
AcDbText
 10
275772.3400000001
 20
331281.55
 30
0.0
 40
1528.44
  1
35808
  7
GHS
100
AcDbText
  0
TEXT
  5
1D4
330
2
100
AcDbEntity
  8
T50000
100
AcDbText
 10
274431.1066666667
 20
334732.85
 30
0.0
 40
4000.0
  1
°ÅÃ¢
  7
GHS
 72
     4
 11
279264.44
 21
336732.85
 31
0.0
100
AcDbText
  0
TEXT
  5
1D5
330
2
100
AcDbEntity
  8
N50000
100
AcDbText
 10
253160.06
 20
331137.43
 30
0.0
 40
1528.44
  1
35707
  7
GHS
100
AcDbText
  0
TEXT
  5
1D6
330
2
100
AcDbEntity
  8
T50000
100
AcDbText
 10
251818.8266666667
 20
334588.73
 30
0.0
 40
4000.0
  1
ÇÔ¾ç
  7
GHS
 72
     4
 11
256652.16
 21
336588.73
 31
0.0
100
AcDbText
  0
TEXT
  5
1D7
330
2
100
AcDbEntity
  8
N50000
100
AcDbText
 10
230548.04
 20
331050.96
 30
0.0
 40
1528.44
  1
35706
  7
GHS
100
AcDbText
  0
TEXT
  5
1D8
330
2
100
AcDbEntity
  8
T50000
100
AcDbText
 10
229456.8066666667
 20
334502.26
 30
0.0
 40
4000.0
  1
ÀÓ½Ç
  7
GHS
 72
     4
 11
234040.1400000001
 21
336502.26
 31
0.0
100
AcDbText
  0
TEXT
  5
1D9
330
2
100
AcDbEntity
  8
N50000
100
AcDbText
 10
207936.17
 20
331022.14
 30
0.0
 40
1528.44
  1
35705
  7
GHS
100
AcDbText
  0
TEXT
  5
1DA
330
2
100
AcDbEntity
  8
T50000
100
AcDbText
 10
206594.9366666667
 20
334473.44
 30
0.0
 40
4000.0
  1
°¥´ã
  7
GHS
 72
     4
 11
211428.27
 21
336473.4400000001
 31
0.0
100
AcDbText
  0
TEXT
  5
1DB
330
2
100
AcDbEntity
  8
N50000
100
AcDbText
 10
185324.3
 20
331050.96
 30
0.0
 40
1528.44
  1
35608
  7
GHS
100
AcDbText
  0
TEXT
  5
1DC
330
2
100
AcDbEntity
  8
T50000
100
AcDbText
 10
184066.4
 20
334502.26
 30
0.0
 40
4000.0
  1
Á¤À¾
  7
GHS
 72
     4
 11
188816.4
 21
336502.26
 31
0.0
100
AcDbText
  0
TEXT
  5
1DD
330
2
100
AcDbEntity
  8
N50000
100
AcDbText
 10
162712.28
 20
331137.43
 30
0.0
 40
1528.44
  1
35607
  7
GHS
100
AcDbText
  0
TEXT
  5
1DE
330
2
100
AcDbEntity
  8
T50000
100
AcDbText
 10
161537.7133333333
 20
334630.3966666667
 30
0.0
 40
4000.0
  1
ºÎ¾È
  7
GHS
 72
     4
 11
166204.38
 21
336588.73
 31
0.0
100
AcDbText
  0
TEXT
  5
1DF
330
2
100
AcDbEntity
  8
N50000
100
AcDbText
 10
140100.0
 20
331281.55
 30
0.0
 40
1528.44
  1
35606
  7
GHS
100
AcDbText
  0
TEXT
  5
1E0
330
2
100
AcDbEntity
  8
T50000
100
AcDbText
 10
138925.4333333333
 20
334732.85
 30
0.0
 40
4000.0
  1
À§µµ
  7
GHS
 72
     4
 11
143592.1
 21
336732.85
 31
0.0
100
AcDbText
  0
TEXT
  5
1E1
330
2
100
AcDbEntity
  8
N50000
100
AcDbText
 10
117487.3
 20
331483.3200000001
 30
0.0
 40
1528.44
  1
35605
  7
GHS
100
AcDbText
  0
TEXT
  5
1E2
330
2
100
AcDbEntity
  8
T50000
100
AcDbText
 10
116562.7333333333
 20
334934.62
 30
0.0
 40
4000.0
  1
¸ð±«
  7
GHS
 72
     4
 11
120979.4
 21
336934.6200000001
 31
0.0
100
AcDbText
  0
TEXT
  5
1E3
330
2
100
AcDbEntity
  8
N50000
100
AcDbText
 10
140312.8
 20
359021.47
 30
0.0
 40
1528.44
  1
35602
  7
GHS
100
AcDbText
  0
TEXT
  5
1E4
330
2
100
AcDbEntity
  8
T50000
100
AcDbText
 10
139304.9
 20
362472.7700000001
 30
0.0
 40
4000.0
  1
½Å½Ã
  7
GHS
 72
     4
 11
143804.9
 21
364472.7700000001
 31
0.0
100
AcDbText
  0
TEXT
  5
1E5
330
2
100
AcDbEntity
  8
N50000
100
AcDbText
 10
162854.15
 20
358876.93
 30
0.0
 40
1528.44
  1
35603
  7
GHS
100
AcDbText
  0
TEXT
  5
1E6
330
2
100
AcDbEntity
  8
T50000
100
AcDbText
 10
161679.5833333333
 20
362286.5633333333
 30
0.0
 40
4000.0
  1
±º»ê
  7
GHS
 72
     4
 11
166346.25
 21
364328.23
 31
0.0
100
AcDbText
  0
TEXT
  5
1E7
330
2
100
AcDbEntity
  8
N50000
100
AcDbText
 10
185395.23
 20
358790.22
 30
0.0
 40
1528.44
  1
35604
  7
GHS
100
AcDbText
  0
TEXT
  5
1E8
330
2
100
AcDbEntity
  8
T50000
100
AcDbText
 10
184053.9966666666
 20
362241.5200000001
 30
0.0
 40
4000.0
  1
ÀÍ»ê
  7
GHS
 72
     4
 11
188887.33
 21
364241.5200000001
 31
0.0
100
AcDbText
  0
TEXT
  5
1E9
330
2
100
AcDbEntity
  8
N50000
100
AcDbText
 10
207936.17
 20
358761.31
 30
0.0
 40
1528.44
  1
35701
  7
GHS
100
AcDbText
  0
TEXT
  5
1EA
330
2
100
AcDbEntity
  8
T50000
100
AcDbText
 10
206678.27
 20
362254.2766666667
 30
0.0
 40
4000.0
  1
ÀüÁÖ
  7
GHS
 72
     4
 11
211428.27
 21
364212.61
 31
0.0
100
AcDbText
  0
TEXT
  5
1EB
330
2
100
AcDbEntity
  8
N50000
100
AcDbText
 10
230477.11
 20
358790.22
 30
0.0
 40
1528.44
  1
35702
  7
GHS
100
AcDbText
  0
TEXT
  5
1EC
330
2
100
AcDbEntity
  8
T50000
100
AcDbText
 10
229135.8766666666
 20
362199.8533333333
 30
0.0
 40
4000.0
  1
Áø¾È
  7
GHS
 72
     4
 11
233969.21
 21
364241.5200000001
 31
0.0
100
AcDbText
  0
TEXT
  5
1ED
330
2
100
AcDbEntity
  8
N50000
100
AcDbText
 10
253018.19
 20
358876.93
 30
0.0
 40
1528.44
  1
35703
  7
GHS
100
AcDbText
  0
TEXT
  5
1EE
330
2
100
AcDbEntity
  8
T50000
100
AcDbText
 10
251926.9566666667
 20
362536.5633333333
 30
0.0
 40
4000.0
  1
¹«ÁÖ
  7
GHS
 72
     4
 11
256510.29
 21
364328.23
 31
0.0
100
AcDbText
  0
TEXT
  5
1EF
330
2
100
AcDbEntity
  8
N50000
100
AcDbText
 10
275559.54
 20
359021.47
 30
0.0
 40
1528.44
  1
35704
  7
GHS
100
AcDbText
  0
TEXT
  5
1F0
330
2
100
AcDbEntity
  8
T50000
100
AcDbText
 10
274468.3066666667
 20
362597.7700000001
 30
0.0
 40
4000.0
  1
¹«Ç³
  7
GHS
 72
     4
 11
279051.64
 21
364472.7700000001
 31
0.0
100
AcDbText
  0
TEXT
  5
1F1
330
2
100
AcDbEntity
  8
N50000
100
AcDbText
 10
320643.5600000001
 20
359484.0300000001
 30
0.0
 40
1528.44
  1
35802
  7
GHS
100
AcDbText
  0
TEXT
  5
1F2
330
2
100
AcDbEntity
  8
T50000
100
AcDbText
 10
319302.3266666667
 20
362935.33
 30
0.0
 40
4000.0
  1
¿Ö°ü
  7
GHS
 72
     4
 11
324135.66
 21
364935.3300000001
 31
0.0
100
AcDbText
  0
TEXT
  5
1F3
330
2
100
AcDbEntity
  8
N50000
100
AcDbText
 10
298101.29
 20
359223.83
 30
0.0
 40
1528.44
  1
35801
  7
GHS
100
AcDbText
  0
TEXT
  5
1F4
330
2
100
AcDbEntity
  8
T50000
100
AcDbText
 10
296760.0566666667
 20
362675.13
 30
0.0
 40
4000.0
  1
°¡¾ß
  7
GHS
 72
     4
 11
301593.39
 21
364675.13
 31
0.0
100
AcDbText
  0
TEXT
  5
1F5
330
2
100
AcDbEntity
  8
N50000
100
AcDbText
 10
343186.5300000001
 20
359802.09
 30
0.0
 40
1528.44
  1
35803
  7
GHS
100
AcDbText
  0
TEXT
  5
1F6
330
2
100
AcDbEntity
  8
T50000
100
AcDbText
 10
341928.63
 20
363295.0566666667
 30
0.0
 40
4000.0
  1
´ë±¸
  7
GHS
 72
     4
 11
346678.6300000001
 21
365253.39
 31
0.0
100
AcDbText
  0
TEXT
  5
1F7
330
2
100
AcDbEntity
  8
N50000
100
AcDbText
 10
365730.2800000001
 20
360178.0
 30
0.0
 40
1528.44
  1
35804
  7
GHS
100
AcDbText
  0
TEXT
  5
1F8
330
2
100
AcDbEntity
  8
T50000
100
AcDbText
 10
364639.0466666667
 20
363629.3
 30
0.0
 40
4000.0
  1
¿µÃµ
  7
GHS
 72
     4
 11
369222.38
 21
365629.3
 31
0.0
100
AcDbText
  0
TEXT
  5
1F9
330
2
100
AcDbEntity
  8
N50000
100
AcDbText
 10
388274.97
 20
360611.8100000001
 30
0.0
 40
1528.44
  1
35901
  7
GHS
100
AcDbText
  0
TEXT
  5
1FA
330
2
100
AcDbEntity
  8
T50000
100
AcDbText
 10
387017.06
 20
364104.7766666667
 30
0.0
 40
4000.0
  1
°æÁÖ
  7
GHS
 72
     4
 11
391767.0600000001
 21
366063.11
 31
0.0
100
AcDbText
  0
TEXT
  5
1FB
330
2
100
AcDbEntity
  8
N50000
100
AcDbText
 10
410820.7199999999
 20
361103.5400000001
 30
0.0
 40
1528.44
  1
35902
  7
GHS
100
AcDbText
  0
TEXT
  5
1FC
330
2
100
AcDbEntity
  8
T50000
100
AcDbText
 10
407062.82
 20
364554.8400000001
 30
0.0
 40
4000.0
  1
ºÒ±¹»ç
  7
GHS
 72
     4
 11
414312.82
 21
366554.84
 31
0.0
100
AcDbText
  0
TEXT
  5
1FD
330
2
100
AcDbEntity
  8
N50000
100
AcDbText
 10
433367.68
 20
361653.21
 30
0.0
 40
1528.44
  1
35903
  7
GHS
100
AcDbText
  0
TEXT
  5
1FE
330
2
100
AcDbEntity
  8
T50000
100
AcDbText
 10
432109.78
 20
365062.8433333333
 30
0.0
 40
4000.0
  1
°¨Æ÷
  7
GHS
 72
     4
 11
436859.78
 21
367104.5100000001
 31
0.0
100
AcDbText
  0
TEXT
  5
1FF
330
2
100
AcDbEntity
  8
N50000
100
AcDbText
 10
95585.66
 20
387226.4000000001
 30
0.0
 40
1528.44
  1
36516
  7
GHS
100
AcDbText
  0
TEXT
  5
200
330
2
100
AcDbEntity
  8
T50000
100
AcDbText
 10
94494.42666666666
 20
390677.69
 30
0.0
 40
4000.0
  1
¾îÃ»
  7
GHS
 72
     4
 11
99077.76
 21
392677.69
 31
0.0
100
AcDbText
  0
TEXT
  5
201
330
2
100
AcDbEntity
  8
N50000
100
AcDbText
 10
118056.52
 20
386965.47
 30
0.0
 40
1528.44
  1
36613
  7
GHS
100
AcDbText
  0
TEXT
  5
202
330
2
100
AcDbEntity
  8
T50000
100
AcDbText
 10
117048.62
 20
390416.7700000001
 30
0.0
 40
4000.0
  1
¿Ü¿¬
  7
GHS
 72
     4
 11
121548.62
 21
392416.77
 31
0.0
100
AcDbText
  0
TEXT
  5
203
330
2
100
AcDbEntity
  8
N50000
100
AcDbText
 10
140526.9
 20
386762.53
 30
0.0
 40
1528.44
  1
36614
  7
GHS
100
AcDbText
  0
TEXT
  5
204
330
2
100
AcDbEntity
  8
T50000
100
AcDbText
 10
139269.0
 20
390172.1633333334
 30
0.0
 40
4000.0
  1
¿¬µµ
  7
GHS
 72
     4
 11
144019.0
 21
392213.83
 31
0.0
100
AcDbText
  0
TEXT
  5
205
330
2
100
AcDbEntity
  8
N50000
100
AcDbText
 10
162996.87
 20
386617.59
 30
0.0
 40
1528.44
  1
36615
  7
GHS
100
AcDbText
  0
TEXT
  5
206
330
2
100
AcDbEntity
  8
T50000
100
AcDbText
 10
161988.97
 20
390068.89
 30
0.0
 40
4000.0
  1
¼­Ãµ
  7
GHS
 72
     4
 11
166488.97
 21
392068.89
 31
0.0
100
AcDbText
  0
TEXT
  5
207
330
2
100
AcDbEntity
  8
N50000
100
AcDbText
 10
185466.59
 20
386530.63
 30
0.0
 40
1528.44
  1
36616
  7
GHS
100
AcDbText
  0
TEXT
  5
208
330
2
100
AcDbEntity
  8
T50000
100
AcDbText
 10
184125.3566666667
 20
389940.2633333333
 30
0.0
 40
4000.0
  1
ÇÑ»ê
  7
GHS
 72
     4
 11
188958.69
 21
391981.93
 31
0.0
100
AcDbText
  0
TEXT
  5
209
330
2
100
AcDbEntity
  8
N50000
100
AcDbText
 10
207936.17
 20
386501.64
 30
0.0
 40
1528.44
  1
36713
  7
GHS
100
AcDbText
  0
TEXT
  5
20A
330
2
100
AcDbEntity
  8
T50000
100
AcDbText
 10
206761.6033333333
 20
389911.2733333333
 30
0.0
 40
4000.0
  1
³í»ê
  7
GHS
 72
     4
 11
211428.27
 21
391952.94
 31
0.0
100
AcDbText
  0
TEXT
  5
20B
330
2
100
AcDbEntity
  8
N50000
100
AcDbText
 10
230405.75
 20
386530.63
 30
0.0
 40
1528.44
  1
36714
  7
GHS
100
AcDbText
  0
TEXT
  5
20C
330
2
100
AcDbEntity
  8
T50000
100
AcDbText
 10
229231.1833333334
 20
389940.2633333333
 30
0.0
 40
4000.0
  1
±Ý»ê
  7
GHS
 72
     4
 11
233897.85
 21
391981.93
 31
0.0
100
AcDbText
  0
TEXT
  5
20D
330
2
100
AcDbEntity
  8
N50000
100
AcDbText
 10
252875.47
 20
386617.59
 30
0.0
 40
1528.44
  1
36715
  7
GHS
100
AcDbText
  0
TEXT
  5
20E
330
2
100
AcDbEntity
  8
T50000
100
AcDbText
 10
251784.2366666667
 20
390068.89
 30
0.0
 40
4000.0
  1
ÀÌ¿ø
  7
GHS
 72
     4
 11
256367.5700000001
 21
392068.89
 31
0.0
100
AcDbText
  0
TEXT
  5
20F
330
2
100
AcDbEntity
  8
N50000
100
AcDbText
 10
275345.44
 20
386762.53
 30
0.0
 40
1528.44
  1
36716
  7
GHS
100
AcDbText
  0
TEXT
  5
210
330
2
100
AcDbEntity
  8
T50000
100
AcDbText
 10
274087.54
 20
390213.83
 30
0.0
 40
4000.0
  1
¿µµ¿
  7
GHS
 72
     4
 11
278837.54
 21
392213.83
 31
0.0
100
AcDbText
  0
TEXT
  5
211
330
2
100
AcDbEntity
  8
N50000
100
AcDbText
 10
297815.81
 20
386965.47
 30
0.0
 40
1528.44
  1
36813
  7
GHS
100
AcDbText
  0
TEXT
  5
212
330
2
100
AcDbEntity
  8
T50000
100
AcDbText
 10
296724.5666666667
 20
390375.1033333334
 30
0.0
 40
4000.0
  1
±èÃµ
  7
GHS
 72
     4
 11
301307.9000000001
 21
392416.77
 31
0.0
100
AcDbText
  0
TEXT
  5
213
330
2
100
AcDbEntity
  8
N50000
100
AcDbText
 10
320286.7000000001
 20
387226.4000000001
 30
0.0
 40
1528.44
  1
36814
  7
GHS
100
AcDbText
  0
TEXT
  5
214
330
2
100
AcDbEntity
  8
T50000
100
AcDbText
 10
319362.1333333333
 20
390719.3666666668
 30
0.0
 40
4000.0
  1
±¸¹Ì
  7
GHS
 72
     4
 11
323778.8
 21
392677.7000000001
 31
0.0
100
AcDbText
  0
TEXT
  5
215
330
2
100
AcDbEntity
  8
N50000
100
AcDbText
 10
342758.23
 20
387545.3400000001
 30
0.0
 40
1528.44
  1
36815
  7
GHS
100
AcDbText
  0
TEXT
  5
216
330
2
100
AcDbEntity
  8
T50000
100
AcDbText
 10
341833.6533333333
 20
390996.64
 30
0.0
 40
4000.0
  1
±ºÀ§
  7
GHS
 72
     4
 11
346250.32
 21
392996.64
 31
0.0
100
AcDbText
  0
TEXT
  5
217
330
2
100
AcDbEntity
  8
N50000
100
AcDbText
 10
365230.54
 20
387922.31
 30
0.0
 40
1528.44
  1
36816
  7
GHS
100
AcDbText
  0
TEXT
  5
218
330
2
100
AcDbEntity
  8
T50000
100
AcDbText
 10
364055.9733333333
 20
391373.61
 30
0.0
 40
4000.0
  1
È­ºÏ
  7
GHS
 72
     4
 11
368722.64
 21
393373.61
 31
0.0
100
AcDbText
  0
TEXT
  5
219
330
2
100
AcDbEntity
  8
N50000
100
AcDbText
 10
387703.75
 20
388357.32
 30
0.0
 40
1528.44
  1
36913
  7
GHS
100
AcDbText
  0
TEXT
  5
21A
330
2
100
AcDbEntity
  8
T50000
100
AcDbText
 10
386487.5166666667
 20
391808.6200000001
 30
0.0
 40
4000.0
  1
±â°è
  7
GHS
 72
     4
 11
391195.85
 21
393808.62
 31
0.0
100
AcDbText
  0
TEXT
  5
21B
330
2
100
AcDbEntity
  8
N50000
100
AcDbText
 10
410178.0
 20
388850.44
 30
0.0
 40
1528.44
  1
36914
  7
GHS
100
AcDbText
  0
TEXT
  5
21C
330
2
100
AcDbEntity
  8
T50000
100
AcDbText
 10
409003.4333333333
 20
392301.74
 30
0.0
 40
4000.0
  1
Æ÷Ç×
  7
GHS
 72
     4
 11
413670.1
 21
394301.74
 31
0.0
100
AcDbText
  0
TEXT
  5
21D
330
2
100
AcDbEntity
  8
N50000
100
AcDbText
 10
432653.43
 20
389401.66
 30
0.0
 40
1528.44
  1
36915
  7
GHS
100
AcDbText
  0
TEXT
  5
21E
330
2
100
AcDbEntity
  8
T50000
100
AcDbText
 10
431395.53
 20
392852.96
 30
0.0
 40
4000.0
  1
´ëº¸
  7
GHS
 72
     4
 11
436145.5300000001
 21
394852.96
 31
0.0
100
AcDbText
  0
TEXT
  5
21F
330
2
100
AcDbEntity
  8
N50000
100
AcDbText
 10
409531.43
 20
416598.32
 30
0.0
 40
1528.44
  1
36910
  7
GHS
100
AcDbText
  0
TEXT
  5
220
330
2
100
AcDbEntity
  8
T50000
100
AcDbText
 10
408440.1966666667
 20
420049.6199999999
 30
0.0
 40
4000.0
  1
¿µ´ö
  7
GHS
 72
     4
 11
413023.53
 21
422049.62
 31
0.0
100
AcDbText
  0
TEXT
  5
221
330
2
100
AcDbEntity
  8
N50000
100
AcDbText
 10
387129.11
 20
416103.88
 30
0.0
 40
1528.44
  1
36909
  7
GHS
100
AcDbText
  0
TEXT
  5
222
330
2
100
AcDbEntity
  8
T50000
100
AcDbText
 10
385871.21
 20
419555.1799999999
 30
0.0
 40
4000.0
  1
Ã»¼Û
  7
GHS
 72
     4
 11
390621.2100000001
 21
421555.18
 31
0.0
100
AcDbText
  0
TEXT
  5
223
330
2
100
AcDbEntity
  8
N50000
100
AcDbText
 10
364727.7900000001
 20
415667.6599999999
 30
0.0
 40
1528.44
  1
36812
  7
GHS
100
AcDbText
  0
TEXT
  5
224
330
2
100
AcDbEntity
  8
T50000
100
AcDbText
 10
363386.5566666667
 20
419118.96
 30
0.0
 40
4000.0
  1
±æ¾È
  7
GHS
 72
     4
 11
368219.89
 21
421118.9599999999
 31
0.0
100
AcDbText
  0
TEXT
  5
225
330
2
100
AcDbEntity
  8
N50000
100
AcDbText
 10
342327.35
 20
415289.6799999999
 30
0.0
 40
1528.44
  1
36811
  7
GHS
100
AcDbText
  0
TEXT
  5
226
330
2
100
AcDbEntity
  8
T50000
100
AcDbText
 10
341361.1166666667
 20
418740.98
 30
0.0
 40
4000.0
  1
ÀÇ¼º
  7
GHS
 72
     4
 11
345819.4500000001
 21
420740.9799999999
 31
0.0
100
AcDbText
  0
TEXT
  5
227
330
2
100
AcDbEntity
  8
N50000
100
AcDbText
 10
319927.67
 20
414969.85
 30
0.0
 40
1528.44
  1
36810
  7
GHS
100
AcDbText
  0
TEXT
  5
228
330
2
100
AcDbEntity
  8
T50000
100
AcDbText
 10
318711.4366666667
 20
418421.15
 30
0.0
 40
4000.0
  1
¾È°è
  7
GHS
 72
     4
 11
323419.77
 21
420421.15
 31
0.0
100
AcDbText
  0
TEXT
  5
229
330
2
100
AcDbEntity
  8
N50000
100
AcDbText
 10
297528.62
 20
414708.2199999999
 30
0.0
 40
1528.44
  1
36809
  7
GHS
100
AcDbText
  0
TEXT
  5
22A
330
2
100
AcDbEntity
  8
T50000
100
AcDbText
 10
296354.0533333333
 20
418201.1866666667
 30
0.0
 40
4000.0
  1
»óÁÖ
  7
GHS
 72
     4
 11
301020.72
 21
420159.52
 31
0.0
100
AcDbText
  0
TEXT
  5
22B
330
2
100
AcDbEntity
  8
N50000
100
AcDbText
 10
275130.06
 20
414504.73
 30
0.0
 40
1528.44
  1
36712
  7
GHS
100
AcDbText
  0
TEXT
  5
22C
330
2
100
AcDbEntity
  8
T50000
100
AcDbText
 10
274122.16
 20
417956.0300000001
 30
0.0
 40
4000.0
  1
°ü±â
  7
GHS
 72
     4
 11
278622.16
 21
419956.03
 31
0.0
100
AcDbText
  0
TEXT
  5
22D
330
2
100
AcDbEntity
  8
N50000
100
AcDbText
 10
252731.89
 20
414359.4
 30
0.0
 40
1528.44
  1
36711
  7
GHS
100
AcDbText
  0
TEXT
  5
22E
330
2
100
AcDbEntity
  8
T50000
100
AcDbText
 10
251640.6566666667
 20
417810.6999999999
 30
0.0
 40
4000.0
  1
º¸Àº
  7
GHS
 72
     4
 11
256223.99
 21
419810.7
 31
0.0
100
AcDbText
  0
TEXT
  5
22F
330
2
100
AcDbEntity
  8
N50000
100
AcDbText
 10
230333.97
 20
414272.2
 30
0.0
 40
1528.44
  1
36710
  7
GHS
100
AcDbText
  0
TEXT
  5
230
330
2
100
AcDbEntity
  8
T50000
100
AcDbText
 10
229242.7366666667
 20
417723.5
 30
0.0
 40
4000.0
  1
´ëÀü
  7
GHS
 72
     4
 11
233826.07
 21
419723.5
 31
0.0
100
AcDbText
  0
TEXT
  5
231
330
2
100
AcDbEntity
  8
N50000
100
AcDbText
 10
207936.17
 20
414243.1300000001
 30
0.0
 40
1528.44
  1
36709
  7
GHS
100
AcDbText
  0
TEXT
  5
232
330
2
100
AcDbEntity
  8
T50000
100
AcDbText
 10
206844.9366666667
 20
417819.43
 30
0.0
 40
4000.0
  1
°øÁÖ
  7
GHS
 72
     4
 11
211428.27
 21
419694.43
 31
0.0
100
AcDbText
  0
TEXT
  5
233
330
2
100
AcDbEntity
  8
N50000
100
AcDbText
 10
185538.37
 20
414272.2
 30
0.0
 40
1528.44
  1
36612
  7
GHS
100
AcDbText
  0
TEXT
  5
234
330
2
100
AcDbEntity
  8
T50000
100
AcDbText
 10
184197.1366666667
 20
417723.5
 30
0.0
 40
4000.0
  1
Ã»¾ç
  7
GHS
 72
     4
 11
189030.47
 21
419723.5
 31
0.0
100
AcDbText
  0
TEXT
  5
235
330
2
100
AcDbEntity
  8
N50000
100
AcDbText
 10
163140.45
 20
414359.4
 30
0.0
 40
1528.44
  1
36611
  7
GHS
100
AcDbText
  0
TEXT
  5
236
330
2
100
AcDbEntity
  8
T50000
100
AcDbText
 10
162215.8833333333
 20
417810.6999999999
 30
0.0
 40
4000.0
  1
º¸·É
  7
GHS
 72
     4
 11
166632.55
 21
419810.7
 31
0.0
100
AcDbText
  0
TEXT
  5
237
330
2
100
AcDbEntity
  8
N50000
100
AcDbText
 10
140742.28
 20
414504.73
 30
0.0
 40
1528.44
  1
36610
  7
GHS
100
AcDbText
  0
TEXT
  5
238
330
2
100
AcDbEntity
  8
T50000
100
AcDbText
 10
139567.7133333333
 20
417914.3633333334
 30
0.0
 40
4000.0
  1
°í³²
  7
GHS
 72
     4
 11
144234.38
 21
419956.03
 31
0.0
100
AcDbText
  0
TEXT
  5
239
330
2
100
AcDbEntity
  8
N50000
100
AcDbText
 10
118343.73
 20
414708.2199999999
 30
0.0
 40
1528.44
  1
36609
  7
GHS
100
AcDbText
  0
TEXT
  5
23A
330
2
100
AcDbEntity
  8
T50000
100
AcDbText
 10
114002.4966666667
 20
418445.2342857142
 30
0.0
 40
4000.0
  1
(±æ»ê)
  7
GHS
 72
     4
 11
121835.83
 21
420159.52
 31
0.0
100
AcDbText
  0
TEXT
  5
23B
330
2
100
AcDbEntity
  8
N50000
100
AcDbText
 10
73978.42999999999
 20
443035.08
 30
0.0
 40
1528.44
  1
36507
  7
GHS
100
AcDbText
  0
TEXT
  5
23C
330
2
100
AcDbEntity
  8
T50000
100
AcDbText
 10
72803.85333333333
 20
446486.38
 30
0.0
 40
4000.0
  1
¼®µµ
  7
GHS
 72
     4
 11
77470.52
 21
448486.38
 31
0.0
100
AcDbText
  0
TEXT
  5
23D
330
2
100
AcDbEntity
  8
N50000
100
AcDbText
 10
96305.83000000001
 20
442714.4199999999
 30
0.0
 40
1528.44
  1
36508
  7
GHS
100
AcDbText
  0
TEXT
  5
23E
330
2
100
AcDbEntity
  8
T50000
100
AcDbText
 10
91964.59666666667
 20
446451.4342857142
 30
0.0
 40
4000.0
  1
(Èæµµ)
  7
GHS
 72
     4
 11
99797.92999999999
 21
448165.7199999999
 31
0.0
100
AcDbText
  0
TEXT
  5
23F
330
2
100
AcDbEntity
  8
N50000
100
AcDbText
 10
118632.63
 20
442452.1
 30
0.0
 40
1528.44
  1
36605
  7
GHS
100
AcDbText
  0
TEXT
  5
240
330
2
100
AcDbEntity
  8
T50000
100
AcDbText
 10
117541.3966666666
 20
445861.7333333333
 30
0.0
 40
4000.0
  1
±ÙÈï
  7
GHS
 72
     4
 11
122124.73
 21
447903.4000000001
 31
0.0
100
AcDbText
  0
TEXT
  5
241
330
2
100
AcDbEntity
  8
N50000
100
AcDbText
 10
140958.94
 20
442248.08
 30
0.0
 40
1528.44
  1
36606
  7
GHS
100
AcDbText
  0
TEXT
  5
242
330
2
100
AcDbEntity
  8
T50000
100
AcDbText
 10
139784.3733333333
 20
445657.7133333333
 30
0.0
 40
4000.0
  1
½Å¿Â
  7
GHS
 72
     4
 11
144451.04
 21
447699.38
 31
0.0
100
AcDbText
  0
TEXT
  5
243
330
2
100
AcDbEntity
  8
N50000
100
AcDbText
 10
163284.89
 20
442102.36
 30
0.0
 40
1528.44
  1
36607
  7
GHS
100
AcDbText
  0
TEXT
  5
244
330
2
100
AcDbEntity
  8
T50000
100
AcDbText
 10
162360.3233333333
 20
445511.9933333333
 30
0.0
 40
4000.0
  1
È«¼º
  7
GHS
 72
     4
 11
166776.99
 21
447553.66
 31
0.0
100
AcDbText
  0
TEXT
  5
245
330
2
100
AcDbEntity
  8
N50000
100
AcDbText
 10
185610.59
 20
442014.93
 30
0.0
 40
1528.44
  1
36608
  7
GHS
100
AcDbText
  0
TEXT
  5
246
330
2
100
AcDbEntity
  8
T50000
100
AcDbText
 10
184269.3566666666
 20
445466.2299999999
 30
0.0
 40
4000.0
  1
¿¹»ê
  7
GHS
 72
     4
 11
189102.69
 21
447466.23
 31
0.0
100
AcDbText
  0
TEXT
  5
247
330
2
100
AcDbEntity
  8
N50000
100
AcDbText
 10
207936.17
 20
441985.79
 30
0.0
 40
1528.44
  1
36705
  7
GHS
100
AcDbText
  0
TEXT
  5
248
330
2
100
AcDbEntity
  8
T50000
100
AcDbText
 10
206844.9366666667
 20
445437.09
 30
0.0
 40
4000.0
  1
ÀüÀÇ
  7
GHS
 72
     4
 11
211428.27
 21
447437.09
 31
0.0
100
AcDbText
  0
TEXT
  5
249
330
2
100
AcDbEntity
  8
N50000
100
AcDbText
 10
230261.75
 20
442014.93
 30
0.0
 40
1528.44
  1
36706
  7
GHS
100
AcDbText
  0
TEXT
  5
24A
330
2
100
AcDbEntity
  8
T50000
100
AcDbText
 10
229003.85
 20
445507.8966666667
 30
0.0
 40
4000.0
  1
Ã»ÁÖ
  7
GHS
 72
     4
 11
233753.85
 21
447466.23
 31
0.0
100
AcDbText
  0
TEXT
  5
24B
330
2
100
AcDbEntity
  8
N50000
100
AcDbText
 10
252587.45
 20
442102.36
 30
0.0
 40
1528.44
  1
36707
  7
GHS
100
AcDbText
  0
TEXT
  5
24C
330
2
100
AcDbEntity
  8
T50000
100
AcDbText
 10
251496.2166666667
 20
445553.66
 30
0.0
 40
4000.0
  1
¹Ì¿ø
  7
GHS
 72
     4
 11
256079.55
 21
447553.66
 31
0.0
100
AcDbText
  0
TEXT
  5
24D
330
2
100
AcDbEntity
  8
N50000
100
AcDbText
 10
274913.4000000001
 20
442248.08
 30
0.0
 40
1528.44
  1
36708
  7
GHS
100
AcDbText
  0
TEXT
  5
24E
330
2
100
AcDbEntity
  8
T50000
100
AcDbText
 10
273988.8333333333
 20
445699.38
 30
0.0
 40
4000.0
  1
¼Ó¸®
  7
GHS
 72
     4
 11
278405.5
 21
447699.38
 31
0.0
100
AcDbText
  0
TEXT
  5
24F
330
2
100
AcDbEntity
  8
N50000
100
AcDbText
 10
297239.71
 20
442452.1
 30
0.0
 40
1528.44
  1
36805
  7
GHS
100
AcDbText
  0
TEXT
  5
250
330
2
100
AcDbEntity
  8
T50000
100
AcDbText
 10
296315.1433333333
 20
445903.4
 30
0.0
 40
4000.0
  1
¹®°æ
  7
GHS
 72
     4
 11
300731.81
 21
447903.4000000001
 31
0.0
100
AcDbText
  0
TEXT
  5
251
330
2
100
AcDbEntity
  8
N50000
100
AcDbText
 10
319566.5
 20
442714.4199999999
 30
0.0
 40
1528.44
  1
36806
  7
GHS
100
AcDbText
  0
TEXT
  5
252
330
2
100
AcDbEntity
  8
T50000
100
AcDbText
 10
318475.2666666667
 20
446165.72
 30
0.0
 40
4000.0
  1
¿¹Ãµ
  7
GHS
 72
     4
 11
323058.6000000001
 21
448165.7199999999
 31
0.0
100
AcDbText
  0
TEXT
  5
253
330
2
100
AcDbEntity
  8
N50000
100
AcDbText
 10
341893.92
 20
443035.08
 30
0.0
 40
1528.44
  1
36807
  7
GHS
100
AcDbText
  0
TEXT
  5
254
330
2
100
AcDbEntity
  8
T50000
100
AcDbText
 10
340636.02
 20
446486.38
 30
0.0
 40
4000.0
  1
¾Èµ¿
  7
GHS
 72
     4
 11
345386.0200000001
 21
448486.38
 31
0.0
100
AcDbText
  0
TEXT
  5
255
330
2
100
AcDbEntity
  8
N50000
100
AcDbText
 10
364222.06
 20
443414.1
 30
0.0
 40
1528.44
  1
36808
  7
GHS
100
AcDbText
  0
TEXT
  5
256
330
2
100
AcDbEntity
  8
T50000
100
AcDbText
 10
362880.8266666667
 20
446865.4
 30
0.0
 40
4000.0
  1
¿¹¾È
  7
GHS
 72
     4
 11
367714.1600000001
 21
448865.4
 31
0.0
100
AcDbText
  0
TEXT
  5
257
330
2
100
AcDbEntity
  8
N50000
100
AcDbText
 10
386551.05
 20
443851.45
 30
0.0
 40
1528.44
  1
36905
  7
GHS
100
AcDbText
  0
TEXT
  5
258
330
2
100
AcDbEntity
  8
T50000
100
AcDbText
 10
385209.8166666667
 20
447302.7499999999
 30
0.0
 40
4000.0
  1
¿µ¾ç
  7
GHS
 72
     4
 11
390043.1500000001
 21
449302.75
 31
0.0
100
AcDbText
  0
TEXT
  5
259
330
2
100
AcDbEntity
  8
N50000
100
AcDbText
 10
408881.01
 20
444347.21
 30
0.0
 40
1528.44
  1
36906
  7
GHS
100
AcDbText
  0
TEXT
  5
25A
330
2
100
AcDbEntity
  8
T50000
100
AcDbText
 10
407623.11
 20
447798.51
 30
0.0
 40
4000.0
  1
º´°î
  7
GHS
 72
     4
 11
412373.1099999999
 21
449798.51
 31
0.0
100
AcDbText
  0
TEXT
  5
25B
330
2
100
AcDbEntity
  8
N50000
100
AcDbText
 10
408226.76
 20
472097.0499999999
 30
0.0
 40
1528.44
  1
36902
  7
GHS
100
AcDbText
  0
TEXT
  5
25C
330
2
100
AcDbEntity
  8
T50000
100
AcDbText
 10
407302.1833333333
 20
475548.3499999999
 30
0.0
 40
4000.0
  1
¿ïÁø
  7
GHS
 72
     4
 11
411718.85
 21
477548.3499999999
 31
0.0
100
AcDbText
  0
TEXT
  5
25D
330
2
100
AcDbEntity
  8
N50000
100
AcDbText
 10
385969.5700000001
 20
471600.07
 30
0.0
 40
1528.44
  1
36901
  7
GHS
100
AcDbText
  0
TEXT
  5
25E
330
2
100
AcDbEntity
  8
T50000
100
AcDbText
 10
385045.0033333333
 20
475009.7033333333
 30
0.0
 40
4000.0
  1
¼ÒÃµ
  7
GHS
 72
     4
 11
389461.67
 21
477051.37
 31
0.0
100
AcDbText
  0
TEXT
  5
25F
330
2
100
AcDbEntity
  8
N50000
100
AcDbText
 10
363713.3400000001
 20
471161.56
 30
0.0
 40
1528.44
  1
36804
  7
GHS
100
AcDbText
  0
TEXT
  5
260
330
2
100
AcDbEntity
  8
T50000
100
AcDbText
 10
362538.7733333333
 20
474571.1933333333
 30
0.0
 40
4000.0
  1
Ãá¾ç
  7
GHS
 72
     4
 11
367205.44
 21
476612.86
 31
0.0
100
AcDbText
  0
TEXT
  5
261
330
2
100
AcDbEntity
  8
N50000
100
AcDbText
 10
341457.93
 20
470781.6199999999
 30
0.0
 40
1528.44
  1
36803
  7
GHS
100
AcDbText
  0
TEXT
  5
262
330
2
100
AcDbEntity
  8
T50000
100
AcDbText
 10
340200.03
 20
474274.5866666666
 30
0.0
 40
4000.0
  1
¿µÁÖ
  7
GHS
 72
     4
 11
344950.03
 21
476232.9199999999
 31
0.0
100
AcDbText
  0
TEXT
  5
263
330
2
100
AcDbEntity
  8
N50000
100
AcDbText
 10
319203.22
 20
470460.11
 30
0.0
 40
1528.44
  1
36802
  7
GHS
100
AcDbText
  0
TEXT
  5
264
330
2
100
AcDbEntity
  8
T50000
100
AcDbText
 10
317861.9866666667
 20
473911.41
 30
0.0
 40
4000.0
  1
´Ü¾ç
  7
GHS
 72
     4
 11
322695.32
 21
475911.41
 31
0.0
100
AcDbText
  0
TEXT
  5
265
330
2
100
AcDbEntity
  8
N50000
100
AcDbText
 10
296949.1
 20
470197.12
 30
0.0
 40
1528.44
  1
36801
  7
GHS
100
AcDbText
  0
TEXT
  5
266
330
2
100
AcDbEntity
  8
T50000
100
AcDbText
 10
295607.8666666667
 20
473648.42
 30
0.0
 40
4000.0
  1
´ö»ê
  7
GHS
 72
     4
 11
300441.2
 21
475648.42
 31
0.0
100
AcDbText
  0
TEXT
  5
267
330
2
100
AcDbEntity
  8
N50000
100
AcDbText
 10
274695.4500000001
 20
469992.58
 30
0.0
 40
1528.44
  1
36704
  7
GHS
100
AcDbText
  0
TEXT
  5
268
330
2
100
AcDbEntity
  8
T50000
100
AcDbText
 10
273604.2166666667
 20
473443.88
 30
0.0
 40
4000.0
  1
ÃæÁÖ
  7
GHS
 72
     4
 11
278187.55
 21
475443.88
 31
0.0
100
AcDbText
  0
TEXT
  5
269
330
2
100
AcDbEntity
  8
N50000
100
AcDbText
 10
252442.16
 20
469846.49
 30
0.0
 40
1528.44
  1
36703
  7
GHS
100
AcDbText
  0
TEXT
  5
26A
330
2
100
AcDbEntity
  8
T50000
100
AcDbText
 10
251517.5933333334
 20
473297.79
 30
0.0
 40
4000.0
  1
À½¼º
  7
GHS
 72
     4
 11
255934.26
 21
475297.79
 31
0.0
100
AcDbText
  0
TEXT
  5
26B
330
2
100
AcDbEntity
  8
N50000
100
AcDbText
 10
230189.11
 20
469758.83
 30
0.0
 40
1528.44
  1
36702
  7
GHS
100
AcDbText
  0
TEXT
  5
26C
330
2
100
AcDbEntity
  8
T50000
100
AcDbText
 10
229097.8766666666
 20
473168.4633333332
 30
0.0
 40
4000.0
  1
ÁøÃµ
  7
GHS
 72
     4
 11
233681.21
 21
475210.13
 31
0.0
100
AcDbText
  0
TEXT
  5
26D
330
2
100
AcDbEntity
  8
N50000
100
AcDbText
 10
207936.17
 20
469729.62
 30
0.0
 40
1528.44
  1
36701
  7
GHS
100
AcDbText
  0
TEXT
  5
26E
330
2
100
AcDbEntity
  8
T50000
100
AcDbText
 10
206886.6033333334
 20
473180.9199999999
 30
0.0
 40
4000.0
  1
ÆòÅÃ
  7
GHS
 72
     4
 11
211428.27
 21
475180.92
 31
0.0
100
AcDbText
  0
TEXT
  5
26F
330
2
100
AcDbEntity
  8
N50000
100
AcDbText
 10
185683.23
 20
469758.83
 30
0.0
 40
1528.44
  1
36604
  7
GHS
100
AcDbText
  0
TEXT
  5
270
330
2
100
AcDbEntity
  8
T50000
100
AcDbText
 10
184341.9966666666
 20
473210.13
 30
0.0
 40
4000.0
  1
¾Æ»ê
  7
GHS
 72
     4
 11
189175.33
 21
475210.13
 31
0.0
100
AcDbText
  0
TEXT
  5
271
330
2
100
AcDbEntity
  8
N50000
100
AcDbText
 10
163430.18
 20
469846.49
 30
0.0
 40
1528.44
  1
36603
  7
GHS
100
AcDbText
  0
TEXT
  5
272
330
2
100
AcDbEntity
  8
T50000
100
AcDbText
 10
162338.9466666667
 20
473297.79
 30
0.0
 40
4000.0
  1
´çÁø
  7
GHS
 72
     4
 11
166922.28
 21
475297.79
 31
0.0
100
AcDbText
  0
TEXT
  5
273
330
2
100
AcDbEntity
  8
N50000
100
AcDbText
 10
141176.89
 20
469992.58
 30
0.0
 40
1528.44
  1
36602
  7
GHS
100
AcDbText
  0
TEXT
  5
274
330
2
100
AcDbEntity
  8
T50000
100
AcDbText
 10
139918.99
 20
473443.88
 30
0.0
 40
4000.0
  1
¼­»ê
  7
GHS
 72
     4
 11
144668.99
 21
475443.88
 31
0.0
100
AcDbText
  0
TEXT
  5
275
330
2
100
AcDbEntity
  8
N50000
100
AcDbText
 10
118923.24
 20
470197.12
 30
0.0
 40
1528.44
  1
36601
  7
GHS
100
AcDbText
  0
TEXT
  5
276
330
2
100
AcDbEntity
  8
T50000
100
AcDbText
 10
115082.0066666667
 20
473648.42
 30
0.0
 40
4000.0
  1
¸¸¸®Æ÷
  7
GHS
 72
     4
 11
122415.34
 21
475648.42
 31
0.0
100
AcDbText
  0
TEXT
  5
277
330
2
100
AcDbEntity
  8
N50000
100
AcDbText
 10
97034.54
 20
498206.93
 30
0.0
 40
1528.44
  1
37516
  7
GHS
100
AcDbText
  0
TEXT
  5
278
330
2
100
AcDbEntity
  8
T50000
100
AcDbText
 10
95693.29666666668
 20
501658.23
 30
0.0
 40
4000.0
  1
¹é¾Æ
  7
GHS
 72
     4
 11
100526.63
 21
503658.23
 31
0.0
100
AcDbText
  0
TEXT
  5
279
330
2
100
AcDbEntity
  8
N50000
100
AcDbText
 10
119215.56
 20
497943.2899999999
 30
0.0
 40
1528.44
  1
37613
  7
GHS
100
AcDbText
  0
TEXT
  5
27A
330
2
100
AcDbEntity
  8
T50000
100
AcDbText
 10
118124.3166666666
 20
501394.59
 30
0.0
 40
4000.0
  1
´öÀû
  7
GHS
 72
     4
 11
122707.65
 21
503394.59
 31
0.0
100
AcDbText
  0
TEXT
  5
27B
330
2
100
AcDbEntity
  8
N50000
100
AcDbText
 10
141396.1
 20
497738.23
 30
0.0
 40
1528.44
  1
37614
  7
GHS
100
AcDbText
  0
TEXT
  5
27C
330
2
100
AcDbEntity
  8
T50000
100
AcDbText
 10
140304.8666666667
 20
501189.53
 30
0.0
 40
4000.0
  1
³­Áö
  7
GHS
 72
     4
 11
144888.2
 21
503189.5300000001
 31
0.0
100
AcDbText
  0
TEXT
  5
27D
330
2
100
AcDbEntity
  8
N50000
100
AcDbText
 10
163576.32
 20
497591.77
 30
0.0
 40
1528.44
  1
37615
  7
GHS
100
AcDbText
  0
TEXT
  5
27E
330
2
100
AcDbEntity
  8
T50000
100
AcDbText
 10
162318.42
 20
501084.7366666666
 30
0.0
 40
4000.0
  1
´ëºÎ
  7
GHS
 72
     4
 11
167068.42
 21
503043.07
 31
0.0
100
AcDbText
  0
TEXT
  5
27F
330
2
100
AcDbEntity
  8
N50000
100
AcDbText
 10
185756.3
 20
497503.9
 30
0.0
 40
1528.44
  1
37616
  7
GHS
100
AcDbText
  0
TEXT
  5
280
330
2
100
AcDbEntity
  8
T50000
100
AcDbText
 10
184415.0666666666
 20
500955.2
 30
0.0
 40
4000.0
  1
³²¾ç
  7
GHS
 72
     4
 11
189248.4
 21
502955.2
 31
0.0
100
AcDbText
  0
TEXT
  5
281
330
2
100
AcDbEntity
  8
N50000
100
AcDbText
 10
207936.17
 20
497474.61
 30
0.0
 40
1528.44
  1
37713
  7
GHS
100
AcDbText
  0
TEXT
  5
282
330
2
100
AcDbEntity
  8
T50000
100
AcDbText
 10
207011.6033333333
 20
500925.91
 30
0.0
 40
4000.0
  1
¿ëÀÎ
  7
GHS
 72
     4
 11
211428.27
 21
502925.91
 31
0.0
100
AcDbText
  0
TEXT
  5
283
330
2
100
AcDbEntity
  8
N50000
100
AcDbText
 10
230116.04
 20
497503.9
 30
0.0
 40
1528.44
  1
37714
  7
GHS
100
AcDbText
  0
TEXT
  5
284
330
2
100
AcDbEntity
  8
T50000
100
AcDbText
 10
229024.8066666667
 20
500955.2
 30
0.0
 40
4000.0
  1
¾È¼º
  7
GHS
 72
     4
 11
233608.14
 21
502955.2
 31
0.0
100
AcDbText
  0
TEXT
  5
285
330
2
100
AcDbEntity
  8
N50000
100
AcDbText
 10
252296.02
 20
497591.77
 30
0.0
 40
1528.44
  1
37715
  7
GHS
100
AcDbText
  0
TEXT
  5
286
330
2
100
AcDbEntity
  8
T50000
100
AcDbText
 10
248621.4533333333
 20
501043.07
 30
0.0
 40
4000.0
  1
ÀåÈ£¿ø
  7
GHS
 72
     4
 11
255788.12
 21
503043.07
 31
0.0
100
AcDbText
  0
TEXT
  5
287
330
2
100
AcDbEntity
  8
N50000
100
AcDbText
 10
274476.24
 20
497738.23
 30
0.0
 40
1528.44
  1
37716
  7
GHS
100
AcDbText
  0
TEXT
  5
288
330
2
100
AcDbEntity
  8
T50000
100
AcDbText
 10
273385.0066666667
 20
501189.53
 30
0.0
 40
4000.0
  1
¾öÁ¤
  7
GHS
 72
     4
 11
277968.3400000001
 21
503189.5300000001
 31
0.0
100
AcDbText
  0
TEXT
  5
289
330
2
100
AcDbEntity
  8
N50000
100
AcDbText
 10
296656.79
 20
497943.2800000001
 30
0.0
 40
1528.44
  1
37813
  7
GHS
100
AcDbText
  0
TEXT
  5
28A
330
2
100
AcDbEntity
  8
T50000
100
AcDbText
 10
295565.5566666667
 20
501394.5800000001
 30
0.0
 40
4000.0
  1
Á¦Ãµ
  7
GHS
 72
     4
 11
300148.89
 21
503394.5800000001
 31
0.0
100
AcDbText
  0
TEXT
  5
28B
330
2
100
AcDbEntity
  8
N50000
100
AcDbText
 10
318837.81
 20
498206.93
 30
0.0
 40
1528.44
  1
37814
  7
GHS
100
AcDbText
  0
TEXT
  5
28C
330
2
100
AcDbEntity
  8
T50000
100
AcDbText
 10
317746.5766666667
 20
501658.23
 30
0.0
 40
4000.0
  1
¿µ¿ù
  7
GHS
 72
     4
 11
322329.91
 21
503658.23
 31
0.0
100
AcDbText
  0
TEXT
  5
28D
330
2
100
AcDbEntity
  8
N50000
100
AcDbText
 10
341019.39
 20
498529.2199999999
 30
0.0
 40
1528.44
  1
37815
  7
GHS
100
AcDbText
  0
TEXT
  5
28E
330
2
100
AcDbEntity
  8
T50000
100
AcDbText
 10
339928.1566666668
 20
501980.52
 30
0.0
 40
4000.0
  1
¿¹¹Ì
  7
GHS
 72
     4
 11
344511.49
 21
503980.52
 31
0.0
100
AcDbText
  0
TEXT
  5
28F
330
2
100
AcDbEntity
  8
N50000
100
AcDbText
 10
363201.6400000001
 20
498910.12
 30
0.0
 40
1528.44
  1
37816
  7
GHS
100
AcDbText
  0
TEXT
  5
290
330
2
100
AcDbEntity
  8
T50000
100
AcDbText
 10
362068.74
 20
502361.42
 30
0.0
 40
4000.0
  1
ÅÂ¹é
  7
GHS
 72
     4
 11
366693.74
 21
504361.42
 31
0.0
100
AcDbText
  0
TEXT
  5
291
330
2
100
AcDbEntity
  8
N50000
100
AcDbText
 10
385384.71
 20
499349.67
 30
0.0
 40
1528.44
  1
37913
  7
GHS
100
AcDbText
  0
TEXT
  5
292
330
2
100
AcDbEntity
  8
T50000
100
AcDbText
 10
384293.4666666667
 20
502800.97
 30
0.0
 40
4000.0
  1
Àå¼º
  7
GHS
 72
     4
 11
388876.8000000001
 21
504800.97
 31
0.0
100
AcDbText
  0
TEXT
  5
293
330
2
100
AcDbEntity
  8
N50000
100
AcDbText
 10
407568.68
 20
499847.94
 30
0.0
 40
1528.44
  1
37914
  7
GHS
100
AcDbText
  0
TEXT
  5
294
330
2
100
AcDbEntity
  8
T50000
100
AcDbText
 10
406644.1133333333
 20
503299.24
 30
0.0
 40
4000.0
  1
Á×º¯
  7
GHS
 72
     4
 11
411060.78
 21
505299.24
 31
0.0
100
AcDbText
  0
TEXT
  5
295
330
2
100
AcDbEntity
  8
N50000
100
AcDbText
 10
406906.78
 20
527599.76
 30
0.0
 40
1528.44
  1
37910
  7
GHS
100
AcDbText
  0
TEXT
  5
296
330
2
100
AcDbEntity
  8
T50000
100
AcDbText
 10
405815.5466666667
 20
531051.06
 30
0.0
 40
4000.0
  1
¸Å¿ø
  7
GHS
 72
     4
 11
410398.88
 21
533051.0600000001
 31
0.0
100
AcDbText
  0
TEXT
  5
297
330
2
100
AcDbEntity
  8
N50000
100
AcDbText
 10
384796.4500000001
 20
527100.3400000001
 30
0.0
 40
1528.44
  1
37909
  7
GHS
100
AcDbText
  0
TEXT
  5
298
330
2
100
AcDbEntity
  8
T50000
100
AcDbText
 10
383788.54
 20
530551.6400000001
 30
0.0
 40
4000.0
  1
»ïÃ´
  7
GHS
 72
     4
 11
388288.54
 21
532551.64
 31
0.0
100
AcDbText
  0
TEXT
  5
299
330
2
100
AcDbEntity
  8
N50000
100
AcDbText
 10
362686.99
 20
526659.71
 30
0.0
 40
1528.44
  1
37812
  7
GHS
100
AcDbText
  0
TEXT
  5
29A
330
2
100
AcDbEntity
  8
T50000
100
AcDbText
 10
361470.7566666667
 20
530111.01
 30
0.0
 40
4000.0
  1
ÀÓ°è
  7
GHS
 72
     4
 11
366179.0900000001
 21
532111.0100000001
 31
0.0
100
AcDbText
  0
TEXT
  5
29B
330
2
100
AcDbEntity
  8
N50000
100
AcDbText
 10
340578.29
 20
526277.9
 30
0.0
 40
1528.44
  1
37811
  7
GHS
100
AcDbText
  0
TEXT
  5
29C
330
2
100
AcDbEntity
  8
T50000
100
AcDbText
 10
339487.0566666667
 20
529729.1999999999
 30
0.0
 40
4000.0
  1
Á¤¼±
  7
GHS
 72
     4
 11
344070.3900000001
 21
531729.2
 31
0.0
100
AcDbText
  0
TEXT
  5
29D
330
2
100
AcDbEntity
  8
N50000
100
AcDbText
 10
318470.2700000001
 20
525954.86
 30
0.0
 40
1528.44
  1
37810
  7
GHS
100
AcDbText
  0
TEXT
  5
29E
330
2
100
AcDbEntity
  8
T50000
100
AcDbText
 10
317212.37
 20
529406.1599999999
 30
0.0
 40
4000.0
  1
ÆòÃ¢
  7
GHS
 72
     4
 11
321962.37
 21
531406.1599999999
 31
0.0
100
AcDbText
  0
TEXT
  5
29F
330
2
100
AcDbEntity
  8
N50000
100
AcDbText
 10
296362.79
 20
525690.57
 30
0.0
 40
1528.44
  1
37809
  7
GHS
100
AcDbText
  0
TEXT
  5
2A0
330
2
100
AcDbEntity
  8
T50000
100
AcDbText
 10
295104.89
 20
529100.2033333334
 30
0.0
 40
4000.0
  1
¾ÈÈï
  7
GHS
 72
     4
 11
299854.89
 21
531141.87
 31
0.0
100
AcDbText
  0
TEXT
  5
2A1
330
2
100
AcDbEntity
  8
N50000
100
AcDbText
 10
274255.75
 20
525485.0300000001
 30
0.0
 40
1528.44
  1
37712
  7
GHS
100
AcDbText
  0
TEXT
  5
2A2
330
2
100
AcDbEntity
  8
T50000
100
AcDbText
 10
273081.1833333333
 20
528977.9966666667
 30
0.0
 40
4000.0
  1
¿øÁÖ
  7
GHS
 72
     4
 11
277747.85
 21
530936.3300000001
 31
0.0
100
AcDbText
  0
TEXT
  5
2A3
330
2
100
AcDbEntity
  8
N50000
100
AcDbText
 10
252149.04
 20
525338.22
 30
0.0
 40
1528.44
  1
37711
  7
GHS
100
AcDbText
  0
TEXT
  5
2A4
330
2
100
AcDbEntity
  8
T50000
100
AcDbText
 10
250891.1400000001
 20
528831.1866666667
 30
0.0
 40
4000.0
  1
¿©ÁÖ
  7
GHS
 72
     4
 11
255641.14
 21
530789.52
 31
0.0
100
AcDbText
  0
TEXT
  5
2A5
330
2
100
AcDbEntity
  8
N50000
100
AcDbText
 10
230042.55
 20
525250.14
 30
0.0
 40
1528.44
  1
37710
  7
GHS
100
AcDbText
  0
TEXT
  5
2A6
330
2
100
AcDbEntity
  8
T50000
100
AcDbText
 10
228951.3166666667
 20
528701.44
 30
0.0
 40
4000.0
  1
ÀÌÃµ
  7
GHS
 72
     4
 11
233534.65
 21
530701.4399999999
 31
0.0
100
AcDbText
  0
TEXT
  5
2A7
330
2
100
AcDbEntity
  8
N50000
100
AcDbText
 10
207936.17
 20
525220.78
 30
0.0
 40
1528.44
  1
37709
  7
GHS
100
AcDbText
  0
TEXT
  5
2A8
330
2
100
AcDbEntity
  8
T50000
100
AcDbText
 10
207011.6033333333
 20
528713.7466666667
 30
0.0
 40
4000.0
  1
¼ö¿ø
  7
GHS
 72
     4
 11
211428.27
 21
530672.08
 31
0.0
100
AcDbText
  0
TEXT
  5
2A9
330
2
100
AcDbEntity
  8
N50000
100
AcDbText
 10
185829.79
 20
525250.14
 30
0.0
 40
1528.44
  1
37612
  7
GHS
100
AcDbText
  0
TEXT
  5
2AA
330
2
100
AcDbEntity
  8
T50000
100
AcDbText
 10
184488.5566666667
 20
528701.44
 30
0.0
 40
4000.0
  1
¾È¾ç
  7
GHS
 72
     4
 11
189321.89
 21
530701.4399999999
 31
0.0
100
AcDbText
  0
TEXT
  5
2AB
330
2
100
AcDbEntity
  8
N50000
100
AcDbText
 10
163723.3
 20
525338.22
 30
0.0
 40
1528.44
  1
37611
  7
GHS
100
AcDbText
  0
TEXT
  5
2AC
330
2
100
AcDbEntity
  8
T50000
100
AcDbText
 10
162632.0666666666
 20
528747.8533333334
 30
0.0
 40
4000.0
  1
ÀÎÃµ
  7
GHS
 72
     4
 11
167215.4
 21
530789.52
 31
0.0
100
AcDbText
  0
TEXT
  5
2AD
330
2
100
AcDbEntity
  8
N50000
100
AcDbText
 10
141616.59
 20
525485.0300000001
 30
0.0
 40
1528.44
  1
37610
  7
GHS
100
AcDbText
  0
TEXT
  5
2AE
330
2
100
AcDbEntity
  8
T50000
100
AcDbText
 10
140525.3566666667
 20
528977.9966666667
 30
0.0
 40
4000.0
  1
¿ëÀ¯
  7
GHS
 72
     4
 11
145108.69
 21
530936.3300000001
 31
0.0
100
AcDbText
  0
TEXT
  5
2AF
330
2
100
AcDbEntity
  8
N50000
100
AcDbText
 10
119509.55
 20
525690.57
 30
0.0
 40
1528.44
  1
37609
  7
GHS
100
AcDbText
  0
TEXT
  5
2B0
330
2
100
AcDbEntity
  8
T50000
100
AcDbText
 10
118501.65
 20
529141.8700000001
 30
0.0
 40
4000.0
  1
¼±¹Ì
  7
GHS
 72
     4
 11
123001.65
 21
531141.87
 31
0.0
100
AcDbText
  0
TEXT
  5
2B1
330
2
100
AcDbEntity
  8
N50000
100
AcDbText
 10
75737.67
 20
554027.6999999999
 30
0.0
 40
1528.44
  1
37507
  7
GHS
100
AcDbText
  0
TEXT
  5
2B2
330
2
100
AcDbEntity
  8
T50000
100
AcDbText
 10
74646.43666666668
 20
557479.0
 30
0.0
 40
4000.0
  1
¿¬Æò
  7
GHS
 72
     4
 11
79229.77
 21
559479.0
 31
0.0
100
AcDbText
  0
TEXT
  5
2B3
330
2
100
AcDbEntity
  8
N50000
100
AcDbText
 10
45065.35
 20
583229.19
 30
0.0
 40
1528.44
  1
37404
  7
GHS
100
AcDbText
  0
TEXT
  5
2B4
330
2
100
AcDbEntity
  8
T50000
100
AcDbText
 10
44140.77333333334
 20
586680.49
 30
0.0
 40
4000.0
  1
¼ÒÃ»
  7
GHS
 72
     4
 11
48557.44
 21
588680.49
 31
0.0
100
AcDbText
  0
TEXT
  5
2B5
330
2
100
AcDbEntity
  8
N50000
100
AcDbText
 10
23102.6
 20
583789.99
 30
0.0
 40
1528.44
  1
37403
  7
GHS
100
AcDbText
  0
TEXT
  5
2B6
330
2
100
AcDbEntity
  8
T50000
100
AcDbText
 10
22011.36666666667
 20
587241.29
 30
0.0
 40
4000.0
  1
¹é·É
  7
GHS
 72
     4
 11
26594.7
 21
589241.29
 31
0.0
100
AcDbText
  0
TEXT
  5
2B7
330
2
100
AcDbEntity
  8
N50000
100
AcDbText
 10
119805.24
 20
553439.01
 30
0.0
 40
1528.44
  1
37605
  7
GHS
100
AcDbText
  0
TEXT
  5
2B8
330
2
100
AcDbEntity
  8
T50000
100
AcDbText
 10
118714.0066666667
 20
556931.9766666667
 30
0.0
 40
4000.0
  1
º¼À½
  7
GHS
 72
     4
 11
123297.34
 21
558890.3100000001
 31
0.0
100
AcDbText
  0
TEXT
  5
2B9
330
2
100
AcDbEntity
  8
N50000
100
AcDbText
 10
120102.62
 20
581188.5900000001
 30
0.0
 40
1528.44
  1
37601
  7
GHS
100
AcDbText
  0
TEXT
  5
2BA
330
2
100
AcDbEntity
  8
T50000
100
AcDbText
 10
118761.3866666667
 20
584598.2233333334
 30
0.0
 40
4000.0
  1
¿¬¾È
  7
GHS
 72
     4
 11
123594.72
 21
586639.89
 31
0.0
100
AcDbText
  0
TEXT
  5
2BB
330
2
100
AcDbEntity
  8
N50000
100
AcDbText
 10
142061.36
 20
580982.11
 30
0.0
 40
1528.44
  1
37602
  7
GHS
100
AcDbText
  0
TEXT
  5
2BC
330
2
100
AcDbEntity
  8
T50000
100
AcDbText
 10
140970.1266666666
 20
584516.7433333333
 30
0.0
 40
4000.0
  1
±³µ¿
  7
GHS
 72
     4
 11
145553.46
 21
586433.4099999999
 31
0.0
100
AcDbText
  0
TEXT
  5
2BD
330
2
100
AcDbEntity
  8
N50000
100
AcDbText
 10
164019.8
 20
580834.6400000001
 30
0.0
 40
1528.44
  1
37603
  7
GHS
100
AcDbText
  0
TEXT
  5
2BE
330
2
100
AcDbEntity
  8
T50000
100
AcDbText
 10
162928.5666666666
 20
584285.94
 30
0.0
 40
4000.0
  1
°³¼º
  7
GHS
 72
     4
 11
167511.9
 21
586285.94
 31
0.0
100
AcDbText
  0
TEXT
  5
2BF
330
2
100
AcDbEntity
  8
N50000
100
AcDbText
 10
141838.35
 20
553232.99
 30
0.0
 40
1528.44
  1
37606
  7
GHS
100
AcDbText
  0
TEXT
  5
2C0
330
2
100
AcDbEntity
  8
T50000
100
AcDbText
 10
140497.1166666667
 20
556684.2900000001
 30
0.0
 40
4000.0
  1
°­È­
  7
GHS
 72
     4
 11
145330.45
 21
558684.29
 31
0.0
100
AcDbText
  0
TEXT
  5
2C1
330
2
100
AcDbEntity
  8
N50000
100
AcDbText
 10
163871.13
 20
553085.8400000001
 30
0.0
 40
1528.44
  1
37607
  7
GHS
100
AcDbText
  0
TEXT
  5
2C2
330
2
100
AcDbEntity
  8
T50000
100
AcDbText
 10
162613.23
 20
556495.4733333333
 30
0.0
 40
4000.0
  1
±èÆ÷
  7
GHS
 72
     4
 11
167363.23
 21
558537.14
 31
0.0
100
AcDbText
  0
TEXT
  5
2C3
330
2
100
AcDbEntity
  8
N50000
100
AcDbText
 10
185903.7
 20
552997.5600000001
 30
0.0
 40
1528.44
  1
37608
  7
GHS
100
AcDbText
  0
TEXT
  5
2C4
330
2
100
AcDbEntity
  8
T50000
100
AcDbText
 10
184729.1333333333
 20
556448.86
 30
0.0
 40
4000.0
  1
¼­¿ï
  7
GHS
 72
     4
 11
189395.8
 21
558448.86
 31
0.0
100
AcDbText
  0
TEXT
  5
2C5
330
2
100
AcDbEntity
  8
N50000
100
AcDbText
 10
207936.17
 20
552968.13
 30
0.0
 40
1528.44
  1
37705
  7
GHS
100
AcDbText
  0
TEXT
  5
2C6
330
2
100
AcDbEntity
  8
T50000
100
AcDbText
 10
206761.6033333333
 20
556419.43
 30
0.0
 40
4000.0
  1
¼ºµ¿
  7
GHS
 72
     4
 11
211428.27
 21
558419.43
 31
0.0
100
AcDbText
  0
TEXT
  5
2C7
330
2
100
AcDbEntity
  8
N50000
100
AcDbText
 10
229968.64
 20
552997.5600000001
 30
0.0
 40
1528.44
  1
37706
  7
GHS
100
AcDbText
  0
TEXT
  5
2C8
330
2
100
AcDbEntity
  8
T50000
100
AcDbText
 10
228710.74
 20
556490.5266666666
 30
0.0
 40
4000.0
  1
¾ç¼ö
  7
GHS
 72
     4
 11
233460.74
 21
558448.86
 31
0.0
100
AcDbText
  0
TEXT
  5
2C9
330
2
100
AcDbEntity
  8
N50000
100
AcDbText
 10
252001.21
 20
553085.8400000001
 30
0.0
 40
1528.44
  1
37707
  7
GHS
100
AcDbText
  0
TEXT
  5
2CA
330
2
100
AcDbEntity
  8
T50000
100
AcDbText
 10
250909.9766666667
 20
556620.4733333334
 30
0.0
 40
4000.0
  1
¿ëµÎ
  7
GHS
 72
     4
 11
255493.31
 21
558537.14
 31
0.0
100
AcDbText
  0
TEXT
  5
2CB
330
2
100
AcDbEntity
  8
N50000
100
AcDbText
 10
274033.99
 20
553232.99
 30
0.0
 40
1528.44
  1
37708
  7
GHS
100
AcDbText
  0
TEXT
  5
2CC
330
2
100
AcDbEntity
  8
T50000
100
AcDbText
 10
273109.4233333334
 20
556642.6233333334
 30
0.0
 40
4000.0
  1
È«Ãµ
  7
GHS
 72
     4
 11
277526.0900000001
 21
558684.29
 31
0.0
100
AcDbText
  0
TEXT
  5
2CD
330
2
100
AcDbEntity
  8
N50000
100
AcDbText
 10
296067.1
 20
553439.01
 30
0.0
 40
1528.44
  1
37805
  7
GHS
100
AcDbText
  0
TEXT
  5
2CE
330
2
100
AcDbEntity
  8
T50000
100
AcDbText
 10
294975.8666666667
 20
556890.31
 30
0.0
 40
4000.0
  1
Ã»ÀÏ
  7
GHS
 72
     4
 11
299559.2
 21
558890.3100000001
 31
0.0
100
AcDbText
  0
TEXT
  5
2CF
330
2
100
AcDbEntity
  8
N50000
100
AcDbText
 10
318100.6400000001
 20
553703.9199999999
 30
0.0
 40
1528.44
  1
37806
  7
GHS
100
AcDbText
  0
TEXT
  5
2D0
330
2
100
AcDbEntity
  8
T50000
100
AcDbText
 10
317176.0633333333
 20
557155.22
 30
0.0
 40
4000.0
  1
ºÀÆò
  7
GHS
 72
     4
 11
321592.73
 21
559155.22
 31
0.0
100
AcDbText
  0
TEXT
  5
2D1
330
2
100
AcDbEntity
  8
N50000
100
AcDbText
 10
340134.67
 20
554027.6999999999
 30
0.0
 40
1528.44
  1
37807
  7
GHS
100
AcDbText
  0
TEXT
  5
2D2
330
2
100
AcDbEntity
  8
T50000
100
AcDbText
 10
338960.1033333334
 20
557437.3333333333
 30
0.0
 40
4000.0
  1
µµ¾Ï
  7
GHS
 72
     4
 11
343626.7700000001
 21
559479.0
 31
0.0
100
AcDbText
  0
TEXT
  5
2D3
330
2
100
AcDbEntity
  8
N50000
100
AcDbText
 10
362169.37
 20
554410.4099999999
 30
0.0
 40
1528.44
  1
37808
  7
GHS
100
AcDbText
  0
TEXT
  5
2D4
330
2
100
AcDbEntity
  8
T50000
100
AcDbText
 10
361244.8033333333
 20
557903.3766666666
 30
0.0
 40
4000.0
  1
±¸Á¤
  7
GHS
 72
     4
 11
365661.47
 21
559861.71
 31
0.0
100
AcDbText
  0
TEXT
  5
2D5
330
2
100
AcDbEntity
  8
N50000
100
AcDbText
 10
384204.81
 20
554852.03
 30
0.0
 40
1528.44
  1
37905
  7
GHS
100
AcDbText
  0
TEXT
  5
2D6
330
2
100
AcDbEntity
  8
T50000
100
AcDbText
 10
383113.5766666667
 20
558386.6633333335
 30
0.0
 40
4000.0
  1
¹¬È£
  7
GHS
 72
     4
 11
387696.91
 21
560303.3300000001
 31
0.0
100
AcDbText
  0
TEXT
  5
2D7
330
2
100
AcDbEntity
  8
N50000
100
AcDbText
 10
361648.83
 20
582162.15
 30
0.0
 40
1528.44
  1
37804
  7
GHS
100
AcDbText
  0
TEXT
  5
2D8
330
2
100
AcDbEntity
  8
T50000
100
AcDbText
 10
360390.93
 20
585613.4499999999
 30
0.0
 40
4000.0
  1
°­¸ª
  7
GHS
 72
     4
 11
365140.93
 21
587613.45
 31
0.0
100
AcDbText
  0
TEXT
  5
2D9
330
2
100
AcDbEntity
  8
N50000
100
AcDbText
 10
339688.53
 20
581778.5800000001
 30
0.0
 40
1528.44
  1
37803
  7
GHS
100
AcDbText
  0
TEXT
  5
2DA
330
2
100
AcDbEntity
  8
T50000
100
AcDbText
 10
338430.63
 20
585229.88
 30
0.0
 40
4000.0
  1
¿¬°î
  7
GHS
 72
     4
 11
343180.63
 21
587229.88
 31
0.0
100
AcDbText
  0
TEXT
  5
2DB
330
2
100
AcDbEntity
  8
N50000
100
AcDbText
 10
317728.87
 20
581454.06
 30
0.0
 40
1528.44
  1
37802
  7
GHS
100
AcDbText
  0
TEXT
  5
2DC
330
2
100
AcDbEntity
  8
T50000
100
AcDbText
 10
316637.6366666667
 20
584905.36
 30
0.0
 40
4000.0
  1
Çö¸®
  7
GHS
 72
     4
 11
321220.97
 21
586905.36
 31
0.0
100
AcDbText
  0
TEXT
  5
2DD
330
2
100
AcDbEntity
  8
N50000
100
AcDbText
 10
295769.72
 20
581188.5900000001
 30
0.0
 40
1528.44
  1
37801
  7
GHS
100
AcDbText
  0
TEXT
  5
2DE
330
2
100
AcDbEntity
  8
T50000
100
AcDbText
 10
294511.82
 20
584639.89
 30
0.0
 40
4000.0
  1
¾î·Ð
  7
GHS
 72
     4
 11
299261.82
 21
586639.89
 31
0.0
100
AcDbText
  0
TEXT
  5
2DF
330
2
100
AcDbEntity
  8
N50000
100
AcDbText
 10
273810.98
 20
580982.11
 30
0.0
 40
1528.44
  1
37704
  7
GHS
100
AcDbText
  0
TEXT
  5
2E0
330
2
100
AcDbEntity
  8
T50000
100
AcDbText
 10
272719.7466666667
 20
584433.41
 30
0.0
 40
4000.0
  1
³»Æò
  7
GHS
 72
     4
 11
277303.0800000001
 21
586433.4099999999
 31
0.0
100
AcDbText
  0
TEXT
  5
2E1
330
2
100
AcDbEntity
  8
N50000
100
AcDbText
 10
251852.54
 20
580834.6400000001
 30
0.0
 40
1528.44
  1
37703
  7
GHS
100
AcDbText
  0
TEXT
  5
2E2
330
2
100
AcDbEntity
  8
T50000
100
AcDbText
 10
250927.9733333334
 20
584202.6066666665
 30
0.0
 40
4000.0
  1
ÃáÃµ
  7
GHS
 72
     4
 11
255344.64
 21
586285.94
 31
0.0
100
AcDbText
  0
TEXT
  5
2E3
330
2
100
AcDbEntity
  8
N50000
100
AcDbText
 10
229894.3
 20
580746.1500000001
 30
0.0
 40
1528.44
  1
37702
  7
GHS
100
AcDbText
  0
TEXT
  5
2E4
330
2
100
AcDbEntity
  8
T50000
100
AcDbText
 10
228636.4
 20
584197.45
 30
0.0
 40
4000.0
  1
ÀÏµ¿
  7
GHS
 72
     4
 11
233386.4
 21
586197.4499999999
 31
0.0
100
AcDbText
  0
TEXT
  5
2E5
330
2
100
AcDbEntity
  8
N50000
100
AcDbText
 10
207936.17
 20
580716.6599999999
 30
0.0
 40
1528.44
  1
37701
  7
GHS
100
AcDbText
  0
TEXT
  5
2E6
330
2
100
AcDbEntity
  8
T50000
100
AcDbText
 10
207011.6033333333
 20
584126.2933333333
 30
0.0
 40
4000.0
  1
Æ÷Ãµ
  7
GHS
 72
     4
 11
211428.27
 21
586167.96
 31
0.0
100
AcDbText
  0
TEXT
  5
2E7
330
2
100
AcDbEntity
  8
N50000
100
AcDbText
 10
185978.04
 20
580746.1500000001
 30
0.0
 40
1528.44
  1
37604
  7
GHS
100
AcDbText
  0
TEXT
  5
2E8
330
2
100
AcDbEntity
  8
T50000
100
AcDbText
 10
184803.4733333333
 20
584155.7833333333
 30
0.0
 40
4000.0
  1
¹®»ê
  7
GHS
 72
     4
 11
189470.14
 21
586197.4499999999
 31
0.0
100
AcDbText
  0
TEXT
  5
2E9
330
2
100
AcDbEntity
  8
N50000
100
AcDbText
 10
186052.79
 20
608495.93
 30
0.0
 40
1528.44
  1
38616
  7
GHS
100
AcDbText
  0
TEXT
  5
2EA
330
2
100
AcDbEntity
  8
T50000
100
AcDbText
 10
185044.89
 20
611947.23
 30
0.0
 40
4000.0
  1
¿ÕÂ¡
  7
GHS
 72
     4
 11
189544.89
 21
613947.23
 31
0.0
100
AcDbText
  0
TEXT
  5
2EB
330
2
100
AcDbEntity
  8
N50000
100
AcDbText
 10
207936.17
 20
636217.2700000001
 30
0.0
 40
1528.44
  1
38709
  7
GHS
100
AcDbText
  0
TEXT
  5
2EC
330
2
100
AcDbEntity
  8
T50000
100
AcDbText
 10
206678.27
 20
639668.5699999999
 30
0.0
 40
4000.0
  1
³»¹®
  7
GHS
 72
     4
 11
211428.27
 21
641668.5699999999
 31
0.0
100
AcDbText
  0
TEXT
  5
2ED
330
2
100
AcDbEntity
  8
N50000
100
AcDbText
 10
207936.17
 20
608466.37
 30
0.0
 40
1528.44
  1
38713
  7
GHS
100
AcDbText
  0
TEXT
  5
2EE
330
2
100
AcDbEntity
  8
T50000
100
AcDbText
 10
206844.9366666667
 20
611917.67
 30
0.0
 40
4000.0
  1
Ã¶¿ø
  7
GHS
 72
     4
 11
211428.27
 21
613917.67
 31
0.0
100
AcDbText
  0
TEXT
  5
2EF
330
2
100
AcDbEntity
  8
N50000
100
AcDbText
 10
229819.55
 20
608495.93
 30
0.0
 40
1528.44
  1
38714
  7
GHS
100
AcDbText
  0
TEXT
  5
2F0
330
2
100
AcDbEntity
  8
T50000
100
AcDbText
 10
228478.3166666667
 20
611947.23
 30
0.0
 40
4000.0
  1
°¥¸»
  7
GHS
 72
     4
 11
233311.65
 21
613947.23
 31
0.0
100
AcDbText
  0
TEXT
  5
2F1
330
2
100
AcDbEntity
  8
N50000
100
AcDbText
 10
229744.38
 20
636246.89
 30
0.0
 40
1528.44
  1
38710
  7
GHS
100
AcDbText
  0
TEXT
  5
2F2
330
2
100
AcDbEntity
  8
T50000
100
AcDbText
 10
228403.1466666667
 20
639698.19
 30
0.0
 40
4000.0
  1
±èÈ­
  7
GHS
 72
     4
 11
233236.48
 21
641698.19
 31
0.0
100
AcDbText
  0
TEXT
  5
2F3
330
2
100
AcDbEntity
  8
N50000
100
AcDbText
 10
251552.68
 20
636335.74
 30
0.0
 40
1528.44
  1
38711
  7
GHS
100
AcDbText
  0
TEXT
  5
2F4
330
2
100
AcDbEntity
  8
T50000
100
AcDbText
 10
250628.1133333334
 20
639787.0400000001
 30
0.0
 40
4000.0
  1
±Ý¼º
  7
GHS
 72
     4
 11
255044.7800000001
 21
641787.0400000001
 31
0.0
100
AcDbText
  0
TEXT
  5
2F5
330
2
100
AcDbEntity
  8
N50000
100
AcDbText
 10
251703.03
 20
608584.6
 30
0.0
 40
1528.44
  1
38715
  7
GHS
100
AcDbText
  0
TEXT
  5
2F6
330
2
100
AcDbEntity
  8
T50000
100
AcDbText
 10
250695.13
 20
612035.9
 30
0.0
 40
4000.0
  1
È­Ãµ
  7
GHS
 72
     4
 11
255195.1300000001
 21
614035.9000000001
 31
0.0
100
AcDbText
  0
TEXT
  5
2F7
330
2
100
AcDbEntity
  8
N50000
100
AcDbText
 10
273586.7000000001
 20
608732.3900000001
 30
0.0
 40
1528.44
  1
38716
  7
GHS
100
AcDbText
  0
TEXT
  5
2F8
330
2
100
AcDbEntity
  8
T50000
100
AcDbText
 10
272328.8
 20
612225.3566666666
 30
0.0
 40
4000.0
  1
¾ç±¸
  7
GHS
 72
     4
 11
277078.8
 21
614183.69
 31
0.0
100
AcDbText
  0
TEXT
  5
2F9
330
2
100
AcDbEntity
  8
N50000
100
AcDbText
 10
273361.17
 20
636483.84
 30
0.0
 40
1528.44
  1
38712
  7
GHS
100
AcDbText
  0
TEXT
  5
2FA
330
2
100
AcDbEntity
  8
T50000
100
AcDbText
 10
272019.9366666667
 20
639935.14
 30
0.0
 40
4000.0
  1
¹æ»ê
  7
GHS
 72
     4
 11
276853.2700000001
 21
641935.14
 31
0.0
100
AcDbText
  0
TEXT
  5
2FB
330
2
100
AcDbEntity
  8
N50000
100
AcDbText
 10
295169.94
 20
636691.1899999999
 30
0.0
 40
1528.44
  1
38809
  7
GHS
100
AcDbText
  0
TEXT
  5
2FC
330
2
100
AcDbEntity
  8
T50000
100
AcDbText
 10
293912.04
 20
640142.4900000001
 30
0.0
 40
4000.0
  1
¼­È­
  7
GHS
 72
     4
 11
298662.04
 21
642142.4899999999
 31
0.0
100
AcDbText
  0
TEXT
  5
2FD
330
2
100
AcDbEntity
  8
N50000
100
AcDbText
 10
295470.67
 20
608939.29
 30
0.0
 40
1528.44
  1
38813
  7
GHS
100
AcDbText
  0
TEXT
  5
2FE
330
2
100
AcDbEntity
  8
T50000
100
AcDbText
 10
294254.4366666668
 20
612390.5900000001
 30
0.0
 40
4000.0
  1
ÀÎÁ¦
  7
GHS
 72
     4
 11
298962.7700000001
 21
614390.5900000001
 31
0.0
100
AcDbText
  0
TEXT
  5
2FF
330
2
100
AcDbEntity
  8
N50000
100
AcDbText
 10
317355.03
 20
609205.39
 30
0.0
 40
1528.44
  1
38814
  7
GHS
100
AcDbText
  0
TEXT
  5
300
330
2
100
AcDbEntity
  8
T50000
100
AcDbText
 10
316097.13
 20
612656.69
 30
0.0
 40
4000.0
  1
¼³¾Ç
  7
GHS
 72
     4
 11
320847.13
 21
614656.6899999999
 31
0.0
100
AcDbText
  0
TEXT
  5
301
330
2
100
AcDbEntity
  8
N50000
100
AcDbText
 10
316979.1
 20
636957.8100000001
 30
0.0
 40
1528.44
  1
38810
  7
GHS
100
AcDbText
  0
TEXT
  5
302
330
2
100
AcDbEntity
  8
T50000
100
AcDbText
 10
315887.8566666667
 20
640409.1100000001
 30
0.0
 40
4000.0
  1
°£¼º
  7
GHS
 72
     4
 11
320471.19
 21
642409.11
 31
0.0
100
AcDbText
  0
TEXT
  5
303
330
2
100
AcDbEntity
  8
N50000
100
AcDbText
 10
316601.08
 20
664711.3800000001
 30
0.0
 40
1528.44
  1
38806
  7
GHS
100
AcDbText
  0
TEXT
  5
304
330
2
100
AcDbEntity
  8
T50000
100
AcDbText
 10
315676.5133333334
 20
668162.6700000001
 30
0.0
 40
4000.0
  1
°í¼º
  7
GHS
 72
     4
 11
320093.18
 21
670162.6700000002
 31
0.0
100
AcDbText
  0
TEXT
  5
305
330
2
100
AcDbEntity
  8
N50000
100
AcDbText
 10
338788.71
 20
637283.6600000001
 30
0.0
 40
1528.44
  1
38811
  7
GHS
100
AcDbText
  0
TEXT
  5
306
330
2
100
AcDbEntity
  8
T50000
100
AcDbText
 10
337697.4766666667
 20
640526.6266666666
 30
0.0
 40
4000.0
  1
¿ÀÈ£
  7
GHS
 72
     4
 11
342280.8100000001
 21
642734.9599999999
 31
0.0
100
AcDbText
  0
TEXT
  5
307
330
2
100
AcDbEntity
  8
N50000
100
AcDbText
 10
339239.88
 20
609530.5800000001
 30
0.0
 40
1528.44
  1
38815
  7
GHS
100
AcDbText
  0
TEXT
  5
308
330
2
100
AcDbEntity
  8
T50000
100
AcDbText
 10
338148.6466666667
 20
612981.88
 30
0.0
 40
4000.0
  1
¼ÓÃÊ
  7
GHS
 72
     4
 11
342731.98
 21
614981.8800000001
 31
0.0
100
AcDbText
  0
TEXT
  5
309
330
2
100
AcDbEntity
  8
N50000
100
AcDbText
 10
48173.3
 20
249211.23
 30
0.0
 40
1528.44
  1
34702
  7
GHS
100
AcDbText
  0
TEXT
  5
30A
330
2
100
AcDbEntity
  8
T50000
100
AcDbText
 10
43832.06666666667
 20
252948.2442857143
 30
0.0
 40
4000.0
  1
(Á×µµ)
  7
GHS
 72
     4
 11
51665.4
 21
254662.53
 31
0.0
100
AcDbText
  0
TEXT
  5
30B
330
2
100
AcDbEntity
  8
N50000
100
AcDbText
 10
24793.14
 20
221899.38
 30
0.0
 40
1528.44
  1
34505
  7
GHS
100
AcDbText
  0
TEXT
  5
30C
330
2
100
AcDbEntity
  8
T50000
100
AcDbText
 10
23701.90666666667
 20
225309.0133333333
 30
0.0
 40
4000.0
  1
È«µµ
  7
GHS
 72
     4
 11
28285.24
 21
227350.68
 31
0.0
100
AcDbText
  0
TEXT
  5
30D
330
2
100
AcDbEntity
  8
N50000
100
AcDbText
 10
47688.70999999999
 20
221472.15
 30
0.0
 40
1528.44
  1
34506
  7
GHS
100
AcDbText
  0
TEXT
  5
30E
330
2
100
AcDbEntity
  8
T50000
100
AcDbText
 10
43764.14333333333
 20
224881.7833333334
 30
0.0
 40
4000.0
  1
´ëÈæ»ê
  7
GHS
 72
     4
 11
51180.81
 21
226923.45
 31
0.0
100
AcDbText
  0
TEXT
  5
30F
330
2
100
AcDbEntity
  8
N50000
100
AcDbText
 10
47207.16999999999
 20
193734.09
 30
0.0
 40
1528.44
  1
34510
  7
GHS
100
AcDbText
  0
TEXT
  5
310
330
2
100
AcDbEntity
  8
T50000
100
AcDbText
 10
45949.27
 20
197185.39
 30
0.0
 40
4000.0
  1
ÅÂµµ
  7
GHS
 72
     4
 11
50699.26999999999
 21
199185.39
 31
0.0
100
AcDbText
  0
TEXT
  5
311
330
2
100
AcDbEntity
  8
N50000
100
AcDbText
 10
23695.82
 20
166421.43
 30
0.0
 40
1528.44
  1
34513
  7
GHS
100
AcDbText
  0
TEXT
  5
312
330
2
100
AcDbEntity
  8
T50000
100
AcDbText
 10
19937.92
 20
169831.0633333333
 30
0.0
 40
4000.0
  1
¼ÒÈæ»ê
  7
GHS
 72
     4
 11
27187.92
 21
171872.73
 31
0.0
100
AcDbText
  0
ENDSEC
  0
SECTION
  2
OBJECTS
  0
DICTIONARY
  5
A
330
0
100
AcDbDictionary
281
     1
  3
ACAD_CIP_PREVIOUS_PRODUCT_INFO
350
369
  3
ACAD_COLOR
350
349
  3
ACAD_DETAILVIEWSTYLE
350
362
  3
ACAD_GROUP
350
27
  3
ACAD_LAST_SAVED_VERSION_INFO
350
36A
  3
ACAD_LAYOUT
350
F
  3
ACAD_MATERIAL
350
317
  3
ACAD_MLEADERSTYLE
350
35E
  3
ACAD_MLINESTYLE
350
28
  3
ACAD_PLOTSETTINGS
350
29
  3
ACAD_PLOTSTYLENAME
350
9
  3
ACAD_SCALELIST
350
34C
  3
ACAD_SECTIONVIEWSTYLE
350
360
  3
ACAD_TABLESTYLE
350
34A
  3
ACAD_VISUALSTYLE
350
330
  3
ACDB_RECOMPOSE_DATA
350
37E
  3
AcDbVariableDictionary
350
313
  3
DWGPROPS
350
37F
1001
ADE
1000
ADE02C003
1000
[Workspace]
1000
Drawings=1
1000
QueryLibrary=1
1000
Databases=1
1000
Tables=1
1000
Queries=1
1000
Topologies=1
1000
LPNs=1
1000
ShowWSpaceOnStartup=0
1000
WSpaceDockingView=1
1000
WSpaceWindowRect=0,0,0,0
1000
[Work Session]
1000
RestoreLastActiveDwgsOnStartup=1
1000
ActivateDwgsOnAttach=1
1000
DontAddObjectsToSaveSet=0
1000
MarkObjectsForEditingWithoutPrompting=0
1000
LogFileActive=1
1000
LogFileName=acadmap.log
1000
LogMessageLevel=1
1000
[Query]
1000
QueryFileDirectory=C:\Program Files\AutoCAD Map 2000i
1000
CaseSensitiveMatch=0
1000
SaveCurrQueryInSession=1
1000
MkSelSetWithQryObj=0
1000
ShowBlockAsInsPt=0
1000
CreateAssociativeHatchObjects=0
1000
ReferenceBoundaryForAreaLocation=1
1000
ShowImageAsBoundary=1
1000
DefaultJoinOperator=2
1000
ColorForAdd=red
1000
ColorForRemove=red
1000
BlockLocnForQuery=1
1000
TextLocnForQuery=1
1000
[Save Back]
1000
RedefineBlockDefinitions=1
1000
RedefineLayerDefinitions=1
1000
RedefineTextStyleDefinitions=1
1000
RemoveUnusedGroups=1
1000
EraseSavedBackObjects=1
1000
RemoveLockAfterSave=1
1000
CreateHistoryFileOfChanges=0
1000
CreateBackupFileOfSourceDwg=1
1000
[External Database]
1000
DisplayTabsInSingleView=0
1000
OpenDataViewReadOnly=0
1000
SaveDataViewFmtChanges=1
1000
KeepDataViewOnTop=0
1000
ReconnectDbOnWSOpen=1
1000
NoOfSQLConditionsInHistory=10
1000
ShowFullDBPath=1
1000
[Database Types]
1000
dbfDatabases=Prompt
1000
xlsDatabases=Prompt
1000
dbDatabases=Prompt
1000
[Coordinate Transformation]
1000
AdjustSizesAndScalesForChangesInUnits=1
1000
AdjustRotationsForMapDistortions=1
1000
AdjustSizesAndScalesForMapDistortions=1
1000
AdjustElevations=1
1000
AdjustZeroRotationObjects=1
  0
DICTIONARY
  5
17
330
16
100
AcDbDictionary
280
     1
281
     1
  3
ACAD_LAYERSTATES
360
18
  0
DICTIONARY
  5
36B
330
7
100
AcDbDictionary
280
     1
281
     1
  3
ADSK_XREC_LAYER_RECONCILED
360
36C
  0
DICTIONARY
  5
36D
330
31
100
AcDbDictionary
280
     1
281
     1
  3
ADSK_XREC_LAYER_RECONCILED
360
36E
  0
DICTIONARY
  5
36F
330
2E
100
AcDbDictionary
280
     1
281
     1
  3
ADSK_XREC_LAYER_RECONCILED
360
370
  0
DICTIONARY
  5
371
330
128
100
AcDbDictionary
280
     1
281
     1
  3
ADSK_XREC_LAYER_RECONCILED
360
372
  0
DICTIONARY
  5
3
330
2
100
AcDbDictionary
280
     1
281
     1
  3
ACAD_LAYOUTSELFREF
360
4
  3
ACAD_SORTENTS
360
5
  0
DICTIONARY
  5
11
330
10
100
AcDbDictionary
280
     1
281
     1
  3
ACAD_LAYOUTSELFREF
360
12
  0
XRECORD
  5
369
102
{ACAD_REACTORS
330
A
102
}
330
A
100
AcDbXrecord
280
     1
300
ACD
300
2026
300

  0
DICTIONARY
  5
349
102
{ACAD_REACTORS
330
A
102
}
330
A
100
AcDbDictionary
281
     1
  0
DICTIONARY
  5
362
102
{ACAD_REACTORS
330
A
102
}
330
A
100
AcDbDictionary
281
     1
  3
Imperial24
350
363
  0
DICTIONARY
  5
27
102
{ACAD_REACTORS
330
A
102
}
330
A
100
AcDbDictionary
281
     1
  0
XRECORD
  5
36A
102
{ACAD_REACTORS
330
A
102
}
330
A
100
AcDbXrecord
280
     1
300
{292F5A39-2548-2846-826F-E7B67626BE82}
301
{4023D20F-9452-8445-8B68-708C3E49E6E1}
302
{292F5A39-2548-2846-826F-E7B67626BE82}
303
C:\a\mid_50k.dxf
  0
DICTIONARY
  5
F
102
{ACAD_REACTORS
330
A
102
}
330
A
100
AcDbDictionary
281
     1
  3
Layout1
350
15
  3
Model
350
E
  0
DICTIONARY
  5
317
102
{ACAD_REACTORS
330
A
102
}
330
A
100
AcDbDictionary
281
     1
  3
ByBlock
350
320
  3
ByLayer
350
318
  3
Global
350
328
  0
DICTIONARY
  5
35E
102
{ACAD_REACTORS
330
A
102
}
330
A
100
AcDbDictionary
281
     1
  3
Standard
350
35F
  0
DICTIONARY
  5
28
102
{ACAD_REACTORS
330
A
102
}
330
A
100
AcDbDictionary
281
     1
  3
STANDARD
350
2B
  0
DICTIONARY
  5
29
102
{ACAD_REACTORS
330
A
102
}
330
A
100
AcDbDictionary
281
     1
  0
ACDBDICTIONARYWDFLT
  5
9
102
{ACAD_REACTORS
330
A
102
}
330
A
100
AcDbDictionary
281
     1
  3
Normal
350
8
100
AcDbDictionaryWithDefault
340
8
  0
DICTIONARY
  5
34C
102
{ACAD_REACTORS
330
A
102
}
330
A
100
AcDbDictionary
281
     1
  3
A0
350
34D
  3
A1
350
34E
  3
A2
350
34F
  3
A3
350
350
  3
A4
350
351
  3
A5
350
352
  3
A6
350
353
  3
A7
350
354
  3
A8
350
355
  3
A9
350
356
  3
B0
350
357
  3
B1
350
358
  3
B2
350
359
  3
B3
350
35A
  3
B4
350
35B
  3
B5
350
35C
  3
B6
350
35D
  0
DICTIONARY
  5
360
102
{ACAD_REACTORS
330
A
102
}
330
A
100
AcDbDictionary
281
     1
  3
Imperial24
350
361
  0
DICTIONARY
  5
34A
102
{ACAD_REACTORS
330
A
102
}
330
A
100
AcDbDictionary
281
     1
  3
Standard
350
34B
  0
DICTIONARY
  5
330
102
{ACAD_REACTORS
330
A
102
}
330
A
100
AcDbDictionary
281
     1
  3
2dWireframe
350
336
  3
Basic
350
335
  3
Brighten
350
33C
  3
ColorChange
350
340
  3
Conceptual
350
339
  3
Dim
350
33B
  3
EdgeColorOff
350
348
  3
Facepattern
350
33F
  3
Flat
350
331
  3
FlatWithEdges
350
332
  3
Gouraud
350
333
  3
GouraudWithEdges
350
334
  3
Hidden
350
338
  3
JitterOff
350
346
  3
Linepattern
350
33E
  3
OverhangOff
350
347
  3
Realistic
350
33A
  3
Shaded
350
345
  3
Shaded with edges
350
344
  3
Shades of Gray
350
341
  3
Sketchy
350
342
  3
Thicken
350
33D
  3
Wireframe
350
337
  3
X-Ray
350
343
  0
XRECORD
  5
37E
102
{ACAD_REACTORS
330
A
102
}
330
A
100
AcDbXrecord
280
     1
 90
        1
330
34B
  0
DICTIONARY
  5
313
102
{ACAD_REACTORS
330
A
102
}
330
A
100
AcDbDictionary
281
     1
  3
CANNOSCALE
350
377
  3
CMLEADERSTYLE
350
374
  3
CTABLESTYLE
350
373
  3
CVIEWDETAILSTYLE
350
375
  3
CVIEWSECTIONSTYLE
350
376
  3
DIMASSOC
350
315
  3
HIDETEXT
350
314
  3
INDEXCTL
350
379
  3
SORTENTS
350
378
  3
XCLIPFRAME
350
37A
  0
XRECORD
  5
37F
102
{ACAD_REACTORS
330
A
102
}
330
A
100
AcDbXrecord
280
     1
  1
DWGPROPS COOKIE
  2

  3

  4

  6

  7

  8
geo03
  9

300
=
301
=
302
=
303
=
304
=
305
=
306
=
307
=
308
=
309
=
 40
2.663350821759259
 41
2454179.25474537
 42
2461280.559849537
  1

 90
        0
  0
DICTIONARY
  5
18
102
{ACAD_REACTORS
330
17
102
}
330
17
100
AcDbDictionary
281
     1
  0
XRECORD
  5
36C
102
{ACAD_REACTORS
330
36B
102
}
330
36B
100
AcDbXrecord
280
     1
290
     1
  0
XRECORD
  5
36E
102
{ACAD_REACTORS
330
36D
102
}
330
36D
100
AcDbXrecord
280
     1
290
     1
  0
XRECORD
  5
370
102
{ACAD_REACTORS
330
36F
102
}
330
36F
100
AcDbXrecord
280
     1
290
     1
  0
XRECORD
  5
372
102
{ACAD_REACTORS
330
371
102
}
330
371
100
AcDbXrecord
280
     1
290
     1
  0
XRECORD
  5
4
102
{ACAD_REACTORS
330
3
102
}
330
3
100
AcDbXrecord
280
     1
340
2
  0
SORTENTSTABLE
  5
5
102
{ACAD_REACTORS
330
3
102
}
330
3
100
AcDbSortentsTable
330
2
  0
XRECORD
  5
12
102
{ACAD_REACTORS
330
11
102
}
330
11
100
AcDbXrecord
280
     1
340
10
  0
ACDBDETAILVIEWSTYLE
  5
363
102
{ACAD_XDICTIONARY
360
3BD
102
}
102
{ACAD_REACTORS
330
362
102
}
330
362
100
AcDbModelDocViewStyle
 70
     0
  3
Imperial24
290
     0
100
AcDbDetailViewStyle
 70
     0
 71
     0
 90
        3
 71
     1
340
1A
 40
0.24
340
0
 40
0.24
300

 40
0.36
280
     3
 71
     2
340
C
 90
       25
 71
     3
340
1A
 40
0.24
 90
        1
 40
0.75
 90
        1
300
%<\AcVar ViewType \f "%tc1">% %<\AcVar ViewDetailId>%\PSCALE %<\AcVar ViewScale \f "%sn">%
 71
     4
340
C
 90
       25
340
C
 90
       25
280
     0
  0
LAYOUT
  5
15
102
{ACAD_XDICTIONARY
360
382
102
}
102
{ACAD_REACTORS
330
F
102
}
330
F
100
AcDbPlotSettings
  1

  2
Microsoft Office Document Image Writer
  4

  6

 40
0.0
 41
0.0
 42
0.0
 43
0.0
 44
0.0
 45
0.0
 46
0.0
 47
0.0
 48
0.0
 49
0.0
140
0.0
141
0.0
142
1.0
143
1.0
 70
   688
 72
     0
 73
     0
 74
     5
  7

 75
    16
147
1.0
148
0.0
149
0.0
100
AcDbLayout
  1
Layout1
 70
     1
 71
     1
 10
0.0
 20
0.0
 11
12.0
 21
9.0
 12
0.0
 22
0.0
 32
0.0
 14
1.000000000000000E+20
 24
1.000000000000000E+20
 34
1.000000000000000E+20
 15
-1.000000000000000E+20
 25
-1.000000000000000E+20
 35
-1.000000000000000E+20
146
0.0
 13
0.0
 23
0.0
 33
0.0
 16
1.0
 26
0.0
 36
0.0
 17
0.0
 27
1.0
 37
0.0
 76
     0
330
10
  0
LAYOUT
  5
E
102
{ACAD_XDICTIONARY
360
380
102
}
102
{ACAD_REACTORS
330
F
102
}
330
F
100
AcDbPlotSettings
  1

  2
Microsoft Office Document Image Writer
  4

  6

 40
0.0
 41
0.0
 42
0.0
 43
0.0
 44
0.0
 45
0.0
 46
0.0
 47
0.0
 48
0.0
 49
0.0
140
0.0
141
0.0
142
1.0
143
1.0
 70
  1712
 72
     0
 73
     0
 74
     0
  7

 75
     0
147
1.0
148
0.0
149
0.0
100
AcDbLayout
  1
Model
 70
     1
 71
     0
 10
0.0
 20
0.0
 11
12.0
 21
9.0
 12
0.0
 22
0.0
 32
0.0
 14
0.0
 24
0.0
 34
0.0
 15
0.0
 25
0.0
 35
0.0
146
0.0
 13
0.0
 23
0.0
 33
0.0
 16
1.0
 26
0.0
 36
0.0
 17
0.0
 27
1.0
 37
0.0
 76
     0
330
2
331
22
  0
MATERIAL
  5
320
102
{ACAD_XDICTIONARY
360
321
102
}
102
{ACAD_REACTORS
330
317
102
}
330
317
100
AcDbMaterial
  1
ByBlock
 72
     0
 43
0.0208333333333333
 43
0.0
 43
0.0
 43
0.0
 43
0.0
 43
0.0208333333333333
 43
0.0
 43
0.0
 43
0.0
 43
0.0
 43
1.0
 43
0.0
 43
0.0
 43
0.0
 43
0.0
 43
1.0
 77
     0
 47
0.0208333333333333
 47
0.0
 47
0.0
 47
0.0
 47
0.0
 47
0.0208333333333333
 47
0.0
 47
0.0
 47
0.0
 47
0.0
 47
1.0
 47
0.0
 47
0.0
 47
0.0
 47
0.0
 47
1.0
171
     0
 49
0.0208333333333333
 49
0.0
 49
0.0
 49
0.0
 49
0.0
 49
0.0208333333333333
 49
0.0
 49
0.0
 49
0.0
 49
0.0
 49
1.0
 49
0.0
 49
0.0
 49
0.0
 49
0.0
 49
1.0
175
     0
142
0.0208333333333333
142
0.0
142
0.0
142
0.0
142
0.0
142
0.0208333333333333
142
0.0
142
0.0
142
0.0
142
0.0
142
1.0
142
0.0
142
0.0
142
0.0
142
0.0
142
1.0
179
     0
144
0.0208333333333333
144
0.0
144
0.0
144
0.0
144
0.0
144
0.0208333333333333
144
0.0
144
0.0
144
0.0
144
0.0
144
1.0
144
0.0
144
0.0
144
0.0
144
0.0
144
1.0
147
0.0208333333333333
147
0.0
147
0.0
147
0.0
147
0.0
147
0.0208333333333333
147
0.0
147
0.0
147
0.0
147
0.0
147
1.0
147
0.0
147
0.0
147
0.0
147
0.0
147
1.0
  0
MATERIAL
  5
318
102
{ACAD_XDICTIONARY
360
319
102
}
102
{ACAD_REACTORS
330
317
102
}
330
317
100
AcDbMaterial
  1
ByLayer
 72
     0
 43
0.0208333333333333
 43
0.0
 43
0.0
 43
0.0
 43
0.0
 43
0.0208333333333333
 43
0.0
 43
0.0
 43
0.0
 43
0.0
 43
1.0
 43
0.0
 43
0.0
 43
0.0
 43
0.0
 43
1.0
 77
     0
 47
0.0208333333333333
 47
0.0
 47
0.0
 47
0.0
 47
0.0
 47
0.0208333333333333
 47
0.0
 47
0.0
 47
0.0
 47
0.0
 47
1.0
 47
0.0
 47
0.0
 47
0.0
 47
0.0
 47
1.0
171
     0
 49
0.0208333333333333
 49
0.0
 49
0.0
 49
0.0
 49
0.0
 49
0.0208333333333333
 49
0.0
 49
0.0
 49
0.0
 49
0.0
 49
1.0
 49
0.0
 49
0.0
 49
0.0
 49
0.0
 49
1.0
175
     0
142
0.0208333333333333
142
0.0
142
0.0
142
0.0
142
0.0
142
0.0208333333333333
142
0.0
142
0.0
142
0.0
142
0.0
142
1.0
142
0.0
142
0.0
142
0.0
142
0.0
142
1.0
179
     0
144
0.0208333333333333
144
0.0
144
0.0
144
0.0
144
0.0
144
0.0208333333333333
144
0.0
144
0.0
144
0.0
144
0.0
144
1.0
144
0.0
144
0.0
144
0.0
144
0.0
144
1.0
147
0.0208333333333333
147
0.0
147
0.0
147
0.0
147
0.0
147
0.0208333333333333
147
0.0
147
0.0
147
0.0
147
0.0
147
1.0
147
0.0
147
0.0
147
0.0
147
0.0
147
1.0
  0
MATERIAL
  5
328
102
{ACAD_XDICTIONARY
360
329
102
}
102
{ACAD_REACTORS
330
317
102
}
330
317
100
AcDbMaterial
  1
Global
 72
     0
 43
0.0208333333333333
 43
0.0
 43
0.0
 43
0.0
 43
0.0
 43
0.0208333333333333
 43
0.0
 43
0.0
 43
0.0
 43
0.0
 43
1.0
 43
0.0
 43
0.0
 43
0.0
 43
0.0
 43
1.0
 77
     0
 47
0.0208333333333333
 47
0.0
 47
0.0
 47
0.0
 47
0.0
 47
0.0208333333333333
 47
0.0
 47
0.0
 47
0.0
 47
0.0
 47
1.0
 47
0.0
 47
0.0
 47
0.0
 47
0.0
 47
1.0
171
     0
 49
0.0208333333333333
 49
0.0
 49
0.0
 49
0.0
 49
0.0
 49
0.0208333333333333
 49
0.0
 49
0.0
 49
0.0
 49
0.0
 49
1.0
 49
0.0
 49
0.0
 49
0.0
 49
0.0
 49
1.0
175
     0
142
0.0208333333333333
142
0.0
142
0.0
142
0.0
142
0.0
142
0.0208333333333333
142
0.0
142
0.0
142
0.0
142
0.0
142
1.0
142
0.0
142
0.0
142
0.0
142
0.0
142
1.0
179
     0
144
0.0208333333333333
144
0.0
144
0.0
144
0.0
144
0.0
144
0.0208333333333333
144
0.0
144
0.0
144
0.0
144
0.0
144
1.0
144
0.0
144
0.0
144
0.0
144
0.0
144
1.0
147
0.0208333333333333
147
0.0
147
0.0
147
0.0
147
0.0
147
0.0208333333333333
147
0.0
147
0.0
147
0.0
147
0.0
147
1.0
147
0.0
147
0.0
147
0.0
147
0.0
147
1.0
  0
MLEADERSTYLE
  5
35F
102
{ACAD_XDICTIONARY
360
3B9
102
}
102
{ACAD_REACTORS
330
35E
102
}
330
35E
100
AcDbMLeaderStyle
170
     2
171
     1
172
     0
 90
        2
 40
0.0
 41
0.0
173
     1
 91
-1056964608
340
1D
 92
       -2
290
     1
 42
0.09
291
     1
 43
0.36
  3
Standard
 44
0.18
300

342
1A
174
     1
178
     6
175
     1
176
     0
 93
-1056964608
 45
0.18
292
     0
297
     0
 46
0.18
 94
-1056964608
 47
1.0
 49
1.0
140
1.0
293
     1
141
0.0
294
     1
177
     0
142
1.0
295
     0
296
     0
143
0.125
1001
ACAD_MLEADERVER
1070
     2
  0
MLINESTYLE
  5
2B
102
{ACAD_REACTORS
330
28
102
}
330
28
100
AcDbMlineStyle
  2
STANDARD
 70
     0
  3

 62
   256
 51
90.0
 52
90.0
 71
     2
 49
0.5
 62
   256
  6
BYLAYER
 49
-0.5
 62
   256
  6
BYLAYER
  0
ACDBPLACEHOLDER
  5
8
102
{ACAD_REACTORS
330
9
102
}
330
9
  0
SCALE
  5
34D
102
{ACAD_REACTORS
330
34C
102
}
330
34C
100
AcDbScale
 70
     0
300
1:1
140
1.0
141
1.0
290
     1
  0
SCALE
  5
34E
102
{ACAD_REACTORS
330
34C
102
}
330
34C
100
AcDbScale
 70
     0
300
1/128" = 1'-0"
140
0.0078125
141
12.0
290
     0
  0
SCALE
  5
34F
102
{ACAD_REACTORS
330
34C
102
}
330
34C
100
AcDbScale
 70
     0
300
1/64" = 1'-0"
140
0.015625
141
12.0
290
     0
  0
SCALE
  5
350
102
{ACAD_REACTORS
330
34C
102
}
330
34C
100
AcDbScale
 70
     0
300
1/32" = 1'-0"
140
0.03125
141
12.0
290
     0
  0
SCALE
  5
351
102
{ACAD_REACTORS
330
34C
102
}
330
34C
100
AcDbScale
 70
     0
300
1/16" = 1'-0"
140
0.0625
141
12.0
290
     0
  0
SCALE
  5
352
102
{ACAD_REACTORS
330
34C
102
}
330
34C
100
AcDbScale
 70
     0
300
3/32" = 1'-0"
140
0.09375
141
12.0
290
     0
  0
SCALE
  5
353
102
{ACAD_REACTORS
330
34C
102
}
330
34C
100
AcDbScale
 70
     0
300
1/8" = 1'-0"
140
0.125
141
12.0
290
     0
  0
SCALE
  5
354
102
{ACAD_REACTORS
330
34C
102
}
330
34C
100
AcDbScale
 70
     0
300
3/16" = 1'-0"
140
0.1875
141
12.0
290
     0
  0
SCALE
  5
355
102
{ACAD_REACTORS
330
34C
102
}
330
34C
100
AcDbScale
 70
     0
300
1/4" = 1'-0"
140
0.25
141
12.0
290
     0
  0
SCALE
  5
356
102
{ACAD_REACTORS
330
34C
102
}
330
34C
100
AcDbScale
 70
     0
300
3/8" = 1'-0"
140
0.375
141
12.0
290
     0
  0
SCALE
  5
357
102
{ACAD_REACTORS
330
34C
102
}
330
34C
100
AcDbScale
 70
     0
300
1/2" = 1'-0"
140
0.5
141
12.0
290
     0
  0
SCALE
  5
358
102
{ACAD_REACTORS
330
34C
102
}
330
34C
100
AcDbScale
 70
     0
300
3/4" = 1'-0"
140
0.75
141
12.0
290
     0
  0
SCALE
  5
359
102
{ACAD_REACTORS
330
34C
102
}
330
34C
100
AcDbScale
 70
     0
300
1" = 1'-0"
140
1.0
141
12.0
290
     0
  0
SCALE
  5
35A
102
{ACAD_REACTORS
330
34C
102
}
330
34C
100
AcDbScale
 70
     0
300
1-1/2" = 1'-0"
140
1.5
141
12.0
290
     0
  0
SCALE
  5
35B
102
{ACAD_REACTORS
330
34C
102
}
330
34C
100
AcDbScale
 70
     0
300
3" = 1'-0"
140
3.0
141
12.0
290
     0
  0
SCALE
  5
35C
102
{ACAD_REACTORS
330
34C
102
}
330
34C
100
AcDbScale
 70
     0
300
6" = 1'-0"
140
6.0
141
12.0
290
     0
  0
SCALE
  5
35D
102
{ACAD_REACTORS
330
34C
102
}
330
34C
100
AcDbScale
 70
     0
300
1'-0" = 1'-0"
140
12.0
141
12.0
290
     0
  0
ACDBSECTIONVIEWSTYLE
  5
361
102
{ACAD_XDICTIONARY
360
3BB
102
}
102
{ACAD_REACTORS
330
360
102
}
330
360
100
AcDbModelDocViewStyle
 70
     0
  3
Imperial24
290
     0
100
AcDbSectionViewStyle
 70
     0
 71
     0
 90
       78
 71
     1
340
1A
 40
0.24
340
0
340
0
 40
0.24
300
I, O, Q, S, X, Z
 40
0.48
 90
        3
 40
0.18
 90
        1
 71
     2
340
C
 90
       25
340
C
 90
       50
 40
0.24
 40
0.0
 40
0.24
 71
     3
340
1A
 40
0.24
 90
        1
 40
0.75
 90
        1
300
%<\AcVar ViewType \f "%tc1">% %<\AcVar ViewSectionStartId>%-%<\AcVar ViewSectionEndId>%\PSCALE %<\AcVar ViewScale \f "%sn">%
 71
     4
300
ANSI31
 40
1.0
 90
        0
290
     0
290
     0
 90
        6
 40
0.0
 40
1.570796326794896
 40
0.2617993877991494
 40
1.308996938995747
 40
-0.2617993877991494
 40
1.832595714594046
  0
TABLESTYLE
  5
34B
102
{ACAD_XDICTIONARY
360
37C
102
}
102
{ACAD_REACTORS
330
34A
102
}
330
34A
100
AcDbTableStyle
  3
Standard
 70
     0
 71
     0
 40
0.06
 41
0.06
280
     0
281
     0
  7
STANDARD
140
0.18
170
     2
 62
     0
 63
     7
283
     0
274
    -2
284
     1
 64
     0
275
    -2
285
     1
 65
     0
276
    -2
286
     1
 66
     0
277
    -2
287
     1
 67
     0
278
    -2
288
     1
 68
     0
279
    -2
289
     1
 69
     0
  7
STANDARD
140
0.25
170
     5
 62
     0
 63
     7
283
     0
274
    -2
284
     1
 64
     0
275
    -2
285
     1
 65
     0
276
    -2
286
     1
 66
     0
277
    -2
287
     1
 67
     0
278
    -2
288
     1
 68
     0
279
    -2
289
     1
 69
     0
  7
STANDARD
140
0.18
170
     5
 62
     0
 63
     7
283
     0
274
    -2
284
     1
 64
     0
275
    -2
285
     1
 65
     0
276
    -2
286
     1
 66
     0
277
    -2
287
     1
 67
     0
278
    -2
288
     1
 68
     0
279
    -2
289
     1
 69
     0
  0
VISUALSTYLE
  5
336
102
{ACAD_XDICTIONARY
360
391
102
}
102
{ACAD_REACTORS
330
330
102
}
330
330
100
AcDbVisualStyle
  2
2dWireframe
 70
     4
 71
     0
 72
     2
 73
     0
 90
        0
 40
-0.6
 41
-30.0
 62
     5
 63
     7
 74
     1
 91
        4
 64
     7
 65
   257
 75
     1
175
     1
 42
1.0
 92
        0
 66
   257
 43
1.0
 76
     1
 77
     6
 78
     2
 67
     7
 79
     5
170
     0
171
     0
290
     0
174
     0
 93
        1
 44
0.0
173
     0
291
     0
 45
0.0
1001
ACAD
1000
AcDbSavedByObjectVersion
1070
     0
  0
VISUALSTYLE
  5
335
102
{ACAD_XDICTIONARY
360
38F
102
}
102
{ACAD_REACTORS
330
330
102
}
330
330
100
AcDbVisualStyle
  2
Basic
 70
     7
 71
     1
 72
     0
 73
     1
 90
        0
 40
-0.6
 41
-30.0
 62
     5
 63
     7
 74
     0
 91
        4
 64
     7
 65
   257
 75
     1
175
     1
 42
1.0
 92
        8
 66
     7
 43
1.0
 76
     1
 77
     6
 78
     2
 67
     7
 79
     5
170
     0
171
     0
290
     0
174
     0
 93
        1
 44
0.0
173
     0
291
     1
 45
0.0
1001
ACAD
1000
AcDbSavedByObjectVersion
1070
     0
  0
VISUALSTYLE
  5
33C
102
{ACAD_XDICTIONARY
360
39D
102
}
102
{ACAD_REACTORS
330
330
102
}
330
330
100
AcDbVisualStyle
  2
Brighten
 70
    12
 71
     2
 72
     2
 73
     0
 90
        0
 40
-0.6
 41
-30.0
 62
     5
 63
     7
 74
     1
 91
        4
 64
     7
 65
   257
 75
     1
175
     1
 42
1.0
 92
        8
 66
     7
 43
1.0
 76
     1
 77
     6
 78
     2
 67
     7
 79
     5
170
     0
171
     0
290
     0
174
     0
 93
        1
 44
50.0
173
     0
291
     1
 45
0.0
1001
ACAD
1000
AcDbSavedByObjectVersion
1070
     0
  0
VISUALSTYLE
  5
340
102
{ACAD_XDICTIONARY
360
3A5
102
}
102
{ACAD_REACTORS
330
330
102
}
330
330
100
AcDbVisualStyle
  2
ColorChange
 70
    16
 71
     2
 72
     2
 73
     3
 90
        0
 40
-0.6
 41
-30.0
 62
     5
 63
     8
 74
     1
 91
        4
 64
     7
 65
   257
 75
     1
175
     1
 42
1.0
 92
        8
 66
     8
 43
1.0
 76
     1
 77
     6
 78
     2
 67
     7
 79
     5
170
     0
171
     0
290
     0
174
     0
 93
        1
 44
0.0
173
     0
291
     1
 45
0.0
1001
ACAD
1000
AcDbSavedByObjectVersion
1070
     0
  0
VISUALSTYLE
  5
339
102
{ACAD_XDICTIONARY
360
397
102
}
102
{ACAD_REACTORS
330
330
102
}
330
330
100
AcDbVisualStyle
  2
Conceptual
 70
     9
 71
     3
 72
     2
 73
     0
 90
        0
 40
-0.6
 41
-30.0
 62
     5
 63
     7
 74
     2
 91
        2
 64
     7
 65
   257
 75
     1
175
     1
 42
179.0
 92
        8
 66
     7
 43
1.0
 76
     1
 77
     6
 78
     2
 67
     7
 79
     3
170
     0
171
     0
290
     0
174
     0
 93
        1
 44
0.0
173
     0
291
     0
 45
0.0
1001
ACAD
1000
AcDbSavedByObjectVersion
1070
     0
  0
VISUALSTYLE
  5
33B
102
{ACAD_XDICTIONARY
360
39B
102
}
102
{ACAD_REACTORS
330
330
102
}
330
330
100
AcDbVisualStyle
  2
Dim
 70
    11
 71
     2
 72
     2
 73
     0
 90
        0
 40
-0.6
 41
-30.0
 62
     5
 63
     7
 74
     1
 91
        4
 64
     7
 65
   257
 75
     1
175
     1
 42
1.0
 92
        8
 66
     7
 43
1.0
 76
     1
 77
     6
 78
     2
 67
     7
 79
     5
170
     0
171
     0
290
     0
174
     0
 93
        1
 44
-50.0
173
     0
291
     1
 45
0.0
1001
ACAD
1000
AcDbSavedByObjectVersion
1070
     0
  0
VISUALSTYLE
  5
348
102
{ACAD_XDICTIONARY
360
3B5
102
}
102
{ACAD_REACTORS
330
330
102
}
330
330
100
AcDbVisualStyle
  2
EdgeColorOff
 70
    22
 71
     2
 72
     2
 73
     0
 90
        0
 40
-0.6
 41
-30.0
 62
     5
 63
     7
 74
     1
 91
        4
 64
     7
 65
   257
 75
     1
175
     1
 42
1.0
 92
        8
 66
     7
 43
1.0
 76
     1
 77
     6
 78
     2
 67
     7
 79
     5
170
     0
171
     0
290
     0
174
     0
 93
        1
 44
0.0
173
     0
291
     1
 45
0.0
1001
ACAD
1000
AcDbSavedByObjectVersion
1070
     0
  0
VISUALSTYLE
  5
33F
102
{ACAD_XDICTIONARY
360
3A3
102
}
102
{ACAD_REACTORS
330
330
102
}
330
330
100
AcDbVisualStyle
  2
Facepattern
 70
    15
 71
     2
 72
     2
 73
     0
 90
        0
 40
-0.6
 41
-30.0
 62
     5
 63
     7
 74
     1
 91
        4
 64
     7
 65
   257
 75
     1
175
     1
 42
1.0
 92
        8
 66
     7
 43
1.0
 76
     1
 77
     6
 78
     2
 67
     7
 79
     5
170
     0
171
     0
290
     0
174
     0
 93
        1
 44
0.0
173
     0
291
     1
 45
0.0
1001
ACAD
1000
AcDbSavedByObjectVersion
1070
     0
  0
VISUALSTYLE
  5
331
102
{ACAD_XDICTIONARY
360
387
102
}
102
{ACAD_REACTORS
330
330
102
}
330
330
100
AcDbVisualStyle
  2
Flat
 70
     0
 71
     2
 72
     1
 73
     1
 90
        2
 40
-0.6
 41
30.0
 62
     5
 63
     7
 74
     0
 91
        0
 64
     7
 65
   257
 75
     1
175
     1
 42
1.0
 92
        8
 66
     7
 43
1.0
 76
     1
 77
     6
 78
     2
 67
     7
 79
     5
170
     0
171
     0
290
     0
174
     0
 93
       13
 44
0.0
173
     0
291
     1
 45
0.0
1001
ACAD
1000
AcDbSavedByObjectVersion
1070
     0
  0
VISUALSTYLE
  5
332
102
{ACAD_XDICTIONARY
360
389
102
}
102
{ACAD_REACTORS
330
330
102
}
330
330
100
AcDbVisualStyle
  2
FlatWithEdges
 70
     1
 71
     2
 72
     1
 73
     1
 90
        2
 40
-0.6
 41
30.0
 62
     5
 63
     7
 74
     1
 91
        0
 64
     7
 65
   257
 75
     1
175
     1
 42
1.0
 92
        0
 66
   257
 43
1.0
 76
     1
 77
     6
 78
     2
 67
     7
 79
     5
170
     0
171
     0
290
     0
174
     0
 93
       13
 44
0.0
173
     0
291
     1
 45
0.0
1001
ACAD
1000
AcDbSavedByObjectVersion
1070
     0
  0
VISUALSTYLE
  5
333
102
{ACAD_XDICTIONARY
360
38B
102
}
102
{ACAD_REACTORS
330
330
102
}
330
330
100
AcDbVisualStyle
  2
Gouraud
 70
     2
 71
     2
 72
     2
 73
     1
 90
        2
 40
-0.6
 41
30.0
 62
     5
 63
     7
 74
     0
 91
        0
 64
     7
 65
   257
 75
     1
175
     1
 42
1.0
 92
        0
 66
     7
 43
1.0
 76
     1
 77
     6
 78
     2
 67
     7
 79
     5
170
     0
171
     0
290
     0
174
     0
 93
       13
 44
0.0
173
     0
291
     1
 45
0.0
1001
ACAD
1000
AcDbSavedByObjectVersion
1070
     0
  0
VISUALSTYLE
  5
334
102
{ACAD_XDICTIONARY
360
38D
102
}
102
{ACAD_REACTORS
330
330
102
}
330
330
100
AcDbVisualStyle
  2
GouraudWithEdges
 70
     3
 71
     2
 72
     2
 73
     1
 90
        2
 40
-0.6
 41
30.0
 62
     5
 63
     7
 74
     1
 91
        0
 64
     7
 65
   257
 75
     1
175
     1
 42
1.0
 92
        0
 66
   257
 43
1.0
 76
     1
 77
     6
 78
     2
 67
     7
 79
     5
170
     0
171
     0
290
     0
174
     0
 93
       13
 44
0.0
173
     0
291
     1
 45
0.0
1001
ACAD
1000
AcDbSavedByObjectVersion
1070
     0
  0
VISUALSTYLE
  5
338
102
{ACAD_XDICTIONARY
360
395
102
}
102
{ACAD_REACTORS
330
330
102
}
330
330
100
AcDbVisualStyle
  2
Hidden
 70
     6
 71
     1
 72
     2
 73
     2
 90
        0
 40
-0.6
 41
-30.0
 62
     5
 63
     7
 74
     2
 91
        2
 64
     7
 65
   257
 75
     2
175
     1
 42
40.0
 92
        0
 66
   257
 43
1.0
 76
     1
 77
     6
 78
     2
 67
     7
 79
     3
170
     0
171
     0
290
     0
174
     0
 93
        1
 44
0.0
173
     0
291
     0
 45
0.0
1001
ACAD
1000
AcDbSavedByObjectVersion
1070
     0
  0
VISUALSTYLE
  5
346
102
{ACAD_XDICTIONARY
360
3B1
102
}
102
{ACAD_REACTORS
330
330
102
}
330
330
100
AcDbVisualStyle
  2
JitterOff
 70
    20
 71
     2
 72
     2
 73
     0
 90
        0
 40
-0.6
 41
-30.0
 62
     5
 63
     7
 74
     1
 91
        4
 64
     7
 65
   257
 75
     1
175
     1
 42
1.0
 92
       10
 66
     7
 43
1.0
 76
     1
 77
     6
 78
     2
 67
     7
 79
     5
170
     0
171
     0
290
     0
174
     0
 93
        1
 44
0.0
173
     0
291
     1
 45
0.0
1001
ACAD
1000
AcDbSavedByObjectVersion
1070
     0
  0
VISUALSTYLE
  5
33E
102
{ACAD_XDICTIONARY
360
3A1
102
}
102
{ACAD_REACTORS
330
330
102
}
330
330
100
AcDbVisualStyle
  2
Linepattern
 70
    14
 71
     2
 72
     2
 73
     0
 90
        0
 40
-0.6
 41
-30.0
 62
     5
 63
     7
 74
     1
 91
        4
 64
     7
 65
   257
 75
     7
175
     7
 42
1.0
 92
        8
 66
     7
 43
1.0
 76
     1
 77
     6
 78
     2
 67
     7
 79
     5
170
     0
171
     0
290
     0
174
     0
 93
        1
 44
0.0
173
     0
291
     1
 45
0.0
1001
ACAD
1000
AcDbSavedByObjectVersion
1070
     0
  0
VISUALSTYLE
  5
347
102
{ACAD_XDICTIONARY
360
3B3
102
}
102
{ACAD_REACTORS
330
330
102
}
330
330
100
AcDbVisualStyle
  2
OverhangOff
 70
    21
 71
     2
 72
     2
 73
     0
 90
        0
 40
-0.6
 41
-30.0
 62
     5
 63
     7
 74
     1
 91
        4
 64
     7
 65
   257
 75
     1
175
     1
 42
1.0
 92
        9
 66
     7
 43
1.0
 76
     1
 77
     6
 78
     2
 67
     7
 79
     5
170
     0
171
     0
290
     0
174
     0
 93
        1
 44
0.0
173
     0
291
     1
 45
0.0
1001
ACAD
1000
AcDbSavedByObjectVersion
1070
     0
  0
VISUALSTYLE
  5
33A
102
{ACAD_XDICTIONARY
360
399
102
}
102
{ACAD_REACTORS
330
330
102
}
330
330
100
AcDbVisualStyle
  2
Realistic
 70
     8
 71
     2
 72
     3
 73
     0
 90
        2
 40
-0.6
 41
30.0
 62
     5
 63
     7
 74
     0
 91
        0
 64
     7
 65
   257
 75
     1
175
     1
 42
1.0
 92
        8
 66
   257
 43
1.0
 76
     1
 77
     6
 78
     2
 67
     7
 79
     3
170
     0
171
     0
290
     0
174
     0
 93
       13
 44
0.0
173
     0
291
     0
 45
0.0
1001
ACAD
1000
AcDbSavedByObjectVersion
1070
     0
  0
VISUALSTYLE
  5
345
102
{ACAD_XDICTIONARY
360
3AF
102
}
102
{ACAD_REACTORS
330
330
102
}
330
330
100
AcDbVisualStyle
  2
Shaded
 70
    27
 71
     2
 72
     2
 73
     1
 90
        2
 40
-0.6
 41
30.0
 62
     5
 63
     7
 74
     0
 91
        4
 64
     7
 65
   257
 75
     1
175
     1
 42
1.0
 92
        8
 66
   257
 43
1.0
 76
     1
 77
     6
 78
     2
 67
     8
 79
     3
170
     0
171
     0
290
     0
174
     0
 93
        5
 44
0.0
173
     0
291
     0
 45
0.0
1001
ACAD
1000
AcDbSavedByObjectVersion
1070
     0
  0
VISUALSTYLE
  5
344
102
{ACAD_XDICTIONARY
360
3AD
102
}
102
{ACAD_REACTORS
330
330
102
}
330
330
100
AcDbVisualStyle
  2
Shaded with edges
 70
    26
 71
     2
 72
     2
 73
     1
 90
        2
 40
-0.6
 41
30.0
 62
     5
 63
     7
 74
     1
 91
        2
 64
     7
 65
   257
 75
     2
175
     1
 42
1.0
 92
        8
 66
   257
 43
1.0
 76
     1
 77
     6
 78
     2
 67
     7
 79
     3
170
     0
171
     0
290
     0
174
     0
 93
        5
 44
0.0
173
     0
291
     0
 45
0.0
1001
ACAD
1000
AcDbSavedByObjectVersion
1070
     0
  0
VISUALSTYLE
  5
341
102
{ACAD_XDICTIONARY
360
3A7
102
}
102
{ACAD_REACTORS
330
330
102
}
330
330
100
AcDbVisualStyle
  2
Shades of Gray
 70
    23
 71
     2
 72
     2
 73
     3
 90
        0
 40
-0.6
 41
-30.0
 62
     5
 63
     7
 74
     2
 91
        2
 64
     7
 65
     7
 75
     1
175
     1
 42
40.0
 92
        8
 66
     7
 43
1.0
 76
     1
 77
     6
 78
     2
 67
     7
 79
     3
170
     0
171
     0
290
     0
174
     0
 93
        1
 44
0.0
173
     0
291
     0
 45
0.0
1001
ACAD
1000
AcDbSavedByObjectVersion
1070
     0
  0
VISUALSTYLE
  5
342
102
{ACAD_XDICTIONARY
360
3A9
102
}
102
{ACAD_REACTORS
330
330
102
}
330
330
100
AcDbVisualStyle
  2
Sketchy
 70
    24
 71
     1
 72
     2
 73
     2
 90
        0
 40
-0.6
 41
-30.0
 62
     5
 63
     7
 74
     2
 91
        2
 64
     7
 65
     7
 75
     1
175
     1
 42
40.0
 92
       11
 66
     7
 43
1.0
 76
     1
 77
     6
 78
     2
 67
     7
 79
     6
170
     0
171
     0
290
     0
174
     0
 93
        1
 44
0.0
173
     0
291
     0
 45
0.0
1001
ACAD
1000
AcDbSavedByObjectVersion
1070
     0
  0
VISUALSTYLE
  5
33D
102
{ACAD_XDICTIONARY
360
39F
102
}
102
{ACAD_REACTORS
330
330
102
}
330
330
100
AcDbVisualStyle
  2
Thicken
 70
    13
 71
     2
 72
     2
 73
     0
 90
        0
 40
-0.6
 41
-30.0
 62
     5
 63
     7
 74
     1
 91
        4
 64
     7
 65
   257
 75
     1
175
     1
 42
1.0
 92
       12
 66
     7
 43
1.0
 76
     1
 77
     6
 78
     2
 67
     7
 79
     5
170
     0
171
     0
290
     0
174
     0
 93
        1
 44
0.0
173
     0
291
     1
 45
0.0
1001
ACAD
1000
AcDbSavedByObjectVersion
1070
     0
  0
VISUALSTYLE
  5
337
102
{ACAD_XDICTIONARY
360
393
102
}
102
{ACAD_REACTORS
330
330
102
}
330
330
100
AcDbVisualStyle
  2
Wireframe
 70
     5
 71
     0
 72
     2
 73
     0
 90
        0
 40
-0.6
 41
-30.0
 62
     5
 63
     7
 74
     1
 91
        4
 64
     7
 65
   257
 75
     1
175
     1
 42
1.0
 92
        0
 66
   257
 43
1.0
 76
     1
 77
     6
 78
     2
 67
     7
 79
     3
170
     0
171
     0
290
     0
174
     0
 93
        1
 44
0.0
173
     0
291
     0
 45
0.0
1001
ACAD
1000
AcDbSavedByObjectVersion
1070
     0
  0
VISUALSTYLE
  5
343
102
{ACAD_XDICTIONARY
360
3AB
102
}
102
{ACAD_REACTORS
330
330
102
}
330
330
100
AcDbVisualStyle
  2
X-Ray
 70
    25
 71
     2
 72
     2
 73
     1
 90
        1
 40
0.5
 41
-30.0
 62
     5
 63
     7
 74
     1
 91
        0
 64
     7
 65
   257
 75
     1
175
     1
 42
1.0
 92
        8
 66
     7
 43
1.0
 76
     1
 77
     6
 78
     2
 67
     7
 79
     3
170
     0
171
     0
290
     0
174
     0
 93
       13
 44
0.0
173
     0
291
     0
 45
0.0
1001
ACAD
1000
AcDbSavedByObjectVersion
1070
     0
  0
DICTIONARYVAR
  5
377
102
{ACAD_REACTORS
330
313
102
}
330
313
100
DictionaryVariables
280
     0
  1
1:1
  0
DICTIONARYVAR
  5
374
102
{ACAD_REACTORS
330
313
102
}
330
313
100
DictionaryVariables
280
     0
  1
STANDARD
  0
DICTIONARYVAR
  5
373
102
{ACAD_REACTORS
330
313
102
}
330
313
100
DictionaryVariables
280
     0
  1
STANDARD
  0
DICTIONARYVAR
  5
375
102
{ACAD_REACTORS
330
313
102
}
330
313
100
DictionaryVariables
280
     0
  1
Imperial24
  0
DICTIONARYVAR
  5
376
102
{ACAD_REACTORS
330
313
102
}
330
313
100
DictionaryVariables
280
     0
  1
Imperial24
  0
DICTIONARYVAR
  5
315
102
{ACAD_REACTORS
330
313
102
}
330
313
100
DictionaryVariables
280
     0
  1
1
  0
DICTIONARYVAR
  5
314
102
{ACAD_REACTORS
330
313
102
}
330
313
100
DictionaryVariables
280
     0
  1
1
  0
DICTIONARYVAR
  5
379
102
{ACAD_REACTORS
330
313
102
}
330
313
100
DictionaryVariables
280
     0
  1
0
  0
DICTIONARYVAR
  5
378
102
{ACAD_REACTORS
330
313
102
}
330
313
100
DictionaryVariables
280
     0
  1
127
  0
DICTIONARYVAR
  5
37A
102
{ACAD_REACTORS
330
313
102
}
330
313
100
DictionaryVariables
280
     0
  1
2
  0
DICTIONARY
  5
3BD
330
363
100
AcDbDictionary
280
     1
281
     1
  3
ACAD_XREC_ROUNDTRIP
360
3BE
  0
DICTIONARY
  5
382
330
15
100
AcDbDictionary
280
     1
281
     1
  3
ACAD_XREC_ROUNDTRIP
360
383
  0
DICTIONARY
  5
380
330
E
100
AcDbDictionary
280
     1
281
     1
  3
ACAD_XREC_ROUNDTRIP
360
381
  0
DICTIONARY
  5
321
330
320
100
AcDbDictionary
280
     1
281
     1
  3
ACAD_XREC_ROUNDTRIP
360
385
  3
BUMPTILE
360
323
  3
DIFFUSETILE
360
322
  3
OPACITYTILE
360
326
  3
REFLECTIONTILE
360
325
  3
REFRACTIONTILE
360
327
  3
SPECULARTILE
360
324
  0
DICTIONARY
  5
319
330
318
100
AcDbDictionary
280
     1
281
     1
  3
ACAD_XREC_ROUNDTRIP
360
384
  3
BUMPTILE
360
31B
  3
DIFFUSETILE
360
31A
  3
OPACITYTILE
360
31E
  3
REFLECTIONTILE
360
31D
  3
REFRACTIONTILE
360
31F
  3
SPECULARTILE
360
31C
  0
DICTIONARY
  5
329
330
328
100
AcDbDictionary
280
     1
281
     1
  3
ACAD_XREC_ROUNDTRIP
360
386
  3
BUMPTILE
360
32B
  3
DIFFUSETILE
360
32A
  3
OPACITYTILE
360
32E
  3
REFLECTIONTILE
360
32D
  3
REFRACTIONTILE
360
32F
  3
SPECULARTILE
360
32C
  0
DICTIONARY
  5
3B9
330
35F
100
AcDbDictionary
280
     1
281
     1
  3
ACAD_XREC_ROUNDTRIP
360
3BA
  0
DICTIONARY
  5
3BB
330
361
100
AcDbDictionary
280
     1
281
     1
  3
ACAD_XREC_ROUNDTRIP
360
3BC
  0
DICTIONARY
  5
37C
330
34B
100
AcDbDictionary
280
     1
281
     1
  3
ACAD_ROUNDTRIP_2008_TABLESTYLE_CELLSTYLEMAP
360
37D
  3
ACAD_XREC_ROUNDTRIP
360
3B7
  0
DICTIONARY
  5
391
330
336
100
AcDbDictionary
280
     1
281
     1
  3
ACAD_XREC_ROUNDTRIP
360
392
  0
DICTIONARY
  5
38F
330
335
100
AcDbDictionary
280
     1
281
     1
  3
ACAD_XREC_ROUNDTRIP
360
390
  0
DICTIONARY
  5
39D
330
33C
100
AcDbDictionary
280
     1
281
     1
  3
ACAD_XREC_ROUNDTRIP
360
39E
  0
DICTIONARY
  5
3A5
330
340
100
AcDbDictionary
280
     1
281
     1
  3
ACAD_XREC_ROUNDTRIP
360
3A6
  0
DICTIONARY
  5
397
330
339
100
AcDbDictionary
280
     1
281
     1
  3
ACAD_XREC_ROUNDTRIP
360
398
  0
DICTIONARY
  5
39B
330
33B
100
AcDbDictionary
280
     1
281
     1
  3
ACAD_XREC_ROUNDTRIP
360
39C
  0
DICTIONARY
  5
3B5
330
348
100
AcDbDictionary
280
     1
281
     1
  3
ACAD_XREC_ROUNDTRIP
360
3B6
  0
DICTIONARY
  5
3A3
330
33F
100
AcDbDictionary
280
     1
281
     1
  3
ACAD_XREC_ROUNDTRIP
360
3A4
  0
DICTIONARY
  5
387
330
331
100
AcDbDictionary
280
     1
281
     1
  3
ACAD_XREC_ROUNDTRIP
360
388
  0
DICTIONARY
  5
389
330
332
100
AcDbDictionary
280
     1
281
     1
  3
ACAD_XREC_ROUNDTRIP
360
38A
  0
DICTIONARY
  5
38B
330
333
100
AcDbDictionary
280
     1
281
     1
  3
ACAD_XREC_ROUNDTRIP
360
38C
  0
DICTIONARY
  5
38D
330
334
100
AcDbDictionary
280
     1
281
     1
  3
ACAD_XREC_ROUNDTRIP
360
38E
  0
DICTIONARY
  5
395
330
338
100
AcDbDictionary
280
     1
281
     1
  3
ACAD_XREC_ROUNDTRIP
360
396
  0
DICTIONARY
  5
3B1
330
346
100
AcDbDictionary
280
     1
281
     1
  3
ACAD_XREC_ROUNDTRIP
360
3B2
  0
DICTIONARY
  5
3A1
330
33E
100
AcDbDictionary
280
     1
281
     1
  3
ACAD_XREC_ROUNDTRIP
360
3A2
  0
DICTIONARY
  5
3B3
330
347
100
AcDbDictionary
280
     1
281
     1
  3
ACAD_XREC_ROUNDTRIP
360
3B4
  0
DICTIONARY
  5
399
330
33A
100
AcDbDictionary
280
     1
281
     1
  3
ACAD_XREC_ROUNDTRIP
360
39A
  0
DICTIONARY
  5
3AF
330
345
100
AcDbDictionary
280
     1
281
     1
  3
ACAD_XREC_ROUNDTRIP
360
3B0
  0
DICTIONARY
  5
3AD
330
344
100
AcDbDictionary
280
     1
281
     1
  3
ACAD_XREC_ROUNDTRIP
360
3AE
  0
DICTIONARY
  5
3A7
330
341
100
AcDbDictionary
280
     1
281
     1
  3
ACAD_XREC_ROUNDTRIP
360
3A8
  0
DICTIONARY
  5
3A9
330
342
100
AcDbDictionary
280
     1
281
     1
  3
ACAD_XREC_ROUNDTRIP
360
3AA
  0
DICTIONARY
  5
39F
330
33D
100
AcDbDictionary
280
     1
281
     1
  3
ACAD_XREC_ROUNDTRIP
360
3A0
  0
DICTIONARY
  5
393
330
337
100
AcDbDictionary
280
     1
281
     1
  3
ACAD_XREC_ROUNDTRIP
360
394
  0
DICTIONARY
  5
3AB
330
343
100
AcDbDictionary
280
     1
281
     1
  3
ACAD_XREC_ROUNDTRIP
360
3AC
  0
XRECORD
  5
3BE
102
{ACAD_REACTORS
330
3BD
102
}
330
3BD
100
AcDbXrecord
280
     1
102
DISPLAYNAME
  1
Imperial24
102
FLAGS
 90
        0
  0
XRECORD
  5
383
102
{ACAD_REACTORS
330
382
102
}
330
382
100
AcDbXrecord
280
     1
102
SHADEPLOT
 70
     0
102
SHADEPLOTRESLEVEL
 70
     2
102
SHADEPLOTCUSTOMDPI
 70
   300
  0
XRECORD
  5
381
102
{ACAD_REACTORS
330
380
102
}
330
380
100
AcDbXrecord
280
     1
102
SHADEPLOT
 70
     0
102
SHADEPLOTRESLEVEL
 70
     2
102
SHADEPLOTCUSTOMDPI
 70
   300
  0
XRECORD
  5
385
102
{ACAD_REACTORS
330
321
102
}
330
321
100
AcDbXrecord
280
     1
102
MATERIAL
148
0.0
149
0.0
149
0.0
 93
        0
 94
      127
282
     0
 72
     0
 77
     0
171
     0
175
     0
179
     0
273
     0
  0
XRECORD
  5
323
102
{ACAD_REACTORS
330
321
102
}
330
321
100
AcDbXrecord
280
     1
270
     1
271
     1
  0
XRECORD
  5
322
102
{ACAD_REACTORS
330
321
102
}
330
321
100
AcDbXrecord
280
     1
270
     1
271
     1
  0
XRECORD
  5
326
102
{ACAD_REACTORS
330
321
102
}
330
321
100
AcDbXrecord
280
     1
270
     1
271
     1
  0
XRECORD
  5
325
102
{ACAD_REACTORS
330
321
102
}
330
321
100
AcDbXrecord
280
     1
270
     1
271
     1
  0
XRECORD
  5
327
102
{ACAD_REACTORS
330
321
102
}
330
321
100
AcDbXrecord
280
     1
270
     1
271
     1
  0
XRECORD
  5
324
102
{ACAD_REACTORS
330
321
102
}
330
321
100
AcDbXrecord
280
     1
270
     1
271
     1
  0
XRECORD
  5
384
102
{ACAD_REACTORS
330
319
102
}
330
319
100
AcDbXrecord
280
     1
102
MATERIAL
148
0.0
149
0.0
149
0.0
 93
        0
 94
      127
282
     0
 72
     0
 77
     0
171
     0
175
     0
179
     0
273
     0
  0
XRECORD
  5
31B
102
{ACAD_REACTORS
330
319
102
}
330
319
100
AcDbXrecord
280
     1
270
     1
271
     1
  0
XRECORD
  5
31A
102
{ACAD_REACTORS
330
319
102
}
330
319
100
AcDbXrecord
280
     1
270
     1
271
     1
  0
XRECORD
  5
31E
102
{ACAD_REACTORS
330
319
102
}
330
319
100
AcDbXrecord
280
     1
270
     1
271
     1
  0
XRECORD
  5
31D
102
{ACAD_REACTORS
330
319
102
}
330
319
100
AcDbXrecord
280
     1
270
     1
271
     1
  0
XRECORD
  5
31F
102
{ACAD_REACTORS
330
319
102
}
330
319
100
AcDbXrecord
280
     1
270
     1
271
     1
  0
XRECORD
  5
31C
102
{ACAD_REACTORS
330
319
102
}
330
319
100
AcDbXrecord
280
     1
270
     1
271
     1
  0
XRECORD
  5
386
102
{ACAD_REACTORS
330
329
102
}
330
329
100
AcDbXrecord
280
     1
102
MATERIAL
148
0.0
149
0.0
149
0.0
 93
        0
 94
      127
282
     0
 72
     0
 77
     0
171
     0
175
     0
179
     0
273
     0
  0
XRECORD
  5
32B
102
{ACAD_REACTORS
330
329
102
}
330
329
100
AcDbXrecord
280
     1
270
     1
271
     1
  0
XRECORD
  5
32A
102
{ACAD_REACTORS
330
329
102
}
330
329
100
AcDbXrecord
280
     1
270
     1
271
     1
  0
XRECORD
  5
32E
102
{ACAD_REACTORS
330
329
102
}
330
329
100
AcDbXrecord
280
     1
270
     1
271
     1
  0
XRECORD
  5
32D
102
{ACAD_REACTORS
330
329
102
}
330
329
100
AcDbXrecord
280
     1
270
     1
271
     1
  0
XRECORD
  5
32F
102
{ACAD_REACTORS
330
329
102
}
330
329
100
AcDbXrecord
280
     1
270
     1
271
     1
  0
XRECORD
  5
32C
102
{ACAD_REACTORS
330
329
102
}
330
329
100
AcDbXrecord
280
     1
270
     1
271
     1
  0
XRECORD
  5
3BA
102
{ACAD_REACTORS
330
3B9
102
}
330
3B9
100
AcDbXrecord
280
     1
102
ACAD_ROUNDTRIP_2012_MLEADER_STYLE
298
     1
  0
XRECORD
  5
3BC
102
{ACAD_REACTORS
330
3BB
102
}
330
3BB
100
AcDbXrecord
280
     1
102
DISPLAYNAME
  1
Imperial24
102
FLAGS
 90
        0
  0
CELLSTYLEMAP
  5
37D
102
{ACAD_REACTORS
330
37C
102
}
330
37C
100
AcDbCellStyleMap
 90
        3
300
CELLSTYLE
  1
TABLEFORMAT_BEGIN
 90
        5
170
     1
 91
        0
 92
    32768
 62
   257
 93
        1
300
CONTENTFORMAT
  1
CONTENTFORMAT_BEGIN
 90
        0
 91
        0
 92
      512
 93
        0
300

 40
0.0
140
1.0
 94
        5
 62
     0
340
1A
144
0.25
309
CONTENTFORMAT_END
171
     0
 94
        0
309
TABLEFORMAT_END
  1
CELLSTYLE_BEGIN
 90
        1
 91
        1
300
_TITLE
309
CELLSTYLE_END
300
CELLSTYLE
  1
TABLEFORMAT_BEGIN
 90
        5
170
     1
 91
        0
 92
        0
 62
   257
 93
        1
300
CONTENTFORMAT
  1
CONTENTFORMAT_BEGIN
 90
        0
 91
        0
 92
      512
 93
        0
300

 40
0.0
140
1.0
 94
        5
 62
     0
340
1A
144
0.18
309
CONTENTFORMAT_END
171
     0
 94
        0
309
TABLEFORMAT_END
  1
CELLSTYLE_BEGIN
 90
        2
 91
        1
300
_HEADER
309
CELLSTYLE_END
300
CELLSTYLE
  1
TABLEFORMAT_BEGIN
 90
        5
170
     1
 91
        0
 92
        0
 62
   257
 93
        1
300
CONTENTFORMAT
  1
CONTENTFORMAT_BEGIN
 90
        0
 91
        0
 92
      512
 93
        0
300

 40
0.0
140
1.0
 94
        2
 62
     0
340
1A
144
0.18
309
CONTENTFORMAT_END
171
     0
 94
        0
309
TABLEFORMAT_END
  1
CELLSTYLE_BEGIN
 90
        3
 91
        2
300
_DATA
309
CELLSTYLE_END
  0
XRECORD
  5
3B7
102
{ACAD_REACTORS
330
37C
102
}
330
37C
100
AcDbXrecord
280
     1
102
ACAD_ROUNDTRIP_PRE2007_TABLESTYLE
 90
      512
 91
        0
  1

 92
      512
 93
        0
  2

 94
      512
 95
        0
  3

  0
XRECORD
  5
392
102
{ACAD_REACTORS
330
391
102
}
330
391
100
AcDbXrecord
280
     1
102
RTVSPost2010Prop28
280
     1
102
RTVSPost2010PropOp28
 70
     1
102
RTVSPost2010Prop29
280
     1
102
RTVSPost2010PropOp29
 70
     1
102
RTVSPost2010Prop30
280
     0
102
RTVSPost2010PropOp30
 70
     1
102
RTVSPost2010Prop31
280
     0
102
RTVSPost2010PropOp31
 70
     1
102
RTVSPost2010Prop32
280
     0
102
RTVSPost2010PropOp32
 70
     1
102
RTVSPost2010Prop33
280
     0
102
RTVSPost2010PropOp33
 70
     1
102
RTVSPost2010Prop34
280
     0
102
RTVSPost2010PropOp34
 70
     1
102
RTVSPost2010Prop35
280
     0
102
RTVSPost2010PropOp35
 70
     1
102
RTVSPost2010Prop36
280
     0
102
RTVSPost2010PropOp36
 70
     1
102
RTVSPost2010Prop37
 90
       50
102
RTVSPost2010PropOp37
 70
     1
102
RTVSPost2010Prop38
140
0.0
102
RTVSPost2010PropOp38
 70
     1
102
RTVSPost2010Prop39
140
1.0
102
RTVSPost2010PropOp39
 70
     1
102
RTVSPost2010Prop40
 90
        0
102
RTVSPost2010PropOp40
 70
     1
102
RTVSPost2010Prop41ColorIndex
 90
       18
102
RTVSPost2010Prop41ColorRGB
 90
        0
102
RTVSPost2010PropOp41
 70
     1
102
RTVSPost2010Prop42
 90
       50
102
RTVSPost2010PropOp42
 70
     1
102
RTVSPost2010Prop43
 90
        3
102
RTVSPost2010PropOp43
 70
     1
102
RTVSPost2010Prop44ColorIndex
 90
        5
102
RTVSPost2010Prop44ColorRGB
 90
      255
102
RTVSPost2010PropOp44
 70
     1
102
RTVSPost2010Prop45
280
     0
102
RTVSPost2010PropOp45
 70
     1
102
RTVSPost2010Prop46
 90
       50
102
RTVSPost2010PropOp46
 70
     1
102
RTVSPost2010Prop47
 90
       50
102
RTVSPost2010PropOp47
 70
     1
102
RTVSPost2010Prop48
 90
       50
102
RTVSPost2010PropOp48
 70
     1
102
RTVSPost2010Prop49
280
     0
102
RTVSPost2010PropOp49
 70
     1
102
RTVSPost2010Prop50
 90
       50
102
RTVSPost2010PropOp50
 70
     1
102
RTVSPost2010Prop51ColorIndex
 90
      256
102
RTVSPost2010Prop51ColorRGB
 90
-16777216
102
RTVSPost2010PropOp51
 70
     0
102
RTVSPost2010Prop52
140
1.0
102
RTVSPost2010PropOp52
 70
     0
102
RTVSPost2010Prop53
 90
        2
102
RTVSPost2010PropOp53
 70
     1
102
RTVSPost2010Prop54
  1
strokes_ogs.tif
102
RTVSPost2010PropOp54
 70
     1
102
RTVSPost2010Prop55
280
     0
102
RTVSPost2010PropOp55
 70
     1
102
RTVSPost2010Prop56
140
1.0
102
RTVSPost2010PropOp56
 70
     1
102
RTVSPost2010Prop57
140
1.0
102
RTVSPost2010PropOp57
 70
     1
102
RTVSPropertyOp0
 70
     1
102
RTVSPropertyOp1
 70
     1
102
RTVSPropertyOp2
 70
     1
102
RTVSPropertyOp3
 70
     1
102
RTVSPropertyOp4
 70
     1
102
RTVSPropertyOp5
 70
     1
102
RTVSPropertyOp6
 70
     1
102
RTVSPropertyOp7
 70
     1
102
RTVSPropertyOp8
 70
     1
102
RTVSPropertyOp9
 70
     1
102
RTVSPropertyOp10
 70
     1
102
RTVSPropertyOp11
 70
     1
102
RTVSPropertyOp12
 70
     1
102
RTVSPropertyOp13
 70
     1
102
RTVSPropertyOp14
 70
     1
102
RTVSPropertyOp15
 70
     1
102
RTVSPropertyOp16
 70
     1
102
RTVSPropertyOp17
 70
     1
102
RTVSPropertyOp18
 70
     1
102
RTVSPropertyOp19
 70
     1
102
RTVSPropertyOp20
 70
     1
102
RTVSPropertyOp21
 70
     1
102
RTVSPropertyOp22
 70
     1
102
RTVSPropertyOp23
 70
     1
102
RTVSPropertyOp24
 70
     1
102
RTVSPropertyOp25
 70
     1
102
RTVSPropertyOp26
 70
     1
102
RTVSPropertyOp27
 70
     1
102
RTVSPropertyOp28
 70
     1
102
RTVSPropertyOp29
 70
     1
102
RTVSPropertyOp30
 70
     1
102
RTVSPropertyOp31
 70
     1
102
RTVSPropertyOp32
 70
     1
102
RTVSPropertyOp33
 70
     1
102
RTVSPropertyOp34
 70
     1
102
RTVSPropertyOp35
 70
     1
102
RTVSPropertyOp36
 70
     1
102
RTVSPropertyOp37
 70
     1
102
RTVSPropertyOp38
 70
     1
102
RTVSPropertyOp39
 70
     1
102
RTVSPropertyOp40
 70
     1
102
RTVSPropertyOp41
 70
     1
102
RTVSPropertyOp42
 70
     1
102
RTVSPropertyOp43
 70
     1
102
RTVSPropertyOp44
 70
     1
102
RTVSPropertyOp45
 70
     1
102
RTVSPropertyOp46
 70
     1
102
RTVSPropertyOp47
 70
     1
102
RTVSPropertyOp48
 70
     1
102
RTVSPropertyOp49
 70
     1
102
RTVSPropertyOp50
 70
     1
102
RTVSPropertyOp51
 70
     0
102
RTVSPropertyOp52
 70
     0
102
RTVSPropertyOp53
 70
     1
102
RTVSPropertyOp54
 70
     1
102
RTVSPropertyOp55
 70
     1
102
RTVSPropertyOp56
 70
     1
102
RTVSPropertyOp57
 70
     1
102
RTVSPropertyOp58
 70
     1
102
RTVSPropertyOp59
 70
     1
102
RTVSPropertyOp60
 70
     1
102
RTVSPropertyOp61
 70
     1
102
RTVSPropertyOp62
 70
     1
  0
XRECORD
  5
390
102
{ACAD_REACTORS
330
38F
102
}
330
38F
100
AcDbXrecord
280
     1
102
RTVSPost2010Prop28
280
     0
102
RTVSPost2010PropOp28
 70
     1
102
RTVSPost2010Prop29
280
     1
102
RTVSPost2010PropOp29
 70
     1
102
RTVSPost2010Prop30
280
     1
102
RTVSPost2010PropOp30
 70
     1
102
RTVSPost2010Prop31
280
     0
102
RTVSPost2010PropOp31
 70
     1
102
RTVSPost2010Prop32
280
     0
102
RTVSPost2010PropOp32
 70
     1
102
RTVSPost2010Prop33
280
     0
102
RTVSPost2010PropOp33
 70
     1
102
RTVSPost2010Prop34
280
     0
102
RTVSPost2010PropOp34
 70
     1
102
RTVSPost2010Prop35
280
     0
102
RTVSPost2010PropOp35
 70
     1
102
RTVSPost2010Prop36
280
     0
102
RTVSPost2010PropOp36
 70
     1
102
RTVSPost2010Prop37
 90
       50
102
RTVSPost2010PropOp37
 70
     1
102
RTVSPost2010Prop38
140
0.0
102
RTVSPost2010PropOp38
 70
     1
102
RTVSPost2010Prop39
140
1.0
102
RTVSPost2010PropOp39
 70
     1
102
RTVSPost2010Prop40
 90
        0
102
RTVSPost2010PropOp40
 70
     1
102
RTVSPost2010Prop41ColorIndex
 90
       18
102
RTVSPost2010Prop41ColorRGB
 90
        0
102
RTVSPost2010PropOp41
 70
     1
102
RTVSPost2010Prop42
 90
       50
102
RTVSPost2010PropOp42
 70
     1
102
RTVSPost2010Prop43
 90
        3
102
RTVSPost2010PropOp43
 70
     1
102
RTVSPost2010Prop44ColorIndex
 90
        5
102
RTVSPost2010Prop44ColorRGB
 90
      255
102
RTVSPost2010PropOp44
 70
     1
102
RTVSPost2010Prop45
280
     0
102
RTVSPost2010PropOp45
 70
     1
102
RTVSPost2010Prop46
 90
       50
102
RTVSPost2010PropOp46
 70
     1
102
RTVSPost2010Prop47
 90
       50
102
RTVSPost2010PropOp47
 70
     1
102
RTVSPost2010Prop48
 90
       50
102
RTVSPost2010PropOp48
 70
     1
102
RTVSPost2010Prop49
280
     0
102
RTVSPost2010PropOp49
 70
     1
102
RTVSPost2010Prop50
 90
       50
102
RTVSPost2010PropOp50
 70
     1
102
RTVSPost2010Prop51ColorIndex
 90
      256
102
RTVSPost2010Prop51ColorRGB
 90
-16777216
102
RTVSPost2010PropOp51
 70
     0
102
RTVSPost2010Prop52
140
1.0
102
RTVSPost2010PropOp52
 70
     0
102
RTVSPost2010Prop53
 90
        2
102
RTVSPost2010PropOp53
 70
     1
102
RTVSPost2010Prop54
  1
strokes_ogs.tif
102
RTVSPost2010PropOp54
 70
     1
102
RTVSPost2010Prop55
280
     0
102
RTVSPost2010PropOp55
 70
     1
102
RTVSPost2010Prop56
140
1.0
102
RTVSPost2010PropOp56
 70
     1
102
RTVSPost2010Prop57
140
1.0
102
RTVSPost2010PropOp57
 70
     1
102
RTVSPropertyOp0
 70
     1
102
RTVSPropertyOp1
 70
     1
102
RTVSPropertyOp2
 70
     1
102
RTVSPropertyOp3
 70
     1
102
RTVSPropertyOp4
 70
     1
102
RTVSPropertyOp5
 70
     1
102
RTVSPropertyOp6
 70
     1
102
RTVSPropertyOp7
 70
     1
102
RTVSPropertyOp8
 70
     1
102
RTVSPropertyOp9
 70
     1
102
RTVSPropertyOp10
 70
     1
102
RTVSPropertyOp11
 70
     1
102
RTVSPropertyOp12
 70
     1
102
RTVSPropertyOp13
 70
     1
102
RTVSPropertyOp14
 70
     1
102
RTVSPropertyOp15
 70
     1
102
RTVSPropertyOp16
 70
     1
102
RTVSPropertyOp17
 70
     1
102
RTVSPropertyOp18
 70
     1
102
RTVSPropertyOp19
 70
     1
102
RTVSPropertyOp20
 70
     1
102
RTVSPropertyOp21
 70
     1
102
RTVSPropertyOp22
 70
     1
102
RTVSPropertyOp23
 70
     1
102
RTVSPropertyOp24
 70
     1
102
RTVSPropertyOp25
 70
     1
102
RTVSPropertyOp26
 70
     1
102
RTVSPropertyOp27
 70
     1
102
RTVSPropertyOp28
 70
     1
102
RTVSPropertyOp29
 70
     1
102
RTVSPropertyOp30
 70
     1
102
RTVSPropertyOp31
 70
     1
102
RTVSPropertyOp32
 70
     1
102
RTVSPropertyOp33
 70
     1
102
RTVSPropertyOp34
 70
     1
102
RTVSPropertyOp35
 70
     1
102
RTVSPropertyOp36
 70
     1
102
RTVSPropertyOp37
 70
     1
102
RTVSPropertyOp38
 70
     1
102
RTVSPropertyOp39
 70
     1
102
RTVSPropertyOp40
 70
     1
102
RTVSPropertyOp41
 70
     1
102
RTVSPropertyOp42
 70
     1
102
RTVSPropertyOp43
 70
     1
102
RTVSPropertyOp44
 70
     1
102
RTVSPropertyOp45
 70
     1
102
RTVSPropertyOp46
 70
     1
102
RTVSPropertyOp47
 70
     1
102
RTVSPropertyOp48
 70
     1
102
RTVSPropertyOp49
 70
     1
102
RTVSPropertyOp50
 70
     1
102
RTVSPropertyOp51
 70
     0
102
RTVSPropertyOp52
 70
     0
102
RTVSPropertyOp53
 70
     1
102
RTVSPropertyOp54
 70
     1
102
RTVSPropertyOp55
 70
     1
102
RTVSPropertyOp56
 70
     1
102
RTVSPropertyOp57
 70
     1
102
RTVSPropertyOp58
 70
     1
102
RTVSPropertyOp59
 70
     1
102
RTVSPropertyOp60
 70
     1
102
RTVSPropertyOp61
 70
     1
102
RTVSPropertyOp62
 70
     1
  0
XRECORD
  5
39E
102
{ACAD_REACTORS
330
39D
102
}
330
39D
100
AcDbXrecord
280
     1
102
RTVSPost2010Prop28
280
     0
102
RTVSPost2010PropOp28
 70
     1
102
RTVSPost2010Prop29
280
     1
102
RTVSPost2010PropOp29
 70
     1
102
RTVSPost2010Prop30
280
     1
102
RTVSPost2010PropOp30
 70
     1
102
RTVSPost2010Prop31
280
     0
102
RTVSPost2010PropOp31
 70
     1
102
RTVSPost2010Prop32
280
     0
102
RTVSPost2010PropOp32
 70
     1
102
RTVSPost2010Prop33
280
     0
102
RTVSPost2010PropOp33
 70
     1
102
RTVSPost2010Prop34
280
     0
102
RTVSPost2010PropOp34
 70
     1
102
RTVSPost2010Prop35
280
     0
102
RTVSPost2010PropOp35
 70
     1
102
RTVSPost2010Prop36
280
     0
102
RTVSPost2010PropOp36
 70
     1
102
RTVSPost2010Prop37
 90
       50
102
RTVSPost2010PropOp37
 70
     1
102
RTVSPost2010Prop38
140
0.0
102
RTVSPost2010PropOp38
 70
     1
102
RTVSPost2010Prop39
140
1.0
102
RTVSPost2010PropOp39
 70
     1
102
RTVSPost2010Prop40
 90
        0
102
RTVSPost2010PropOp40
 70
     1
102
RTVSPost2010Prop41ColorIndex
 90
       18
102
RTVSPost2010Prop41ColorRGB
 90
        0
102
RTVSPost2010PropOp41
 70
     1
102
RTVSPost2010Prop42
 90
       50
102
RTVSPost2010PropOp42
 70
     1
102
RTVSPost2010Prop43
 90
        3
102
RTVSPost2010PropOp43
 70
     1
102
RTVSPost2010Prop44ColorIndex
 90
        5
102
RTVSPost2010Prop44ColorRGB
 90
      255
102
RTVSPost2010PropOp44
 70
     1
102
RTVSPost2010Prop45
280
     0
102
RTVSPost2010PropOp45
 70
     1
102
RTVSPost2010Prop46
 90
       50
102
RTVSPost2010PropOp46
 70
     1
102
RTVSPost2010Prop47
 90
       50
102
RTVSPost2010PropOp47
 70
     1
102
RTVSPost2010Prop48
 90
       50
102
RTVSPost2010PropOp48
 70
     1
102
RTVSPost2010Prop49
280
     0
102
RTVSPost2010PropOp49
 70
     1
102
RTVSPost2010Prop50
 90
       50
102
RTVSPost2010PropOp50
 70
     1
102
RTVSPost2010Prop51ColorIndex
 90
      256
102
RTVSPost2010Prop51ColorRGB
 90
-16777216
102
RTVSPost2010PropOp51
 70
     0
102
RTVSPost2010Prop52
140
1.0
102
RTVSPost2010PropOp52
 70
     0
102
RTVSPost2010Prop53
 90
        2
102
RTVSPost2010PropOp53
 70
     1
102
RTVSPost2010Prop54
  1
strokes_ogs.tif
102
RTVSPost2010PropOp54
 70
     1
102
RTVSPost2010Prop55
280
     0
102
RTVSPost2010PropOp55
 70
     1
102
RTVSPost2010Prop56
140
1.0
102
RTVSPost2010PropOp56
 70
     1
102
RTVSPost2010Prop57
140
1.0
102
RTVSPost2010PropOp57
 70
     1
102
RTVSPropertyOp0
 70
     1
102
RTVSPropertyOp1
 70
     1
102
RTVSPropertyOp2
 70
     1
102
RTVSPropertyOp3
 70
     1
102
RTVSPropertyOp4
 70
     1
102
RTVSPropertyOp5
 70
     1
102
RTVSPropertyOp6
 70
     1
102
RTVSPropertyOp7
 70
     1
102
RTVSPropertyOp8
 70
     1
102
RTVSPropertyOp9
 70
     1
102
RTVSPropertyOp10
 70
     1
102
RTVSPropertyOp11
 70
     1
102
RTVSPropertyOp12
 70
     1
102
RTVSPropertyOp13
 70
     1
102
RTVSPropertyOp14
 70
     1
102
RTVSPropertyOp15
 70
     1
102
RTVSPropertyOp16
 70
     1
102
RTVSPropertyOp17
 70
     1
102
RTVSPropertyOp18
 70
     1
102
RTVSPropertyOp19
 70
     1
102
RTVSPropertyOp20
 70
     1
102
RTVSPropertyOp21
 70
     1
102
RTVSPropertyOp22
 70
     1
102
RTVSPropertyOp23
 70
     1
102
RTVSPropertyOp24
 70
     1
102
RTVSPropertyOp25
 70
     1
102
RTVSPropertyOp26
 70
     1
102
RTVSPropertyOp27
 70
     1
102
RTVSPropertyOp28
 70
     1
102
RTVSPropertyOp29
 70
     1
102
RTVSPropertyOp30
 70
     1
102
RTVSPropertyOp31
 70
     1
102
RTVSPropertyOp32
 70
     1
102
RTVSPropertyOp33
 70
     1
102
RTVSPropertyOp34
 70
     1
102
RTVSPropertyOp35
 70
     1
102
RTVSPropertyOp36
 70
     1
102
RTVSPropertyOp37
 70
     1
102
RTVSPropertyOp38
 70
     1
102
RTVSPropertyOp39
 70
     1
102
RTVSPropertyOp40
 70
     1
102
RTVSPropertyOp41
 70
     1
102
RTVSPropertyOp42
 70
     1
102
RTVSPropertyOp43
 70
     1
102
RTVSPropertyOp44
 70
     1
102
RTVSPropertyOp45
 70
     1
102
RTVSPropertyOp46
 70
     1
102
RTVSPropertyOp47
 70
     1
102
RTVSPropertyOp48
 70
     1
102
RTVSPropertyOp49
 70
     1
102
RTVSPropertyOp50
 70
     1
102
RTVSPropertyOp51
 70
     0
102
RTVSPropertyOp52
 70
     0
102
RTVSPropertyOp53
 70
     1
102
RTVSPropertyOp54
 70
     1
102
RTVSPropertyOp55
 70
     1
102
RTVSPropertyOp56
 70
     1
102
RTVSPropertyOp57
 70
     1
102
RTVSPropertyOp58
 70
     1
102
RTVSPropertyOp59
 70
     1
102
RTVSPropertyOp60
 70
     1
102
RTVSPropertyOp61
 70
     1
102
RTVSPropertyOp62
 70
     1
  0
XRECORD
  5
3A6
102
{ACAD_REACTORS
330
3A5
102
}
330
3A5
100
AcDbXrecord
280
     1
102
RTVSPost2010Prop28
280
     0
102
RTVSPost2010PropOp28
 70
     1
102
RTVSPost2010Prop29
280
     1
102
RTVSPost2010PropOp29
 70
     1
102
RTVSPost2010Prop30
280
     1
102
RTVSPost2010PropOp30
 70
     1
102
RTVSPost2010Prop31
280
     0
102
RTVSPost2010PropOp31
 70
     1
102
RTVSPost2010Prop32
280
     0
102
RTVSPost2010PropOp32
 70
     1
102
RTVSPost2010Prop33
280
     0
102
RTVSPost2010PropOp33
 70
     1
102
RTVSPost2010Prop34
280
     0
102
RTVSPost2010PropOp34
 70
     1
102
RTVSPost2010Prop35
280
     0
102
RTVSPost2010PropOp35
 70
     1
102
RTVSPost2010Prop36
280
     0
102
RTVSPost2010PropOp36
 70
     1
102
RTVSPost2010Prop37
 90
       50
102
RTVSPost2010PropOp37
 70
     1
102
RTVSPost2010Prop38
140
0.0
102
RTVSPost2010PropOp38
 70
     1
102
RTVSPost2010Prop39
140
1.0
102
RTVSPost2010PropOp39
 70
     1
102
RTVSPost2010Prop40
 90
        0
102
RTVSPost2010PropOp40
 70
     1
102
RTVSPost2010Prop41ColorIndex
 90
       18
102
RTVSPost2010Prop41ColorRGB
 90
        0
102
RTVSPost2010PropOp41
 70
     1
102
RTVSPost2010Prop42
 90
       50
102
RTVSPost2010PropOp42
 70
     1
102
RTVSPost2010Prop43
 90
        3
102
RTVSPost2010PropOp43
 70
     1
102
RTVSPost2010Prop44ColorIndex
 90
        5
102
RTVSPost2010Prop44ColorRGB
 90
      255
102
RTVSPost2010PropOp44
 70
     1
102
RTVSPost2010Prop45
280
     0
102
RTVSPost2010PropOp45
 70
     1
102
RTVSPost2010Prop46
 90
       50
102
RTVSPost2010PropOp46
 70
     1
102
RTVSPost2010Prop47
 90
       50
102
RTVSPost2010PropOp47
 70
     1
102
RTVSPost2010Prop48
 90
       50
102
RTVSPost2010PropOp48
 70
     1
102
RTVSPost2010Prop49
280
     0
102
RTVSPost2010PropOp49
 70
     1
102
RTVSPost2010Prop50
 90
       50
102
RTVSPost2010PropOp50
 70
     1
102
RTVSPost2010Prop51ColorIndex
 90
      256
102
RTVSPost2010Prop51ColorRGB
 90
-16777216
102
RTVSPost2010PropOp51
 70
     0
102
RTVSPost2010Prop52
140
1.0
102
RTVSPost2010PropOp52
 70
     0
102
RTVSPost2010Prop53
 90
        2
102
RTVSPost2010PropOp53
 70
     1
102
RTVSPost2010Prop54
  1
strokes_ogs.tif
102
RTVSPost2010PropOp54
 70
     1
102
RTVSPost2010Prop55
280
     0
102
RTVSPost2010PropOp55
 70
     1
102
RTVSPost2010Prop56
140
1.0
102
RTVSPost2010PropOp56
 70
     1
102
RTVSPost2010Prop57
140
1.0
102
RTVSPost2010PropOp57
 70
     1
102
RTVSPropertyOp0
 70
     1
102
RTVSPropertyOp1
 70
     1
102
RTVSPropertyOp2
 70
     1
102
RTVSPropertyOp3
 70
     1
102
RTVSPropertyOp4
 70
     1
102
RTVSPropertyOp5
 70
     1
102
RTVSPropertyOp6
 70
     1
102
RTVSPropertyOp7
 70
     1
102
RTVSPropertyOp8
 70
     1
102
RTVSPropertyOp9
 70
     1
102
RTVSPropertyOp10
 70
     1
102
RTVSPropertyOp11
 70
     1
102
RTVSPropertyOp12
 70
     1
102
RTVSPropertyOp13
 70
     1
102
RTVSPropertyOp14
 70
     1
102
RTVSPropertyOp15
 70
     1
102
RTVSPropertyOp16
 70
     1
102
RTVSPropertyOp17
 70
     1
102
RTVSPropertyOp18
 70
     1
102
RTVSPropertyOp19
 70
     1
102
RTVSPropertyOp20
 70
     1
102
RTVSPropertyOp21
 70
     1
102
RTVSPropertyOp22
 70
     1
102
RTVSPropertyOp23
 70
     1
102
RTVSPropertyOp24
 70
     1
102
RTVSPropertyOp25
 70
     1
102
RTVSPropertyOp26
 70
     1
102
RTVSPropertyOp27
 70
     1
102
RTVSPropertyOp28
 70
     1
102
RTVSPropertyOp29
 70
     1
102
RTVSPropertyOp30
 70
     1
102
RTVSPropertyOp31
 70
     1
102
RTVSPropertyOp32
 70
     1
102
RTVSPropertyOp33
 70
     1
102
RTVSPropertyOp34
 70
     1
102
RTVSPropertyOp35
 70
     1
102
RTVSPropertyOp36
 70
     1
102
RTVSPropertyOp37
 70
     1
102
RTVSPropertyOp38
 70
     1
102
RTVSPropertyOp39
 70
     1
102
RTVSPropertyOp40
 70
     1
102
RTVSPropertyOp41
 70
     1
102
RTVSPropertyOp42
 70
     1
102
RTVSPropertyOp43
 70
     1
102
RTVSPropertyOp44
 70
     1
102
RTVSPropertyOp45
 70
     1
102
RTVSPropertyOp46
 70
     1
102
RTVSPropertyOp47
 70
     1
102
RTVSPropertyOp48
 70
     1
102
RTVSPropertyOp49
 70
     1
102
RTVSPropertyOp50
 70
     1
102
RTVSPropertyOp51
 70
     0
102
RTVSPropertyOp52
 70
     0
102
RTVSPropertyOp53
 70
     1
102
RTVSPropertyOp54
 70
     1
102
RTVSPropertyOp55
 70
     1
102
RTVSPropertyOp56
 70
     1
102
RTVSPropertyOp57
 70
     1
102
RTVSPropertyOp58
 70
     1
102
RTVSPropertyOp59
 70
     1
102
RTVSPropertyOp60
 70
     1
102
RTVSPropertyOp61
 70
     1
102
RTVSPropertyOp62
 70
     1
  0
XRECORD
  5
398
102
{ACAD_REACTORS
330
397
102
}
330
397
100
AcDbXrecord
280
     1
102
RTVSPost2010Prop28
280
     0
102
RTVSPost2010PropOp28
 70
     1
102
RTVSPost2010Prop29
280
     1
102
RTVSPost2010PropOp29
 70
     1
102
RTVSPost2010Prop30
280
     1
102
RTVSPost2010PropOp30
 70
     1
102
RTVSPost2010Prop31
280
     0
102
RTVSPost2010PropOp31
 70
     1
102
RTVSPost2010Prop32
280
     0
102
RTVSPost2010PropOp32
 70
     1
102
RTVSPost2010Prop33
280
     0
102
RTVSPost2010PropOp33
 70
     1
102
RTVSPost2010Prop34
280
     0
102
RTVSPost2010PropOp34
 70
     1
102
RTVSPost2010Prop35
280
     0
102
RTVSPost2010PropOp35
 70
     1
102
RTVSPost2010Prop36
280
     0
102
RTVSPost2010PropOp36
 70
     1
102
RTVSPost2010Prop37
 90
       50
102
RTVSPost2010PropOp37
 70
     1
102
RTVSPost2010Prop38
140
0.0
102
RTVSPost2010PropOp38
 70
     1
102
RTVSPost2010Prop39
140
1.0
102
RTVSPost2010PropOp39
 70
     1
102
RTVSPost2010Prop40
 90
        0
102
RTVSPost2010PropOp40
 70
     1
102
RTVSPost2010Prop41ColorIndex
 90
       18
102
RTVSPost2010Prop41ColorRGB
 90
        0
102
RTVSPost2010PropOp41
 70
     1
102
RTVSPost2010Prop42
 90
       50
102
RTVSPost2010PropOp42
 70
     1
102
RTVSPost2010Prop43
 90
        3
102
RTVSPost2010PropOp43
 70
     1
102
RTVSPost2010Prop44ColorIndex
 90
        5
102
RTVSPost2010Prop44ColorRGB
 90
      255
102
RTVSPost2010PropOp44
 70
     1
102
RTVSPost2010Prop45
280
     0
102
RTVSPost2010PropOp45
 70
     1
102
RTVSPost2010Prop46
 90
       50
102
RTVSPost2010PropOp46
 70
     1
102
RTVSPost2010Prop47
 90
       50
102
RTVSPost2010PropOp47
 70
     1
102
RTVSPost2010Prop48
 90
       50
102
RTVSPost2010PropOp48
 70
     1
102
RTVSPost2010Prop49
280
     0
102
RTVSPost2010PropOp49
 70
     1
102
RTVSPost2010Prop50
 90
       50
102
RTVSPost2010PropOp50
 70
     1
102
RTVSPost2010Prop51ColorIndex
 90
      256
102
RTVSPost2010Prop51ColorRGB
 90
-16777216
102
RTVSPost2010PropOp51
 70
     0
102
RTVSPost2010Prop52
140
1.0
102
RTVSPost2010PropOp52
 70
     0
102
RTVSPost2010Prop53
 90
        2
102
RTVSPost2010PropOp53
 70
     1
102
RTVSPost2010Prop54
  1
strokes_ogs.tif
102
RTVSPost2010PropOp54
 70
     1
102
RTVSPost2010Prop55
280
     0
102
RTVSPost2010PropOp55
 70
     1
102
RTVSPost2010Prop56
140
1.0
102
RTVSPost2010PropOp56
 70
     1
102
RTVSPost2010Prop57
140
1.0
102
RTVSPost2010PropOp57
 70
     1
102
RTVSPropertyOp0
 70
     1
102
RTVSPropertyOp1
 70
     1
102
RTVSPropertyOp2
 70
     1
102
RTVSPropertyOp3
 70
     1
102
RTVSPropertyOp4
 70
     1
102
RTVSPropertyOp5
 70
     1
102
RTVSPropertyOp6
 70
     1
102
RTVSPropertyOp7
 70
     1
102
RTVSPropertyOp8
 70
     1
102
RTVSPropertyOp9
 70
     1
102
RTVSPropertyOp10
 70
     1
102
RTVSPropertyOp11
 70
     1
102
RTVSPropertyOp12
 70
     1
102
RTVSPropertyOp13
 70
     1
102
RTVSPropertyOp14
 70
     1
102
RTVSPropertyOp15
 70
     1
102
RTVSPropertyOp16
 70
     1
102
RTVSPropertyOp17
 70
     1
102
RTVSPropertyOp18
 70
     1
102
RTVSPropertyOp19
 70
     1
102
RTVSPropertyOp20
 70
     1
102
RTVSPropertyOp21
 70
     1
102
RTVSPropertyOp22
 70
     1
102
RTVSPropertyOp23
 70
     1
102
RTVSPropertyOp24
 70
     1
102
RTVSPropertyOp25
 70
     1
102
RTVSPropertyOp26
 70
     1
102
RTVSPropertyOp27
 70
     1
102
RTVSPropertyOp28
 70
     1
102
RTVSPropertyOp29
 70
     1
102
RTVSPropertyOp30
 70
     1
102
RTVSPropertyOp31
 70
     1
102
RTVSPropertyOp32
 70
     1
102
RTVSPropertyOp33
 70
     1
102
RTVSPropertyOp34
 70
     1
102
RTVSPropertyOp35
 70
     1
102
RTVSPropertyOp36
 70
     1
102
RTVSPropertyOp37
 70
     1
102
RTVSPropertyOp38
 70
     1
102
RTVSPropertyOp39
 70
     1
102
RTVSPropertyOp40
 70
     1
102
RTVSPropertyOp41
 70
     1
102
RTVSPropertyOp42
 70
     1
102
RTVSPropertyOp43
 70
     1
102
RTVSPropertyOp44
 70
     1
102
RTVSPropertyOp45
 70
     1
102
RTVSPropertyOp46
 70
     1
102
RTVSPropertyOp47
 70
     1
102
RTVSPropertyOp48
 70
     1
102
RTVSPropertyOp49
 70
     1
102
RTVSPropertyOp50
 70
     1
102
RTVSPropertyOp51
 70
     0
102
RTVSPropertyOp52
 70
     0
102
RTVSPropertyOp53
 70
     1
102
RTVSPropertyOp54
 70
     1
102
RTVSPropertyOp55
 70
     1
102
RTVSPropertyOp56
 70
     1
102
RTVSPropertyOp57
 70
     1
102
RTVSPropertyOp58
 70
     1
102
RTVSPropertyOp59
 70
     1
102
RTVSPropertyOp60
 70
     1
102
RTVSPropertyOp61
 70
     1
102
RTVSPropertyOp62
 70
     1
  0
XRECORD
  5
39C
102
{ACAD_REACTORS
330
39B
102
}
330
39B
100
AcDbXrecord
280
     1
102
RTVSPost2010Prop28
280
     0
102
RTVSPost2010PropOp28
 70
     1
102
RTVSPost2010Prop29
280
     1
102
RTVSPost2010PropOp29
 70
     1
102
RTVSPost2010Prop30
280
     1
102
RTVSPost2010PropOp30
 70
     1
102
RTVSPost2010Prop31
280
     0
102
RTVSPost2010PropOp31
 70
     1
102
RTVSPost2010Prop32
280
     0
102
RTVSPost2010PropOp32
 70
     1
102
RTVSPost2010Prop33
280
     0
102
RTVSPost2010PropOp33
 70
     1
102
RTVSPost2010Prop34
280
     0
102
RTVSPost2010PropOp34
 70
     1
102
RTVSPost2010Prop35
280
     0
102
RTVSPost2010PropOp35
 70
     1
102
RTVSPost2010Prop36
280
     0
102
RTVSPost2010PropOp36
 70
     1
102
RTVSPost2010Prop37
 90
       50
102
RTVSPost2010PropOp37
 70
     1
102
RTVSPost2010Prop38
140
0.0
102
RTVSPost2010PropOp38
 70
     1
102
RTVSPost2010Prop39
140
1.0
102
RTVSPost2010PropOp39
 70
     1
102
RTVSPost2010Prop40
 90
        0
102
RTVSPost2010PropOp40
 70
     1
102
RTVSPost2010Prop41ColorIndex
 90
       18
102
RTVSPost2010Prop41ColorRGB
 90
        0
102
RTVSPost2010PropOp41
 70
     1
102
RTVSPost2010Prop42
 90
       50
102
RTVSPost2010PropOp42
 70
     1
102
RTVSPost2010Prop43
 90
        3
102
RTVSPost2010PropOp43
 70
     1
102
RTVSPost2010Prop44ColorIndex
 90
        5
102
RTVSPost2010Prop44ColorRGB
 90
      255
102
RTVSPost2010PropOp44
 70
     1
102
RTVSPost2010Prop45
280
     0
102
RTVSPost2010PropOp45
 70
     1
102
RTVSPost2010Prop46
 90
       50
102
RTVSPost2010PropOp46
 70
     1
102
RTVSPost2010Prop47
 90
       50
102
RTVSPost2010PropOp47
 70
     1
102
RTVSPost2010Prop48
 90
       50
102
RTVSPost2010PropOp48
 70
     1
102
RTVSPost2010Prop49
280
     0
102
RTVSPost2010PropOp49
 70
     1
102
RTVSPost2010Prop50
 90
       50
102
RTVSPost2010PropOp50
 70
     1
102
RTVSPost2010Prop51ColorIndex
 90
      256
102
RTVSPost2010Prop51ColorRGB
 90
-16777216
102
RTVSPost2010PropOp51
 70
     0
102
RTVSPost2010Prop52
140
1.0
102
RTVSPost2010PropOp52
 70
     0
102
RTVSPost2010Prop53
 90
        2
102
RTVSPost2010PropOp53
 70
     1
102
RTVSPost2010Prop54
  1
strokes_ogs.tif
102
RTVSPost2010PropOp54
 70
     1
102
RTVSPost2010Prop55
280
     0
102
RTVSPost2010PropOp55
 70
     1
102
RTVSPost2010Prop56
140
1.0
102
RTVSPost2010PropOp56
 70
     1
102
RTVSPost2010Prop57
140
1.0
102
RTVSPost2010PropOp57
 70
     1
102
RTVSPropertyOp0
 70
     1
102
RTVSPropertyOp1
 70
     1
102
RTVSPropertyOp2
 70
     1
102
RTVSPropertyOp3
 70
     1
102
RTVSPropertyOp4
 70
     1
102
RTVSPropertyOp5
 70
     1
102
RTVSPropertyOp6
 70
     1
102
RTVSPropertyOp7
 70
     1
102
RTVSPropertyOp8
 70
     1
102
RTVSPropertyOp9
 70
     1
102
RTVSPropertyOp10
 70
     1
102
RTVSPropertyOp11
 70
     1
102
RTVSPropertyOp12
 70
     1
102
RTVSPropertyOp13
 70
     1
102
RTVSPropertyOp14
 70
     1
102
RTVSPropertyOp15
 70
     1
102
RTVSPropertyOp16
 70
     1
102
RTVSPropertyOp17
 70
     1
102
RTVSPropertyOp18
 70
     1
102
RTVSPropertyOp19
 70
     1
102
RTVSPropertyOp20
 70
     1
102
RTVSPropertyOp21
 70
     1
102
RTVSPropertyOp22
 70
     1
102
RTVSPropertyOp23
 70
     1
102
RTVSPropertyOp24
 70
     1
102
RTVSPropertyOp25
 70
     1
102
RTVSPropertyOp26
 70
     1
102
RTVSPropertyOp27
 70
     1
102
RTVSPropertyOp28
 70
     1
102
RTVSPropertyOp29
 70
     1
102
RTVSPropertyOp30
 70
     1
102
RTVSPropertyOp31
 70
     1
102
RTVSPropertyOp32
 70
     1
102
RTVSPropertyOp33
 70
     1
102
RTVSPropertyOp34
 70
     1
102
RTVSPropertyOp35
 70
     1
102
RTVSPropertyOp36
 70
     1
102
RTVSPropertyOp37
 70
     1
102
RTVSPropertyOp38
 70
     1
102
RTVSPropertyOp39
 70
     1
102
RTVSPropertyOp40
 70
     1
102
RTVSPropertyOp41
 70
     1
102
RTVSPropertyOp42
 70
     1
102
RTVSPropertyOp43
 70
     1
102
RTVSPropertyOp44
 70
     1
102
RTVSPropertyOp45
 70
     1
102
RTVSPropertyOp46
 70
     1
102
RTVSPropertyOp47
 70
     1
102
RTVSPropertyOp48
 70
     1
102
RTVSPropertyOp49
 70
     1
102
RTVSPropertyOp50
 70
     1
102
RTVSPropertyOp51
 70
     0
102
RTVSPropertyOp52
 70
     0
102
RTVSPropertyOp53
 70
     1
102
RTVSPropertyOp54
 70
     1
102
RTVSPropertyOp55
 70
     1
102
RTVSPropertyOp56
 70
     1
102
RTVSPropertyOp57
 70
     1
102
RTVSPropertyOp58
 70
     1
102
RTVSPropertyOp59
 70
     1
102
RTVSPropertyOp60
 70
     1
102
RTVSPropertyOp61
 70
     1
102
RTVSPropertyOp62
 70
     1
  0
XRECORD
  5
3B6
102
{ACAD_REACTORS
330
3B5
102
}
330
3B5
100
AcDbXrecord
280
     1
102
RTVSPost2010Prop28
280
     0
102
RTVSPost2010PropOp28
 70
     0
102
RTVSPost2010Prop29
280
     1
102
RTVSPost2010PropOp29
 70
     0
102
RTVSPost2010Prop30
280
     1
102
RTVSPost2010PropOp30
 70
     0
102
RTVSPost2010Prop31
280
     0
102
RTVSPost2010PropOp31
 70
     0
102
RTVSPost2010Prop32
280
     0
102
RTVSPost2010PropOp32
 70
     0
102
RTVSPost2010Prop33
280
     0
102
RTVSPost2010PropOp33
 70
     0
102
RTVSPost2010Prop34
280
     0
102
RTVSPost2010PropOp34
 70
     0
102
RTVSPost2010Prop35
280
     0
102
RTVSPost2010PropOp35
 70
     0
102
RTVSPost2010Prop36
280
     0
102
RTVSPost2010PropOp36
 70
     0
102
RTVSPost2010Prop37
 90
       50
102
RTVSPost2010PropOp37
 70
     0
102
RTVSPost2010Prop38
140
0.0
102
RTVSPost2010PropOp38
 70
     0
102
RTVSPost2010Prop39
140
1.0
102
RTVSPost2010PropOp39
 70
     0
102
RTVSPost2010Prop40
 90
        0
102
RTVSPost2010PropOp40
 70
     0
102
RTVSPost2010Prop41ColorIndex
 90
       18
102
RTVSPost2010Prop41ColorRGB
 90
        0
102
RTVSPost2010PropOp41
 70
     0
102
RTVSPost2010Prop42
 90
       50
102
RTVSPost2010PropOp42
 70
     0
102
RTVSPost2010Prop43
 90
        3
102
RTVSPost2010PropOp43
 70
     0
102
RTVSPost2010Prop44ColorIndex
 90
        5
102
RTVSPost2010Prop44ColorRGB
 90
      255
102
RTVSPost2010PropOp44
 70
     0
102
RTVSPost2010Prop45
280
     0
102
RTVSPost2010PropOp45
 70
     0
102
RTVSPost2010Prop46
 90
       50
102
RTVSPost2010PropOp46
 70
     0
102
RTVSPost2010Prop47
 90
       50
102
RTVSPost2010PropOp47
 70
     0
102
RTVSPost2010Prop48
 90
       50
102
RTVSPost2010PropOp48
 70
     0
102
RTVSPost2010Prop49
280
     0
102
RTVSPost2010PropOp49
 70
     0
102
RTVSPost2010Prop50
 90
       50
102
RTVSPost2010PropOp50
 70
     0
102
RTVSPost2010Prop51ColorIndex
 90
      256
102
RTVSPost2010Prop51ColorRGB
 90
-16777216
102
RTVSPost2010PropOp51
 70
     0
102
RTVSPost2010Prop52
140
1.0
102
RTVSPost2010PropOp52
 70
     0
102
RTVSPost2010Prop53
 90
        2
102
RTVSPost2010PropOp53
 70
     0
102
RTVSPost2010Prop54
  1
strokes_ogs.tif
102
RTVSPost2010PropOp54
 70
     0
102
RTVSPost2010Prop55
280
     0
102
RTVSPost2010PropOp55
 70
     0
102
RTVSPost2010Prop56
140
1.0
102
RTVSPost2010PropOp56
 70
     0
102
RTVSPost2010Prop57
140
1.0
102
RTVSPost2010PropOp57
 70
     0
102
RTVSPropertyOp0
 70
     0
102
RTVSPropertyOp1
 70
     0
102
RTVSPropertyOp2
 70
     0
102
RTVSPropertyOp3
 70
     0
102
RTVSPropertyOp4
 70
     0
102
RTVSPropertyOp5
 70
     0
102
RTVSPropertyOp6
 70
     0
102
RTVSPropertyOp7
 70
     0
102
RTVSPropertyOp8
 70
     0
102
RTVSPropertyOp9
 70
     0
102
RTVSPropertyOp10
 70
     0
102
RTVSPropertyOp11
 70
     0
102
RTVSPropertyOp12
 70
     0
102
RTVSPropertyOp13
 70
     0
102
RTVSPropertyOp14
 70
     2
102
RTVSPropertyOp15
 70
     0
102
RTVSPropertyOp16
 70
     0
102
RTVSPropertyOp17
 70
     0
102
RTVSPropertyOp18
 70
     0
102
RTVSPropertyOp19
 70
     0
102
RTVSPropertyOp20
 70
     0
102
RTVSPropertyOp21
 70
     0
102
RTVSPropertyOp22
 70
     0
102
RTVSPropertyOp23
 70
     0
102
RTVSPropertyOp24
 70
     0
102
RTVSPropertyOp25
 70
     0
102
RTVSPropertyOp26
 70
     0
102
RTVSPropertyOp27
 70
     0
102
RTVSPropertyOp28
 70
     0
102
RTVSPropertyOp29
 70
     0
102
RTVSPropertyOp30
 70
     0
102
RTVSPropertyOp31
 70
     0
102
RTVSPropertyOp32
 70
     0
102
RTVSPropertyOp33
 70
     0
102
RTVSPropertyOp34
 70
     0
102
RTVSPropertyOp35
 70
     0
102
RTVSPropertyOp36
 70
     0
102
RTVSPropertyOp37
 70
     0
102
RTVSPropertyOp38
 70
     0
102
RTVSPropertyOp39
 70
     0
102
RTVSPropertyOp40
 70
     0
102
RTVSPropertyOp41
 70
     0
102
RTVSPropertyOp42
 70
     0
102
RTVSPropertyOp43
 70
     0
102
RTVSPropertyOp44
 70
     0
102
RTVSPropertyOp45
 70
     0
102
RTVSPropertyOp46
 70
     0
102
RTVSPropertyOp47
 70
     0
102
RTVSPropertyOp48
 70
     0
102
RTVSPropertyOp49
 70
     0
102
RTVSPropertyOp50
 70
     0
102
RTVSPropertyOp51
 70
     0
102
RTVSPropertyOp52
 70
     0
102
RTVSPropertyOp53
 70
     0
102
RTVSPropertyOp54
 70
     0
102
RTVSPropertyOp55
 70
     0
102
RTVSPropertyOp56
 70
     0
102
RTVSPropertyOp57
 70
     0
102
RTVSPropertyOp58
 70
     0
102
RTVSPropertyOp59
 70
     0
102
RTVSPropertyOp60
 70
     0
102
RTVSPropertyOp61
 70
     0
102
RTVSPropertyOp62
 70
     0
  0
XRECORD
  5
3A4
102
{ACAD_REACTORS
330
3A3
102
}
330
3A3
100
AcDbXrecord
280
     1
102
RTVSPost2010Prop28
280
     0
102
RTVSPost2010PropOp28
 70
     1
102
RTVSPost2010Prop29
280
     1
102
RTVSPost2010PropOp29
 70
     1
102
RTVSPost2010Prop30
280
     1
102
RTVSPost2010PropOp30
 70
     1
102
RTVSPost2010Prop31
280
     0
102
RTVSPost2010PropOp31
 70
     1
102
RTVSPost2010Prop32
280
     0
102
RTVSPost2010PropOp32
 70
     1
102
RTVSPost2010Prop33
280
     0
102
RTVSPost2010PropOp33
 70
     1
102
RTVSPost2010Prop34
280
     0
102
RTVSPost2010PropOp34
 70
     1
102
RTVSPost2010Prop35
280
     0
102
RTVSPost2010PropOp35
 70
     1
102
RTVSPost2010Prop36
280
     0
102
RTVSPost2010PropOp36
 70
     1
102
RTVSPost2010Prop37
 90
       50
102
RTVSPost2010PropOp37
 70
     1
102
RTVSPost2010Prop38
140
0.0
102
RTVSPost2010PropOp38
 70
     1
102
RTVSPost2010Prop39
140
1.0
102
RTVSPost2010PropOp39
 70
     1
102
RTVSPost2010Prop40
 90
        0
102
RTVSPost2010PropOp40
 70
     1
102
RTVSPost2010Prop41ColorIndex
 90
       18
102
RTVSPost2010Prop41ColorRGB
 90
        0
102
RTVSPost2010PropOp41
 70
     1
102
RTVSPost2010Prop42
 90
       50
102
RTVSPost2010PropOp42
 70
     1
102
RTVSPost2010Prop43
 90
        3
102
RTVSPost2010PropOp43
 70
     1
102
RTVSPost2010Prop44ColorIndex
 90
        5
102
RTVSPost2010Prop44ColorRGB
 90
      255
102
RTVSPost2010PropOp44
 70
     1
102
RTVSPost2010Prop45
280
     0
102
RTVSPost2010PropOp45
 70
     1
102
RTVSPost2010Prop46
 90
       50
102
RTVSPost2010PropOp46
 70
     1
102
RTVSPost2010Prop47
 90
       50
102
RTVSPost2010PropOp47
 70
     1
102
RTVSPost2010Prop48
 90
       50
102
RTVSPost2010PropOp48
 70
     1
102
RTVSPost2010Prop49
280
     0
102
RTVSPost2010PropOp49
 70
     1
102
RTVSPost2010Prop50
 90
       50
102
RTVSPost2010PropOp50
 70
     1
102
RTVSPost2010Prop51ColorIndex
 90
      256
102
RTVSPost2010Prop51ColorRGB
 90
-16777216
102
RTVSPost2010PropOp51
 70
     0
102
RTVSPost2010Prop52
140
1.0
102
RTVSPost2010PropOp52
 70
     0
102
RTVSPost2010Prop53
 90
        2
102
RTVSPost2010PropOp53
 70
     1
102
RTVSPost2010Prop54
  1
strokes_ogs.tif
102
RTVSPost2010PropOp54
 70
     1
102
RTVSPost2010Prop55
280
     0
102
RTVSPost2010PropOp55
 70
     1
102
RTVSPost2010Prop56
140
1.0
102
RTVSPost2010PropOp56
 70
     1
102
RTVSPost2010Prop57
140
1.0
102
RTVSPost2010PropOp57
 70
     1
102
RTVSPropertyOp0
 70
     1
102
RTVSPropertyOp1
 70
     1
102
RTVSPropertyOp2
 70
     1
102
RTVSPropertyOp3
 70
     1
102
RTVSPropertyOp4
 70
     1
102
RTVSPropertyOp5
 70
     1
102
RTVSPropertyOp6
 70
     1
102
RTVSPropertyOp7
 70
     1
102
RTVSPropertyOp8
 70
     1
102
RTVSPropertyOp9
 70
     1
102
RTVSPropertyOp10
 70
     1
102
RTVSPropertyOp11
 70
     1
102
RTVSPropertyOp12
 70
     1
102
RTVSPropertyOp13
 70
     1
102
RTVSPropertyOp14
 70
     1
102
RTVSPropertyOp15
 70
     1
102
RTVSPropertyOp16
 70
     1
102
RTVSPropertyOp17
 70
     1
102
RTVSPropertyOp18
 70
     1
102
RTVSPropertyOp19
 70
     1
102
RTVSPropertyOp20
 70
     1
102
RTVSPropertyOp21
 70
     1
102
RTVSPropertyOp22
 70
     1
102
RTVSPropertyOp23
 70
     1
102
RTVSPropertyOp24
 70
     1
102
RTVSPropertyOp25
 70
     1
102
RTVSPropertyOp26
 70
     1
102
RTVSPropertyOp27
 70
     1
102
RTVSPropertyOp28
 70
     1
102
RTVSPropertyOp29
 70
     1
102
RTVSPropertyOp30
 70
     1
102
RTVSPropertyOp31
 70
     1
102
RTVSPropertyOp32
 70
     1
102
RTVSPropertyOp33
 70
     1
102
RTVSPropertyOp34
 70
     1
102
RTVSPropertyOp35
 70
     1
102
RTVSPropertyOp36
 70
     1
102
RTVSPropertyOp37
 70
     1
102
RTVSPropertyOp38
 70
     1
102
RTVSPropertyOp39
 70
     1
102
RTVSPropertyOp40
 70
     1
102
RTVSPropertyOp41
 70
     1
102
RTVSPropertyOp42
 70
     1
102
RTVSPropertyOp43
 70
     1
102
RTVSPropertyOp44
 70
     1
102
RTVSPropertyOp45
 70
     1
102
RTVSPropertyOp46
 70
     1
102
RTVSPropertyOp47
 70
     1
102
RTVSPropertyOp48
 70
     1
102
RTVSPropertyOp49
 70
     1
102
RTVSPropertyOp50
 70
     1
102
RTVSPropertyOp51
 70
     0
102
RTVSPropertyOp52
 70
     0
102
RTVSPropertyOp53
 70
     1
102
RTVSPropertyOp54
 70
     1
102
RTVSPropertyOp55
 70
     1
102
RTVSPropertyOp56
 70
     1
102
RTVSPropertyOp57
 70
     1
102
RTVSPropertyOp58
 70
     1
102
RTVSPropertyOp59
 70
     1
102
RTVSPropertyOp60
 70
     1
102
RTVSPropertyOp61
 70
     1
102
RTVSPropertyOp62
 70
     1
  0
XRECORD
  5
388
102
{ACAD_REACTORS
330
387
102
}
330
387
100
AcDbXrecord
280
     1
102
RTVSPost2010Prop28
280
     0
102
RTVSPost2010PropOp28
 70
     1
102
RTVSPost2010Prop29
280
     1
102
RTVSPost2010PropOp29
 70
     1
102
RTVSPost2010Prop30
280
     1
102
RTVSPost2010PropOp30
 70
     1
102
RTVSPost2010Prop31
280
     0
102
RTVSPost2010PropOp31
 70
     1
102
RTVSPost2010Prop32
280
     0
102
RTVSPost2010PropOp32
 70
     1
102
RTVSPost2010Prop33
280
     0
102
RTVSPost2010PropOp33
 70
     1
102
RTVSPost2010Prop34
280
     0
102
RTVSPost2010PropOp34
 70
     1
102
RTVSPost2010Prop35
280
     0
102
RTVSPost2010PropOp35
 70
     1
102
RTVSPost2010Prop36
280
     0
102
RTVSPost2010PropOp36
 70
     1
102
RTVSPost2010Prop37
 90
       50
102
RTVSPost2010PropOp37
 70
     1
102
RTVSPost2010Prop38
140
0.0
102
RTVSPost2010PropOp38
 70
     1
102
RTVSPost2010Prop39
140
1.0
102
RTVSPost2010PropOp39
 70
     1
102
RTVSPost2010Prop40
 90
        0
102
RTVSPost2010PropOp40
 70
     1
102
RTVSPost2010Prop41ColorIndex
 90
       18
102
RTVSPost2010Prop41ColorRGB
 90
        0
102
RTVSPost2010PropOp41
 70
     1
102
RTVSPost2010Prop42
 90
       50
102
RTVSPost2010PropOp42
 70
     1
102
RTVSPost2010Prop43
 90
        3
102
RTVSPost2010PropOp43
 70
     1
102
RTVSPost2010Prop44ColorIndex
 90
        5
102
RTVSPost2010Prop44ColorRGB
 90
      255
102
RTVSPost2010PropOp44
 70
     1
102
RTVSPost2010Prop45
280
     0
102
RTVSPost2010PropOp45
 70
     1
102
RTVSPost2010Prop46
 90
       50
102
RTVSPost2010PropOp46
 70
     1
102
RTVSPost2010Prop47
 90
       50
102
RTVSPost2010PropOp47
 70
     1
102
RTVSPost2010Prop48
 90
       50
102
RTVSPost2010PropOp48
 70
     1
102
RTVSPost2010Prop49
280
     0
102
RTVSPost2010PropOp49
 70
     1
102
RTVSPost2010Prop50
 90
       50
102
RTVSPost2010PropOp50
 70
     1
102
RTVSPost2010Prop51ColorIndex
 90
      256
102
RTVSPost2010Prop51ColorRGB
 90
-16777216
102
RTVSPost2010PropOp51
 70
     0
102
RTVSPost2010Prop52
140
1.0
102
RTVSPost2010PropOp52
 70
     0
102
RTVSPost2010Prop53
 90
        2
102
RTVSPost2010PropOp53
 70
     1
102
RTVSPost2010Prop54
  1
strokes_ogs.tif
102
RTVSPost2010PropOp54
 70
     1
102
RTVSPost2010Prop55
280
     0
102
RTVSPost2010PropOp55
 70
     1
102
RTVSPost2010Prop56
140
1.0
102
RTVSPost2010PropOp56
 70
     1
102
RTVSPost2010Prop57
140
1.0
102
RTVSPost2010PropOp57
 70
     1
102
RTVSPropertyOp0
 70
     1
102
RTVSPropertyOp1
 70
     1
102
RTVSPropertyOp2
 70
     1
102
RTVSPropertyOp3
 70
     1
102
RTVSPropertyOp4
 70
     1
102
RTVSPropertyOp5
 70
     1
102
RTVSPropertyOp6
 70
     1
102
RTVSPropertyOp7
 70
     1
102
RTVSPropertyOp8
 70
     1
102
RTVSPropertyOp9
 70
     1
102
RTVSPropertyOp10
 70
     1
102
RTVSPropertyOp11
 70
     1
102
RTVSPropertyOp12
 70
     1
102
RTVSPropertyOp13
 70
     1
102
RTVSPropertyOp14
 70
     1
102
RTVSPropertyOp15
 70
     1
102
RTVSPropertyOp16
 70
     1
102
RTVSPropertyOp17
 70
     1
102
RTVSPropertyOp18
 70
     1
102
RTVSPropertyOp19
 70
     1
102
RTVSPropertyOp20
 70
     1
102
RTVSPropertyOp21
 70
     1
102
RTVSPropertyOp22
 70
     1
102
RTVSPropertyOp23
 70
     1
102
RTVSPropertyOp24
 70
     1
102
RTVSPropertyOp25
 70
     1
102
RTVSPropertyOp26
 70
     1
102
RTVSPropertyOp27
 70
     1
102
RTVSPropertyOp28
 70
     1
102
RTVSPropertyOp29
 70
     1
102
RTVSPropertyOp30
 70
     1
102
RTVSPropertyOp31
 70
     1
102
RTVSPropertyOp32
 70
     1
102
RTVSPropertyOp33
 70
     1
102
RTVSPropertyOp34
 70
     1
102
RTVSPropertyOp35
 70
     1
102
RTVSPropertyOp36
 70
     1
102
RTVSPropertyOp37
 70
     1
102
RTVSPropertyOp38
 70
     1
102
RTVSPropertyOp39
 70
     1
102
RTVSPropertyOp40
 70
     1
102
RTVSPropertyOp41
 70
     1
102
RTVSPropertyOp42
 70
     1
102
RTVSPropertyOp43
 70
     1
102
RTVSPropertyOp44
 70
     1
102
RTVSPropertyOp45
 70
     1
102
RTVSPropertyOp46
 70
     1
102
RTVSPropertyOp47
 70
     1
102
RTVSPropertyOp48
 70
     1
102
RTVSPropertyOp49
 70
     1
102
RTVSPropertyOp50
 70
     1
102
RTVSPropertyOp51
 70
     0
102
RTVSPropertyOp52
 70
     0
102
RTVSPropertyOp53
 70
     1
102
RTVSPropertyOp54
 70
     1
102
RTVSPropertyOp55
 70
     1
102
RTVSPropertyOp56
 70
     1
102
RTVSPropertyOp57
 70
     1
102
RTVSPropertyOp58
 70
     1
102
RTVSPropertyOp59
 70
     1
102
RTVSPropertyOp60
 70
     1
102
RTVSPropertyOp61
 70
     1
102
RTVSPropertyOp62
 70
     1
  0
XRECORD
  5
38A
102
{ACAD_REACTORS
330
389
102
}
330
389
100
AcDbXrecord
280
     1
102
RTVSPost2010Prop28
280
     0
102
RTVSPost2010PropOp28
 70
     1
102
RTVSPost2010Prop29
280
     1
102
RTVSPost2010PropOp29
 70
     1
102
RTVSPost2010Prop30
280
     1
102
RTVSPost2010PropOp30
 70
     1
102
RTVSPost2010Prop31
280
     0
102
RTVSPost2010PropOp31
 70
     1
102
RTVSPost2010Prop32
280
     0
102
RTVSPost2010PropOp32
 70
     1
102
RTVSPost2010Prop33
280
     0
102
RTVSPost2010PropOp33
 70
     1
102
RTVSPost2010Prop34
280
     0
102
RTVSPost2010PropOp34
 70
     1
102
RTVSPost2010Prop35
280
     0
102
RTVSPost2010PropOp35
 70
     1
102
RTVSPost2010Prop36
280
     0
102
RTVSPost2010PropOp36
 70
     1
102
RTVSPost2010Prop37
 90
       50
102
RTVSPost2010PropOp37
 70
     1
102
RTVSPost2010Prop38
140
0.0
102
RTVSPost2010PropOp38
 70
     1
102
RTVSPost2010Prop39
140
1.0
102
RTVSPost2010PropOp39
 70
     1
102
RTVSPost2010Prop40
 90
        0
102
RTVSPost2010PropOp40
 70
     1
102
RTVSPost2010Prop41ColorIndex
 90
       18
102
RTVSPost2010Prop41ColorRGB
 90
        0
102
RTVSPost2010PropOp41
 70
     1
102
RTVSPost2010Prop42
 90
       50
102
RTVSPost2010PropOp42
 70
     1
102
RTVSPost2010Prop43
 90
        3
102
RTVSPost2010PropOp43
 70
     1
102
RTVSPost2010Prop44ColorIndex
 90
        5
102
RTVSPost2010Prop44ColorRGB
 90
      255
102
RTVSPost2010PropOp44
 70
     1
102
RTVSPost2010Prop45
280
     0
102
RTVSPost2010PropOp45
 70
     1
102
RTVSPost2010Prop46
 90
       50
102
RTVSPost2010PropOp46
 70
     1
102
RTVSPost2010Prop47
 90
       50
102
RTVSPost2010PropOp47
 70
     1
102
RTVSPost2010Prop48
 90
       50
102
RTVSPost2010PropOp48
 70
     1
102
RTVSPost2010Prop49
280
     0
102
RTVSPost2010PropOp49
 70
     1
102
RTVSPost2010Prop50
 90
       50
102
RTVSPost2010PropOp50
 70
     1
102
RTVSPost2010Prop51ColorIndex
 90
      256
102
RTVSPost2010Prop51ColorRGB
 90
-16777216
102
RTVSPost2010PropOp51
 70
     0
102
RTVSPost2010Prop52
140
1.0
102
RTVSPost2010PropOp52
 70
     0
102
RTVSPost2010Prop53
 90
        2
102
RTVSPost2010PropOp53
 70
     1
102
RTVSPost2010Prop54
  1
strokes_ogs.tif
102
RTVSPost2010PropOp54
 70
     1
102
RTVSPost2010Prop55
280
     0
102
RTVSPost2010PropOp55
 70
     1
102
RTVSPost2010Prop56
140
1.0
102
RTVSPost2010PropOp56
 70
     1
102
RTVSPost2010Prop57
140
1.0
102
RTVSPost2010PropOp57
 70
     1
102
RTVSPropertyOp0
 70
     1
102
RTVSPropertyOp1
 70
     1
102
RTVSPropertyOp2
 70
     1
102
RTVSPropertyOp3
 70
     1
102
RTVSPropertyOp4
 70
     1
102
RTVSPropertyOp5
 70
     1
102
RTVSPropertyOp6
 70
     1
102
RTVSPropertyOp7
 70
     1
102
RTVSPropertyOp8
 70
     1
102
RTVSPropertyOp9
 70
     1
102
RTVSPropertyOp10
 70
     1
102
RTVSPropertyOp11
 70
     1
102
RTVSPropertyOp12
 70
     1
102
RTVSPropertyOp13
 70
     1
102
RTVSPropertyOp14
 70
     1
102
RTVSPropertyOp15
 70
     1
102
RTVSPropertyOp16
 70
     1
102
RTVSPropertyOp17
 70
     1
102
RTVSPropertyOp18
 70
     1
102
RTVSPropertyOp19
 70
     1
102
RTVSPropertyOp20
 70
     1
102
RTVSPropertyOp21
 70
     1
102
RTVSPropertyOp22
 70
     1
102
RTVSPropertyOp23
 70
     1
102
RTVSPropertyOp24
 70
     1
102
RTVSPropertyOp25
 70
     1
102
RTVSPropertyOp26
 70
     1
102
RTVSPropertyOp27
 70
     1
102
RTVSPropertyOp28
 70
     1
102
RTVSPropertyOp29
 70
     1
102
RTVSPropertyOp30
 70
     1
102
RTVSPropertyOp31
 70
     1
102
RTVSPropertyOp32
 70
     1
102
RTVSPropertyOp33
 70
     1
102
RTVSPropertyOp34
 70
     1
102
RTVSPropertyOp35
 70
     1
102
RTVSPropertyOp36
 70
     1
102
RTVSPropertyOp37
 70
     1
102
RTVSPropertyOp38
 70
     1
102
RTVSPropertyOp39
 70
     1
102
RTVSPropertyOp40
 70
     1
102
RTVSPropertyOp41
 70
     1
102
RTVSPropertyOp42
 70
     1
102
RTVSPropertyOp43
 70
     1
102
RTVSPropertyOp44
 70
     1
102
RTVSPropertyOp45
 70
     1
102
RTVSPropertyOp46
 70
     1
102
RTVSPropertyOp47
 70
     1
102
RTVSPropertyOp48
 70
     1
102
RTVSPropertyOp49
 70
     1
102
RTVSPropertyOp50
 70
     1
102
RTVSPropertyOp51
 70
     0
102
RTVSPropertyOp52
 70
     0
102
RTVSPropertyOp53
 70
     1
102
RTVSPropertyOp54
 70
     1
102
RTVSPropertyOp55
 70
     1
102
RTVSPropertyOp56
 70
     1
102
RTVSPropertyOp57
 70
     1
102
RTVSPropertyOp58
 70
     1
102
RTVSPropertyOp59
 70
     1
102
RTVSPropertyOp60
 70
     1
102
RTVSPropertyOp61
 70
     1
102
RTVSPropertyOp62
 70
     1
  0
XRECORD
  5
38C
102
{ACAD_REACTORS
330
38B
102
}
330
38B
100
AcDbXrecord
280
     1
102
RTVSPost2010Prop28
280
     0
102
RTVSPost2010PropOp28
 70
     1
102
RTVSPost2010Prop29
280
     1
102
RTVSPost2010PropOp29
 70
     1
102
RTVSPost2010Prop30
280
     1
102
RTVSPost2010PropOp30
 70
     1
102
RTVSPost2010Prop31
280
     0
102
RTVSPost2010PropOp31
 70
     1
102
RTVSPost2010Prop32
280
     0
102
RTVSPost2010PropOp32
 70
     1
102
RTVSPost2010Prop33
280
     0
102
RTVSPost2010PropOp33
 70
     1
102
RTVSPost2010Prop34
280
     0
102
RTVSPost2010PropOp34
 70
     1
102
RTVSPost2010Prop35
280
     0
102
RTVSPost2010PropOp35
 70
     1
102
RTVSPost2010Prop36
280
     0
102
RTVSPost2010PropOp36
 70
     1
102
RTVSPost2010Prop37
 90
       50
102
RTVSPost2010PropOp37
 70
     1
102
RTVSPost2010Prop38
140
0.0
102
RTVSPost2010PropOp38
 70
     1
102
RTVSPost2010Prop39
140
1.0
102
RTVSPost2010PropOp39
 70
     1
102
RTVSPost2010Prop40
 90
        0
102
RTVSPost2010PropOp40
 70
     1
102
RTVSPost2010Prop41ColorIndex
 90
       18
102
RTVSPost2010Prop41ColorRGB
 90
        0
102
RTVSPost2010PropOp41
 70
     1
102
RTVSPost2010Prop42
 90
       50
102
RTVSPost2010PropOp42
 70
     1
102
RTVSPost2010Prop43
 90
        3
102
RTVSPost2010PropOp43
 70
     1
102
RTVSPost2010Prop44ColorIndex
 90
        5
102
RTVSPost2010Prop44ColorRGB
 90
      255
102
RTVSPost2010PropOp44
 70
     1
102
RTVSPost2010Prop45
280
     0
102
RTVSPost2010PropOp45
 70
     1
102
RTVSPost2010Prop46
 90
       50
102
RTVSPost2010PropOp46
 70
     1
102
RTVSPost2010Prop47
 90
       50
102
RTVSPost2010PropOp47
 70
     1
102
RTVSPost2010Prop48
 90
       50
102
RTVSPost2010PropOp48
 70
     1
102
RTVSPost2010Prop49
280
     0
102
RTVSPost2010PropOp49
 70
     1
102
RTVSPost2010Prop50
 90
       50
102
RTVSPost2010PropOp50
 70
     1
102
RTVSPost2010Prop51ColorIndex
 90
      256
102
RTVSPost2010Prop51ColorRGB
 90
-16777216
102
RTVSPost2010PropOp51
 70
     0
102
RTVSPost2010Prop52
140
1.0
102
RTVSPost2010PropOp52
 70
     0
102
RTVSPost2010Prop53
 90
        2
102
RTVSPost2010PropOp53
 70
     1
102
RTVSPost2010Prop54
  1
strokes_ogs.tif
102
RTVSPost2010PropOp54
 70
     1
102
RTVSPost2010Prop55
280
     0
102
RTVSPost2010PropOp55
 70
     1
102
RTVSPost2010Prop56
140
1.0
102
RTVSPost2010PropOp56
 70
     1
102
RTVSPost2010Prop57
140
1.0
102
RTVSPost2010PropOp57
 70
     1
102
RTVSPropertyOp0
 70
     1
102
RTVSPropertyOp1
 70
     1
102
RTVSPropertyOp2
 70
     1
102
RTVSPropertyOp3
 70
     1
102
RTVSPropertyOp4
 70
     1
102
RTVSPropertyOp5
 70
     1
102
RTVSPropertyOp6
 70
     1
102
RTVSPropertyOp7
 70
     1
102
RTVSPropertyOp8
 70
     1
102
RTVSPropertyOp9
 70
     1
102
RTVSPropertyOp10
 70
     1
102
RTVSPropertyOp11
 70
     1
102
RTVSPropertyOp12
 70
     1
102
RTVSPropertyOp13
 70
     1
102
RTVSPropertyOp14
 70
     1
102
RTVSPropertyOp15
 70
     1
102
RTVSPropertyOp16
 70
     1
102
RTVSPropertyOp17
 70
     1
102
RTVSPropertyOp18
 70
     1
102
RTVSPropertyOp19
 70
     1
102
RTVSPropertyOp20
 70
     1
102
RTVSPropertyOp21
 70
     1
102
RTVSPropertyOp22
 70
     1
102
RTVSPropertyOp23
 70
     1
102
RTVSPropertyOp24
 70
     1
102
RTVSPropertyOp25
 70
     1
102
RTVSPropertyOp26
 70
     1
102
RTVSPropertyOp27
 70
     1
102
RTVSPropertyOp28
 70
     1
102
RTVSPropertyOp29
 70
     1
102
RTVSPropertyOp30
 70
     1
102
RTVSPropertyOp31
 70
     1
102
RTVSPropertyOp32
 70
     1
102
RTVSPropertyOp33
 70
     1
102
RTVSPropertyOp34
 70
     1
102
RTVSPropertyOp35
 70
     1
102
RTVSPropertyOp36
 70
     1
102
RTVSPropertyOp37
 70
     1
102
RTVSPropertyOp38
 70
     1
102
RTVSPropertyOp39
 70
     1
102
RTVSPropertyOp40
 70
     1
102
RTVSPropertyOp41
 70
     1
102
RTVSPropertyOp42
 70
     1
102
RTVSPropertyOp43
 70
     1
102
RTVSPropertyOp44
 70
     1
102
RTVSPropertyOp45
 70
     1
102
RTVSPropertyOp46
 70
     1
102
RTVSPropertyOp47
 70
     1
102
RTVSPropertyOp48
 70
     1
102
RTVSPropertyOp49
 70
     1
102
RTVSPropertyOp50
 70
     1
102
RTVSPropertyOp51
 70
     0
102
RTVSPropertyOp52
 70
     0
102
RTVSPropertyOp53
 70
     1
102
RTVSPropertyOp54
 70
     1
102
RTVSPropertyOp55
 70
     1
102
RTVSPropertyOp56
 70
     1
102
RTVSPropertyOp57
 70
     1
102
RTVSPropertyOp58
 70
     1
102
RTVSPropertyOp59
 70
     1
102
RTVSPropertyOp60
 70
     1
102
RTVSPropertyOp61
 70
     1
102
RTVSPropertyOp62
 70
     1
  0
XRECORD
  5
38E
102
{ACAD_REACTORS
330
38D
102
}
330
38D
100
AcDbXrecord
280
     1
102
RTVSPost2010Prop28
280
     0
102
RTVSPost2010PropOp28
 70
     1
102
RTVSPost2010Prop29
280
     1
102
RTVSPost2010PropOp29
 70
     1
102
RTVSPost2010Prop30
280
     1
102
RTVSPost2010PropOp30
 70
     1
102
RTVSPost2010Prop31
280
     0
102
RTVSPost2010PropOp31
 70
     1
102
RTVSPost2010Prop32
280
     0
102
RTVSPost2010PropOp32
 70
     1
102
RTVSPost2010Prop33
280
     0
102
RTVSPost2010PropOp33
 70
     1
102
RTVSPost2010Prop34
280
     0
102
RTVSPost2010PropOp34
 70
     1
102
RTVSPost2010Prop35
280
     0
102
RTVSPost2010PropOp35
 70
     1
102
RTVSPost2010Prop36
280
     0
102
RTVSPost2010PropOp36
 70
     1
102
RTVSPost2010Prop37
 90
       50
102
RTVSPost2010PropOp37
 70
     1
102
RTVSPost2010Prop38
140
0.0
102
RTVSPost2010PropOp38
 70
     1
102
RTVSPost2010Prop39
140
1.0
102
RTVSPost2010PropOp39
 70
     1
102
RTVSPost2010Prop40
 90
        0
102
RTVSPost2010PropOp40
 70
     1
102
RTVSPost2010Prop41ColorIndex
 90
       18
102
RTVSPost2010Prop41ColorRGB
 90
        0
102
RTVSPost2010PropOp41
 70
     1
102
RTVSPost2010Prop42
 90
       50
102
RTVSPost2010PropOp42
 70
     1
102
RTVSPost2010Prop43
 90
        3
102
RTVSPost2010PropOp43
 70
     1
102
RTVSPost2010Prop44ColorIndex
 90
        5
102
RTVSPost2010Prop44ColorRGB
 90
      255
102
RTVSPost2010PropOp44
 70
     1
102
RTVSPost2010Prop45
280
     0
102
RTVSPost2010PropOp45
 70
     1
102
RTVSPost2010Prop46
 90
       50
102
RTVSPost2010PropOp46
 70
     1
102
RTVSPost2010Prop47
 90
       50
102
RTVSPost2010PropOp47
 70
     1
102
RTVSPost2010Prop48
 90
       50
102
RTVSPost2010PropOp48
 70
     1
102
RTVSPost2010Prop49
280
     0
102
RTVSPost2010PropOp49
 70
     1
102
RTVSPost2010Prop50
 90
       50
102
RTVSPost2010PropOp50
 70
     1
102
RTVSPost2010Prop51ColorIndex
 90
      256
102
RTVSPost2010Prop51ColorRGB
 90
-16777216
102
RTVSPost2010PropOp51
 70
     0
102
RTVSPost2010Prop52
140
1.0
102
RTVSPost2010PropOp52
 70
     0
102
RTVSPost2010Prop53
 90
        2
102
RTVSPost2010PropOp53
 70
     1
102
RTVSPost2010Prop54
  1
strokes_ogs.tif
102
RTVSPost2010PropOp54
 70
     1
102
RTVSPost2010Prop55
280
     0
102
RTVSPost2010PropOp55
 70
     1
102
RTVSPost2010Prop56
140
1.0
102
RTVSPost2010PropOp56
 70
     1
102
RTVSPost2010Prop57
140
1.0
102
RTVSPost2010PropOp57
 70
     1
102
RTVSPropertyOp0
 70
     1
102
RTVSPropertyOp1
 70
     1
102
RTVSPropertyOp2
 70
     1
102
RTVSPropertyOp3
 70
     1
102
RTVSPropertyOp4
 70
     1
102
RTVSPropertyOp5
 70
     1
102
RTVSPropertyOp6
 70
     1
102
RTVSPropertyOp7
 70
     1
102
RTVSPropertyOp8
 70
     1
102
RTVSPropertyOp9
 70
     1
102
RTVSPropertyOp10
 70
     1
102
RTVSPropertyOp11
 70
     1
102
RTVSPropertyOp12
 70
     1
102
RTVSPropertyOp13
 70
     1
102
RTVSPropertyOp14
 70
     1
102
RTVSPropertyOp15
 70
     1
102
RTVSPropertyOp16
 70
     1
102
RTVSPropertyOp17
 70
     1
102
RTVSPropertyOp18
 70
     1
102
RTVSPropertyOp19
 70
     1
102
RTVSPropertyOp20
 70
     1
102
RTVSPropertyOp21
 70
     1
102
RTVSPropertyOp22
 70
     1
102
RTVSPropertyOp23
 70
     1
102
RTVSPropertyOp24
 70
     1
102
RTVSPropertyOp25
 70
     1
102
RTVSPropertyOp26
 70
     1
102
RTVSPropertyOp27
 70
     1
102
RTVSPropertyOp28
 70
     1
102
RTVSPropertyOp29
 70
     1
102
RTVSPropertyOp30
 70
     1
102
RTVSPropertyOp31
 70
     1
102
RTVSPropertyOp32
 70
     1
102
RTVSPropertyOp33
 70
     1
102
RTVSPropertyOp34
 70
     1
102
RTVSPropertyOp35
 70
     1
102
RTVSPropertyOp36
 70
     1
102
RTVSPropertyOp37
 70
     1
102
RTVSPropertyOp38
 70
     1
102
RTVSPropertyOp39
 70
     1
102
RTVSPropertyOp40
 70
     1
102
RTVSPropertyOp41
 70
     1
102
RTVSPropertyOp42
 70
     1
102
RTVSPropertyOp43
 70
     1
102
RTVSPropertyOp44
 70
     1
102
RTVSPropertyOp45
 70
     1
102
RTVSPropertyOp46
 70
     1
102
RTVSPropertyOp47
 70
     1
102
RTVSPropertyOp48
 70
     1
102
RTVSPropertyOp49
 70
     1
102
RTVSPropertyOp50
 70
     1
102
RTVSPropertyOp51
 70
     0
102
RTVSPropertyOp52
 70
     0
102
RTVSPropertyOp53
 70
     1
102
RTVSPropertyOp54
 70
     1
102
RTVSPropertyOp55
 70
     1
102
RTVSPropertyOp56
 70
     1
102
RTVSPropertyOp57
 70
     1
102
RTVSPropertyOp58
 70
     1
102
RTVSPropertyOp59
 70
     1
102
RTVSPropertyOp60
 70
     1
102
RTVSPropertyOp61
 70
     1
102
RTVSPropertyOp62
 70
     1
  0
XRECORD
  5
396
102
{ACAD_REACTORS
330
395
102
}
330
395
100
AcDbXrecord
280
     1
102
RTVSPost2010Prop28
280
     0
102
RTVSPost2010PropOp28
 70
     1
102
RTVSPost2010Prop29
280
     1
102
RTVSPost2010PropOp29
 70
     1
102
RTVSPost2010Prop30
280
     1
102
RTVSPost2010PropOp30
 70
     1
102
RTVSPost2010Prop31
280
     0
102
RTVSPost2010PropOp31
 70
     1
102
RTVSPost2010Prop32
280
     0
102
RTVSPost2010PropOp32
 70
     1
102
RTVSPost2010Prop33
280
     0
102
RTVSPost2010PropOp33
 70
     1
102
RTVSPost2010Prop34
280
     0
102
RTVSPost2010PropOp34
 70
     1
102
RTVSPost2010Prop35
280
     0
102
RTVSPost2010PropOp35
 70
     1
102
RTVSPost2010Prop36
280
     0
102
RTVSPost2010PropOp36
 70
     1
102
RTVSPost2010Prop37
 90
       50
102
RTVSPost2010PropOp37
 70
     1
102
RTVSPost2010Prop38
140
0.0
102
RTVSPost2010PropOp38
 70
     1
102
RTVSPost2010Prop39
140
1.0
102
RTVSPost2010PropOp39
 70
     1
102
RTVSPost2010Prop40
 90
        0
102
RTVSPost2010PropOp40
 70
     1
102
RTVSPost2010Prop41ColorIndex
 90
       18
102
RTVSPost2010Prop41ColorRGB
 90
        0
102
RTVSPost2010PropOp41
 70
     1
102
RTVSPost2010Prop42
 90
       50
102
RTVSPost2010PropOp42
 70
     1
102
RTVSPost2010Prop43
 90
        3
102
RTVSPost2010PropOp43
 70
     1
102
RTVSPost2010Prop44ColorIndex
 90
        5
102
RTVSPost2010Prop44ColorRGB
 90
      255
102
RTVSPost2010PropOp44
 70
     1
102
RTVSPost2010Prop45
280
     0
102
RTVSPost2010PropOp45
 70
     1
102
RTVSPost2010Prop46
 90
       50
102
RTVSPost2010PropOp46
 70
     1
102
RTVSPost2010Prop47
 90
       50
102
RTVSPost2010PropOp47
 70
     1
102
RTVSPost2010Prop48
 90
       50
102
RTVSPost2010PropOp48
 70
     1
102
RTVSPost2010Prop49
280
     0
102
RTVSPost2010PropOp49
 70
     1
102
RTVSPost2010Prop50
 90
       50
102
RTVSPost2010PropOp50
 70
     1
102
RTVSPost2010Prop51ColorIndex
 90
      256
102
RTVSPost2010Prop51ColorRGB
 90
-16777216
102
RTVSPost2010PropOp51
 70
     0
102
RTVSPost2010Prop52
140
1.0
102
RTVSPost2010PropOp52
 70
     0
102
RTVSPost2010Prop53
 90
        2
102
RTVSPost2010PropOp53
 70
     1
102
RTVSPost2010Prop54
  1
strokes_ogs.tif
102
RTVSPost2010PropOp54
 70
     1
102
RTVSPost2010Prop55
280
     0
102
RTVSPost2010PropOp55
 70
     1
102
RTVSPost2010Prop56
140
1.0
102
RTVSPost2010PropOp56
 70
     1
102
RTVSPost2010Prop57
140
1.0
102
RTVSPost2010PropOp57
 70
     1
102
RTVSPropertyOp0
 70
     1
102
RTVSPropertyOp1
 70
     1
102
RTVSPropertyOp2
 70
     1
102
RTVSPropertyOp3
 70
     1
102
RTVSPropertyOp4
 70
     1
102
RTVSPropertyOp5
 70
     1
102
RTVSPropertyOp6
 70
     1
102
RTVSPropertyOp7
 70
     1
102
RTVSPropertyOp8
 70
     1
102
RTVSPropertyOp9
 70
     1
102
RTVSPropertyOp10
 70
     1
102
RTVSPropertyOp11
 70
     1
102
RTVSPropertyOp12
 70
     1
102
RTVSPropertyOp13
 70
     1
102
RTVSPropertyOp14
 70
     1
102
RTVSPropertyOp15
 70
     1
102
RTVSPropertyOp16
 70
     1
102
RTVSPropertyOp17
 70
     1
102
RTVSPropertyOp18
 70
     1
102
RTVSPropertyOp19
 70
     1
102
RTVSPropertyOp20
 70
     1
102
RTVSPropertyOp21
 70
     1
102
RTVSPropertyOp22
 70
     1
102
RTVSPropertyOp23
 70
     1
102
RTVSPropertyOp24
 70
     1
102
RTVSPropertyOp25
 70
     1
102
RTVSPropertyOp26
 70
     1
102
RTVSPropertyOp27
 70
     1
102
RTVSPropertyOp28
 70
     1
102
RTVSPropertyOp29
 70
     1
102
RTVSPropertyOp30
 70
     1
102
RTVSPropertyOp31
 70
     1
102
RTVSPropertyOp32
 70
     1
102
RTVSPropertyOp33
 70
     1
102
RTVSPropertyOp34
 70
     1
102
RTVSPropertyOp35
 70
     1
102
RTVSPropertyOp36
 70
     1
102
RTVSPropertyOp37
 70
     1
102
RTVSPropertyOp38
 70
     1
102
RTVSPropertyOp39
 70
     1
102
RTVSPropertyOp40
 70
     1
102
RTVSPropertyOp41
 70
     1
102
RTVSPropertyOp42
 70
     1
102
RTVSPropertyOp43
 70
     1
102
RTVSPropertyOp44
 70
     1
102
RTVSPropertyOp45
 70
     1
102
RTVSPropertyOp46
 70
     1
102
RTVSPropertyOp47
 70
     1
102
RTVSPropertyOp48
 70
     1
102
RTVSPropertyOp49
 70
     1
102
RTVSPropertyOp50
 70
     1
102
RTVSPropertyOp51
 70
     0
102
RTVSPropertyOp52
 70
     0
102
RTVSPropertyOp53
 70
     1
102
RTVSPropertyOp54
 70
     1
102
RTVSPropertyOp55
 70
     1
102
RTVSPropertyOp56
 70
     1
102
RTVSPropertyOp57
 70
     1
102
RTVSPropertyOp58
 70
     1
102
RTVSPropertyOp59
 70
     1
102
RTVSPropertyOp60
 70
     1
102
RTVSPropertyOp61
 70
     1
102
RTVSPropertyOp62
 70
     1
  0
XRECORD
  5
3B2
102
{ACAD_REACTORS
330
3B1
102
}
330
3B1
100
AcDbXrecord
280
     1
102
RTVSPost2010Prop28
280
     0
102
RTVSPost2010PropOp28
 70
     0
102
RTVSPost2010Prop29
280
     1
102
RTVSPost2010PropOp29
 70
     0
102
RTVSPost2010Prop30
280
     1
102
RTVSPost2010PropOp30
 70
     0
102
RTVSPost2010Prop31
280
     0
102
RTVSPost2010PropOp31
 70
     0
102
RTVSPost2010Prop32
280
     0
102
RTVSPost2010PropOp32
 70
     0
102
RTVSPost2010Prop33
280
     0
102
RTVSPost2010PropOp33
 70
     0
102
RTVSPost2010Prop34
280
     0
102
RTVSPost2010PropOp34
 70
     0
102
RTVSPost2010Prop35
280
     0
102
RTVSPost2010PropOp35
 70
     0
102
RTVSPost2010Prop36
280
     0
102
RTVSPost2010PropOp36
 70
     0
102
RTVSPost2010Prop37
 90
       50
102
RTVSPost2010PropOp37
 70
     0
102
RTVSPost2010Prop38
140
0.0
102
RTVSPost2010PropOp38
 70
     0
102
RTVSPost2010Prop39
140
1.0
102
RTVSPost2010PropOp39
 70
     0
102
RTVSPost2010Prop40
 90
        0
102
RTVSPost2010PropOp40
 70
     0
102
RTVSPost2010Prop41ColorIndex
 90
       18
102
RTVSPost2010Prop41ColorRGB
 90
        0
102
RTVSPost2010PropOp41
 70
     0
102
RTVSPost2010Prop42
 90
       50
102
RTVSPost2010PropOp42
 70
     0
102
RTVSPost2010Prop43
 90
        3
102
RTVSPost2010PropOp43
 70
     0
102
RTVSPost2010Prop44ColorIndex
 90
        5
102
RTVSPost2010Prop44ColorRGB
 90
      255
102
RTVSPost2010PropOp44
 70
     0
102
RTVSPost2010Prop45
280
     0
102
RTVSPost2010PropOp45
 70
     0
102
RTVSPost2010Prop46
 90
       50
102
RTVSPost2010PropOp46
 70
     0
102
RTVSPost2010Prop47
 90
       50
102
RTVSPost2010PropOp47
 70
     0
102
RTVSPost2010Prop48
 90
       50
102
RTVSPost2010PropOp48
 70
     0
102
RTVSPost2010Prop49
280
     0
102
RTVSPost2010PropOp49
 70
     0
102
RTVSPost2010Prop50
 90
       50
102
RTVSPost2010PropOp50
 70
     0
102
RTVSPost2010Prop51ColorIndex
 90
      256
102
RTVSPost2010Prop51ColorRGB
 90
-16777216
102
RTVSPost2010PropOp51
 70
     0
102
RTVSPost2010Prop52
140
1.0
102
RTVSPost2010PropOp52
 70
     0
102
RTVSPost2010Prop53
 90
        2
102
RTVSPost2010PropOp53
 70
     0
102
RTVSPost2010Prop54
  1
strokes_ogs.tif
102
RTVSPost2010PropOp54
 70
     0
102
RTVSPost2010Prop55
280
     0
102
RTVSPost2010PropOp55
 70
     0
102
RTVSPost2010Prop56
140
1.0
102
RTVSPost2010PropOp56
 70
     0
102
RTVSPost2010Prop57
140
1.0
102
RTVSPost2010PropOp57
 70
     0
102
RTVSPropertyOp0
 70
     0
102
RTVSPropertyOp1
 70
     0
102
RTVSPropertyOp2
 70
     0
102
RTVSPropertyOp3
 70
     0
102
RTVSPropertyOp4
 70
     0
102
RTVSPropertyOp5
 70
     0
102
RTVSPropertyOp6
 70
     0
102
RTVSPropertyOp7
 70
     0
102
RTVSPropertyOp8
 70
     0
102
RTVSPropertyOp9
 70
     0
102
RTVSPropertyOp10
 70
     0
102
RTVSPropertyOp11
 70
     0
102
RTVSPropertyOp12
 70
     0
102
RTVSPropertyOp13
 70
     0
102
RTVSPropertyOp14
 70
     2
102
RTVSPropertyOp15
 70
     0
102
RTVSPropertyOp16
 70
     0
102
RTVSPropertyOp17
 70
     0
102
RTVSPropertyOp18
 70
     0
102
RTVSPropertyOp19
 70
     0
102
RTVSPropertyOp20
 70
     0
102
RTVSPropertyOp21
 70
     0
102
RTVSPropertyOp22
 70
     0
102
RTVSPropertyOp23
 70
     0
102
RTVSPropertyOp24
 70
     0
102
RTVSPropertyOp25
 70
     0
102
RTVSPropertyOp26
 70
     0
102
RTVSPropertyOp27
 70
     0
102
RTVSPropertyOp28
 70
     0
102
RTVSPropertyOp29
 70
     0
102
RTVSPropertyOp30
 70
     0
102
RTVSPropertyOp31
 70
     0
102
RTVSPropertyOp32
 70
     0
102
RTVSPropertyOp33
 70
     0
102
RTVSPropertyOp34
 70
     0
102
RTVSPropertyOp35
 70
     0
102
RTVSPropertyOp36
 70
     0
102
RTVSPropertyOp37
 70
     0
102
RTVSPropertyOp38
 70
     0
102
RTVSPropertyOp39
 70
     0
102
RTVSPropertyOp40
 70
     0
102
RTVSPropertyOp41
 70
     0
102
RTVSPropertyOp42
 70
     0
102
RTVSPropertyOp43
 70
     0
102
RTVSPropertyOp44
 70
     0
102
RTVSPropertyOp45
 70
     0
102
RTVSPropertyOp46
 70
     0
102
RTVSPropertyOp47
 70
     0
102
RTVSPropertyOp48
 70
     0
102
RTVSPropertyOp49
 70
     0
102
RTVSPropertyOp50
 70
     0
102
RTVSPropertyOp51
 70
     0
102
RTVSPropertyOp52
 70
     0
102
RTVSPropertyOp53
 70
     0
102
RTVSPropertyOp54
 70
     0
102
RTVSPropertyOp55
 70
     0
102
RTVSPropertyOp56
 70
     0
102
RTVSPropertyOp57
 70
     0
102
RTVSPropertyOp58
 70
     0
102
RTVSPropertyOp59
 70
     0
102
RTVSPropertyOp60
 70
     0
102
RTVSPropertyOp61
 70
     0
102
RTVSPropertyOp62
 70
     0
  0
XRECORD
  5
3A2
102
{ACAD_REACTORS
330
3A1
102
}
330
3A1
100
AcDbXrecord
280
     1
102
RTVSPost2010Prop28
280
     0
102
RTVSPost2010PropOp28
 70
     1
102
RTVSPost2010Prop29
280
     1
102
RTVSPost2010PropOp29
 70
     1
102
RTVSPost2010Prop30
280
     1
102
RTVSPost2010PropOp30
 70
     1
102
RTVSPost2010Prop31
280
     0
102
RTVSPost2010PropOp31
 70
     1
102
RTVSPost2010Prop32
280
     0
102
RTVSPost2010PropOp32
 70
     1
102
RTVSPost2010Prop33
280
     0
102
RTVSPost2010PropOp33
 70
     1
102
RTVSPost2010Prop34
280
     0
102
RTVSPost2010PropOp34
 70
     1
102
RTVSPost2010Prop35
280
     0
102
RTVSPost2010PropOp35
 70
     1
102
RTVSPost2010Prop36
280
     0
102
RTVSPost2010PropOp36
 70
     1
102
RTVSPost2010Prop37
 90
       50
102
RTVSPost2010PropOp37
 70
     1
102
RTVSPost2010Prop38
140
0.0
102
RTVSPost2010PropOp38
 70
     1
102
RTVSPost2010Prop39
140
1.0
102
RTVSPost2010PropOp39
 70
     1
102
RTVSPost2010Prop40
 90
        0
102
RTVSPost2010PropOp40
 70
     1
102
RTVSPost2010Prop41ColorIndex
 90
       18
102
RTVSPost2010Prop41ColorRGB
 90
        0
102
RTVSPost2010PropOp41
 70
     1
102
RTVSPost2010Prop42
 90
       50
102
RTVSPost2010PropOp42
 70
     1
102
RTVSPost2010Prop43
 90
        3
102
RTVSPost2010PropOp43
 70
     1
102
RTVSPost2010Prop44ColorIndex
 90
        5
102
RTVSPost2010Prop44ColorRGB
 90
      255
102
RTVSPost2010PropOp44
 70
     1
102
RTVSPost2010Prop45
280
     0
102
RTVSPost2010PropOp45
 70
     1
102
RTVSPost2010Prop46
 90
       50
102
RTVSPost2010PropOp46
 70
     1
102
RTVSPost2010Prop47
 90
       50
102
RTVSPost2010PropOp47
 70
     1
102
RTVSPost2010Prop48
 90
       50
102
RTVSPost2010PropOp48
 70
     1
102
RTVSPost2010Prop49
280
     0
102
RTVSPost2010PropOp49
 70
     1
102
RTVSPost2010Prop50
 90
       50
102
RTVSPost2010PropOp50
 70
     1
102
RTVSPost2010Prop51ColorIndex
 90
      256
102
RTVSPost2010Prop51ColorRGB
 90
-16777216
102
RTVSPost2010PropOp51
 70
     0
102
RTVSPost2010Prop52
140
1.0
102
RTVSPost2010PropOp52
 70
     0
102
RTVSPost2010Prop53
 90
        2
102
RTVSPost2010PropOp53
 70
     1
102
RTVSPost2010Prop54
  1
strokes_ogs.tif
102
RTVSPost2010PropOp54
 70
     1
102
RTVSPost2010Prop55
280
     0
102
RTVSPost2010PropOp55
 70
     1
102
RTVSPost2010Prop56
140
1.0
102
RTVSPost2010PropOp56
 70
     1
102
RTVSPost2010Prop57
140
1.0
102
RTVSPost2010PropOp57
 70
     1
102
RTVSPropertyOp0
 70
     1
102
RTVSPropertyOp1
 70
     1
102
RTVSPropertyOp2
 70
     1
102
RTVSPropertyOp3
 70
     1
102
RTVSPropertyOp4
 70
     1
102
RTVSPropertyOp5
 70
     1
102
RTVSPropertyOp6
 70
     1
102
RTVSPropertyOp7
 70
     1
102
RTVSPropertyOp8
 70
     1
102
RTVSPropertyOp9
 70
     1
102
RTVSPropertyOp10
 70
     1
102
RTVSPropertyOp11
 70
     1
102
RTVSPropertyOp12
 70
     1
102
RTVSPropertyOp13
 70
     1
102
RTVSPropertyOp14
 70
     1
102
RTVSPropertyOp15
 70
     1
102
RTVSPropertyOp16
 70
     1
102
RTVSPropertyOp17
 70
     1
102
RTVSPropertyOp18
 70
     1
102
RTVSPropertyOp19
 70
     1
102
RTVSPropertyOp20
 70
     1
102
RTVSPropertyOp21
 70
     1
102
RTVSPropertyOp22
 70
     1
102
RTVSPropertyOp23
 70
     1
102
RTVSPropertyOp24
 70
     1
102
RTVSPropertyOp25
 70
     1
102
RTVSPropertyOp26
 70
     1
102
RTVSPropertyOp27
 70
     1
102
RTVSPropertyOp28
 70
     1
102
RTVSPropertyOp29
 70
     1
102
RTVSPropertyOp30
 70
     1
102
RTVSPropertyOp31
 70
     1
102
RTVSPropertyOp32
 70
     1
102
RTVSPropertyOp33
 70
     1
102
RTVSPropertyOp34
 70
     1
102
RTVSPropertyOp35
 70
     1
102
RTVSPropertyOp36
 70
     1
102
RTVSPropertyOp37
 70
     1
102
RTVSPropertyOp38
 70
     1
102
RTVSPropertyOp39
 70
     1
102
RTVSPropertyOp40
 70
     1
102
RTVSPropertyOp41
 70
     1
102
RTVSPropertyOp42
 70
     1
102
RTVSPropertyOp43
 70
     1
102
RTVSPropertyOp44
 70
     1
102
RTVSPropertyOp45
 70
     1
102
RTVSPropertyOp46
 70
     1
102
RTVSPropertyOp47
 70
     1
102
RTVSPropertyOp48
 70
     1
102
RTVSPropertyOp49
 70
     1
102
RTVSPropertyOp50
 70
     1
102
RTVSPropertyOp51
 70
     0
102
RTVSPropertyOp52
 70
     0
102
RTVSPropertyOp53
 70
     1
102
RTVSPropertyOp54
 70
     1
102
RTVSPropertyOp55
 70
     1
102
RTVSPropertyOp56
 70
     1
102
RTVSPropertyOp57
 70
     1
102
RTVSPropertyOp58
 70
     1
102
RTVSPropertyOp59
 70
     1
102
RTVSPropertyOp60
 70
     1
102
RTVSPropertyOp61
 70
     1
102
RTVSPropertyOp62
 70
     1
  0
XRECORD
  5
3B4
102
{ACAD_REACTORS
330
3B3
102
}
330
3B3
100
AcDbXrecord
280
     1
102
RTVSPost2010Prop28
280
     0
102
RTVSPost2010PropOp28
 70
     0
102
RTVSPost2010Prop29
280
     1
102
RTVSPost2010PropOp29
 70
     0
102
RTVSPost2010Prop30
280
     1
102
RTVSPost2010PropOp30
 70
     0
102
RTVSPost2010Prop31
280
     0
102
RTVSPost2010PropOp31
 70
     0
102
RTVSPost2010Prop32
280
     0
102
RTVSPost2010PropOp32
 70
     0
102
RTVSPost2010Prop33
280
     0
102
RTVSPost2010PropOp33
 70
     0
102
RTVSPost2010Prop34
280
     0
102
RTVSPost2010PropOp34
 70
     0
102
RTVSPost2010Prop35
280
     0
102
RTVSPost2010PropOp35
 70
     0
102
RTVSPost2010Prop36
280
     0
102
RTVSPost2010PropOp36
 70
     0
102
RTVSPost2010Prop37
 90
       50
102
RTVSPost2010PropOp37
 70
     0
102
RTVSPost2010Prop38
140
0.0
102
RTVSPost2010PropOp38
 70
     0
102
RTVSPost2010Prop39
140
1.0
102
RTVSPost2010PropOp39
 70
     0
102
RTVSPost2010Prop40
 90
        0
102
RTVSPost2010PropOp40
 70
     0
102
RTVSPost2010Prop41ColorIndex
 90
       18
102
RTVSPost2010Prop41ColorRGB
 90
        0
102
RTVSPost2010PropOp41
 70
     0
102
RTVSPost2010Prop42
 90
       50
102
RTVSPost2010PropOp42
 70
     0
102
RTVSPost2010Prop43
 90
        3
102
RTVSPost2010PropOp43
 70
     0
102
RTVSPost2010Prop44ColorIndex
 90
        5
102
RTVSPost2010Prop44ColorRGB
 90
      255
102
RTVSPost2010PropOp44
 70
     0
102
RTVSPost2010Prop45
280
     0
102
RTVSPost2010PropOp45
 70
     0
102
RTVSPost2010Prop46
 90
       50
102
RTVSPost2010PropOp46
 70
     0
102
RTVSPost2010Prop47
 90
       50
102
RTVSPost2010PropOp47
 70
     0
102
RTVSPost2010Prop48
 90
       50
102
RTVSPost2010PropOp48
 70
     0
102
RTVSPost2010Prop49
280
     0
102
RTVSPost2010PropOp49
 70
     0
102
RTVSPost2010Prop50
 90
       50
102
RTVSPost2010PropOp50
 70
     0
102
RTVSPost2010Prop51ColorIndex
 90
      256
102
RTVSPost2010Prop51ColorRGB
 90
-16777216
102
RTVSPost2010PropOp51
 70
     0
102
RTVSPost2010Prop52
140
1.0
102
RTVSPost2010PropOp52
 70
     0
102
RTVSPost2010Prop53
 90
        2
102
RTVSPost2010PropOp53
 70
     0
102
RTVSPost2010Prop54
  1
strokes_ogs.tif
102
RTVSPost2010PropOp54
 70
     0
102
RTVSPost2010Prop55
280
     0
102
RTVSPost2010PropOp55
 70
     0
102
RTVSPost2010Prop56
140
1.0
102
RTVSPost2010PropOp56
 70
     0
102
RTVSPost2010Prop57
140
1.0
102
RTVSPost2010PropOp57
 70
     0
102
RTVSPropertyOp0
 70
     0
102
RTVSPropertyOp1
 70
     0
102
RTVSPropertyOp2
 70
     0
102
RTVSPropertyOp3
 70
     0
102
RTVSPropertyOp4
 70
     0
102
RTVSPropertyOp5
 70
     0
102
RTVSPropertyOp6
 70
     0
102
RTVSPropertyOp7
 70
     0
102
RTVSPropertyOp8
 70
     0
102
RTVSPropertyOp9
 70
     0
102
RTVSPropertyOp10
 70
     0
102
RTVSPropertyOp11
 70
     0
102
RTVSPropertyOp12
 70
     0
102
RTVSPropertyOp13
 70
     0
102
RTVSPropertyOp14
 70
     2
102
RTVSPropertyOp15
 70
     0
102
RTVSPropertyOp16
 70
     0
102
RTVSPropertyOp17
 70
     0
102
RTVSPropertyOp18
 70
     0
102
RTVSPropertyOp19
 70
     0
102
RTVSPropertyOp20
 70
     0
102
RTVSPropertyOp21
 70
     0
102
RTVSPropertyOp22
 70
     0
102
RTVSPropertyOp23
 70
     0
102
RTVSPropertyOp24
 70
     0
102
RTVSPropertyOp25
 70
     0
102
RTVSPropertyOp26
 70
     0
102
RTVSPropertyOp27
 70
     0
102
RTVSPropertyOp28
 70
     0
102
RTVSPropertyOp29
 70
     0
102
RTVSPropertyOp30
 70
     0
102
RTVSPropertyOp31
 70
     0
102
RTVSPropertyOp32
 70
     0
102
RTVSPropertyOp33
 70
     0
102
RTVSPropertyOp34
 70
     0
102
RTVSPropertyOp35
 70
     0
102
RTVSPropertyOp36
 70
     0
102
RTVSPropertyOp37
 70
     0
102
RTVSPropertyOp38
 70
     0
102
RTVSPropertyOp39
 70
     0
102
RTVSPropertyOp40
 70
     0
102
RTVSPropertyOp41
 70
     0
102
RTVSPropertyOp42
 70
     0
102
RTVSPropertyOp43
 70
     0
102
RTVSPropertyOp44
 70
     0
102
RTVSPropertyOp45
 70
     0
102
RTVSPropertyOp46
 70
     0
102
RTVSPropertyOp47
 70
     0
102
RTVSPropertyOp48
 70
     0
102
RTVSPropertyOp49
 70
     0
102
RTVSPropertyOp50
 70
     0
102
RTVSPropertyOp51
 70
     0
102
RTVSPropertyOp52
 70
     0
102
RTVSPropertyOp53
 70
     0
102
RTVSPropertyOp54
 70
     0
102
RTVSPropertyOp55
 70
     0
102
RTVSPropertyOp56
 70
     0
102
RTVSPropertyOp57
 70
     0
102
RTVSPropertyOp58
 70
     0
102
RTVSPropertyOp59
 70
     0
102
RTVSPropertyOp60
 70
     0
102
RTVSPropertyOp61
 70
     0
102
RTVSPropertyOp62
 70
     0
  0
XRECORD
  5
39A
102
{ACAD_REACTORS
330
399
102
}
330
399
100
AcDbXrecord
280
     1
102
RTVSPost2010Prop28
280
     0
102
RTVSPost2010PropOp28
 70
     1
102
RTVSPost2010Prop29
280
     1
102
RTVSPost2010PropOp29
 70
     1
102
RTVSPost2010Prop30
280
     1
102
RTVSPost2010PropOp30
 70
     1
102
RTVSPost2010Prop31
280
     0
102
RTVSPost2010PropOp31
 70
     1
102
RTVSPost2010Prop32
280
     0
102
RTVSPost2010PropOp32
 70
     1
102
RTVSPost2010Prop33
280
     0
102
RTVSPost2010PropOp33
 70
     1
102
RTVSPost2010Prop34
280
     0
102
RTVSPost2010PropOp34
 70
     1
102
RTVSPost2010Prop35
280
     0
102
RTVSPost2010PropOp35
 70
     1
102
RTVSPost2010Prop36
280
     0
102
RTVSPost2010PropOp36
 70
     1
102
RTVSPost2010Prop37
 90
       50
102
RTVSPost2010PropOp37
 70
     1
102
RTVSPost2010Prop38
140
0.0
102
RTVSPost2010PropOp38
 70
     1
102
RTVSPost2010Prop39
140
1.0
102
RTVSPost2010PropOp39
 70
     1
102
RTVSPost2010Prop40
 90
        0
102
RTVSPost2010PropOp40
 70
     1
102
RTVSPost2010Prop41ColorIndex
 90
       18
102
RTVSPost2010Prop41ColorRGB
 90
        0
102
RTVSPost2010PropOp41
 70
     1
102
RTVSPost2010Prop42
 90
       50
102
RTVSPost2010PropOp42
 70
     1
102
RTVSPost2010Prop43
 90
        3
102
RTVSPost2010PropOp43
 70
     1
102
RTVSPost2010Prop44ColorIndex
 90
        5
102
RTVSPost2010Prop44ColorRGB
 90
      255
102
RTVSPost2010PropOp44
 70
     1
102
RTVSPost2010Prop45
280
     0
102
RTVSPost2010PropOp45
 70
     1
102
RTVSPost2010Prop46
 90
       50
102
RTVSPost2010PropOp46
 70
     1
102
RTVSPost2010Prop47
 90
       50
102
RTVSPost2010PropOp47
 70
     1
102
RTVSPost2010Prop48
 90
       50
102
RTVSPost2010PropOp48
 70
     1
102
RTVSPost2010Prop49
280
     0
102
RTVSPost2010PropOp49
 70
     1
102
RTVSPost2010Prop50
 90
       50
102
RTVSPost2010PropOp50
 70
     1
102
RTVSPost2010Prop51ColorIndex
 90
      256
102
RTVSPost2010Prop51ColorRGB
 90
-16777216
102
RTVSPost2010PropOp51
 70
     0
102
RTVSPost2010Prop52
140
1.0
102
RTVSPost2010PropOp52
 70
     0
102
RTVSPost2010Prop53
 90
        2
102
RTVSPost2010PropOp53
 70
     1
102
RTVSPost2010Prop54
  1
strokes_ogs.tif
102
RTVSPost2010PropOp54
 70
     1
102
RTVSPost2010Prop55
280
     0
102
RTVSPost2010PropOp55
 70
     1
102
RTVSPost2010Prop56
140
1.0
102
RTVSPost2010PropOp56
 70
     1
102
RTVSPost2010Prop57
140
1.0
102
RTVSPost2010PropOp57
 70
     1
102
RTVSPropertyOp0
 70
     1
102
RTVSPropertyOp1
 70
     1
102
RTVSPropertyOp2
 70
     1
102
RTVSPropertyOp3
 70
     1
102
RTVSPropertyOp4
 70
     1
102
RTVSPropertyOp5
 70
     1
102
RTVSPropertyOp6
 70
     1
102
RTVSPropertyOp7
 70
     1
102
RTVSPropertyOp8
 70
     1
102
RTVSPropertyOp9
 70
     1
102
RTVSPropertyOp10
 70
     1
102
RTVSPropertyOp11
 70
     1
102
RTVSPropertyOp12
 70
     1
102
RTVSPropertyOp13
 70
     1
102
RTVSPropertyOp14
 70
     1
102
RTVSPropertyOp15
 70
     1
102
RTVSPropertyOp16
 70
     1
102
RTVSPropertyOp17
 70
     1
102
RTVSPropertyOp18
 70
     1
102
RTVSPropertyOp19
 70
     1
102
RTVSPropertyOp20
 70
     1
102
RTVSPropertyOp21
 70
     1
102
RTVSPropertyOp22
 70
     1
102
RTVSPropertyOp23
 70
     1
102
RTVSPropertyOp24
 70
     1
102
RTVSPropertyOp25
 70
     1
102
RTVSPropertyOp26
 70
     1
102
RTVSPropertyOp27
 70
     1
102
RTVSPropertyOp28
 70
     1
102
RTVSPropertyOp29
 70
     1
102
RTVSPropertyOp30
 70
     1
102
RTVSPropertyOp31
 70
     1
102
RTVSPropertyOp32
 70
     1
102
RTVSPropertyOp33
 70
     1
102
RTVSPropertyOp34
 70
     1
102
RTVSPropertyOp35
 70
     1
102
RTVSPropertyOp36
 70
     1
102
RTVSPropertyOp37
 70
     1
102
RTVSPropertyOp38
 70
     1
102
RTVSPropertyOp39
 70
     1
102
RTVSPropertyOp40
 70
     1
102
RTVSPropertyOp41
 70
     1
102
RTVSPropertyOp42
 70
     1
102
RTVSPropertyOp43
 70
     1
102
RTVSPropertyOp44
 70
     1
102
RTVSPropertyOp45
 70
     1
102
RTVSPropertyOp46
 70
     1
102
RTVSPropertyOp47
 70
     1
102
RTVSPropertyOp48
 70
     1
102
RTVSPropertyOp49
 70
     1
102
RTVSPropertyOp50
 70
     1
102
RTVSPropertyOp51
 70
     0
102
RTVSPropertyOp52
 70
     0
102
RTVSPropertyOp53
 70
     1
102
RTVSPropertyOp54
 70
     1
102
RTVSPropertyOp55
 70
     1
102
RTVSPropertyOp56
 70
     1
102
RTVSPropertyOp57
 70
     1
102
RTVSPropertyOp58
 70
     1
102
RTVSPropertyOp59
 70
     1
102
RTVSPropertyOp60
 70
     1
102
RTVSPropertyOp61
 70
     1
102
RTVSPropertyOp62
 70
     1
  0
XRECORD
  5
3B0
102
{ACAD_REACTORS
330
3AF
102
}
330
3AF
100
AcDbXrecord
280
     1
102
RTVSPost2010Prop28
280
     0
102
RTVSPost2010PropOp28
 70
     1
102
RTVSPost2010Prop29
280
     1
102
RTVSPost2010PropOp29
 70
     1
102
RTVSPost2010Prop30
280
     1
102
RTVSPost2010PropOp30
 70
     1
102
RTVSPost2010Prop31
280
     0
102
RTVSPost2010PropOp31
 70
     1
102
RTVSPost2010Prop32
280
     0
102
RTVSPost2010PropOp32
 70
     1
102
RTVSPost2010Prop33
280
     0
102
RTVSPost2010PropOp33
 70
     1
102
RTVSPost2010Prop34
280
     0
102
RTVSPost2010PropOp34
 70
     1
102
RTVSPost2010Prop35
280
     0
102
RTVSPost2010PropOp35
 70
     1
102
RTVSPost2010Prop36
280
     0
102
RTVSPost2010PropOp36
 70
     1
102
RTVSPost2010Prop37
 90
       50
102
RTVSPost2010PropOp37
 70
     1
102
RTVSPost2010Prop38
140
0.0
102
RTVSPost2010PropOp38
 70
     1
102
RTVSPost2010Prop39
140
1.0
102
RTVSPost2010PropOp39
 70
     1
102
RTVSPost2010Prop40
 90
        0
102
RTVSPost2010PropOp40
 70
     1
102
RTVSPost2010Prop41ColorIndex
 90
       18
102
RTVSPost2010Prop41ColorRGB
 90
        0
102
RTVSPost2010PropOp41
 70
     1
102
RTVSPost2010Prop42
 90
       50
102
RTVSPost2010PropOp42
 70
     1
102
RTVSPost2010Prop43
 90
        3
102
RTVSPost2010PropOp43
 70
     1
102
RTVSPost2010Prop44ColorIndex
 90
        5
102
RTVSPost2010Prop44ColorRGB
 90
      255
102
RTVSPost2010PropOp44
 70
     1
102
RTVSPost2010Prop45
280
     0
102
RTVSPost2010PropOp45
 70
     1
102
RTVSPost2010Prop46
 90
       50
102
RTVSPost2010PropOp46
 70
     1
102
RTVSPost2010Prop47
 90
       50
102
RTVSPost2010PropOp47
 70
     1
102
RTVSPost2010Prop48
 90
       50
102
RTVSPost2010PropOp48
 70
     1
102
RTVSPost2010Prop49
280
     0
102
RTVSPost2010PropOp49
 70
     1
102
RTVSPost2010Prop50
 90
       50
102
RTVSPost2010PropOp50
 70
     1
102
RTVSPost2010Prop51ColorIndex
 90
      256
102
RTVSPost2010Prop51ColorRGB
 90
-16777216
102
RTVSPost2010PropOp51
 70
     0
102
RTVSPost2010Prop52
140
1.0
102
RTVSPost2010PropOp52
 70
     0
102
RTVSPost2010Prop53
 90
        2
102
RTVSPost2010PropOp53
 70
     1
102
RTVSPost2010Prop54
  1
strokes_ogs.tif
102
RTVSPost2010PropOp54
 70
     1
102
RTVSPost2010Prop55
280
     0
102
RTVSPost2010PropOp55
 70
     1
102
RTVSPost2010Prop56
140
1.0
102
RTVSPost2010PropOp56
 70
     1
102
RTVSPost2010Prop57
140
1.0
102
RTVSPost2010PropOp57
 70
     1
102
RTVSPropertyOp0
 70
     1
102
RTVSPropertyOp1
 70
     1
102
RTVSPropertyOp2
 70
     1
102
RTVSPropertyOp3
 70
     1
102
RTVSPropertyOp4
 70
     1
102
RTVSPropertyOp5
 70
     1
102
RTVSPropertyOp6
 70
     1
102
RTVSPropertyOp7
 70
     1
102
RTVSPropertyOp8
 70
     1
102
RTVSPropertyOp9
 70
     1
102
RTVSPropertyOp10
 70
     1
102
RTVSPropertyOp11
 70
     1
102
RTVSPropertyOp12
 70
     1
102
RTVSPropertyOp13
 70
     1
102
RTVSPropertyOp14
 70
     1
102
RTVSPropertyOp15
 70
     1
102
RTVSPropertyOp16
 70
     1
102
RTVSPropertyOp17
 70
     1
102
RTVSPropertyOp18
 70
     1
102
RTVSPropertyOp19
 70
     1
102
RTVSPropertyOp20
 70
     1
102
RTVSPropertyOp21
 70
     1
102
RTVSPropertyOp22
 70
     1
102
RTVSPropertyOp23
 70
     1
102
RTVSPropertyOp24
 70
     1
102
RTVSPropertyOp25
 70
     1
102
RTVSPropertyOp26
 70
     1
102
RTVSPropertyOp27
 70
     1
102
RTVSPropertyOp28
 70
     1
102
RTVSPropertyOp29
 70
     1
102
RTVSPropertyOp30
 70
     1
102
RTVSPropertyOp31
 70
     1
102
RTVSPropertyOp32
 70
     1
102
RTVSPropertyOp33
 70
     1
102
RTVSPropertyOp34
 70
     1
102
RTVSPropertyOp35
 70
     1
102
RTVSPropertyOp36
 70
     1
102
RTVSPropertyOp37
 70
     1
102
RTVSPropertyOp38
 70
     1
102
RTVSPropertyOp39
 70
     1
102
RTVSPropertyOp40
 70
     1
102
RTVSPropertyOp41
 70
     1
102
RTVSPropertyOp42
 70
     1
102
RTVSPropertyOp43
 70
     1
102
RTVSPropertyOp44
 70
     1
102
RTVSPropertyOp45
 70
     1
102
RTVSPropertyOp46
 70
     1
102
RTVSPropertyOp47
 70
     1
102
RTVSPropertyOp48
 70
     1
102
RTVSPropertyOp49
 70
     1
102
RTVSPropertyOp50
 70
     1
102
RTVSPropertyOp51
 70
     0
102
RTVSPropertyOp52
 70
     0
102
RTVSPropertyOp53
 70
     1
102
RTVSPropertyOp54
 70
     1
102
RTVSPropertyOp55
 70
     1
102
RTVSPropertyOp56
 70
     1
102
RTVSPropertyOp57
 70
     1
102
RTVSPropertyOp58
 70
     1
102
RTVSPropertyOp59
 70
     1
102
RTVSPropertyOp60
 70
     1
102
RTVSPropertyOp61
 70
     1
102
RTVSPropertyOp62
 70
     1
  0
XRECORD
  5
3AE
102
{ACAD_REACTORS
330
3AD
102
}
330
3AD
100
AcDbXrecord
280
     1
102
RTVSPost2010Prop28
280
     0
102
RTVSPost2010PropOp28
 70
     1
102
RTVSPost2010Prop29
280
     1
102
RTVSPost2010PropOp29
 70
     1
102
RTVSPost2010Prop30
280
     1
102
RTVSPost2010PropOp30
 70
     1
102
RTVSPost2010Prop31
280
     0
102
RTVSPost2010PropOp31
 70
     1
102
RTVSPost2010Prop32
280
     0
102
RTVSPost2010PropOp32
 70
     1
102
RTVSPost2010Prop33
280
     0
102
RTVSPost2010PropOp33
 70
     1
102
RTVSPost2010Prop34
280
     0
102
RTVSPost2010PropOp34
 70
     1
102
RTVSPost2010Prop35
280
     0
102
RTVSPost2010PropOp35
 70
     1
102
RTVSPost2010Prop36
280
     0
102
RTVSPost2010PropOp36
 70
     1
102
RTVSPost2010Prop37
 90
       50
102
RTVSPost2010PropOp37
 70
     1
102
RTVSPost2010Prop38
140
0.0
102
RTVSPost2010PropOp38
 70
     1
102
RTVSPost2010Prop39
140
1.0
102
RTVSPost2010PropOp39
 70
     1
102
RTVSPost2010Prop40
 90
        0
102
RTVSPost2010PropOp40
 70
     1
102
RTVSPost2010Prop41ColorIndex
 90
       18
102
RTVSPost2010Prop41ColorRGB
 90
        0
102
RTVSPost2010PropOp41
 70
     1
102
RTVSPost2010Prop42
 90
       50
102
RTVSPost2010PropOp42
 70
     1
102
RTVSPost2010Prop43
 90
        3
102
RTVSPost2010PropOp43
 70
     1
102
RTVSPost2010Prop44ColorIndex
 90
        5
102
RTVSPost2010Prop44ColorRGB
 90
      255
102
RTVSPost2010PropOp44
 70
     1
102
RTVSPost2010Prop45
280
     0
102
RTVSPost2010PropOp45
 70
     1
102
RTVSPost2010Prop46
 90
       50
102
RTVSPost2010PropOp46
 70
     1
102
RTVSPost2010Prop47
 90
       50
102
RTVSPost2010PropOp47
 70
     1
102
RTVSPost2010Prop48
 90
       50
102
RTVSPost2010PropOp48
 70
     1
102
RTVSPost2010Prop49
280
     0
102
RTVSPost2010PropOp49
 70
     1
102
RTVSPost2010Prop50
 90
       50
102
RTVSPost2010PropOp50
 70
     1
102
RTVSPost2010Prop51ColorIndex
 90
      256
102
RTVSPost2010Prop51ColorRGB
 90
-16777216
102
RTVSPost2010PropOp51
 70
     0
102
RTVSPost2010Prop52
140
1.0
102
RTVSPost2010PropOp52
 70
     0
102
RTVSPost2010Prop53
 90
        2
102
RTVSPost2010PropOp53
 70
     1
102
RTVSPost2010Prop54
  1
strokes_ogs.tif
102
RTVSPost2010PropOp54
 70
     1
102
RTVSPost2010Prop55
280
     0
102
RTVSPost2010PropOp55
 70
     1
102
RTVSPost2010Prop56
140
1.0
102
RTVSPost2010PropOp56
 70
     1
102
RTVSPost2010Prop57
140
1.0
102
RTVSPost2010PropOp57
 70
     1
102
RTVSPropertyOp0
 70
     1
102
RTVSPropertyOp1
 70
     1
102
RTVSPropertyOp2
 70
     1
102
RTVSPropertyOp3
 70
     1
102
RTVSPropertyOp4
 70
     1
102
RTVSPropertyOp5
 70
     1
102
RTVSPropertyOp6
 70
     1
102
RTVSPropertyOp7
 70
     1
102
RTVSPropertyOp8
 70
     1
102
RTVSPropertyOp9
 70
     1
102
RTVSPropertyOp10
 70
     1
102
RTVSPropertyOp11
 70
     1
102
RTVSPropertyOp12
 70
     1
102
RTVSPropertyOp13
 70
     1
102
RTVSPropertyOp14
 70
     1
102
RTVSPropertyOp15
 70
     1
102
RTVSPropertyOp16
 70
     1
102
RTVSPropertyOp17
 70
     1
102
RTVSPropertyOp18
 70
     1
102
RTVSPropertyOp19
 70
     1
102
RTVSPropertyOp20
 70
     1
102
RTVSPropertyOp21
 70
     1
102
RTVSPropertyOp22
 70
     1
102
RTVSPropertyOp23
 70
     1
102
RTVSPropertyOp24
 70
     1
102
RTVSPropertyOp25
 70
     1
102
RTVSPropertyOp26
 70
     1
102
RTVSPropertyOp27
 70
     1
102
RTVSPropertyOp28
 70
     1
102
RTVSPropertyOp29
 70
     1
102
RTVSPropertyOp30
 70
     1
102
RTVSPropertyOp31
 70
     1
102
RTVSPropertyOp32
 70
     1
102
RTVSPropertyOp33
 70
     1
102
RTVSPropertyOp34
 70
     1
102
RTVSPropertyOp35
 70
     1
102
RTVSPropertyOp36
 70
     1
102
RTVSPropertyOp37
 70
     1
102
RTVSPropertyOp38
 70
     1
102
RTVSPropertyOp39
 70
     1
102
RTVSPropertyOp40
 70
     1
102
RTVSPropertyOp41
 70
     1
102
RTVSPropertyOp42
 70
     1
102
RTVSPropertyOp43
 70
     1
102
RTVSPropertyOp44
 70
     1
102
RTVSPropertyOp45
 70
     1
102
RTVSPropertyOp46
 70
     1
102
RTVSPropertyOp47
 70
     1
102
RTVSPropertyOp48
 70
     1
102
RTVSPropertyOp49
 70
     1
102
RTVSPropertyOp50
 70
     1
102
RTVSPropertyOp51
 70
     0
102
RTVSPropertyOp52
 70
     0
102
RTVSPropertyOp53
 70
     1
102
RTVSPropertyOp54
 70
     1
102
RTVSPropertyOp55
 70
     1
102
RTVSPropertyOp56
 70
     1
102
RTVSPropertyOp57
 70
     1
102
RTVSPropertyOp58
 70
     1
102
RTVSPropertyOp59
 70
     1
102
RTVSPropertyOp60
 70
     1
102
RTVSPropertyOp61
 70
     1
102
RTVSPropertyOp62
 70
     1
  0
XRECORD
  5
3A8
102
{ACAD_REACTORS
330
3A7
102
}
330
3A7
100
AcDbXrecord
280
     1
102
RTVSPost2010Prop28
280
     0
102
RTVSPost2010PropOp28
 70
     1
102
RTVSPost2010Prop29
280
     1
102
RTVSPost2010PropOp29
 70
     1
102
RTVSPost2010Prop30
280
     1
102
RTVSPost2010PropOp30
 70
     1
102
RTVSPost2010Prop31
280
     0
102
RTVSPost2010PropOp31
 70
     1
102
RTVSPost2010Prop32
280
     0
102
RTVSPost2010PropOp32
 70
     1
102
RTVSPost2010Prop33
280
     0
102
RTVSPost2010PropOp33
 70
     1
102
RTVSPost2010Prop34
280
     0
102
RTVSPost2010PropOp34
 70
     1
102
RTVSPost2010Prop35
280
     0
102
RTVSPost2010PropOp35
 70
     1
102
RTVSPost2010Prop36
280
     0
102
RTVSPost2010PropOp36
 70
     1
102
RTVSPost2010Prop37
 90
       50
102
RTVSPost2010PropOp37
 70
     1
102
RTVSPost2010Prop38
140
0.0
102
RTVSPost2010PropOp38
 70
     1
102
RTVSPost2010Prop39
140
1.0
102
RTVSPost2010PropOp39
 70
     1
102
RTVSPost2010Prop40
 90
        0
102
RTVSPost2010PropOp40
 70
     1
102
RTVSPost2010Prop41ColorIndex
 90
       18
102
RTVSPost2010Prop41ColorRGB
 90
        0
102
RTVSPost2010PropOp41
 70
     1
102
RTVSPost2010Prop42
 90
       50
102
RTVSPost2010PropOp42
 70
     1
102
RTVSPost2010Prop43
 90
        3
102
RTVSPost2010PropOp43
 70
     1
102
RTVSPost2010Prop44ColorIndex
 90
        5
102
RTVSPost2010Prop44ColorRGB
 90
      255
102
RTVSPost2010PropOp44
 70
     1
102
RTVSPost2010Prop45
280
     0
102
RTVSPost2010PropOp45
 70
     1
102
RTVSPost2010Prop46
 90
       50
102
RTVSPost2010PropOp46
 70
     1
102
RTVSPost2010Prop47
 90
       50
102
RTVSPost2010PropOp47
 70
     1
102
RTVSPost2010Prop48
 90
       50
102
RTVSPost2010PropOp48
 70
     1
102
RTVSPost2010Prop49
280
     0
102
RTVSPost2010PropOp49
 70
     1
102
RTVSPost2010Prop50
 90
       50
102
RTVSPost2010PropOp50
 70
     1
102
RTVSPost2010Prop51ColorIndex
 90
      256
102
RTVSPost2010Prop51ColorRGB
 90
-16777216
102
RTVSPost2010PropOp51
 70
     0
102
RTVSPost2010Prop52
140
1.0
102
RTVSPost2010PropOp52
 70
     0
102
RTVSPost2010Prop53
 90
        2
102
RTVSPost2010PropOp53
 70
     1
102
RTVSPost2010Prop54
  1
strokes_ogs.tif
102
RTVSPost2010PropOp54
 70
     1
102
RTVSPost2010Prop55
280
     0
102
RTVSPost2010PropOp55
 70
     1
102
RTVSPost2010Prop56
140
1.0
102
RTVSPost2010PropOp56
 70
     1
102
RTVSPost2010Prop57
140
1.0
102
RTVSPost2010PropOp57
 70
     1
102
RTVSPropertyOp0
 70
     1
102
RTVSPropertyOp1
 70
     1
102
RTVSPropertyOp2
 70
     1
102
RTVSPropertyOp3
 70
     1
102
RTVSPropertyOp4
 70
     1
102
RTVSPropertyOp5
 70
     1
102
RTVSPropertyOp6
 70
     1
102
RTVSPropertyOp7
 70
     1
102
RTVSPropertyOp8
 70
     1
102
RTVSPropertyOp9
 70
     1
102
RTVSPropertyOp10
 70
     1
102
RTVSPropertyOp11
 70
     1
102
RTVSPropertyOp12
 70
     1
102
RTVSPropertyOp13
 70
     1
102
RTVSPropertyOp14
 70
     1
102
RTVSPropertyOp15
 70
     1
102
RTVSPropertyOp16
 70
     1
102
RTVSPropertyOp17
 70
     1
102
RTVSPropertyOp18
 70
     1
102
RTVSPropertyOp19
 70
     1
102
RTVSPropertyOp20
 70
     1
102
RTVSPropertyOp21
 70
     1
102
RTVSPropertyOp22
 70
     1
102
RTVSPropertyOp23
 70
     1
102
RTVSPropertyOp24
 70
     1
102
RTVSPropertyOp25
 70
     1
102
RTVSPropertyOp26
 70
     1
102
RTVSPropertyOp27
 70
     1
102
RTVSPropertyOp28
 70
     1
102
RTVSPropertyOp29
 70
     1
102
RTVSPropertyOp30
 70
     1
102
RTVSPropertyOp31
 70
     1
102
RTVSPropertyOp32
 70
     1
102
RTVSPropertyOp33
 70
     1
102
RTVSPropertyOp34
 70
     1
102
RTVSPropertyOp35
 70
     1
102
RTVSPropertyOp36
 70
     1
102
RTVSPropertyOp37
 70
     1
102
RTVSPropertyOp38
 70
     1
102
RTVSPropertyOp39
 70
     1
102
RTVSPropertyOp40
 70
     1
102
RTVSPropertyOp41
 70
     1
102
RTVSPropertyOp42
 70
     1
102
RTVSPropertyOp43
 70
     1
102
RTVSPropertyOp44
 70
     1
102
RTVSPropertyOp45
 70
     1
102
RTVSPropertyOp46
 70
     1
102
RTVSPropertyOp47
 70
     1
102
RTVSPropertyOp48
 70
     1
102
RTVSPropertyOp49
 70
     1
102
RTVSPropertyOp50
 70
     1
102
RTVSPropertyOp51
 70
     0
102
RTVSPropertyOp52
 70
     0
102
RTVSPropertyOp53
 70
     1
102
RTVSPropertyOp54
 70
     1
102
RTVSPropertyOp55
 70
     1
102
RTVSPropertyOp56
 70
     1
102
RTVSPropertyOp57
 70
     1
102
RTVSPropertyOp58
 70
     1
102
RTVSPropertyOp59
 70
     1
102
RTVSPropertyOp60
 70
     1
102
RTVSPropertyOp61
 70
     1
102
RTVSPropertyOp62
 70
     1
  0
XRECORD
  5
3AA
102
{ACAD_REACTORS
330
3A9
102
}
330
3A9
100
AcDbXrecord
280
     1
102
RTVSPost2010Prop28
280
     0
102
RTVSPost2010PropOp28
 70
     1
102
RTVSPost2010Prop29
280
     1
102
RTVSPost2010PropOp29
 70
     1
102
RTVSPost2010Prop30
280
     1
102
RTVSPost2010PropOp30
 70
     1
102
RTVSPost2010Prop31
280
     0
102
RTVSPost2010PropOp31
 70
     1
102
RTVSPost2010Prop32
280
     0
102
RTVSPost2010PropOp32
 70
     1
102
RTVSPost2010Prop33
280
     0
102
RTVSPost2010PropOp33
 70
     1
102
RTVSPost2010Prop34
280
     0
102
RTVSPost2010PropOp34
 70
     1
102
RTVSPost2010Prop35
280
     0
102
RTVSPost2010PropOp35
 70
     1
102
RTVSPost2010Prop36
280
     0
102
RTVSPost2010PropOp36
 70
     1
102
RTVSPost2010Prop37
 90
       50
102
RTVSPost2010PropOp37
 70
     1
102
RTVSPost2010Prop38
140
0.0
102
RTVSPost2010PropOp38
 70
     1
102
RTVSPost2010Prop39
140
1.0
102
RTVSPost2010PropOp39
 70
     1
102
RTVSPost2010Prop40
 90
        0
102
RTVSPost2010PropOp40
 70
     1
102
RTVSPost2010Prop41ColorIndex
 90
       18
102
RTVSPost2010Prop41ColorRGB
 90
        0
102
RTVSPost2010PropOp41
 70
     1
102
RTVSPost2010Prop42
 90
       50
102
RTVSPost2010PropOp42
 70
     1
102
RTVSPost2010Prop43
 90
        3
102
RTVSPost2010PropOp43
 70
     1
102
RTVSPost2010Prop44ColorIndex
 90
        5
102
RTVSPost2010Prop44ColorRGB
 90
      255
102
RTVSPost2010PropOp44
 70
     1
102
RTVSPost2010Prop45
280
     0
102
RTVSPost2010PropOp45
 70
     1
102
RTVSPost2010Prop46
 90
       50
102
RTVSPost2010PropOp46
 70
     1
102
RTVSPost2010Prop47
 90
       50
102
RTVSPost2010PropOp47
 70
     1
102
RTVSPost2010Prop48
 90
       50
102
RTVSPost2010PropOp48
 70
     1
102
RTVSPost2010Prop49
280
     0
102
RTVSPost2010PropOp49
 70
     1
102
RTVSPost2010Prop50
 90
       50
102
RTVSPost2010PropOp50
 70
     1
102
RTVSPost2010Prop51ColorIndex
 90
      256
102
RTVSPost2010Prop51ColorRGB
 90
-16777216
102
RTVSPost2010PropOp51
 70
     0
102
RTVSPost2010Prop52
140
1.0
102
RTVSPost2010PropOp52
 70
     0
102
RTVSPost2010Prop53
 90
        2
102
RTVSPost2010PropOp53
 70
     1
102
RTVSPost2010Prop54
  1
strokes_ogs.tif
102
RTVSPost2010PropOp54
 70
     1
102
RTVSPost2010Prop55
280
     0
102
RTVSPost2010PropOp55
 70
     1
102
RTVSPost2010Prop56
140
1.0
102
RTVSPost2010PropOp56
 70
     1
102
RTVSPost2010Prop57
140
1.0
102
RTVSPost2010PropOp57
 70
     1
102
RTVSPropertyOp0
 70
     1
102
RTVSPropertyOp1
 70
     1
102
RTVSPropertyOp2
 70
     1
102
RTVSPropertyOp3
 70
     1
102
RTVSPropertyOp4
 70
     1
102
RTVSPropertyOp5
 70
     1
102
RTVSPropertyOp6
 70
     1
102
RTVSPropertyOp7
 70
     1
102
RTVSPropertyOp8
 70
     1
102
RTVSPropertyOp9
 70
     1
102
RTVSPropertyOp10
 70
     1
102
RTVSPropertyOp11
 70
     1
102
RTVSPropertyOp12
 70
     1
102
RTVSPropertyOp13
 70
     1
102
RTVSPropertyOp14
 70
     1
102
RTVSPropertyOp15
 70
     1
102
RTVSPropertyOp16
 70
     1
102
RTVSPropertyOp17
 70
     1
102
RTVSPropertyOp18
 70
     1
102
RTVSPropertyOp19
 70
     1
102
RTVSPropertyOp20
 70
     1
102
RTVSPropertyOp21
 70
     1
102
RTVSPropertyOp22
 70
     1
102
RTVSPropertyOp23
 70
     1
102
RTVSPropertyOp24
 70
     1
102
RTVSPropertyOp25
 70
     1
102
RTVSPropertyOp26
 70
     1
102
RTVSPropertyOp27
 70
     1
102
RTVSPropertyOp28
 70
     1
102
RTVSPropertyOp29
 70
     1
102
RTVSPropertyOp30
 70
     1
102
RTVSPropertyOp31
 70
     1
102
RTVSPropertyOp32
 70
     1
102
RTVSPropertyOp33
 70
     1
102
RTVSPropertyOp34
 70
     1
102
RTVSPropertyOp35
 70
     1
102
RTVSPropertyOp36
 70
     1
102
RTVSPropertyOp37
 70
     1
102
RTVSPropertyOp38
 70
     1
102
RTVSPropertyOp39
 70
     1
102
RTVSPropertyOp40
 70
     1
102
RTVSPropertyOp41
 70
     1
102
RTVSPropertyOp42
 70
     1
102
RTVSPropertyOp43
 70
     1
102
RTVSPropertyOp44
 70
     1
102
RTVSPropertyOp45
 70
     1
102
RTVSPropertyOp46
 70
     1
102
RTVSPropertyOp47
 70
     1
102
RTVSPropertyOp48
 70
     1
102
RTVSPropertyOp49
 70
     1
102
RTVSPropertyOp50
 70
     1
102
RTVSPropertyOp51
 70
     0
102
RTVSPropertyOp52
 70
     0
102
RTVSPropertyOp53
 70
     1
102
RTVSPropertyOp54
 70
     1
102
RTVSPropertyOp55
 70
     1
102
RTVSPropertyOp56
 70
     1
102
RTVSPropertyOp57
 70
     1
102
RTVSPropertyOp58
 70
     1
102
RTVSPropertyOp59
 70
     1
102
RTVSPropertyOp60
 70
     1
102
RTVSPropertyOp61
 70
     1
102
RTVSPropertyOp62
 70
     1
  0
XRECORD
  5
3A0
102
{ACAD_REACTORS
330
39F
102
}
330
39F
100
AcDbXrecord
280
     1
102
RTVSPost2010Prop28
280
     0
102
RTVSPost2010PropOp28
 70
     1
102
RTVSPost2010Prop29
280
     1
102
RTVSPost2010PropOp29
 70
     1
102
RTVSPost2010Prop30
280
     1
102
RTVSPost2010PropOp30
 70
     1
102
RTVSPost2010Prop31
280
     0
102
RTVSPost2010PropOp31
 70
     1
102
RTVSPost2010Prop32
280
     0
102
RTVSPost2010PropOp32
 70
     1
102
RTVSPost2010Prop33
280
     0
102
RTVSPost2010PropOp33
 70
     1
102
RTVSPost2010Prop34
280
     0
102
RTVSPost2010PropOp34
 70
     1
102
RTVSPost2010Prop35
280
     0
102
RTVSPost2010PropOp35
 70
     1
102
RTVSPost2010Prop36
280
     0
102
RTVSPost2010PropOp36
 70
     1
102
RTVSPost2010Prop37
 90
       50
102
RTVSPost2010PropOp37
 70
     1
102
RTVSPost2010Prop38
140
0.0
102
RTVSPost2010PropOp38
 70
     1
102
RTVSPost2010Prop39
140
1.0
102
RTVSPost2010PropOp39
 70
     1
102
RTVSPost2010Prop40
 90
        0
102
RTVSPost2010PropOp40
 70
     1
102
RTVSPost2010Prop41ColorIndex
 90
       18
102
RTVSPost2010Prop41ColorRGB
 90
        0
102
RTVSPost2010PropOp41
 70
     1
102
RTVSPost2010Prop42
 90
       50
102
RTVSPost2010PropOp42
 70
     1
102
RTVSPost2010Prop43
 90
        3
102
RTVSPost2010PropOp43
 70
     1
102
RTVSPost2010Prop44ColorIndex
 90
        5
102
RTVSPost2010Prop44ColorRGB
 90
      255
102
RTVSPost2010PropOp44
 70
     1
102
RTVSPost2010Prop45
280
     0
102
RTVSPost2010PropOp45
 70
     1
102
RTVSPost2010Prop46
 90
       50
102
RTVSPost2010PropOp46
 70
     1
102
RTVSPost2010Prop47
 90
       50
102
RTVSPost2010PropOp47
 70
     1
102
RTVSPost2010Prop48
 90
       50
102
RTVSPost2010PropOp48
 70
     1
102
RTVSPost2010Prop49
280
     0
102
RTVSPost2010PropOp49
 70
     1
102
RTVSPost2010Prop50
 90
       50
102
RTVSPost2010PropOp50
 70
     1
102
RTVSPost2010Prop51ColorIndex
 90
      256
102
RTVSPost2010Prop51ColorRGB
 90
-16777216
102
RTVSPost2010PropOp51
 70
     0
102
RTVSPost2010Prop52
140
1.0
102
RTVSPost2010PropOp52
 70
     0
102
RTVSPost2010Prop53
 90
        2
102
RTVSPost2010PropOp53
 70
     1
102
RTVSPost2010Prop54
  1
strokes_ogs.tif
102
RTVSPost2010PropOp54
 70
     1
102
RTVSPost2010Prop55
280
     0
102
RTVSPost2010PropOp55
 70
     1
102
RTVSPost2010Prop56
140
1.0
102
RTVSPost2010PropOp56
 70
     1
102
RTVSPost2010Prop57
140
1.0
102
RTVSPost2010PropOp57
 70
     1
102
RTVSPropertyOp0
 70
     1
102
RTVSPropertyOp1
 70
     1
102
RTVSPropertyOp2
 70
     1
102
RTVSPropertyOp3
 70
     1
102
RTVSPropertyOp4
 70
     1
102
RTVSPropertyOp5
 70
     1
102
RTVSPropertyOp6
 70
     1
102
RTVSPropertyOp7
 70
     1
102
RTVSPropertyOp8
 70
     1
102
RTVSPropertyOp9
 70
     1
102
RTVSPropertyOp10
 70
     1
102
RTVSPropertyOp11
 70
     1
102
RTVSPropertyOp12
 70
     1
102
RTVSPropertyOp13
 70
     1
102
RTVSPropertyOp14
 70
     1
102
RTVSPropertyOp15
 70
     1
102
RTVSPropertyOp16
 70
     1
102
RTVSPropertyOp17
 70
     1
102
RTVSPropertyOp18
 70
     1
102
RTVSPropertyOp19
 70
     1
102
RTVSPropertyOp20
 70
     1
102
RTVSPropertyOp21
 70
     1
102
RTVSPropertyOp22
 70
     1
102
RTVSPropertyOp23
 70
     1
102
RTVSPropertyOp24
 70
     1
102
RTVSPropertyOp25
 70
     1
102
RTVSPropertyOp26
 70
     1
102
RTVSPropertyOp27
 70
     1
102
RTVSPropertyOp28
 70
     1
102
RTVSPropertyOp29
 70
     1
102
RTVSPropertyOp30
 70
     1
102
RTVSPropertyOp31
 70
     1
102
RTVSPropertyOp32
 70
     1
102
RTVSPropertyOp33
 70
     1
102
RTVSPropertyOp34
 70
     1
102
RTVSPropertyOp35
 70
     1
102
RTVSPropertyOp36
 70
     1
102
RTVSPropertyOp37
 70
     1
102
RTVSPropertyOp38
 70
     1
102
RTVSPropertyOp39
 70
     1
102
RTVSPropertyOp40
 70
     1
102
RTVSPropertyOp41
 70
     1
102
RTVSPropertyOp42
 70
     1
102
RTVSPropertyOp43
 70
     1
102
RTVSPropertyOp44
 70
     1
102
RTVSPropertyOp45
 70
     1
102
RTVSPropertyOp46
 70
     1
102
RTVSPropertyOp47
 70
     1
102
RTVSPropertyOp48
 70
     1
102
RTVSPropertyOp49
 70
     1
102
RTVSPropertyOp50
 70
     1
102
RTVSPropertyOp51
 70
     0
102
RTVSPropertyOp52
 70
     0
102
RTVSPropertyOp53
 70
     1
102
RTVSPropertyOp54
 70
     1
102
RTVSPropertyOp55
 70
     1
102
RTVSPropertyOp56
 70
     1
102
RTVSPropertyOp57
 70
     1
102
RTVSPropertyOp58
 70
     1
102
RTVSPropertyOp59
 70
     1
102
RTVSPropertyOp60
 70
     1
102
RTVSPropertyOp61
 70
     1
102
RTVSPropertyOp62
 70
     1
  0
XRECORD
  5
394
102
{ACAD_REACTORS
330
393
102
}
330
393
100
AcDbXrecord
280
     1
102
RTVSPost2010Prop28
280
     0
102
RTVSPost2010PropOp28
 70
     1
102
RTVSPost2010Prop29
280
     1
102
RTVSPost2010PropOp29
 70
     1
102
RTVSPost2010Prop30
280
     1
102
RTVSPost2010PropOp30
 70
     1
102
RTVSPost2010Prop31
280
     0
102
RTVSPost2010PropOp31
 70
     1
102
RTVSPost2010Prop32
280
     0
102
RTVSPost2010PropOp32
 70
     1
102
RTVSPost2010Prop33
280
     0
102
RTVSPost2010PropOp33
 70
     1
102
RTVSPost2010Prop34
280
     0
102
RTVSPost2010PropOp34
 70
     1
102
RTVSPost2010Prop35
280
     0
102
RTVSPost2010PropOp35
 70
     1
102
RTVSPost2010Prop36
280
     0
102
RTVSPost2010PropOp36
 70
     1
102
RTVSPost2010Prop37
 90
       50
102
RTVSPost2010PropOp37
 70
     1
102
RTVSPost2010Prop38
140
0.0
102
RTVSPost2010PropOp38
 70
     1
102
RTVSPost2010Prop39
140
1.0
102
RTVSPost2010PropOp39
 70
     1
102
RTVSPost2010Prop40
 90
        0
102
RTVSPost2010PropOp40
 70
     1
102
RTVSPost2010Prop41ColorIndex
 90
       18
102
RTVSPost2010Prop41ColorRGB
 90
        0
102
RTVSPost2010PropOp41
 70
     1
102
RTVSPost2010Prop42
 90
       50
102
RTVSPost2010PropOp42
 70
     1
102
RTVSPost2010Prop43
 90
        3
102
RTVSPost2010PropOp43
 70
     1
102
RTVSPost2010Prop44ColorIndex
 90
        5
102
RTVSPost2010Prop44ColorRGB
 90
      255
102
RTVSPost2010PropOp44
 70
     1
102
RTVSPost2010Prop45
280
     0
102
RTVSPost2010PropOp45
 70
     1
102
RTVSPost2010Prop46
 90
       50
102
RTVSPost2010PropOp46
 70
     1
102
RTVSPost2010Prop47
 90
       50
102
RTVSPost2010PropOp47
 70
     1
102
RTVSPost2010Prop48
 90
       50
102
RTVSPost2010PropOp48
 70
     1
102
RTVSPost2010Prop49
280
     0
102
RTVSPost2010PropOp49
 70
     1
102
RTVSPost2010Prop50
 90
       50
102
RTVSPost2010PropOp50
 70
     1
102
RTVSPost2010Prop51ColorIndex
 90
      256
102
RTVSPost2010Prop51ColorRGB
 90
-16777216
102
RTVSPost2010PropOp51
 70
     0
102
RTVSPost2010Prop52
140
1.0
102
RTVSPost2010PropOp52
 70
     0
102
RTVSPost2010Prop53
 90
        2
102
RTVSPost2010PropOp53
 70
     1
102
RTVSPost2010Prop54
  1
strokes_ogs.tif
102
RTVSPost2010PropOp54
 70
     1
102
RTVSPost2010Prop55
280
     0
102
RTVSPost2010PropOp55
 70
     1
102
RTVSPost2010Prop56
140
1.0
102
RTVSPost2010PropOp56
 70
     1
102
RTVSPost2010Prop57
140
1.0
102
RTVSPost2010PropOp57
 70
     1
102
RTVSPropertyOp0
 70
     1
102
RTVSPropertyOp1
 70
     1
102
RTVSPropertyOp2
 70
     1
102
RTVSPropertyOp3
 70
     1
102
RTVSPropertyOp4
 70
     1
102
RTVSPropertyOp5
 70
     1
102
RTVSPropertyOp6
 70
     1
102
RTVSPropertyOp7
 70
     1
102
RTVSPropertyOp8
 70
     1
102
RTVSPropertyOp9
 70
     1
102
RTVSPropertyOp10
 70
     1
102
RTVSPropertyOp11
 70
     1
102
RTVSPropertyOp12
 70
     1
102
RTVSPropertyOp13
 70
     1
102
RTVSPropertyOp14
 70
     1
102
RTVSPropertyOp15
 70
     1
102
RTVSPropertyOp16
 70
     1
102
RTVSPropertyOp17
 70
     1
102
RTVSPropertyOp18
 70
     1
102
RTVSPropertyOp19
 70
     1
102
RTVSPropertyOp20
 70
     1
102
RTVSPropertyOp21
 70
     1
102
RTVSPropertyOp22
 70
     1
102
RTVSPropertyOp23
 70
     1
102
RTVSPropertyOp24
 70
     1
102
RTVSPropertyOp25
 70
     1
102
RTVSPropertyOp26
 70
     1
102
RTVSPropertyOp27
 70
     1
102
RTVSPropertyOp28
 70
     1
102
RTVSPropertyOp29
 70
     1
102
RTVSPropertyOp30
 70
     1
102
RTVSPropertyOp31
 70
     1
102
RTVSPropertyOp32
 70
     1
102
RTVSPropertyOp33
 70
     1
102
RTVSPropertyOp34
 70
     1
102
RTVSPropertyOp35
 70
     1
102
RTVSPropertyOp36
 70
     1
102
RTVSPropertyOp37
 70
     1
102
RTVSPropertyOp38
 70
     1
102
RTVSPropertyOp39
 70
     1
102
RTVSPropertyOp40
 70
     1
102
RTVSPropertyOp41
 70
     1
102
RTVSPropertyOp42
 70
     1
102
RTVSPropertyOp43
 70
     1
102
RTVSPropertyOp44
 70
     1
102
RTVSPropertyOp45
 70
     1
102
RTVSPropertyOp46
 70
     1
102
RTVSPropertyOp47
 70
     1
102
RTVSPropertyOp48
 70
     1
102
RTVSPropertyOp49
 70
     1
102
RTVSPropertyOp50
 70
     1
102
RTVSPropertyOp51
 70
     0
102
RTVSPropertyOp52
 70
     0
102
RTVSPropertyOp53
 70
     1
102
RTVSPropertyOp54
 70
     1
102
RTVSPropertyOp55
 70
     1
102
RTVSPropertyOp56
 70
     1
102
RTVSPropertyOp57
 70
     1
102
RTVSPropertyOp58
 70
     1
102
RTVSPropertyOp59
 70
     1
102
RTVSPropertyOp60
 70
     1
102
RTVSPropertyOp61
 70
     1
102
RTVSPropertyOp62
 70
     1
  0
XRECORD
  5
3AC
102
{ACAD_REACTORS
330
3AB
102
}
330
3AB
100
AcDbXrecord
280
     1
102
RTVSPost2010Prop28
280
     0
102
RTVSPost2010PropOp28
 70
     1
102
RTVSPost2010Prop29
280
     1
102
RTVSPost2010PropOp29
 70
     1
102
RTVSPost2010Prop30
280
     1
102
RTVSPost2010PropOp30
 70
     1
102
RTVSPost2010Prop31
280
     0
102
RTVSPost2010PropOp31
 70
     1
102
RTVSPost2010Prop32
280
     0
102
RTVSPost2010PropOp32
 70
     1
102
RTVSPost2010Prop33
280
     0
102
RTVSPost2010PropOp33
 70
     1
102
RTVSPost2010Prop34
280
     0
102
RTVSPost2010PropOp34
 70
     1
102
RTVSPost2010Prop35
280
     0
102
RTVSPost2010PropOp35
 70
     1
102
RTVSPost2010Prop36
280
     0
102
RTVSPost2010PropOp36
 70
     1
102
RTVSPost2010Prop37
 90
       50
102
RTVSPost2010PropOp37
 70
     1
102
RTVSPost2010Prop38
140
0.0
102
RTVSPost2010PropOp38
 70
     1
102
RTVSPost2010Prop39
140
1.0
102
RTVSPost2010PropOp39
 70
     1
102
RTVSPost2010Prop40
 90
        0
102
RTVSPost2010PropOp40
 70
     1
102
RTVSPost2010Prop41ColorIndex
 90
       18
102
RTVSPost2010Prop41ColorRGB
 90
        0
102
RTVSPost2010PropOp41
 70
     1
102
RTVSPost2010Prop42
 90
       50
102
RTVSPost2010PropOp42
 70
     1
102
RTVSPost2010Prop43
 90
        3
102
RTVSPost2010PropOp43
 70
     1
102
RTVSPost2010Prop44ColorIndex
 90
        5
102
RTVSPost2010Prop44ColorRGB
 90
      255
102
RTVSPost2010PropOp44
 70
     1
102
RTVSPost2010Prop45
280
     0
102
RTVSPost2010PropOp45
 70
     1
102
RTVSPost2010Prop46
 90
       50
102
RTVSPost2010PropOp46
 70
     1
102
RTVSPost2010Prop47
 90
       50
102
RTVSPost2010PropOp47
 70
     1
102
RTVSPost2010Prop48
 90
       50
102
RTVSPost2010PropOp48
 70
     1
102
RTVSPost2010Prop49
280
     0
102
RTVSPost2010PropOp49
 70
     1
102
RTVSPost2010Prop50
 90
       50
102
RTVSPost2010PropOp50
 70
     1
102
RTVSPost2010Prop51ColorIndex
 90
      256
102
RTVSPost2010Prop51ColorRGB
 90
-16777216
102
RTVSPost2010PropOp51
 70
     0
102
RTVSPost2010Prop52
140
1.0
102
RTVSPost2010PropOp52
 70
     0
102
RTVSPost2010Prop53
 90
        2
102
RTVSPost2010PropOp53
 70
     1
102
RTVSPost2010Prop54
  1
strokes_ogs.tif
102
RTVSPost2010PropOp54
 70
     1
102
RTVSPost2010Prop55
280
     0
102
RTVSPost2010PropOp55
 70
     1
102
RTVSPost2010Prop56
140
1.0
102
RTVSPost2010PropOp56
 70
     1
102
RTVSPost2010Prop57
140
1.0
102
RTVSPost2010PropOp57
 70
     1
102
RTVSPropertyOp0
 70
     1
102
RTVSPropertyOp1
 70
     1
102
RTVSPropertyOp2
 70
     1
102
RTVSPropertyOp3
 70
     1
102
RTVSPropertyOp4
 70
     1
102
RTVSPropertyOp5
 70
     1
102
RTVSPropertyOp6
 70
     1
102
RTVSPropertyOp7
 70
     1
102
RTVSPropertyOp8
 70
     1
102
RTVSPropertyOp9
 70
     1
102
RTVSPropertyOp10
 70
     1
102
RTVSPropertyOp11
 70
     1
102
RTVSPropertyOp12
 70
     1
102
RTVSPropertyOp13
 70
     1
102
RTVSPropertyOp14
 70
     1
102
RTVSPropertyOp15
 70
     1
102
RTVSPropertyOp16
 70
     1
102
RTVSPropertyOp17
 70
     1
102
RTVSPropertyOp18
 70
     1
102
RTVSPropertyOp19
 70
     1
102
RTVSPropertyOp20
 70
     1
102
RTVSPropertyOp21
 70
     1
102
RTVSPropertyOp22
 70
     1
102
RTVSPropertyOp23
 70
     1
102
RTVSPropertyOp24
 70
     1
102
RTVSPropertyOp25
 70
     1
102
RTVSPropertyOp26
 70
     1
102
RTVSPropertyOp27
 70
     1
102
RTVSPropertyOp28
 70
     1
102
RTVSPropertyOp29
 70
     1
102
RTVSPropertyOp30
 70
     1
102
RTVSPropertyOp31
 70
     1
102
RTVSPropertyOp32
 70
     1
102
RTVSPropertyOp33
 70
     1
102
RTVSPropertyOp34
 70
     1
102
RTVSPropertyOp35
 70
     1
102
RTVSPropertyOp36
 70
     1
102
RTVSPropertyOp37
 70
     1
102
RTVSPropertyOp38
 70
     1
102
RTVSPropertyOp39
 70
     1
102
RTVSPropertyOp40
 70
     1
102
RTVSPropertyOp41
 70
     1
102
RTVSPropertyOp42
 70
     1
102
RTVSPropertyOp43
 70
     1
102
RTVSPropertyOp44
 70
     1
102
RTVSPropertyOp45
 70
     1
102
RTVSPropertyOp46
 70
     1
102
RTVSPropertyOp47
 70
     1
102
RTVSPropertyOp48
 70
     1
102
RTVSPropertyOp49
 70
     1
102
RTVSPropertyOp50
 70
     1
102
RTVSPropertyOp51
 70
     0
102
RTVSPropertyOp52
 70
     0
102
RTVSPropertyOp53
 70
     1
102
RTVSPropertyOp54
 70
     1
102
RTVSPropertyOp55
 70
     1
102
RTVSPropertyOp56
 70
     1
102
RTVSPropertyOp57
 70
     1
102
RTVSPropertyOp58
 70
     1
102
RTVSPropertyOp59
 70
     1
102
RTVSPropertyOp60
 70
     1
102
RTVSPropertyOp61
 70
     1
102
RTVSPropertyOp62
 70
     1
  0
ENDSEC
  0
EOF
